Temporada,Jugador,Equipo,Tot,Part,Med
2024,"ALEXANDER, KAYLA JANINE",VALENCIA B.C.,21,5,"4,2"
2024,"KONE , SIKA",PERFUMERIAS AVENIDA,15,4,"3,75"
2024,"MAWULI, STEPHANIE",CASADEMONT ZARAGOZA,15,5,3
2024,"DEMBELE, GNERE ALIMA",CLUB JOVENTUT BADALONA,5,2,"2,5"
2024,"GRAY, RESHANDA JACQUETA",HOZONO GLOBAL JAIRIS,5,2,"2,5"
2024,"JOINER, MOIRA MACY",BAXI FERROL,5,2,"2,5"
2024,"CAMILION CUCCARO, JUANA",MOVISTAR ESTUDIANTES,4,2,2
2024,"AYUSO BAGUR, AINA",HOZONO GLOBAL JAIRIS,4,2,2
2024,"PIERA FLO, LAURA",CLUB JOVENTUT BADALONA,4,2,2
2024,"RAMETTE, ELISE CLAUDINE",CLUB JOVENTUT BADALONA,4,2,2
2024,"COULIBALY, MARIAM ALOU",CLUB JOVENTUT BADALONA,4,2,2
2024,"MILLAN MODIA, BLANCA",BAXI FERROL,4,2,2
2024,"BANASZAK, LILIANA ALEKSANDRA",MOVISTAR ESTUDIANTES,3,2,"1,5"
2024,"ALARCON OTERO, TXELL",HOZONO GLOBAL JAIRIS,3,2,"1,5"
2024,"LÓPEZ-SÉNÉCHAL, LOU",HOZONO GLOBAL JAIRIS,3,2,"1,5"
2024,"MELIA, CLAIRE",BAXI FERROL,3,2,"1,5"
2024,"CRUZ LEBRATO, ANNA",CLUB JOVENTUT BADALONA,3,2,"1,5"
2024,"MASSEY, BILLIE KIM",HOZONO GLOBAL JAIRIS,3,2,"1,5"
2024,"PIERRE LOUIS, VIONISE ARON'S",SPAR GIRONA,5,4,"1,25"
2024,"WHITTLE, MARENA JOSEPHINE",MOVISTAR ESTUDIANTES,2,2,1
2024,"SANCHEZ RAMOS PEREDA, ALBA",BAXI FERROL,2,2,1
2024,"MENENDEZ TORRES, CARLOTA",BAXI FERROL,2,2,1
2024,"FRASER, BRIANNA ASHAKI",CASADEMONT ZARAGOZA,2,2,1
2024,"POSPÍŠILOVÁ, JULIE",BAXI FERROL,2,2,1
2024,"SANTIBAÑEZ HERRERO, INES",CLUB JOVENTUT BADALONA,2,2,1
2024,"DAVIS, JORI N.",BAXI FERROL,1,1,1
2024,"FIEBICH, LEONIE",VALENCIA B.C.,5,5,1
2024,"HRISTOVA, BORISLAVA",SPAR GIRONA,4,4,1
2024,"CANELLA RODRIGUEZ, MARTA",SPAR GIRONA,4,4,1
2024,"ATKINSON, TANAYA MECHELLE",CASADEMONT ZARAGOZA,1,1,1
2024,"TORRENS SALOM, ALBA",VALENCIA B.C.,1,5,"0,2"
2024,"TORRENS SALOM, ALBA",VALENCIA B.C.,1,5,"0,2"
2023,"DELAERE, ANTONIA LAURA A.",PERFUMERIAS AVENIDA,2,6,"0,33"
2023,"TORRENS SALOM, ALBA",VALENCIA B.C.,1,4,"0,25"
2023,"GERVASINI LACORZANA , AINHOA",CASADEMONT ZARAGOZA,1,4,"0,25"
2023,"HOLESINSKA, PETRA",CASADEMONT ZARAGOZA,1,4,"0,25"
2023,"ÇAKIR TURGUT, OLCAY",PERFUMERIAS AVENIDA,1,6,"0,17"
2023,"DELAERE, ANTONIA LAURA A.",PERFUMERIAS AVENIDA,2,6,"0,33"
2023,"TORRENS SALOM, ALBA",VALENCIA B.C.,1,4,"0,25"
2023,"GERVASINI LACORZANA , AINHOA",CASADEMONT ZARAGOZA,1,4,"0,25"
2023,"HOLESINSKA, PETRA",CASADEMONT ZARAGOZA,1,4,"0,25"
2023,"ÇAKIR TURGUT, OLCAY",PERFUMERIAS AVENIDA,1,6,"0,17"
2023,"DELAERE, ANTONIA LAURA A.",PERFUMERIAS AVENIDA,2,6,"0,33"
2023,"TORRENS SALOM, ALBA",VALENCIA B.C.,1,4,"0,25"
2023,"GERVASINI LACORZANA , AINHOA",CASADEMONT ZARAGOZA,1,4,"0,25"
2023,"HOLESINSKA, PETRA",CASADEMONT ZARAGOZA,1,4,"0,25"
2023,"ÇAKIR TURGUT, OLCAY",PERFUMERIAS AVENIDA,1,6,"0,17"
2022,"DOMINGUEZ FERNANDEZ, SILVIA",PERFUMERIAS AVENIDA,1,6,"0,17"
2022,"OUVIÑA MODREGO, CRISTINA",VALENCIA B.C.,1,6,"0,17"
2022,"CAZORLA MEDINA, MARIA TERESA",PERFUMERIAS AVENIDA,1,6,"0,17"
2022,"DOMINGUEZ FERNANDEZ, SILVIA",PERFUMERIAS AVENIDA,1,6,"0,17"
2022,"OUVIÑA MODREGO, CRISTINA",VALENCIA B.C.,1,6,"0,17"
2022,"CAZORLA MEDINA, MARIA TERESA",PERFUMERIAS AVENIDA,1,6,"0,17"
2022,"DOMINGUEZ FERNANDEZ, SILVIA",PERFUMERIAS AVENIDA,1,6,"0,17"
2022,"OUVIÑA MODREGO, CRISTINA",VALENCIA B.C.,1,6,"0,17"
2022,"CAZORLA MEDINA, MARIA TERESA",PERFUMERIAS AVENIDA,1,6,"0,17"
2021,"ROMERO GONZALEZ, LETICIA",VALENCIA B.C.,5,6,"0,83"
2021,"SAMUELSON, KARLIE ANNE",PERFUMERIAS AVENIDA,5,6,"0,83"
2021,"PEÑA JUBANY, LAURA",CADI LA SEU,3,4,"0,75"
2021,"BURKE, KENNEDY VALENTINE",SPAR GIRONA,3,4,"0,75"
2021,"COPPER, KAHLEAH LAFEESA BUTLER",PERFUMERIAS AVENIDA,4,6,"0,67"
2021,"LO SYLLA, NOGAYE",PERFUMERIAS AVENIDA,2,3,"0,67"
2021,"GERMAN VELASCO, ICIAR",VALENCIA B.C.,3,5,"0,6"
2021,"SOLER RAMIÓ, JÚLIA",CADI LA SEU,2,4,"0,5"
2021,"CALHOUN, SIERRA LASHE",CASADEMONT ZARAGOZA,1,2,"0,5"
2021,"MOORE, TINARA NICOLE",LOINTEK GERNIKA BIZKAIA,1,2,"0,5"
2021,"PALAU ALTES, LAIA",SPAR GIRONA,2,4,"0,5"
2021,"HIGGS, LASHANN AISHA",LOINTEK GERNIKA BIZKAIA,1,2,"0,5"
2021,"SALVADORES ALVAREZ, ANGELA",VALENCIA B.C.,3,6,"0,5"
2021,"DOMINGUEZ FERNANDEZ, SILVIA",PERFUMERIAS AVENIDA,3,6,"0,5"
2021,"HARDEN, ALEXANDRIA LANET",IDK EUSKOTREN,1,2,"0,5"
2021,"CORNELIUS, LAURA",IDK EUSKOTREN,1,2,"0,5"
2021,"GOMEZ IGUAL, ANNA",VALENCIA B.C.,1,2,"0,5"
2021,"DE SANTIAGO OTERO, BEGOÑA",MOVISTAR ESTUDIANTES,1,2,"0,5"
2021,"ARROJO JIMENEZ, MARIA BELEN",LOINTEK GERNIKA BIZKAIA,1,2,"0,5"
2021,"GIMENO MARTINEZ, VEGA",CASADEMONT ZARAGOZA,1,2,"0,5"
2021,"ESPIN DE SANCHO, MARIA",MOVISTAR ESTUDIANTES,1,2,"0,5"
2021,"MENDY , MAGALI",SPAR GIRONA,2,4,"0,5"
2021,"GONZALEZ DUARTE , LARA",CASADEMONT ZARAGOZA,1,2,"0,5"
2021,"ELONU, ADAORA NNENNA",PERFUMERIAS AVENIDA,2,6,"0,33"
2021,"SAMUELSON, KATIE LOU",PERFUMERIAS AVENIDA,2,6,"0,33"
2021,"OUVIÑA MODREGO, CRISTINA",VALENCIA B.C.,2,6,"0,33"
2021,"FLORES COSTA, LAIA",SPAR GIRONA,1,4,"0,25"
2021,"RODRIGUEZ MANSO, LEONOR DEL PILAR",PERFUMERIAS AVENIDA,1,6,"0,17"
2021,"ROMERO GONZALEZ, LETICIA",VALENCIA B.C.,5,6,"0,83"
2021,"SAMUELSON, KARLIE ANNE",PERFUMERIAS AVENIDA,5,6,"0,83"
2021,"PEÑA JUBANY, LAURA",CADI LA SEU,3,4,"0,75"
2021,"BURKE, KENNEDY VALENTINE",SPAR GIRONA,3,4,"0,75"
2021,"COPPER, KAHLEAH LAFEESA BUTLER",PERFUMERIAS AVENIDA,4,6,"0,67"
2021,"LO SYLLA, NOGAYE",PERFUMERIAS AVENIDA,2,3,"0,67"
2021,"GERMAN VELASCO, ICIAR",VALENCIA B.C.,3,5,"0,6"
2021,"SOLER RAMIÓ, JÚLIA",CADI LA SEU,2,4,"0,5"
2021,"CALHOUN, SIERRA LASHE",CASADEMONT ZARAGOZA,1,2,"0,5"
2021,"MOORE, TINARA NICOLE",LOINTEK GERNIKA BIZKAIA,1,2,"0,5"
2021,"PALAU ALTES, LAIA",SPAR GIRONA,2,4,"0,5"
2021,"HIGGS, LASHANN AISHA",LOINTEK GERNIKA BIZKAIA,1,2,"0,5"
2021,"SALVADORES ALVAREZ, ANGELA",VALENCIA B.C.,3,6,"0,5"
2021,"DOMINGUEZ FERNANDEZ, SILVIA",PERFUMERIAS AVENIDA,3,6,"0,5"
2021,"HARDEN, ALEXANDRIA LANET",IDK EUSKOTREN,1,2,"0,5"
2021,"CORNELIUS, LAURA",IDK EUSKOTREN,1,2,"0,5"
2021,"GOMEZ IGUAL, ANNA",VALENCIA B.C.,1,2,"0,5"
2021,"DE SANTIAGO OTERO, BEGOÑA",MOVISTAR ESTUDIANTES,1,2,"0,5"
2021,"ARROJO JIMENEZ, MARIA BELEN",LOINTEK GERNIKA BIZKAIA,1,2,"0,5"
2021,"GIMENO MARTINEZ, VEGA",CASADEMONT ZARAGOZA,1,2,"0,5"
2021,"ESPIN DE SANCHO, MARIA",MOVISTAR ESTUDIANTES,1,2,"0,5"
2021,"MENDY , MAGALI",SPAR GIRONA,2,4,"0,5"
2021,"GONZALEZ DUARTE , LARA",CASADEMONT ZARAGOZA,1,2,"0,5"
2021,"ELONU, ADAORA NNENNA",PERFUMERIAS AVENIDA,2,6,"0,33"
2021,"SAMUELSON, KATIE LOU",PERFUMERIAS AVENIDA,2,6,"0,33"
2021,"OUVIÑA MODREGO, CRISTINA",VALENCIA B.C.,2,6,"0,33"
2021,"FLORES COSTA, LAIA",SPAR GIRONA,1,4,"0,25"
2021,"RODRIGUEZ MANSO, LEONOR DEL PILAR",PERFUMERIAS AVENIDA,1,6,"0,17"
2020,"RAMAN, JANA GEORGES R",MOVISTAR ESTUDIANTES,2,2,1
2020,"CARRERA QUINTANA, RAQUEL",VALENCIA B.C.,7,7,1
2020,"HERMIDA HERRAEZ, MARTA",SPAR GRAN CANARIA,2,2,1
2020,"ELDEBRINK, FRIDA",SPAR GIRONA,4,4,1
2020,"ATKINSON, TANAYA MECHELLE",CIUDAD DE LA LAGUNA TENERIFE,2,2,1
2020,"VILARO ARAGONES, ANDREA",PERFUMERIAS AVENIDA,4,5,"0,8"
2020,"LABUCKIENE, GIEDRE",SPAR GIRONA,3,4,"0,75"
2020,"CAZORLA MEDINA, MARIA TERESA",PERFUMERIAS AVENIDA,3,5,"0,6"
2020,"ROMERO GONZALEZ, LETICIA",VALENCIA B.C.,4,7,"0,57"
2020,"SAMUELSON, KARLIE ANNE",PERFUMERIAS AVENIDA,4,7,"0,57"
2020,"ALLEN, REBECCA",VALENCIA B.C.,4,7,"0,57"
2020,"RODRIGUEZ MANSO, LEONOR DEL PILAR",PERFUMERIAS AVENIDA,4,7,"0,57"
2020,"ARIZTIMUÑO LOPEZ , ITZIAR",LOINTEK GERNIKA BIZKAIA,2,4,"0,5"
2020,"HARTMANN, ALINA WAYAN",SPAR GRAN CANARIA,1,2,"0,5"
2020,"CASAS CARRERAS, QUERALT",VALENCIA B.C.,3,6,"0,5"
2020,"ALBERDI LARRUCEA, MARTA",LOINTEK GERNIKA BIZKAIA,1,2,"0,5"
2020,"CORNELIUS, LAURA",LOINTEK GERNIKA BIZKAIA,2,4,"0,5"
2020,"PRIETO MARTINEZ, ALBA",DURAN MAQUINARIA ENSINO,1,2,"0,5"
2020,"BRITO HERNANDEZ, CARLA",SPAR GRAN CANARIA,1,2,"0,5"
2020,"KOSTOURKOVA, MARIA IVANOVA",CIUDAD DE LA LAGUNA TENERIFE,1,2,"0,5"
2020,"SEGURA MORENO, LORENA",VALENCIA B.C.,1,2,"0,5"
2020,"OCETE CASTILLO, GABRIELA",CIUDAD DE LA LAGUNA TENERIFE,1,2,"0,5"
2020,"ALONSO DE ARMIÑO RIAÑO, GRACIA",MOVISTAR ESTUDIANTES,1,2,"0,5"
2020,"GRETTER, MELISA PAOLA",MOVISTAR ESTUDIANTES,1,2,"0,5"
2020,"DIALLO DIENG , UMO DIALLO",PERFUMERIAS AVENIDA,1,3,"0,33"
2020,"GINZO ARANTES, PAULA",LOINTEK GERNIKA BIZKAIA,1,4,"0,25"
2020,"FERRARI CALABRO, PAOLA ANDREA",SPAR GIRONA,1,4,"0,25"
2020,"GRAY, CHELSEA NICHELLE",SPAR GIRONA,1,4,"0,25"
2020,"BJORKLUND, ANGELA DEANNE",LOINTEK GERNIKA BIZKAIA,1,4,"0,25"
2020,"IVANOVIC, MILICA",LOINTEK GERNIKA BIZKAIA,1,4,"0,25"
2020,"ARROJO JIMENEZ, MARIA BELEN",LOINTEK GERNIKA BIZKAIA,1,4,"0,25"
2020,"PALAU ALTES, LAIA",SPAR GIRONA,1,4,"0,25"
2020,"PINA TOLOSA, MARIA",VALENCIA B.C.,1,5,"0,2"
2020,"DOMINGUEZ FERNANDEZ, SILVIA",PERFUMERIAS AVENIDA,1,7,"0,14"
2020,"GOMEZ IGUAL, ANNA",VALENCIA B.C.,1,7,"0,14"
2020,"ARROJO JIMENEZ, MARIA BELEN",LOINTEK GERNIKA BIZKAIA,1,4,"0,25"
2020,"PALAU ALTES, LAIA",SPAR GIRONA,1,4,"0,25"
2020,"PINA TOLOSA, MARIA",VALENCIA B.C.,1,5,"0,2"
2020,"DOMINGUEZ FERNANDEZ, SILVIA",PERFUMERIAS AVENIDA,1,7,"0,14"
2020,"GOMEZ IGUAL, ANNA",VALENCIA B.C.,1,7,"0,14"
2019,"WIESE, SYDNEY ROSE",CADI LA SEU,1,1,1
2019,"WEAVER, LYNDRA SHAJUAN",CIUDAD DE LA LAGUNA TENERIFE,1,1,1
2019,"HERRERA BOXO, LAURA",CIUDAD DE LA LAGUNA TENERIFE,1,1,1
2019,"PUJOL LLUCH, ARIADNA",CADI LA SEU,1,1,1
2019,"VAN DEN ADEL, NATALIE ISABELLE",RPK ARASKI,2,2,1
2019,"BUCH ROSELL, ROSO",VALENCIA B.C.,2,2,1
2019,"VITOLA, KRISTINE",PERFUMERIAS AVENIDA,3,3,1
2019,"ROUNDTREE, MARGARET YVETTE",LOINTEK GERNIKA BIZKAIA,1,1,1
2019,"FAGBENLE, TEMITOPE TITILOLA",PERFUMERIAS AVENIDA,3,3,1
2019,"BAHI BLANQUERA, GEORGINA",CADI LA SEU,1,1,1
2019,"BARBEE, SHACOBIA SHAUNTE",RPK ARASKI,2,2,1
2019,"PIERRE LOUIS, VIONISE ARON'S",CIUDAD DE LA LAGUNA TENERIFE,1,1,1
2019,"ASURMENDI VILLAVERDE, MARIA DEL CARMEN",RPK ARASKI,1,2,"0,5"
2019,"PARDO HERVIAS, LAURA",RPK ARASKI,1,2,"0,5"
2019,"RAMAN, JANA GEORGES R",VALENCIA B.C.,1,2,"0,5"
2019,"GOMEZ IGUAL, ANNA",VALENCIA B.C.,1,2,"0,5"
2019,"SAMUELSON, KARLIE ANNE",PERFUMERIAS AVENIDA,1,3,"0,33"
2019,"CAZORLA MEDINA, MARIA TERESA",PERFUMERIAS AVENIDA,1,3,"0,33"
2019,"PALAU ALTES, LAIA",SPAR CITYLIFT GIRONA,1,3,"0,33"
2019,"DOMINGUEZ FERNANDEZ, SILVIA",PERFUMERIAS AVENIDA,1,3,"0,33"
2019,"WIESE, SYDNEY ROSE",CADI LA SEU,1,1,1
2019,"WEAVER, LYNDRA SHAJUAN",CIUDAD DE LA LAGUNA TENERIFE,1,1,1
2019,"HERRERA BOXO, LAURA",CIUDAD DE LA LAGUNA TENERIFE,1,1,1
2019,"PUJOL LLUCH, ARIADNA",CADI LA SEU,1,1,1
2019,"VAN DEN ADEL, NATALIE ISABELLE",RPK ARASKI,2,2,1
2019,"BUCH ROSELL, ROSO",VALENCIA B.C.,2,2,1
2019,"VITOLA, KRISTINE",PERFUMERIAS AVENIDA,3,3,1
2019,"ROUNDTREE, MARGARET YVETTE",LOINTEK GERNIKA BIZKAIA,1,1,1
2019,"FAGBENLE, TEMITOPE TITILOLA",PERFUMERIAS AVENIDA,3,3,1
2019,"BAHI BLANQUERA, GEORGINA",CADI LA SEU,1,1,1
2019,"BARBEE, SHACOBIA SHAUNTE",RPK ARASKI,2,2,1
2019,"PIERRE LOUIS, VIONISE ARON'S",CIUDAD DE LA LAGUNA TENERIFE,1,1,1
2019,"ASURMENDI VILLAVERDE, MARIA DEL CARMEN",RPK ARASKI,1,2,"0,5"
2019,"PARDO HERVIAS, LAURA",RPK ARASKI,1,2,"0,5"
2019,"RAMAN, JANA GEORGES R",VALENCIA B.C.,1,2,"0,5"
2019,"GOMEZ IGUAL, ANNA",VALENCIA B.C.,1,2,"0,5"
2019,"SAMUELSON, KARLIE ANNE",PERFUMERIAS AVENIDA,1,3,"0,33"
2019,"CAZORLA MEDINA, MARIA TERESA",PERFUMERIAS AVENIDA,1,3,"0,33"
2019,"PALAU ALTES, LAIA",SPAR CITYLIFT GIRONA,1,3,"0,33"
2019,"DOMINGUEZ FERNANDEZ, SILVIA",PERFUMERIAS AVENIDA,1,3,"0,33"
2018,"DRAMMEH, BINTA MOMMY DAISY",RPK ARASKI,1,1,1
2018,"LAHUERTA MENDOZA, IRENE",MANN-FILTER CASABLANCA,2,2,1
2018,"VAN DEN ADEL, NATALIE ISABELLE",RPK ARASKI,2,2,1
2018,"OMA GIRALT, HELENA",SPAR CITYLIFT GIRONA,6,6,1
2018,"VILARO ARAGONES, ANDREA",CADI LA SEU,5,5,1
2018,"PASCUA SUAREZ, MARÍA LUCILA",LOINTEK GERNIKA BIZKAIA,3,3,1
2018,"NYSTROM, ELLEN ADINA",IDK GIPUZKOA,3,3,1
2018,"LOYD, JEWELL BLESSING",PERFUMERIAS AVENIDA,5,6,"0,83"
2018,"KRAKER, MEHRYN DONEGAN",CADI LA SEU,4,5,"0,8"
2018,"MAZIONYTE, GINTARE",LOINTEK GERNIKA BIZKAIA,2,3,"0,67"
2018,"BEREZHYNSKA, VALERIYA",LOINTEK GERNIKA BIZKAIA,2,3,"0,67"
2018,"ADURIZ HERNANI, ONINTZA",IDK GIPUZKOA,2,3,"0,67"
2018,"DOMINGUEZ FERNANDEZ, SILVIA",PERFUMERIAS AVENIDA,4,6,"0,67"
2018,"PINA TOLOSA, MARIA",VALENCIA B.C.,3,5,"0,6"
2018,"GOMEZ IGUAL, ANNA",VALENCIA B.C.,3,5,"0,6"
2018,"DIAZ CASTELLANO, YURENA",CADI LA SEU,3,5,"0,6"
2018,"GIMENO MARTINEZ, VEGA",MANN-FILTER CASABLANCA,1,2,"0,5"
2018,"ARROJO JIMENEZ, MARIA BELEN",PERFUMERIAS AVENIDA,2,4,"0,5"
2018,"GARCIA URLEZAGA, IZASKUN",RPK ARASKI,1,2,"0,5"
2018,"MARTINEZ PRAT, NURIA",SPAR CITYLIFT GIRONA,3,6,"0,5"
2018,"GARI GILABERT, IRENE DEL REBOLLET",VALENCIA B.C.,1,2,"0,5"
2018,"PUJOL LLUCH, ARIADNA",CADI LA SEU,2,5,"0,4"
2018,"ABALDE DIAZ, TAMARA",VALENCIA B.C.,2,5,"0,4"
2018,"WESTBELD, KATHRYN ELIZABETH",IDK GIPUZKOA,1,3,"0,33"
2018,"ELDEBRINK, ELIN",PERFUMERIAS AVENIDA,2,6,"0,33"
2018,"GONZALEZ DUARTE , LARA",IDK GIPUZKOA,1,3,"0,33"
2018,"BUCH ROSELL, ROSO",SPAR CITYLIFT GIRONA,2,6,"0,33"
2018,"ERAUNCETAMURGIL AYESTARAN, MARIA",IDK GIPUZKOA,1,3,"0,33"
2018,"VANDERWAL, RACHAEL  ANN",LOINTEK GERNIKA BIZKAIA,1,3,"0,33"
2018,"BANHAM, RACHAEL MARIE",LOINTEK GERNIKA BIZKAIA,1,3,"0,33"
2018,"DIEZ FERNANDEZ, NAIARA",LOINTEK GERNIKA BIZKAIA,1,3,"0,33"
2018,"AIJANEN, MARIA ANNIINA",CADI LA SEU,1,4,"0,25"
2018,"SANCHEZ MARRUFO, BEATRIZ",SPAR CITYLIFT GIRONA,1,5,"0,2"
2018,"GIVENS , KRISI TIJANA",PERFUMERIAS AVENIDA,1,6,"0,17"
2018,"ASURMENDI VILLAVERDE, MARIA DEL CARMEN",PERFUMERIAS AVENIDA,1,6,"0,17"
2018,"DIEZ FERNANDEZ, NAIARA",LOINTEK GERNIKA BIZKAIA,1,3,"0,33"
2018,"AIJANEN, MARIA ANNIINA",CADI LA SEU,1,4,"0,25"
2018,"SANCHEZ MARRUFO, BEATRIZ",SPAR CITYLIFT GIRONA,1,5,"0,2"
2018,"GIVENS , KRISI TIJANA",PERFUMERIAS AVENIDA,1,6,"0,17"
2018,"ASURMENDI VILLAVERDE, MARIA DEL CARMEN",PERFUMERIAS AVENIDA,1,6,"0,17"
2017,"PINA TOLOSA, MARIA",LOINTEK GERNIKA BIZKAIA,20,26,"0,77"
2017,"MONTOLIU MATIAS, MARTA",CADI LA SEU,20,26,"0,77"
2017,"GOMEZ IGUAL, ANNA",LOINTEK GERNIKA BIZKAIA,19,25,"0,76"
2017,"VAN DEN ADEL, NATALIE ISABELLE",LACTURALE ART ARASKI,16,21,"0,76"
2017,"KOVACEVIC, BOJANA",SNATT'S FEMENI SANT ADRIA,17,23,"0,74"
2017,"TUDANCA ACEDO, MARTA",LACTURALE ART ARASKI,14,19,"0,74"
2017,"JOVANOVIC, MILICA",CAMPUS PROMETE LF1,14,19,"0,74"
2017,"LIZARAZU HERRERA, MARINA",QUESOS EL PASTOR,19,26,"0,73"
2017,"QUIRANTE MARTINEZ, ALEJANDRA",MOVISTAR ESTUDIANTES,18,26,"0,69"
2017,"CALVO DIAZ, ANA BEGOÑA",STAR CENTER-UNI FERROL,17,26,"0,65"
2017,"GIVENS , KRISI TIJANA",PERFUMERIAS AVENIDA,16,25,"0,64"
2017,"MENDY , MAGALI",SPAR CITYLIFT GIRONA,16,25,"0,64"
2017,"SILVA SERRANO , ROSELIS CAROLINA",LACTURALE ART ARASKI,16,25,"0,64"
2017,"RAMOS DO NASCIMENTO, CARLA MARISA",NISSAN  AL-QÁZERES EXTREMADURA,12,19,"0,63"
2017,"NYSTROM, ELLEN ADINA",IDK GIPUZKOA,15,26,"0,58"
2017,"RODRIGUEZ NUÑEZ, CLARA",MOVISTAR ESTUDIANTES,12,22,"0,55"
2017,"LLOBET CODERCH, ITZIAR",SNATT'S FEMENI SANT ADRIA,14,26,"0,54"
2017,"GONZALEZ DUARTE , LARA",IDK GIPUZKOA,14,26,"0,54"
2017,"QUEVEDO CAÑIZARES, LAURA",NISSAN  AL-QÁZERES EXTREMADURA,7,13,"0,54"
2017,"FERRARI CALABRO, PAOLA ANDREA",MANN-FILTER,14,26,"0,54"
2017,"ESTEBAS ARMAS, PAULA",CAMPUS PROMETE LF1,14,26,"0,54"
2017,"ROMEO, NICOLE ELAINE",SPAR CITYLIFT GIRONA,13,25,"0,52"
2017,"RILEY , ANDREA CHARMAINE",SNATT'S FEMENI SANT ADRIA,13,26,"0,5"
2017,"LOPEZ VIVES, HELENA",SNATT'S FEMENI SANT ADRIA,13,26,"0,5"
2017,"LAHUERTA MENDOZA, IRENE",MANN-FILTER,13,26,"0,5"
2017,"PASIC, JOVANA",EMBUTIDOS PAJARIEL BEMBIBRE PDM,12,25,"0,48"
2017,"VANDERWAL, RACHAEL  ANN",STAR CENTER-UNI FERROL,12,25,"0,48"
2017,"ALSTON, AMERYST DANAE",LOINTEK GERNIKA BIZKAIA,12,26,"0,46"
2017,"ADURIZ HERNANI, ONINTZA",IDK GIPUZKOA,12,26,"0,46"
2017,"ERAUNCETAMURGIL AYESTARAN, MARIA",IDK GIPUZKOA,9,20,"0,45"
2017,"PINA TOLOSA, MARIA",LOINTEK GERNIKA BIZKAIA,20,26,"0,77"
2017,"MONTOLIU MATIAS, MARTA",CADI LA SEU,20,26,"0,77"
2017,"GOMEZ IGUAL, ANNA",LOINTEK GERNIKA BIZKAIA,19,25,"0,76"
2017,"VAN DEN ADEL, NATALIE ISABELLE",LACTURALE ART ARASKI,16,21,"0,76"
2017,"KOVACEVIC, BOJANA",SNATT'S FEMENI SANT ADRIA,17,23,"0,74"
2017,"TUDANCA ACEDO, MARTA",LACTURALE ART ARASKI,14,19,"0,74"
2017,"JOVANOVIC, MILICA",CAMPUS PROMETE LF1,14,19,"0,74"
2017,"LIZARAZU HERRERA, MARINA",QUESOS EL PASTOR,19,26,"0,73"
2017,"QUIRANTE MARTINEZ, ALEJANDRA",MOVISTAR ESTUDIANTES,18,26,"0,69"
2017,"CALVO DIAZ, ANA BEGOÑA",STAR CENTER-UNI FERROL,17,26,"0,65"
2017,"GIVENS , KRISI TIJANA",PERFUMERIAS AVENIDA,16,25,"0,64"
2017,"MENDY , MAGALI",SPAR CITYLIFT GIRONA,16,25,"0,64"
2017,"SILVA SERRANO , ROSELIS CAROLINA",LACTURALE ART ARASKI,16,25,"0,64"
2017,"RAMOS DO NASCIMENTO, CARLA MARISA",NISSAN  AL-QÁZERES EXTREMADURA,12,19,"0,63"
2017,"NYSTROM, ELLEN ADINA",IDK GIPUZKOA,15,26,"0,58"
2017,"RODRIGUEZ NUÑEZ, CLARA",MOVISTAR ESTUDIANTES,12,22,"0,55"
2017,"LLOBET CODERCH, ITZIAR",SNATT'S FEMENI SANT ADRIA,14,26,"0,54"
2017,"GONZALEZ DUARTE , LARA",IDK GIPUZKOA,14,26,"0,54"
2017,"QUEVEDO CAÑIZARES, LAURA",NISSAN  AL-QÁZERES EXTREMADURA,7,13,"0,54"
2017,"FERRARI CALABRO, PAOLA ANDREA",MANN-FILTER,14,26,"0,54"
2017,"ESTEBAS ARMAS, PAULA",CAMPUS PROMETE LF1,14,26,"0,54"
2017,"ROMEO, NICOLE ELAINE",SPAR CITYLIFT GIRONA,13,25,"0,52"
2017,"RILEY , ANDREA CHARMAINE",SNATT'S FEMENI SANT ADRIA,13,26,"0,5"
2017,"LOPEZ VIVES, HELENA",SNATT'S FEMENI SANT ADRIA,13,26,"0,5"
2017,"LAHUERTA MENDOZA, IRENE",MANN-FILTER,13,26,"0,5"
2017,"PASIC, JOVANA",EMBUTIDOS PAJARIEL BEMBIBRE PDM,12,25,"0,48"
2017,"VANDERWAL, RACHAEL  ANN",STAR CENTER-UNI FERROL,12,25,"0,48"
2017,"ALSTON, AMERYST DANAE",LOINTEK GERNIKA BIZKAIA,12,26,"0,46"
2017,"ADURIZ HERNANI, ONINTZA",IDK GIPUZKOA,12,26,"0,46"
2017,"ERAUNCETAMURGIL AYESTARAN, MARIA",IDK GIPUZKOA,9,20,"0,45"
2017,"ROIG SOLER, LAURA",SPAR CITYLIFT GIRONA,7,16,"0,44"
2017,"CLARET GILABERTE, MARTA",SNATT'S FEMENI SANT ADRIA,11,25,"0,44"
2017,"ALDALUR SOTO, ANE MIREN",LACTURALE ART ARASKI,11,26,"0,42"
2017,"ALIAGA ROMERO, LAURA",EMBUTIDOS PAJARIEL BEMBIBRE PDM,11,26,"0,42"
2017,"NDOYE, BINETA",EMBUTIDOS PAJARIEL BEMBIBRE PDM,9,22,"0,41"
2017,"GARCIA URLEZAGA, IZASKUN",LACTURALE ART ARASKI,10,25,"0,4"
2017,"HALL , PRECIOUS TANZIE KYTRONIA",CAMPUS PROMETE LF1,8,20,"0,4"
2017,"ROMERO GARRIDO, SILVIA",NISSAN  AL-QÁZERES EXTREMADURA,7,18,"0,39"
2017,"LAZARO CASTILLERO, YAIZA",LOINTEK GERNIKA BIZKAIA,9,23,"0,39"
2017,"LOPEZ RODRIGUEZ, AINHOA",QUESOS EL PASTOR,10,26,"0,38"
2017,"STANACEV , ALEKSANDRA",EMBUTIDOS PAJARIEL BEMBIBRE PDM,10,26,"0,38"
2017,"OCETE CASTILLO, GABRIELA",MANN-FILTER,10,26,"0,38"
2017,"SAN ROMAN FLORES, IRENE",MOVISTAR ESTUDIANTES,10,26,"0,38"
2017,"PEÑA JUBANY, LAURA",SNATT'S FEMENI SANT ADRIA,10,26,"0,38"
2017,"DELGADO PONTES, MARINA",STAR CENTER-UNI FERROL,10,26,"0,38"
2017,"DOMINGUEZ FERNANDEZ, SILVIA",PERFUMERIAS AVENIDA,9,24,"0,38"
2017,"MOLINA PRADOS MARTIN BURO, JUANA MARIA",LOINTEK GERNIKA BIZKAIA,9,25,"0,36"
2017,"ASURMENDI VILLAVERDE, MARIA DEL CARMEN",PERFUMERIAS AVENIDA,9,25,"0,36"
2017,"BRKIC, IVA",IDK GIPUZKOA,9,26,"0,35"
2017,"MARTINEZ PRAT, NURIA",SPAR CITYLIFT GIRONA,9,26,"0,35"
2017,"BUCH ROSELL, ROSO",SPAR CITYLIFT GIRONA,9,26,"0,35"
2017,"DIALLO DIENG , UMO DIALLO",LACTURALE ART ARASKI,9,26,"0,35"
2017,"BUTLER, BRIANNA",QUESOS EL PASTOR,8,26,"0,31"
2017,"AGIRRE MUÑOZ, ARRATE",LACTURALE ART ARASKI,7,23,"0,3"
2017,"CORRALES BOHOYO, ELENA",NISSAN  AL-QÁZERES EXTREMADURA,7,26,"0,27"
2017,"ARIZTIMUÑO LOPEZ , ITZIAR",LOINTEK GERNIKA BIZKAIA,6,22,"0,27"
2017,"DIEZ FERNANDEZ, NAIARA",LOINTEK GERNIKA BIZKAIA,6,26,"0,23"
2017,"DIAZ CASTELLANO, YURENA",CADI LA SEU,6,26,"0,23"
2017,"ESPARCIA OMEDAS, CAROLINA",MANN-FILTER,4,19,"0,21"
2017,"ROMERO GARRIDO, MARÍA",NISSAN  AL-QÁZERES EXTREMADURA,3,16,"0,19"
2017,"MOLINUEVO GARCIA, CRISTINA",LACTURALE ART ARASKI,4,24,"0,17"
2017,"ASTROM , ELLEN LOVISA",EMBUTIDOS PAJARIEL BEMBIBRE PDM,4,26,"0,15"
2017,"LUCAS , ITALEE MALINA",IDK GIPUZKOA,2,13,"0,15"
2017,"MARTIN LLAVERIA, MARIONA",NISSAN  AL-QÁZERES EXTREMADURA,4,26,"0,15"
2017,"IPARRAGUIRRE ALUSTIZA, SARA",IDK GIPUZKOA,3,20,"0,15"
2017,"RODRIGUEZ DOMINGUEZ, NATALIA",STAR CENTER-UNI FERROL,2,21,"0,1"
2017,"CABRERA ARGUELLO, PATRICIA",STAR CENTER-UNI FERROL,2,26,"0,08"
2017,"VELASCO MARTIN, LAURA",MOVISTAR ESTUDIANTES,1,18,"0,06"
2017,"MOLINUEVO GARCIA, CRISTINA",LACTURALE ART ARASKI,4,24,"0,17"
2017,"ASTROM , ELLEN LOVISA",EMBUTIDOS PAJARIEL BEMBIBRE PDM,4,26,"0,15"
2017,"LUCAS , ITALEE MALINA",IDK GIPUZKOA,2,13,"0,15"
2017,"MARTIN LLAVERIA, MARIONA",NISSAN  AL-QÁZERES EXTREMADURA,4,26,"0,15"
2017,"IPARRAGUIRRE ALUSTIZA, SARA",IDK GIPUZKOA,3,20,"0,15"
2017,"RODRIGUEZ DOMINGUEZ, NATALIA",STAR CENTER-UNI FERROL,2,21,"0,1"
2017,"CABRERA ARGUELLO, PATRICIA",STAR CENTER-UNI FERROL,2,26,"0,08"
2017,"VELASCO MARTIN, LAURA",MOVISTAR ESTUDIANTES,1,18,"0,06"
2016,"MOKANGO, CHANEL MODIRI",LOINTEK GERNIKA BIZKAIA,7,2,"3,5"
2016,"COULIBALY, NAIGNOUMA",SPAR CITYLIFT GIRONA,16,5,"3,2"
2016,"SANCHEZ MARRUFO, BEATRIZ",STAR CENTER-UNI FERROL,16,5,"3,2"
2016,"DE SOUZA MACHADO, ERIKA CRISTINA",PERFUMERIAS AVENIDA,16,5,"3,2"
2016,"IBEKWE, IFUNANYA DEBBIE",SPAR CITYLIFT GIRONA,12,4,3
2016,"GOMES COLHADO, NADIA",IDK GIPUZKOA,8,3,"2,67"
2016,"BULGAK, ADUT ATEM",IDK GIPUZKOA,7,3,"2,33"
2016,"ADURIZ HERNANI, ONINTZA",IDK GIPUZKOA,7,3,"2,33"
2016,"LLORENTE, VICTORIA",LOINTEK GERNIKA BIZKAIA,4,2,2
2016,"SPANOU, ARTEMIS",SPAR CITYLIFT GIRONA,9,5,"1,8"
2016,"GIVENS , KRISI TIJANA",PERFUMERIAS AVENIDA,9,5,"1,8"
2016,"ROUNDTREE, MARGARET YVETTE",LACTURALE ARASKI,5,3,"1,67"
2016,"PEREZ ARAUJO, MARIA",STAR CENTER-UNI FERROL,8,5,"1,6"
2016,"ELONU, ADAORA NNENNA",PERFUMERIAS AVENIDA,8,5,"1,6"
2016,"PINA TOLOSA, MARIA",LOINTEK GERNIKA BIZKAIA,3,2,"1,5"
2016,"GONZALEZ DUARTE , LARA",IDK GIPUZKOA,3,2,"1,5"
2016,"ARMSTRONG, ANNE MARIE",LOINTEK GERNIKA BIZKAIA,3,2,"1,5"
2016,"GARCIA URLEZAGA, IZASKUN",LOINTEK GERNIKA BIZKAIA,3,2,"1,5"
2016,"BARBEE, SHACOBIA SHAUNTE",STAR CENTER-UNI FERROL,7,5,"1,4"
2016,"GIL COLLADO, LAURA",PERFUMERIAS AVENIDA,7,5,"1,4"
2016,"MILOVANOVIC, JELENA",PERFUMERIAS AVENIDA,7,5,"1,4"
2016,"ETXARRI MUNARRIZ, IRATI",LACTURALE ARASKI,5,4,"1,25"
2016,"VEGA REBORA, GISELA VERONICA",LACTURALE ARASKI,5,4,"1,25"
2016,"PARDO HERVIAS, LAURA",LACTURALE ARASKI,4,4,1
2016,"PETERS, HALEY MCCLOSKEY",SPAR CITYLIFT GIRONA,5,5,1
2016,"LIÑEIRA, MARIA CECILIA",LACTURALE ARASKI,4,4,1
2016,"OCETE CASTILLO, GABRIELA",IDK GIPUZKOA,3,3,1
2016,"ASURMENDI VILLAVERDE, MARIA DEL CARMEN",LOINTEK GERNIKA BIZKAIA,2,2,1
2016,"BEARD, ALANA MONIQUE",PERFUMERIAS AVENIDA,5,5,1
2016,"RODRIGUEZ MANSO, LEONOR DEL PILAR",SPAR CITYLIFT GIRONA,4,5,"0,8"
2016,"MOKANGO, CHANEL MODIRI",LOINTEK GERNIKA BIZKAIA,7,2,"3,5"
2016,"COULIBALY, NAIGNOUMA",SPAR CITYLIFT GIRONA,16,5,"3,2"
2016,"SANCHEZ MARRUFO, BEATRIZ",STAR CENTER-UNI FERROL,16,5,"3,2"
2016,"DE SOUZA MACHADO, ERIKA CRISTINA",PERFUMERIAS AVENIDA,16,5,"3,2"
2016,"IBEKWE, IFUNANYA DEBBIE",SPAR CITYLIFT GIRONA,12,4,3
2016,"GOMES COLHADO, NADIA",IDK GIPUZKOA,8,3,"2,67"
2016,"BULGAK, ADUT ATEM",IDK GIPUZKOA,7,3,"2,33"
2016,"ADURIZ HERNANI, ONINTZA",IDK GIPUZKOA,7,3,"2,33"
2016,"LLORENTE, VICTORIA",LOINTEK GERNIKA BIZKAIA,4,2,2
2016,"SPANOU, ARTEMIS",SPAR CITYLIFT GIRONA,9,5,"1,8"
2016,"GIVENS , KRISI TIJANA",PERFUMERIAS AVENIDA,9,5,"1,8"
2016,"ROUNDTREE, MARGARET YVETTE",LACTURALE ARASKI,5,3,"1,67"
2016,"PEREZ ARAUJO, MARIA",STAR CENTER-UNI FERROL,8,5,"1,6"
2016,"ELONU, ADAORA NNENNA",PERFUMERIAS AVENIDA,8,5,"1,6"
2016,"PINA TOLOSA, MARIA",LOINTEK GERNIKA BIZKAIA,3,2,"1,5"
2016,"GONZALEZ DUARTE , LARA",IDK GIPUZKOA,3,2,"1,5"
2016,"ARMSTRONG, ANNE MARIE",LOINTEK GERNIKA BIZKAIA,3,2,"1,5"
2016,"GARCIA URLEZAGA, IZASKUN",LOINTEK GERNIKA BIZKAIA,3,2,"1,5"
2016,"BARBEE, SHACOBIA SHAUNTE",STAR CENTER-UNI FERROL,7,5,"1,4"
2016,"GIL COLLADO, LAURA",PERFUMERIAS AVENIDA,7,5,"1,4"
2016,"MILOVANOVIC, JELENA",PERFUMERIAS AVENIDA,7,5,"1,4"
2016,"ETXARRI MUNARRIZ, IRATI",LACTURALE ARASKI,5,4,"1,25"
2016,"VEGA REBORA, GISELA VERONICA",LACTURALE ARASKI,5,4,"1,25"
2016,"PARDO HERVIAS, LAURA",LACTURALE ARASKI,4,4,1
2016,"PETERS, HALEY MCCLOSKEY",SPAR CITYLIFT GIRONA,5,5,1
2016,"LIÑEIRA, MARIA CECILIA",LACTURALE ARASKI,4,4,1
2016,"OCETE CASTILLO, GABRIELA",IDK GIPUZKOA,3,3,1
2016,"ASURMENDI VILLAVERDE, MARIA DEL CARMEN",LOINTEK GERNIKA BIZKAIA,2,2,1
2016,"BEARD, ALANA MONIQUE",PERFUMERIAS AVENIDA,5,5,1
2016,"RODRIGUEZ MANSO, LEONOR DEL PILAR",SPAR CITYLIFT GIRONA,4,5,"0,8"
2015,"CALDWELL , TALIA ADAIAH",C.B. CONQUERO HUELVA WAGEN,5,1,5
2015,"PASCUA SUAREZ, MARÍA LUCILA",MANN-FILTER,8,2,4
2015,"ELONU, ADAORA NNENNA",C.B. CONQUERO HUELVA WAGEN,7,2,"3,5"
2015,"NDOUR, ASTOU BARRO",PERFUMERIAS AVENIDA,14,5,"2,8"
2015,"SPANOU, ARTEMIS",SPAR CITYLIFT GIRONA,10,5,2
2015,"GIDDEN, VANESSA NICOLE",PERFUMERIAS AVENIDA,6,3,2
2015,"COULIBALY, NAIGNOUMA",SPAR CITYLIFT GIRONA,9,5,"1,8"
2015,"GIVENS , KRISI TIJANA",SPAR CITYLIFT GIRONA,8,5,"1,6"
2015,"IBEKWE, IFUNANYA DEBBIE",SPAR CITYLIFT GIRONA,3,2,"1,5"
2015,"FERRARI CALABRO, PAOLA ANDREA",MANN-FILTER,3,2,"1,5"
2015,"LO SYLLA, NOGAYE",MANN-FILTER,3,2,"1,5"
2015,"MARGINEAN , GABRIELA",PERFUMERIAS AVENIDA,5,5,1
2015,"RODRIGUEZ MANSO, LEONOR DEL PILAR",PERFUMERIAS AVENIDA,5,5,1
2015,"KUKTIENE, VITA",SPAR CITYLIFT GIRONA,5,5,1
2015,"TRAORE, AYA",C.B. CONQUERO HUELVA WAGEN,2,2,1
2015,"KNEZEVIC, ADRIJANA",SPAR CITYLIFT GIRONA,4,5,"0,8"
2015,"DOMINGUEZ FERNANDEZ, SILVIA",PERFUMERIAS AVENIDA,4,5,"0,8"
2015,"BEARD, ALANA MONIQUE",PERFUMERIAS AVENIDA,3,5,"0,6"
2015,"KOBRYN , EWELINA KATARZYNA",PERFUMERIAS AVENIDA,3,5,"0,6"
2015,"GEMELOS, JACQUELINE ANN",PERFUMERIAS AVENIDA,3,5,"0,6"
2015,"OCETE CASTILLO, GABRIELA",MANN-FILTER,1,2,"0,5"
2015,"ESPARCIA OMEDAS, CAROLINA",MANN-FILTER,1,2,"0,5"
2015,"VITOLA, KRISTINE",PERFUMERIAS AVENIDA,2,4,"0,5"
2015,"BUCH ROSELL, ROSO",C.B. CONQUERO HUELVA WAGEN,1,2,"0,5"
2015,"PETERS, HALEY MCCLOSKEY",C.B. CONQUERO HUELVA WAGEN,1,2,"0,5"
2015,"ZLATANOVA, JAKLIN",MANN-FILTER,1,2,"0,5"
2015,"DE SA CASTRO NEVES, CATARINA",C.B. CONQUERO HUELVA WAGEN,1,2,"0,5"
2015,"JORDANA BOFILL, NOEMI",SPAR CITYLIFT GIRONA,1,5,"0,2"
2015,"LUCAS , ITALEE MALINA",SPAR CITYLIFT GIRONA,1,5,"0,2"
2014,"GIDDEN, VANESSA NICOLE",SPAR CITYLIFT GIRONA,15,4,"3,75"
2014,"REZAN, MARIJA",PERFUMERIAS AVENIDA,16,5,"3,2"
2014,"BLE, DOUKOLE VANESSA",PERFUMERIAS AVENIDA,13,5,"2,6"
2014,"ROBINSON, ANGELICA DANIELLE",PERFUMERIAS AVENIDA,12,5,"2,4"
2014,"GIL COLLADO, LAURA",CADI LA SEU,7,3,"2,33"
2014,"ELONU, ADAORA NNENNA",C.B. CONQUERO HUELVA WAGEN,4,2,2
2014,"PASCUA SUAREZ, MARÍA LUCILA",C.B. CONQUERO HUELVA WAGEN,4,2,2
2014,"IBEKWE, IFUNANYA DEBBIE",SPAR CITYLIFT GIRONA,8,4,2
2014,"CHAMBERS, BRITTANY MARIE",SPAR CITYLIFT GIRONA,8,4,2
2014,"SUAREZ UTRERO, ANA MARIA",CADI LA SEU,5,3,"1,67"
2014,"DE KLEIJN, MARLOU",CADI LA SEU,5,3,"1,67"
2014,"DAVIS , CHELSEA MARIA",C.B. CONQUERO HUELVA WAGEN,3,2,"1,5"
2014,"MADU, NDIDI AWELE",CADI LA SEU,4,3,"1,33"
2014,"TANNER, TYRESE LA SHAY",CADI LA SEU,4,3,"1,33"
2014,"BAHI BLANQUERA, GEORGINA",CADI LA SEU,4,3,"1,33"
2014,"KUKTIENE, VITA",SPAR CITYLIFT GIRONA,5,4,"1,25"
2014,"FREIXANET VIEJO, JAEL",SPAR CITYLIFT GIRONA,4,4,1
2014,"GERMAN VELASCO, ICIAR",C.B. CONQUERO HUELVA WAGEN,2,2,1
2014,"SOLER SUAREZ, PATRICIA",C.B. CONQUERO HUELVA WAGEN,1,1,1
2014,"RALUY ESPADA, NEREA",C.B. CONQUERO HUELVA WAGEN,1,1,1
2014,"FERNANDEZ FARRES, MARTA",PERFUMERIAS AVENIDA,4,5,"0,8"
2014,"XARGAY CASADEMONT, MARTA",PERFUMERIAS AVENIDA,4,5,"0,8"
2014,"PEREZ TORRES, TANIA",CADI LA SEU,2,3,"0,67"
2014,"PINA TOLOSA, MARIA",C.B. CONQUERO HUELVA WAGEN,1,2,"0,5"
2014,"RODRIGUEZ MANSO, LEONOR DEL PILAR",PERFUMERIAS AVENIDA,2,5,"0,4"
2014,"FERRARI CALABRO, PAOLA ANDREA",PERFUMERIAS AVENIDA,2,5,"0,4"
2014,"CARBO COLOMA, ANNA",SPAR CITYLIFT GIRONA,1,3,"0,33"
2014,"HIND, BEN ABDELKADER",CADI LA SEU,1,3,"0,33"
2014,"ABALDE DIAZ, TAMARA",PERFUMERIAS AVENIDA,1,3,"0,33"
2014,"JORDANA BOFILL, NOEMI",SPAR CITYLIFT GIRONA,1,4,"0,25"
2014,"GIDDEN, VANESSA NICOLE",SPAR CITYLIFT GIRONA,15,4,"3,75"
2014,"REZAN, MARIJA",PERFUMERIAS AVENIDA,16,5,"3,2"
2014,"BLE, DOUKOLE VANESSA",PERFUMERIAS AVENIDA,13,5,"2,6"
2014,"ROBINSON, ANGELICA DANIELLE",PERFUMERIAS AVENIDA,12,5,"2,4"
2014,"GIL COLLADO, LAURA",CADI LA SEU,7,3,"2,33"
2014,"ELONU, ADAORA NNENNA",C.B. CONQUERO HUELVA WAGEN,4,2,2
2014,"PASCUA SUAREZ, MARÍA LUCILA",C.B. CONQUERO HUELVA WAGEN,4,2,2
2014,"IBEKWE, IFUNANYA DEBBIE",SPAR CITYLIFT GIRONA,8,4,2
2014,"CHAMBERS, BRITTANY MARIE",SPAR CITYLIFT GIRONA,8,4,2
2014,"SUAREZ UTRERO, ANA MARIA",CADI LA SEU,5,3,"1,67"
2014,"DE KLEIJN, MARLOU",CADI LA SEU,5,3,"1,67"
2014,"DAVIS , CHELSEA MARIA",C.B. CONQUERO HUELVA WAGEN,3,2,"1,5"
2014,"MADU, NDIDI AWELE",CADI LA SEU,4,3,"1,33"
2014,"TANNER, TYRESE LA SHAY",CADI LA SEU,4,3,"1,33"
2014,"BAHI BLANQUERA, GEORGINA",CADI LA SEU,4,3,"1,33"
2014,"KUKTIENE, VITA",SPAR CITYLIFT GIRONA,5,4,"1,25"
2014,"FREIXANET VIEJO, JAEL",SPAR CITYLIFT GIRONA,4,4,1
2014,"GERMAN VELASCO, ICIAR",C.B. CONQUERO HUELVA WAGEN,2,2,1
2014,"SOLER SUAREZ, PATRICIA",C.B. CONQUERO HUELVA WAGEN,1,1,1
2014,"RALUY ESPADA, NEREA",C.B. CONQUERO HUELVA WAGEN,1,1,1
2014,"FERNANDEZ FARRES, MARTA",PERFUMERIAS AVENIDA,4,5,"0,8"
2014,"XARGAY CASADEMONT, MARTA",PERFUMERIAS AVENIDA,4,5,"0,8"
2014,"PEREZ TORRES, TANIA",CADI LA SEU,2,3,"0,67"
2014,"PINA TOLOSA, MARIA",C.B. CONQUERO HUELVA WAGEN,1,2,"0,5"
2014,"RODRIGUEZ MANSO, LEONOR DEL PILAR",PERFUMERIAS AVENIDA,2,5,"0,4"
2014,"FERRARI CALABRO, PAOLA ANDREA",PERFUMERIAS AVENIDA,2,5,"0,4"
2014,"CARBO COLOMA, ANNA",SPAR CITYLIFT GIRONA,1,3,"0,33"
2014,"HIND, BEN ABDELKADER",CADI LA SEU,1,3,"0,33"
2014,"ABALDE DIAZ, TAMARA",PERFUMERIAS AVENIDA,1,3,"0,33"
2014,"JORDANA BOFILL, NOEMI",SPAR CITYLIFT GIRONA,1,4,"0,25"
2013,"ROBINSON, ANGELICA DANIELLE",PERFUMERIAS AVENIDA,28,5,"5,6"
2013,"NDOUR, ASTOU BARRO",GRAN CANARIA 2014,12,3,4
2013,"REZAN, MARIJA",PERFUMERIAS AVENIDA,19,5,"3,8"
2013,"NICHOLLS GONZALEZ, LAURA",RIVAS ECOPOLIS,17,5,"3,4"
2013,"NDOYE, BINETA",GRAN CANARIA 2014,10,3,"3,33"
2013,"MONTENEGRO SANTANA, RITA ESTHER",EMBUTIDOS PAJARIEL BEMBIBRE PDM,8,3,"2,67"
2013,"CHAMBERS, BRITTANY MARIE",GRAN CANARIA 2014,8,3,"2,67"
2013,"MURPHY, ESHAYA MARIE",PERFUMERIAS AVENIDA,12,5,"2,4"
2013,"HASSELL, JASMINE",RIVAS ECOPOLIS,11,5,"2,2"
2013,"DAVIS , CHELSEA MARIA",GRAN CANARIA 2014,6,3,2
2013,"ALLISON, RACHEL LINDSAY",RIVAS ECOPOLIS,10,5,2
2013,"HALVARSSON , LOUICE",RIVAS ECOPOLIS,8,5,"1,6"
2013,"THOMAS, KRYSTAL VICTORIA",PERFUMERIAS AVENIDA,6,5,"1,2"
2013,"MUHATE PEÑA, CECILIA",RIVAS ECOPOLIS,1,1,1
2013,"CISSE, MARIEME",GRAN CANARIA 2014,1,1,1
2013,"GOMEZ IGUAL, ANNA",EMBUTIDOS PAJARIEL BEMBIBRE PDM,3,3,1
2013,"CASAS CARRERAS, QUERALT",RIVAS ECOPOLIS,4,5,"0,8"
2013,"DENNETT, MELISSA LOUISE",EMBUTIDOS PAJARIEL BEMBIBRE PDM,2,3,"0,67"
2013,"GIMENO MARTINEZ, VEGA",RIVAS ECOPOLIS,2,3,"0,67"
2013,"O'REILLY, ORLA",EMBUTIDOS PAJARIEL BEMBIBRE PDM,2,3,"0,67"
2013,"BERMEJO MORENO, CLARA SUSANA",RIVAS ECOPOLIS,3,5,"0,6"
2013,"ELDEBRINK, FRIDA",RIVAS ECOPOLIS,3,5,"0,6"
2013,"RODRIGUEZ MANSO, LEONOR DEL PILAR",PERFUMERIAS AVENIDA,2,5,"0,4"
2013,"OCETE CASTILLO, GABRIELA",RIVAS ECOPOLIS,2,5,"0,4"
2013,"ABALDE DIAZ, TAMARA",PERFUMERIAS AVENIDA,1,3,"0,33"
2013,"BUCH ROSELL, ROSO",EMBUTIDOS PAJARIEL BEMBIBRE PDM,1,3,"0,33"
2012,"MONROE, JACINTA LISETTE",SPAR UNIGIRONA,18,5,"3,6"
2012,"GIL COLLADO, LAURA",BEROIL - CIUDAD DE BURGOS,6,2,3
2012,"HENRY, ANEIKA ANNA-KAY",RIVAS ECOPOLIS,11,4,"2,75"
2012,"GOMEZ IGLESIAS, REGINA",BEROIL - CIUDAD DE BURGOS,4,2,2
2012,"MORRISON JARA, ZIOMARA ESKET",RIVAS ECOPOLIS,8,4,2
2012,"HERRERA BOXO, LAURA",UNB OBENASA,6,3,2
2012,"CHUMILLAS PERIS, BERTA",BEROIL - CIUDAD DE BURGOS,4,2,2
2012,"CARBO COLOMA, ANNA",SPAR UNIGIRONA,10,5,2
2012,"CASAS CARRERAS, QUERALT",RIVAS ECOPOLIS,7,4,"1,75"
2012,"REVUELTO SÁNCHEZ-AGUILERA, MARIA",UNB OBENASA,5,3,"1,67"
2012,"BRAVARD , CIERRA  NICHOLE",SPAR UNIGIRONA,8,5,"1,6"
2012,"TRAORE, ASTOU",CADI - ICG SOFTWARE,6,4,"1,5"
2012,"SARR, OUMOUL KHAIRY",SPAR UNIGIRONA,7,5,"1,4"
2012,"WILLINGHAM, LE`COE LOUISE",PERFUMERIAS AVENIDA,5,4,"1,25"
2012,"FEASTER, ALISON",SPAR UNIGIRONA,5,4,"1,25"
2012,"NICHOLLS GONZALEZ, LAURA",RIVAS ECOPOLIS,5,4,"1,25"
2012,"XARGAY CASADEMONT, MARTA",PERFUMERIAS AVENIDA,5,4,"1,25"
2012,"ALLISON, RACHEL LINDSAY",BEROIL - CIUDAD DE BURGOS,1,1,1
2012,"DE KLEIJN, MARLOU",CADI - ICG SOFTWARE,4,4,1
2012,"CUEVAS MEDIAVILLA, AITANA",BEROIL - CIUDAD DE BURGOS,2,2,1
2012,"REZAN, MARIJA",PERFUMERIAS AVENIDA,4,4,1
2012,"MARCOS BENITO, BLANCA",BEROIL - CIUDAD DE BURGOS,2,2,1
2012,"SOTIRIOU , AIKATERINA",UNB OBENASA,3,3,1
2012,"PARHAM, AJA DANIELLE",CADI - ICG SOFTWARE,4,4,1
2012,"SULCIUTE, EGLE",PERFUMERIAS AVENIDA,4,4,1
2012,"MONTAÑANA GIMENO, ANNA",PERFUMERIAS AVENIDA,1,1,1
2012,"HONTI, KATALIN",RIVAS ECOPOLIS,4,4,1
2012,"VAJDA, ANNA",RIVAS ECOPOLIS,4,4,1
2012,"BELD , MYRTHE BRIGIT MARIA",SPAR UNIGIRONA,4,5,"0,8"
2012,"JORDANA BOFILL, NOEMI",SPAR UNIGIRONA,4,5,"0,8"
2012,"MONROE, JACINTA LISETTE",SPAR UNIGIRONA,18,5,"3,6"
2012,"GIL COLLADO, LAURA",BEROIL - CIUDAD DE BURGOS,6,2,3
2012,"HENRY, ANEIKA ANNA-KAY",RIVAS ECOPOLIS,11,4,"2,75"
2012,"GOMEZ IGLESIAS, REGINA",BEROIL - CIUDAD DE BURGOS,4,2,2
2012,"MORRISON JARA, ZIOMARA ESKET",RIVAS ECOPOLIS,8,4,2
2012,"HERRERA BOXO, LAURA",UNB OBENASA,6,3,2
2012,"CHUMILLAS PERIS, BERTA",BEROIL - CIUDAD DE BURGOS,4,2,2
2012,"CARBO COLOMA, ANNA",SPAR UNIGIRONA,10,5,2
2012,"CASAS CARRERAS, QUERALT",RIVAS ECOPOLIS,7,4,"1,75"
2012,"REVUELTO SÁNCHEZ-AGUILERA, MARIA",UNB OBENASA,5,3,"1,67"
2012,"BRAVARD , CIERRA  NICHOLE",SPAR UNIGIRONA,8,5,"1,6"
2012,"TRAORE, ASTOU",CADI - ICG SOFTWARE,6,4,"1,5"
2012,"SARR, OUMOUL KHAIRY",SPAR UNIGIRONA,7,5,"1,4"
2012,"WILLINGHAM, LE`COE LOUISE",PERFUMERIAS AVENIDA,5,4,"1,25"
2012,"FEASTER, ALISON",SPAR UNIGIRONA,5,4,"1,25"
2012,"NICHOLLS GONZALEZ, LAURA",RIVAS ECOPOLIS,5,4,"1,25"
2012,"XARGAY CASADEMONT, MARTA",PERFUMERIAS AVENIDA,5,4,"1,25"
2012,"ALLISON, RACHEL LINDSAY",BEROIL - CIUDAD DE BURGOS,1,1,1
2012,"DE KLEIJN, MARLOU",CADI - ICG SOFTWARE,4,4,1
2012,"CUEVAS MEDIAVILLA, AITANA",BEROIL - CIUDAD DE BURGOS,2,2,1
2012,"REZAN, MARIJA",PERFUMERIAS AVENIDA,4,4,1
2012,"MARCOS BENITO, BLANCA",BEROIL - CIUDAD DE BURGOS,2,2,1
2012,"SOTIRIOU , AIKATERINA",UNB OBENASA,3,3,1
2012,"PARHAM, AJA DANIELLE",CADI - ICG SOFTWARE,4,4,1
2012,"SULCIUTE, EGLE",PERFUMERIAS AVENIDA,4,4,1
2012,"MONTAÑANA GIMENO, ANNA",PERFUMERIAS AVENIDA,1,1,1
2012,"HONTI, KATALIN",RIVAS ECOPOLIS,4,4,1
2012,"VAJDA, ANNA",RIVAS ECOPOLIS,4,4,1
2012,"BELD , MYRTHE BRIGIT MARIA",SPAR UNIGIRONA,4,5,"0,8"
2012,"JORDANA BOFILL, NOEMI",SPAR UNIGIRONA,4,5,"0,8"
2011,"ROBINSON, ANGELICA DANIELLE",GIRONA FC,10,2,5
2011,"DE SOUZA MACHADO, ERIKA CRISTINA",PERFUMERIAS AVENIDA,15,4,"3,75"
2011,"SARR, OUMOUL KHAIRY",GIRONA FC,5,2,"2,5"
2011,"YACOUBOU, ISABELLE",CIUDAD ROS CASARES VALENCIA,9,4,"2,25"
2011,"MURPHY, ESHAYA MARIE",CIUDAD ROS CASARES VALENCIA,8,4,2
2011,"JONES, ASJHA",RIVAS ECOPOLIS,4,2,2
2011,"THORBURN, SHONA LOUISE",GIRONA FC,4,2,2
2011,"WAUTERS, ANN",CIUDAD ROS CASARES VALENCIA,7,4,"1,75"
2011,"VEGA REBORA, GISELA VERONICA",GIRONA FC,3,2,"1,5"
2011,"FEASTER, ALISON",PERFUMERIAS AVENIDA,5,4,"1,25"
2011,"BONNER, DEWANNA TENISE",PERFUMERIAS AVENIDA,5,4,"1,25"
2011,"NICHOLLS GONZALEZ, LAURA",RIVAS ECOPOLIS,2,2,1
2011,"VESELA, JANA",CIUDAD ROS CASARES VALENCIA,3,3,1
2011,"BOU LLOVERAS, EVA",GIRONA FC,2,2,1
2011,"LYTTLE LYTTLE, SANCHO TRACY CONSTANCE",CIUDAD ROS CASARES VALENCIA,4,4,1
2011,"CRUZ LEBRATO, ANNA",RIVAS ECOPOLIS,2,2,1
2011,"CARSON, ESSENCE",RIVAS ECOPOLIS,2,2,1
2011,"MOORE, MAYA APRIL",CIUDAD ROS CASARES VALENCIA,3,3,1
2011,"PIRSIC, SANDRA",RIVAS ECOPOLIS,2,2,1
2011,"VAJDA, ANNA",PERFUMERIAS AVENIDA,3,4,"0,75"
2011,"PALAU ALTES, LAIA",CIUDAD ROS CASARES VALENCIA,3,4,"0,75"
2011,"KORSTINE, ILONA",PERFUMERIAS AVENIDA,3,4,"0,75"
2011,"ANTOJA ROVIRA, LAURA",PERFUMERIAS AVENIDA,3,4,"0,75"
2011,"GARCIA MATA, GEMA",RIVAS ECOPOLIS,1,2,"0,5"
2011,"CARBO COLOMA, ANNA",GIRONA FC,1,2,"0,5"
2011,"DOMINGUEZ FERNANDEZ, SILVIA",CIUDAD ROS CASARES VALENCIA,2,4,"0,5"
2011,"JACKSON, LAUREN",CIUDAD ROS CASARES VALENCIA,2,4,"0,5"
2011,"RUANO ORIOLA, OLGA",GIRONA FC,1,2,"0,5"
2011,"FREIXANET VIEJO, JAEL",PERFUMERIAS AVENIDA,1,3,"0,33"
2011,"FERNANDEZ FARRES, MARTA",PERFUMERIAS AVENIDA,1,4,"0,25"
2010,"BRUNSON, REBEKKAH",CIUDAD ROS CASARES VALENCIA,10,2,5
2010,"DOUGLAS, KATHRYN",CIUDAD ROS CASARES VALENCIA,8,2,4
2010,"LYTTLE LYTTLE, SANCHO TRACY CONSTANCE",PERFUMERIAS AVENIDA,6,2,3
2010,"DE SOUZA MACHADO, ERIKA CRISTINA",PERFUMERIAS AVENIDA,5,2,"2,5"
2010,"HENRY, ANEIKA ANNA-KAY",MANN FILTER ZARAGOZA,5,2,"2,5"
2010,"VESELA, JANA",CIUDAD ROS CASARES VALENCIA,2,1,2
2010,"LIMA GARCIA, CINDY ORQUIDEA",CIUDAD ROS CASARES VALENCIA,4,2,2
2010,"PARIS, COURTNEY LYNNE",RIVAS ECOPOLIS,4,2,2
2010,"BERMEJO MORENO, CLARA SUSANA",RIVAS ECOPOLIS,3,2,"1,5"
2010,"SNELL, BELINDA ROSE",PERFUMERIAS AVENIDA,3,2,"1,5"
2010,"NICHOLLS GONZALEZ, LAURA",RIVAS ECOPOLIS,3,2,"1,5"
2010,"ANOSIKE, NIKOLIKA NONYELUM",CIUDAD ROS CASARES VALENCIA,3,2,"1,5"
2010,"MONDT, ANKE DE",PERFUMERIAS AVENIDA,2,2,1
2010,"ZLATANOVA, JAKLIN",MANN FILTER ZARAGOZA,2,2,1
2010,"GIL COLLADO, LAURA",PERFUMERIAS AVENIDA,1,1,1
2010,"PASCUA SUAREZ, MARÍA LUCILA",MANN FILTER ZARAGOZA,2,2,1
2010,"BONNER, DEWANNA TENISE",RIVAS ECOPOLIS,2,2,1
2010,"BROWN, KIESHA LINDSAY",MANN FILTER ZARAGOZA,2,2,1
2010,"DOMINGUEZ FERNANDEZ, SILVIA",PERFUMERIAS AVENIDA,2,2,1
2010,"OUVIÑA MODREGO, CRISTINA",MANN FILTER ZARAGOZA,1,2,"0,5"
2010,"MONTAÑANA GIMENO, ANNA",PERFUMERIAS AVENIDA,1,2,"0,5"
2010,"CRUZ LEBRATO, ANNA",RIVAS ECOPOLIS,1,2,"0,5"
2010,"GIMENO MARTINEZ, VEGA",RIVAS ECOPOLIS,1,2,"0,5"
2010,"TORRENS SALOM, ALBA",PERFUMERIAS AVENIDA,1,2,"0,5"
2010,"MARTINEZ PRAT, NURIA",CIUDAD ROS CASARES VALENCIA,1,2,"0,5"
2010,"PINA TOLOSA, MARIA",MANN FILTER ZARAGOZA,1,2,"0,5"
2010,"ROYO TORRES, MARIA ESTELA",MANN FILTER ZARAGOZA,1,2,"0,5"
2010,"KRESOVIC, INES",MANN FILTER ZARAGOZA,1,2,"0,5"
2010,"VALDEMORO MADARIAGA, AMAYA",RIVAS ECOPOLIS,1,2,"0,5"
2010,"LAWSON, EDWIGE",CIUDAD ROS CASARES VALENCIA,1,2,"0,5"
2010,"BRUNSON, REBEKKAH",CIUDAD ROS CASARES VALENCIA,10,2,5
2010,"DOUGLAS, KATHRYN",CIUDAD ROS CASARES VALENCIA,8,2,4
2010,"LYTTLE LYTTLE, SANCHO TRACY CONSTANCE",PERFUMERIAS AVENIDA,6,2,3
2010,"DE SOUZA MACHADO, ERIKA CRISTINA",PERFUMERIAS AVENIDA,5,2,"2,5"
2010,"HENRY, ANEIKA ANNA-KAY",MANN FILTER ZARAGOZA,5,2,"2,5"
2010,"VESELA, JANA",CIUDAD ROS CASARES VALENCIA,2,1,2
2010,"LIMA GARCIA, CINDY ORQUIDEA",CIUDAD ROS CASARES VALENCIA,4,2,2
2010,"PARIS, COURTNEY LYNNE",RIVAS ECOPOLIS,4,2,2
2010,"BERMEJO MORENO, CLARA SUSANA",RIVAS ECOPOLIS,3,2,"1,5"
2010,"SNELL, BELINDA ROSE",PERFUMERIAS AVENIDA,3,2,"1,5"
2010,"NICHOLLS GONZALEZ, LAURA",RIVAS ECOPOLIS,3,2,"1,5"
2010,"ANOSIKE, NIKOLIKA NONYELUM",CIUDAD ROS CASARES VALENCIA,3,2,"1,5"
2010,"MONDT, ANKE DE",PERFUMERIAS AVENIDA,2,2,1
2010,"ZLATANOVA, JAKLIN",MANN FILTER ZARAGOZA,2,2,1
2010,"GIL COLLADO, LAURA",PERFUMERIAS AVENIDA,1,1,1
2010,"PASCUA SUAREZ, MARÍA LUCILA",MANN FILTER ZARAGOZA,2,2,1
2010,"BONNER, DEWANNA TENISE",RIVAS ECOPOLIS,2,2,1
2010,"BROWN, KIESHA LINDSAY",MANN FILTER ZARAGOZA,2,2,1
2010,"DOMINGUEZ FERNANDEZ, SILVIA",PERFUMERIAS AVENIDA,2,2,1
2010,"OUVIÑA MODREGO, CRISTINA",MANN FILTER ZARAGOZA,1,2,"0,5"
2010,"MONTAÑANA GIMENO, ANNA",PERFUMERIAS AVENIDA,1,2,"0,5"
2010,"CRUZ LEBRATO, ANNA",RIVAS ECOPOLIS,1,2,"0,5"
2010,"GIMENO MARTINEZ, VEGA",RIVAS ECOPOLIS,1,2,"0,5"
2010,"TORRENS SALOM, ALBA",PERFUMERIAS AVENIDA,1,2,"0,5"
2010,"MARTINEZ PRAT, NURIA",CIUDAD ROS CASARES VALENCIA,1,2,"0,5"
2010,"PINA TOLOSA, MARIA",MANN FILTER ZARAGOZA,1,2,"0,5"
2010,"ROYO TORRES, MARIA ESTELA",MANN FILTER ZARAGOZA,1,2,"0,5"
2010,"KRESOVIC, INES",MANN FILTER ZARAGOZA,1,2,"0,5"
2010,"VALDEMORO MADARIAGA, AMAYA",RIVAS ECOPOLIS,1,2,"0,5"
2010,"LAWSON, EDWIGE",CIUDAD ROS CASARES VALENCIA,1,2,"0,5"
2009,"DE SOUZA MACHADO, ERIKA CRISTINA",CIUDAD ROS CASARES VALENCIA,14,4,"3,5"
2009,"PASCUA SUAREZ, MARÍA LUCILA",MANN FILTER ZARAGOZA,6,2,3
2009,"LYTTLE LYTTLE, SANCHO TRACY CONSTANCE",PERFUMERIAS AVENIDA,11,4,"2,75"
2009,"TORNIKIDOU TORNIKIDOU, ELENA",RIVAS ECOPOLIS,5,2,"2,5"
2009,"LANGHORNE , CRYSTAL ALLISON",RIVAS ECOPOLIS,5,2,"2,5"
2009,"UJHELYI, PETRA",RIVAS ECOPOLIS,4,2,2
2009,"DA SILVA, KATIA",MANN FILTER ZARAGOZA,4,2,2
2009,"WILLINGHAM, LE`COE LOUISE",PERFUMERIAS AVENIDA,6,4,"1,5"
2009,"FEASTER, ALISON",MANN FILTER ZARAGOZA,3,2,"1,5"
2009,"ABROMAITE, AGNE",MANN FILTER ZARAGOZA,3,2,"1,5"
2009,"VESELA, JANA",CIUDAD ROS CASARES VALENCIA,5,4,"1,25"
2009,"SANCHEZ FERNANDEZ, ISABEL",PERFUMERIAS AVENIDA,5,4,"1,25"
2009,"CRUZ LEBRATO, ANNA",RIVAS ECOPOLIS,2,2,1
2009,"SNELL, BELINDA ROSE",CIUDAD ROS CASARES VALENCIA,4,4,1
2009,"LIMA GARCIA, CINDY ORQUIDEA",CIUDAD ROS CASARES VALENCIA,1,1,1
2009,"TORRENS SALOM, ALBA",PERFUMERIAS AVENIDA,4,4,1
2009,"PODKOVALNIKOVA , OLGA",PERFUMERIAS AVENIDA,3,4,"0,75"
2009,"MONTAÑANA GIMENO, ANNA",CIUDAD ROS CASARES VALENCIA,3,4,"0,75"
2009,"PALAU ALTES, LAIA",CIUDAD ROS CASARES VALENCIA,3,4,"0,75"
2009,"MILTON, DELISHA LACHELL",CIUDAD ROS CASARES VALENCIA,3,4,"0,75"
2009,"OUVIÑA MODREGO, CRISTINA",MANN FILTER ZARAGOZA,1,2,"0,5"
2009,"STEN, TIINA IRENE",MANN FILTER ZARAGOZA,1,2,"0,5"
2009,"MONDT, ANKE DE",PERFUMERIAS AVENIDA,1,4,"0,25"
2009,"XARGAY CASADEMONT, MARTA",PERFUMERIAS AVENIDA,1,4,"0,25"
2009,"AGUILAR LOPEZ , ELISA",CIUDAD ROS CASARES VALENCIA,1,4,"0,25"
2009,"DOMINGUEZ FERNANDEZ, SILVIA",PERFUMERIAS AVENIDA,1,4,"0,25"
2009,"PODRUG, EMILIJA",PERFUMERIAS AVENIDA,1,4,"0,25"
2008,"DE SOUZA MACHADO, ERIKA CRISTINA",CIUDAD ROS CASARES,12,4,3
2008,"RILEY, RUTH ELLEN",RIVAS ECÓPOLIS,7,3,"2,33"
2008,"LIMA GARCIA, CINDY ORQUIDEA",CLUB BALONCESTO FEVE SAN JOSE,4,2,2
2008,"DUBLJEVIC, JELENA",RIVAS ECÓPOLIS,6,3,2
2008,"WILLINGHAM, LE`COE LOUISE",PERFUMERIAS AVENIDA,10,5,2
2008,"SNOW, MICHELLE",PERFUMERIAS AVENIDA,8,5,"1,6"
2008,"BUTLER, KIMBERLY JOY",CLUB BALONCESTO FEVE SAN JOSE,3,2,"1,5"
2008,"MURPHY, ESHAYA MARIE",CLUB BALONCESTO FEVE SAN JOSE,3,2,"1,5"
2008,"WIGGINS, CANDICE DANA",CIUDAD ROS CASARES,5,4,"1,25"
2008,"UJHELYI, PETRA",RIVAS ECÓPOLIS,3,3,1
2008,"HODGES, RONEEKA RAYSHELL",RIVAS ECÓPOLIS,3,3,1
2008,"ABALDE DIAZ, TAMARA",RIVAS ECÓPOLIS,3,3,1
2008,"BASKO , GUNTA",PERFUMERIAS AVENIDA,4,5,"0,8"
2008,"STAMPALIJA, PETRA",PERFUMERIAS AVENIDA,4,5,"0,8"
2008,"VESELA, JANA",CIUDAD ROS CASARES,3,4,"0,75"
2008,"AGUILAR LOPEZ , ELISA",CIUDAD ROS CASARES,3,4,"0,75"
2008,"VALDEMORO MADARIAGA, AMAYA",CIUDAD ROS CASARES,3,4,"0,75"
2008,"BERMEJO MORENO, CLARA SUSANA",RIVAS ECÓPOLIS,2,3,"0,67"
2008,"ROVIRA RODRIGUEZ, MARIA DEL MAR",PERFUMERIAS AVENIDA,3,5,"0,6"
2008,"TORNIKIDOU TORNIKIDOU, ELENA",CIUDAD ROS CASARES,1,2,"0,5"
2008,"NAVARRETE TRUJILLO, MIREIA",PERFUMERIAS AVENIDA,1,2,"0,5"
2008,"PEREZ CAPARROS, ROSA",CLUB BALONCESTO FEVE SAN JOSE,1,2,"0,5"
2008,"THORBURN, SHONA LOUISE",CLUB BALONCESTO FEVE SAN JOSE,1,2,"0,5"
2008,"VECEROVA, IVANA",CIUDAD ROS CASARES,2,4,"0,5"
2008,"REVUELTO SÁNCHEZ-AGUILERA, MARIA",CLUB BALONCESTO FEVE SAN JOSE,1,2,"0,5"
2008,"MONTAÑANA GIMENO, ANNA",CIUDAD ROS CASARES,2,4,"0,5"
2008,"PASCUA SUAREZ, MARÍA LUCILA",CLUB BALONCESTO FEVE SAN JOSE,1,2,"0,5"
2008,"DOMINGUEZ FERNANDEZ, SILVIA",PERFUMERIAS AVENIDA,2,5,"0,4"
2008,"CAMPS COLLELL, LAURA",RIVAS ECÓPOLIS,1,3,"0,33"
2008,"PALAU ALTES, LAIA",CIUDAD ROS CASARES,1,4,"0,25"
2008,"DE SOUZA MACHADO, ERIKA CRISTINA",CIUDAD ROS CASARES,12,4,3
2008,"RILEY, RUTH ELLEN",RIVAS ECÓPOLIS,7,3,"2,33"
2008,"LIMA GARCIA, CINDY ORQUIDEA",CLUB BALONCESTO FEVE SAN JOSE,4,2,2
2008,"DUBLJEVIC, JELENA",RIVAS ECÓPOLIS,6,3,2
2008,"WILLINGHAM, LE`COE LOUISE",PERFUMERIAS AVENIDA,10,5,2
2008,"SNOW, MICHELLE",PERFUMERIAS AVENIDA,8,5,"1,6"
2008,"BUTLER, KIMBERLY JOY",CLUB BALONCESTO FEVE SAN JOSE,3,2,"1,5"
2008,"MURPHY, ESHAYA MARIE",CLUB BALONCESTO FEVE SAN JOSE,3,2,"1,5"
2008,"WIGGINS, CANDICE DANA",CIUDAD ROS CASARES,5,4,"1,25"
2008,"UJHELYI, PETRA",RIVAS ECÓPOLIS,3,3,1
2008,"HODGES, RONEEKA RAYSHELL",RIVAS ECÓPOLIS,3,3,1
2008,"ABALDE DIAZ, TAMARA",RIVAS ECÓPOLIS,3,3,1
2008,"BASKO , GUNTA",PERFUMERIAS AVENIDA,4,5,"0,8"
2008,"STAMPALIJA, PETRA",PERFUMERIAS AVENIDA,4,5,"0,8"
2008,"VESELA, JANA",CIUDAD ROS CASARES,3,4,"0,75"
2008,"AGUILAR LOPEZ , ELISA",CIUDAD ROS CASARES,3,4,"0,75"
2008,"VALDEMORO MADARIAGA, AMAYA",CIUDAD ROS CASARES,3,4,"0,75"
2008,"BERMEJO MORENO, CLARA SUSANA",RIVAS ECÓPOLIS,2,3,"0,67"
2008,"ROVIRA RODRIGUEZ, MARIA DEL MAR",PERFUMERIAS AVENIDA,3,5,"0,6"
2008,"TORNIKIDOU TORNIKIDOU, ELENA",CIUDAD ROS CASARES,1,2,"0,5"
2008,"NAVARRETE TRUJILLO, MIREIA",PERFUMERIAS AVENIDA,1,2,"0,5"
2008,"PEREZ CAPARROS, ROSA",CLUB BALONCESTO FEVE SAN JOSE,1,2,"0,5"
2008,"THORBURN, SHONA LOUISE",CLUB BALONCESTO FEVE SAN JOSE,1,2,"0,5"
2008,"VECEROVA, IVANA",CIUDAD ROS CASARES,2,4,"0,5"
2008,"REVUELTO SÁNCHEZ-AGUILERA, MARIA",CLUB BALONCESTO FEVE SAN JOSE,1,2,"0,5"
2008,"MONTAÑANA GIMENO, ANNA",CIUDAD ROS CASARES,2,4,"0,5"
2008,"PASCUA SUAREZ, MARÍA LUCILA",CLUB BALONCESTO FEVE SAN JOSE,1,2,"0,5"
2008,"DOMINGUEZ FERNANDEZ, SILVIA",PERFUMERIAS AVENIDA,2,5,"0,4"
2008,"CAMPS COLLELL, LAURA",RIVAS ECÓPOLIS,1,3,"0,33"
2008,"PALAU ALTES, LAIA",CIUDAD ROS CASARES,1,4,"0,25"
2007,"DE SOUZA MACHADO, ERIKA CRISTINA",CIUDAD ROS CASARES VALENCIA,23,5,"4,6"
2007,"LIMA GARCIA, CINDY ORQUIDEA",CLUB BALONCESTO SAN JOSE,6,2,3
2007,"MATIC , IVANKA",PERFUMERIAS AVENIDA,15,6,"2,5"
2007,"LYTTLE LYTTLE, SANCHO TRACY CONSTANCE",EBE PROMOCIONES SANTA EULALIA,7,3,"2,33"
2007,"MONTAÑANA GIMENO, ANNA",PERFUMERIAS AVENIDA,13,6,"2,17"
2007,"REVUELTO SÁNCHEZ-AGUILERA, MARIA",CLUB BALONCESTO SAN JOSE,4,2,2
2007,"TORNIKIDOU TORNIKIDOU, ELENA",CIUDAD ROS CASARES VALENCIA,10,5,2
2007,"SANTOS DE OLIVEIRA, ALESSANDRA",PERFUMERIAS AVENIDA,3,2,"1,5"
2007,"REID, TRACY LASHAWN",PERFUMERIAS AVENIDA,8,6,"1,33"
2007,"SANCHEZ FERNANDEZ, ISABEL",PERFUMERIAS AVENIDA,8,6,"1,33"
2007,"BERMEJO MORENO, CLARA SUSANA",PERFUMERIAS AVENIDA,7,6,"1,17"
2007,"GOMEZ IGUAL, ANNA",CLUB BALONCESTO SAN JOSE,1,1,1
2007,"MORALES MARTIN, SILVIA",EBE PROMOCIONES SANTA EULALIA,3,3,1
2007,"PONS MOLINA, INGRID",EBE PROMOCIONES SANTA EULALIA,3,3,1
2007,"MILTON, DELISHA LACHELL",CIUDAD ROS CASARES VALENCIA,4,5,"0,8"
2007,"RASMUSSEN, KRISTEN",EBE PROMOCIONES SANTA EULALIA,2,3,"0,67"
2007,"DOUGLAS, KATHRYN",CIUDAD ROS CASARES VALENCIA,3,5,"0,6"
2007,"PALAU ALTES, LAIA",CIUDAD ROS CASARES VALENCIA,3,5,"0,6"
2007,"PAGE, LINDA A. MURRIEL",CLUB BALONCESTO SAN JOSE,1,2,"0,5"
2007,"COHEN, LIRON",CLUB BALONCESTO SAN JOSE,1,2,"0,5"
2007,"FEASTER, ALISON",CLUB BALONCESTO SAN JOSE,1,2,"0,5"
2007,"BJELICA, MILKA",CIUDAD ROS CASARES VALENCIA,1,2,"0,5"
2007,"MONDT, ANKE DE",PERFUMERIAS AVENIDA,3,6,"0,5"
2007,"FERRAGUT CASTILLO, MARINA",CIUDAD ROS CASARES VALENCIA,2,5,"0,4"
2007,"THORBURN, SHONA LOUISE",EBE PROMOCIONES SANTA EULALIA,1,3,"0,33"
2007,"LOPEZ VERDU, ALICIA",EBE PROMOCIONES SANTA EULALIA,1,3,"0,33"
2007,"JORDANA BOFILL, NOEMI",CIUDAD ROS CASARES VALENCIA,1,4,"0,25"
2007,"MALTSI, EVANTHIA",CIUDAD ROS CASARES VALENCIA,1,5,"0,2"
2007,"AGUILAR LOPEZ , ELISA",CIUDAD ROS CASARES VALENCIA,1,5,"0,2"
2007,"DOMINGUEZ FERNANDEZ, SILVIA",PERFUMERIAS AVENIDA,1,6,"0,17"
2006,"MONTESDEOCA LOPEZ, EVA",GRAN CANARIA,10,2,5
2006,"SCHUMACHER, KELLY MARIE",UNIVERSITAT DE BARCELONA - F.C. BARCELONA,19,5,"3,8"
2006,"PAGE, LINDA A. MURRIEL",HONDARRIBIA - IRÚN,7,2,"3,5"
2006,"WYCKOFF, BROOKE ELIZABETH",GRAN CANARIA,7,2,"3,5"
2006,"DE SOUZA MACHADO, ERIKA CRISTINA",CIUDAD ROS CASARES VALENCIA,34,10,"3,4"
2006,"PONS MOLINA, INGRID",UNIVERSITAT DE BARCELONA - F.C. BARCELONA,17,5,"3,4"
2006,"LAAKSONEN, NIINA KAROLINA",GRAN CANARIA,6,2,3
2006,"REID, TRACY LASHAWN",ACIS INCOSA LEON,6,2,3
2006,"TUUKKANEN, TARU TELLERVO",EXTRUGASA,6,2,3
2006,"MUJANOVIC, RAZIJA",HONDARRIBIA - IRÚN,5,2,"2,5"
2006,"WILLIAMS, ADRIAN DENISE",PERFUMERIAS AVENIDA,22,9,"2,44"
2006,"UJHELYI, PETRA",ARRANZ-JOPISA BURGOS,9,4,"2,25"
2006,"POWELL, NICOLE KRISTEN",PERFUMERIAS AVENIDA,19,9,"2,11"
2006,"ALAMO GONZALEZ, ELENA",GRAN CANARIA,4,2,2
2006,"ABROMAITE, AGNE",EXTRUGASA,4,2,2
2006,"CASTRO MARQUES, IZIANE",HONDARRIBIA - IRÚN,3,2,"1,5"
2006,"MILTON, DELISHA LACHELL",CIUDAD ROS CASARES VALENCIA,15,10,"1,5"
2006,"TAMANE, ZANE",UNIVERSITAT DE BARCELONA - F.C. BARCELONA,7,5,"1,4"
2006,"TORNIKIDOU TORNIKIDOU, ELENA",CIUDAD ROS CASARES VALENCIA,13,10,"1,3"
2006,"BLANCO BERNAL, SONIA",ARRANZ-JOPISA BURGOS,5,4,"1,25"
2006,"PIRSIC, SANDRA",UNIVERSITAT DE BARCELONA - F.C. BARCELONA,5,4,"1,25"
2006,"DYDEK, MARGO",CIUDAD ROS CASARES VALENCIA,12,10,"1,2"
2006,"MONTAÑANA GIMENO, ANNA",PERFUMERIAS AVENIDA,10,9,"1,11"
2006,"CAMPS COLLELL, LAURA",PERFUMERIAS AVENIDA,9,9,1
2006,"SANCHEZ FERNANDEZ, ISABEL",ACIS INCOSA LEON,2,2,1
2006,"GOMEZ SANDO, GERTRUDIS",EXTRUGASA,2,2,1
2006,"DA SILVA SANTOS, KELLY",ACIS INCOSA LEON,2,2,1
2006,"MOODY, MEGAN JANELLE",GRAN CANARIA,2,2,1
2006,"CRUZ LEBRATO, ANNA",ARRANZ-JOPISA BURGOS,4,4,1
2006,"PASCUA SUAREZ, MARÍA LUCILA",ACIS INCOSA LEON,2,2,1
2006,"MONTESDEOCA LOPEZ, EVA",GRAN CANARIA,10,2,5
2006,"SCHUMACHER, KELLY MARIE",UNIVERSITAT DE BARCELONA - F.C. BARCELONA,19,5,"3,8"
2006,"PAGE, LINDA A. MURRIEL",HONDARRIBIA - IRÚN,7,2,"3,5"
2006,"WYCKOFF, BROOKE ELIZABETH",GRAN CANARIA,7,2,"3,5"
2006,"DE SOUZA MACHADO, ERIKA CRISTINA",CIUDAD ROS CASARES VALENCIA,34,10,"3,4"
2006,"PONS MOLINA, INGRID",UNIVERSITAT DE BARCELONA - F.C. BARCELONA,17,5,"3,4"
2006,"LAAKSONEN, NIINA KAROLINA",GRAN CANARIA,6,2,3
2006,"REID, TRACY LASHAWN",ACIS INCOSA LEON,6,2,3
2006,"TUUKKANEN, TARU TELLERVO",EXTRUGASA,6,2,3
2006,"MUJANOVIC, RAZIJA",HONDARRIBIA - IRÚN,5,2,"2,5"
2006,"WILLIAMS, ADRIAN DENISE",PERFUMERIAS AVENIDA,22,9,"2,44"
2006,"UJHELYI, PETRA",ARRANZ-JOPISA BURGOS,9,4,"2,25"
2006,"POWELL, NICOLE KRISTEN",PERFUMERIAS AVENIDA,19,9,"2,11"
2006,"ALAMO GONZALEZ, ELENA",GRAN CANARIA,4,2,2
2006,"ABROMAITE, AGNE",EXTRUGASA,4,2,2
2006,"CASTRO MARQUES, IZIANE",HONDARRIBIA - IRÚN,3,2,"1,5"
2006,"MILTON, DELISHA LACHELL",CIUDAD ROS CASARES VALENCIA,15,10,"1,5"
2006,"TAMANE, ZANE",UNIVERSITAT DE BARCELONA - F.C. BARCELONA,7,5,"1,4"
2006,"TORNIKIDOU TORNIKIDOU, ELENA",CIUDAD ROS CASARES VALENCIA,13,10,"1,3"
2006,"BLANCO BERNAL, SONIA",ARRANZ-JOPISA BURGOS,5,4,"1,25"
2006,"PIRSIC, SANDRA",UNIVERSITAT DE BARCELONA - F.C. BARCELONA,5,4,"1,25"
2006,"DYDEK, MARGO",CIUDAD ROS CASARES VALENCIA,12,10,"1,2"
2006,"MONTAÑANA GIMENO, ANNA",PERFUMERIAS AVENIDA,10,9,"1,11"
2006,"CAMPS COLLELL, LAURA",PERFUMERIAS AVENIDA,9,9,1
2006,"SANCHEZ FERNANDEZ, ISABEL",ACIS INCOSA LEON,2,2,1
2006,"GOMEZ SANDO, GERTRUDIS",EXTRUGASA,2,2,1
2006,"DA SILVA SANTOS, KELLY",ACIS INCOSA LEON,2,2,1
2006,"MOODY, MEGAN JANELLE",GRAN CANARIA,2,2,1
2006,"CRUZ LEBRATO, ANNA",ARRANZ-JOPISA BURGOS,4,4,1
2006,"PASCUA SUAREZ, MARÍA LUCILA",ACIS INCOSA LEON,2,2,1
2005,"MONTESDEOCA LOPEZ, EVA",CAJACANARIAS,15,2,"7,5"
2005,"DE SOUZA MACHADO, ERIKA CRISTINA",UNIVERSITAT DE BARCELONA - F.C. BARCELONA,10,2,5
2005,"MC WILLIAMS, TAJ MADONA",PERFUMERIAS AVENIDA,9,2,"4,5"
2005,"REID, TRACY LASHAWN",ACIS INCOSA LEON,8,2,4
2005,"ANDREWS, JAMILAH JOHNS",CAJACANARIAS,7,2,"3,5"
2005,"MAYES, TIFFANI MONIQUE",CAJACANARIAS,7,2,"3,5"
2005,"MAGLISCEAU, MICHELLE YVONNE",USP CEU - ADECCO ESTUDIANTES,7,2,"3,5"
2005,"PASCUA SUAREZ, MARÍA LUCILA",ACIS INCOSA LEON,6,2,3
2005,"VUKICEVIC, MILENA",UNIVERSITAT DE BARCELONA - F.C. BARCELONA,3,1,3
2005,"ANTIBE , NICOLE",ROS CASARES VALENCIA,5,2,"2,5"
2005,"BENNINGFIELD, JENNIFER ANN",ARRANZ - JOPISA BURGOS,5,2,"2,5"
2005,"PAGE, LINDA A. MURRIEL",HONDARRIBIA - IRÚN,5,2,"2,5"
2005,"TILLIS, ICISS",ACIS INCOSA LEON,5,2,"2,5"
2005,"PONS MOLINA, INGRID",UNIVERSITAT DE BARCELONA - F.C. BARCELONA,5,2,"2,5"
2005,"BLANCO BERNAL, SONIA",USP CEU - ADECCO ESTUDIANTES,5,2,"2,5"
2005,"PODKOVALNIKOVA , OLGA",ROS CASARES VALENCIA,2,1,2
2005,"TORNIKIDOU TORNIKIDOU, ELENA",PERFUMERIAS AVENIDA,4,2,2
2005,"SANCHEZ FERNANDEZ, ISABEL",ACIS INCOSA LEON,4,2,2
2005,"ROVIRA RODRIGUEZ, MARIA DEL MAR",ACIS INCOSA LEON,4,2,2
2005,"CRUZ LEBRATO, ANNA",ARRANZ - JOPISA BURGOS,4,2,2
2005,"MONTAÑANA GIMENO, ANNA",ROS CASARES VALENCIA,2,1,2
2005,"HERRERA LORENZO, LAURA",CAJACANARIAS,2,1,2
2005,"HOLDSCLAW, CHAMIQUE SHAUNTA",ROS CASARES VALENCIA,4,2,2
2005,"HLEDE, KORALJKA",HONDARRIBIA - IRÚN,3,2,"1,5"
2005,"DA SILVA, KATIA",PERFUMERIAS AVENIDA,3,2,"1,5"
2005,"DEYAERT, NELE M.J.",ARRANZ - JOPISA BURGOS,3,2,"1,5"
2005,"BERMEJO MORENO, CLARA SUSANA",PERFUMERIAS AVENIDA,3,2,"1,5"
2005,"PEREZ CAPARROS, ROSA",USP CEU - ADECCO ESTUDIANTES,2,2,1
2005,"DYDEK, MARTA KRYSTYNA",USP CEU - ADECCO ESTUDIANTES,2,2,1
2005,"MONDT, ANKE DE",ARRANZ - JOPISA BURGOS,2,2,1
2005,"MONTESDEOCA LOPEZ, EVA",CAJACANARIAS,15,2,"7,5"
2005,"DE SOUZA MACHADO, ERIKA CRISTINA",UNIVERSITAT DE BARCELONA - F.C. BARCELONA,10,2,5
2005,"MC WILLIAMS, TAJ MADONA",PERFUMERIAS AVENIDA,9,2,"4,5"
2005,"REID, TRACY LASHAWN",ACIS INCOSA LEON,8,2,4
2005,"ANDREWS, JAMILAH JOHNS",CAJACANARIAS,7,2,"3,5"
2005,"MAYES, TIFFANI MONIQUE",CAJACANARIAS,7,2,"3,5"
2005,"MAGLISCEAU, MICHELLE YVONNE",USP CEU - ADECCO ESTUDIANTES,7,2,"3,5"
2005,"PASCUA SUAREZ, MARÍA LUCILA",ACIS INCOSA LEON,6,2,3
2005,"VUKICEVIC, MILENA",UNIVERSITAT DE BARCELONA - F.C. BARCELONA,3,1,3
2005,"ANTIBE , NICOLE",ROS CASARES VALENCIA,5,2,"2,5"
2005,"BENNINGFIELD, JENNIFER ANN",ARRANZ - JOPISA BURGOS,5,2,"2,5"
2005,"PAGE, LINDA A. MURRIEL",HONDARRIBIA - IRÚN,5,2,"2,5"
2005,"TILLIS, ICISS",ACIS INCOSA LEON,5,2,"2,5"
2005,"PONS MOLINA, INGRID",UNIVERSITAT DE BARCELONA - F.C. BARCELONA,5,2,"2,5"
2005,"BLANCO BERNAL, SONIA",USP CEU - ADECCO ESTUDIANTES,5,2,"2,5"
2005,"PODKOVALNIKOVA , OLGA",ROS CASARES VALENCIA,2,1,2
2005,"TORNIKIDOU TORNIKIDOU, ELENA",PERFUMERIAS AVENIDA,4,2,2
2005,"SANCHEZ FERNANDEZ, ISABEL",ACIS INCOSA LEON,4,2,2
2005,"ROVIRA RODRIGUEZ, MARIA DEL MAR",ACIS INCOSA LEON,4,2,2
2005,"CRUZ LEBRATO, ANNA",ARRANZ - JOPISA BURGOS,4,2,2
2005,"MONTAÑANA GIMENO, ANNA",ROS CASARES VALENCIA,2,1,2
2005,"HERRERA LORENZO, LAURA",CAJACANARIAS,2,1,2
2005,"HOLDSCLAW, CHAMIQUE SHAUNTA",ROS CASARES VALENCIA,4,2,2
2005,"HLEDE, KORALJKA",HONDARRIBIA - IRÚN,3,2,"1,5"
2005,"DA SILVA, KATIA",PERFUMERIAS AVENIDA,3,2,"1,5"
2005,"DEYAERT, NELE M.J.",ARRANZ - JOPISA BURGOS,3,2,"1,5"
2005,"BERMEJO MORENO, CLARA SUSANA",PERFUMERIAS AVENIDA,3,2,"1,5"
2005,"PEREZ CAPARROS, ROSA",USP CEU - ADECCO ESTUDIANTES,2,2,1
2005,"DYDEK, MARTA KRYSTYNA",USP CEU - ADECCO ESTUDIANTES,2,2,1
2005,"MONDT, ANKE DE",ARRANZ - JOPISA BURGOS,2,2,1
2004,"MONTESDEOCA LOPEZ, EVA",CAJACANARIAS,102,26,"3,92"
2004,"CARTER, AMISHA LOLINA",MOTIVA REAL CANOE N.C.,48,13,"3,69"
2004,"ALEXANDER, MARTE",CAJACANARIAS,45,13,"3,46"
2004,"COKER, MONIQUE",EXTRUGASA,81,24,"3,38"
2004,"WYCKOFF, BROOKE ELIZABETH",YAYA MARIA BREOGAN,40,13,"3,08"
2004,"DE SOUZA MACHADO, ERIKA CRISTINA",UNIVERSITAT DE BARCELONA - F.C. BARCELONA,69,23,3
2004,"NNINDJEM, AGATHE RACHEL",ARRANZ - JOPISA BURGOS,37,13,"2,85"
2004,"HAMCHETOU, MAIGA",YAYA MARIA BREOGAN,67,24,"2,79"
2004,"KIRETA, SONJA",ROS CASARES VALENCIA,47,17,"2,76"
2004,"DIJON, SANDRA MARCELLE",C.B. PUIG D`EN VALLS SANTA EULALIA,65,24,"2,71"
2004,"ZURRO ALFONSO, MARTA",MOTIVA REAL CANOE N.C.,70,26,"2,69"
2004,"HAYDEN, VANESSA",PERFUMERIAS AVENIDA,34,13,"2,62"
2004,"SAREGKOU, POLYMNIA",HONDARRIBIA - IRÚN,66,26,"2,54"
2004,"CUNNINGHAN, DAVALYN",YAYA MARIA BREOGAN,32,13,"2,46"
2004,"BLANCO BERNAL, SONIA",USP CEU - ADECCO ESTUDIANTES,64,26,"2,46"
2004,"TORNIKIDOU TORNIKIDOU, ELENA",HONDARRIBIA - IRÚN,61,25,"2,44"
2004,"BATKOVIC, SUZY ROSE",ROS CASARES VALENCIA,47,20,"2,35"
2004,"NNINDJEM, AGATHE RACHEL",ROS CASARES VALENCIA,30,13,"2,31"
2004,"TEMNIK, KATJA",C.B. PUIG D`EN VALLS SANTA EULALIA,60,26,"2,31"
2004,"TUUKKANEN, TARU TELLERVO",MANN FILTER ZARAGOZA,60,26,"2,31"
2004,"BOONEN, DANA MONIQUE LOUIS",EXTRUGASA,59,26,"2,27"
2004,"DE SOUZA SOBRAL, LEILA",REAL CLUB CELTA VIGOURBAN,59,26,"2,27"
2004,"DAPO, AMRA",MOTIVA REAL CANOE N.C.,27,13,"2,08"
2004,"PONS MOLINA, INGRID",UNIVERSITAT DE BARCELONA - F.C. BARCELONA,53,26,"2,04"
2004,"RASMUSSEN, KRISTEN",MANN FILTER ZARAGOZA,50,25,2
2004,"LIMA GARCIA, CINDY ORQUIDEA",REAL CLUB CELTA VIGOURBAN,44,23,"1,91"
2004,"NIEUWVEEN, MARLOUS",CAJACANARIAS,49,26,"1,88"
2004,"BENNINGFIELD, JENNIFER ANN",USP CEU - ADECCO ESTUDIANTES,48,26,"1,85"
2004,"HILL, JOANNE KAY",ACIS-SUFI LEON,46,26,"1,77"
2004,"TUURE, KAISA MARKETTA",YAYA MARIA BREOGAN,46,26,"1,77"
2004,"GARCÍA SALINERO, LAURA",MOTIVA REAL CANOE N.C.,23,25,"0,92"
2004,"BERMEJO MORENO, CLARA SUSANA",MANN FILTER ZARAGOZA,23,26,"0,88"
2004,"REVUELTO SÁNCHEZ-AGUILERA, MARIA",REAL CLUB CELTA VIGOURBAN,23,26,"0,88"
2004,"BROSOVSZKY, MONIKA IZABELLA",CAJACANARIAS,23,26,"0,88"
2004,"HERRERA AREVALO, MIRIAM",EXTRUGASA,19,23,"0,83"
2004,"GOMEZ NOVO, MARIA ARANZAZU",C.B. PUIG D`EN VALLS SANTA EULALIA,12,15,"0,8"
2004,"BERTAL, GERALDINE MARIE ROSE",ARRANZ - JOPISA BURGOS,18,23,"0,78"
2004,"GERMAN VELASCO, ICIAR",YAYA MARIA BREOGAN,18,23,"0,78"
2004,"STARBIRD, CATHARINE EVELYN",USP CEU - ADECCO ESTUDIANTES,20,26,"0,77"
2004,"HERMOUET, EMMANUELLE",PERFUMERIAS AVENIDA,19,25,"0,76"
2004,"GOMEZ IGUAL, ANNA",C.B. PUIG D`EN VALLS SANTA EULALIA,19,26,"0,73"
2004,"MARTINEZ PRAT, NURIA",PERFUMERIAS AVENIDA,19,26,"0,73"
2004,"SÁNCHEZ LUJÁN, ROSAURA DEL CARMEN",ROS CASARES VALENCIA,19,26,"0,73"
2004,"DOMINGUEZ FERNANDEZ, SILVIA",USP CEU - ADECCO ESTUDIANTES,18,25,"0,72"
2004,"VALERO CEBRIAN, PILAR",MANN FILTER ZARAGOZA,13,19,"0,68"
2004,"IVEY, NIELE DEIRDRE",MANN FILTER ZARAGOZA,12,18,"0,67"
2004,"HAJDUNE CSASZAR, ANDREA",HONDARRIBIA - IRÚN,16,25,"0,64"
2004,"MORALES MARTIN, SILVIA",C.B. PUIG D`EN VALLS SANTA EULALIA,15,24,"0,63"
2004,"XANTAL SERRET, Mª DEL MAR",CAJACANARIAS,16,26,"0,62"
2004,"GARCIA PIÑERO, MARIA BEGOÑA",HONDARRIBIA - IRÚN,16,26,"0,62"
2004,"MARTIN MERINO, BLANCA",YAYA MARIA BREOGAN,10,18,"0,56"
2004,"JOENS, CATHERINE ELISABETH",C.B. PUIG D`EN VALLS SANTA EULALIA,7,13,"0,54"
2004,"PARDO VAZQUEZ, MARIA DEL CARMEN",USP CEU - ADECCO ESTUDIANTES,8,15,"0,53"
2004,"SANCHEZ MUÑOZ, ALICIA",USP CEU - ADECCO ESTUDIANTES,10,20,"0,5"
2004,"MARTINEZ PRAT, ROSER",YAYA MARIA BREOGAN,7,14,"0,5"
2004,"CASTRILLO VILLANUEVA, SARA",ACIS-SUFI LEON,10,20,"0,5"
2004,"GARCIA TORRES, CRISTINA",UNIVERSITAT DE BARCELONA - F.C. BARCELONA,12,25,"0,48"
2004,"FERRER PEREZ, ESTELA ROSA",ACIS-SUFI LEON,10,21,"0,48"
2004,"FERNANDEZ FARRES, MARTA",UNIVERSITAT DE BARCELONA - F.C. BARCELONA,12,25,"0,48"
2004,"BJORKLUND, JOHANNA HELENA",PERFUMERIAS AVENIDA,6,13,"0,46"
2004,"ARDON, LESLIE",ACIS-SUFI LEON,6,13,"0,46"
2004,"CRUZ LEBRATO, ANNA",UNIVERSITAT DE BARCELONA - F.C. BARCELONA,7,16,"0,44"
2004,"FORNS ESCUDE, NURIA",USP CEU - ADECCO ESTUDIANTES,11,25,"0,44"
2004,"DELGADO DIAZ-GUEMES, RAQUEL",HONDARRIBIA - IRÚN,11,25,"0,44"
2004,"PELAEZ SAN GIL, LOURDES",HONDARRIBIA - IRÚN,10,25,"0,4"
2004,"ROYO TORRES, MARIA ESTELA",MANN FILTER ZARAGOZA,10,25,"0,4"
2004,"HERNANDEZ ESTEBAN, SILVIA",MOTIVA REAL CANOE N.C.,10,25,"0,4"
2004,"GARCIA MATA, GEMA",REAL CLUB CELTA VIGOURBAN,10,26,"0,38"
2004,"SANTOS LUZ, HELEN CRISTINA",UNIVERSITAT DE BARCELONA - F.C. BARCELONA,9,26,"0,35"
2004,"MARCOS BENITO, BLANCA",PERFUMERIAS AVENIDA,8,25,"0,32"
2004,"GRANDE FLORES, LAURA",CAJACANARIAS,8,25,"0,32"
2004,"YGUERAVIDE VIANA, SANDRA",PERFUMERIAS AVENIDA,8,25,"0,32"
2004,"PEREZ CAPARROS, ROSA",USP CEU - ADECCO ESTUDIANTES,8,26,"0,31"
2004,"GOMEZ FERREIROS, SARA",EXTRUGASA,8,26,"0,31"
2004,"GALLEGO VICARIO, SANDRA",UNIVERSITAT DE BARCELONA - F.C. BARCELONA,7,23,"0,3"
2004,"GOMEZ IGLESIAS, REGINA",EXTRUGASA,7,24,"0,29"
2004,"PALOMARES VALIENTE, PAULA",MOTIVA REAL CANOE N.C.,7,26,"0,27"
2004,"SALGADO SANCHEZ, IRENE",YAYA MARIA BREOGAN,6,24,"0,25"
2004,"ANTOJA ROVIRA, LAURA",UNIVERSITAT DE BARCELONA - F.C. BARCELONA,6,24,"0,25"
2004,"ARAMBURU GARAYALDE, LEIRE",HONDARRIBIA - IRÚN,6,25,"0,24"
2004,"RAMIRO DIAZ, NURIA MARIA",ACIS-SUFI LEON,5,21,"0,24"
2004,"BARRANCO CASTILLO, ROSA MARIA",MANN FILTER ZARAGOZA,4,17,"0,24"
2004,"AGUILAR LOPEZ , ELISA",ROS CASARES VALENCIA,5,26,"0,19"
2004,"JORDANA BOFILL, NOEMI",ROS CASARES VALENCIA,5,26,"0,19"
2004,"ALAÑA SEGURA, SHEILA",REAL CLUB CELTA VIGOURBAN,3,16,"0,19"
2004,"BERGERON, EMMANUELLE SARAH SOPHIE",ARRANZ - JOPISA BURGOS,4,23,"0,17"
2004,"GINES GONZALEZ, MARTA",ARRANZ - JOPISA BURGOS,4,24,"0,17"
2004,"ZIMERLE, ANNA",ROS CASARES VALENCIA,4,25,"0,16"
2004,"CANTERO OSTOS, CRISTINA",REAL CLUB CELTA VIGOURBAN,3,22,"0,14"
2004,"JIMENEZ GALINDO, ANNA ISABEL",C.B. PUIG D`EN VALLS SANTA EULALIA,3,23,"0,13"
2004,"ALAMO GONZALEZ, ELENA",CAJACANARIAS,3,24,"0,13"
2004,"GILABERT AVANTE, MONTSERRAT",EXTRUGASA,3,25,"0,12"
2004,"BOLEDA COLET, ANNA",ACIS-SUFI LEON,1,18,"0,06"
2004,"QUINTERO CASTELLANO, THANIA",HONDARRIBIA - IRÚN,1,24,"0,04"
2004,"ALAMO GONZALEZ, ELENA",CAJACANARIAS,3,24,"0,13"
2004,"GILABERT AVANTE, MONTSERRAT",EXTRUGASA,3,25,"0,12"
2004,"BOLEDA COLET, ANNA",ACIS-SUFI LEON,1,18,"0,06"
2004,"QUINTERO CASTELLANO, THANIA",HONDARRIBIA - IRÚN,1,24,"0,04"
2003,"DE SOUZA MACHADO, ERIKA CRISTINA",UNIVERSITAT DE BARCELONA - F.C. BARCELONA,21,4,"5,25"
2003,"BERTHIEU, LUCCIENNE CLAUDINE",ROS CASARES VALENCIA,18,4,"4,5"
2003,"STARBIRD, CATHARINE EVELYN",USP CEU - ADECCO ESTUDIANTES,7,2,"3,5"
2003,"HAMCHETOU, MAIGA",YAYA MARIA BREOGAN,17,5,"3,4"
2003,"---, MURRIEL",P.C. MENDIBIL,13,4,"3,25"
2003,"FALLON, TRISHA NICOLE",ROS CASARES VALENCIA,13,4,"3,25"
2003,"CEBRIAN SCHEURER, ELISABET",USP CEU - ADECCO ESTUDIANTES,6,2,3
2003,"BLANCO BERNAL, SONIA",USP CEU - ADECCO ESTUDIANTES,6,2,3
2003,"TUUKKANEN, TARU TELLERVO",PERFUMERIAS AVENIDA,7,3,"2,33"
2003,"ZURRO ALFONSO, MARTA",MANN FILTER ZARAGOZA,4,2,2
2003,"LIMA GARCIA, CINDY ORQUIDEA",REAL CLUB CELTA BANCO SIMEON,4,2,2
2003,"WYCKOFF, BROOKE ELIZABETH",MANN FILTER ZARAGOZA,4,2,2
2003,"TUURE, KAISA MARKETTA",YAYA MARIA BREOGAN,9,5,"1,8"
2003,"PODRUG, EMILIJA",REAL CLUB CELTA BANCO SIMEON,3,2,"1,5"
2003,"REVUELTO SÁNCHEZ-AGUILERA, MARIA",REAL CLUB CELTA BANCO SIMEON,3,2,"1,5"
2003,"PASCUA SUAREZ, MARÍA LUCILA",MANN FILTER ZARAGOZA,3,2,"1,5"
2003,"CUNNINGHAN, DAVALYN",YAYA MARIA BREOGAN,7,5,"1,4"
2003,"POLLINI, CATARINA",YAYA MARIA BREOGAN,7,5,"1,4"
2003,"FERRAGUT CASTILLO, MARINA",PERFUMERIAS AVENIDA,4,3,"1,33"
2003,"DAPO, AMRA",PERFUMERIAS AVENIDA,4,3,"1,33"
2003,"MARTINEZ PRAT, NURIA",PERFUMERIAS AVENIDA,4,3,"1,33"
2003,"HICKS, JESSIE IVETTE",ROS CASARES VALENCIA,5,4,"1,25"
2003,"FERNANDEZ FARRES, MARTA",ROS CASARES VALENCIA,5,4,"1,25"
2003,"GOMEZ NOVO, MARIA ARANZAZU",YAYA MARIA BREOGAN,6,5,"1,2"
2003,"VALERO CEBRIAN, PILAR",MANN FILTER ZARAGOZA,2,2,1
2003,"BLAHUSKOVA, LUCIE",REAL CLUB CELTA BANCO SIMEON,2,2,1
2003,"MAGLISCEAU, MICHELLE YVONNE",UNIVERSITAT DE BARCELONA - F.C. BARCELONA,4,4,1
2003,"SMOLKA CABEZAS, EVA",ROS CASARES VALENCIA,2,2,1
2003,"PALAU ALTES, LAIA",UNIVERSITAT DE BARCELONA - F.C. BARCELONA,4,4,1
2003,"GESTEIRA FERNANDEZ, LIDIA",PERFUMERIAS AVENIDA,3,3,1
2003,"DE SOUZA MACHADO, ERIKA CRISTINA",UNIVERSITAT DE BARCELONA - F.C. BARCELONA,21,4,"5,25"
2003,"BERTHIEU, LUCCIENNE CLAUDINE",ROS CASARES VALENCIA,18,4,"4,5"
2003,"STARBIRD, CATHARINE EVELYN",USP CEU - ADECCO ESTUDIANTES,7,2,"3,5"
2003,"HAMCHETOU, MAIGA",YAYA MARIA BREOGAN,17,5,"3,4"
2003,"---, MURRIEL",P.C. MENDIBIL,13,4,"3,25"
2003,"FALLON, TRISHA NICOLE",ROS CASARES VALENCIA,13,4,"3,25"
2003,"CEBRIAN SCHEURER, ELISABET",USP CEU - ADECCO ESTUDIANTES,6,2,3
2003,"BLANCO BERNAL, SONIA",USP CEU - ADECCO ESTUDIANTES,6,2,3
2003,"TUUKKANEN, TARU TELLERVO",PERFUMERIAS AVENIDA,7,3,"2,33"
2003,"ZURRO ALFONSO, MARTA",MANN FILTER ZARAGOZA,4,2,2
2003,"LIMA GARCIA, CINDY ORQUIDEA",REAL CLUB CELTA BANCO SIMEON,4,2,2
2003,"WYCKOFF, BROOKE ELIZABETH",MANN FILTER ZARAGOZA,4,2,2
2003,"TUURE, KAISA MARKETTA",YAYA MARIA BREOGAN,9,5,"1,8"
2003,"PODRUG, EMILIJA",REAL CLUB CELTA BANCO SIMEON,3,2,"1,5"
2003,"REVUELTO SÁNCHEZ-AGUILERA, MARIA",REAL CLUB CELTA BANCO SIMEON,3,2,"1,5"
2003,"PASCUA SUAREZ, MARÍA LUCILA",MANN FILTER ZARAGOZA,3,2,"1,5"
2003,"CUNNINGHAN, DAVALYN",YAYA MARIA BREOGAN,7,5,"1,4"
2003,"POLLINI, CATARINA",YAYA MARIA BREOGAN,7,5,"1,4"
2003,"FERRAGUT CASTILLO, MARINA",PERFUMERIAS AVENIDA,4,3,"1,33"
2003,"DAPO, AMRA",PERFUMERIAS AVENIDA,4,3,"1,33"
2003,"MARTINEZ PRAT, NURIA",PERFUMERIAS AVENIDA,4,3,"1,33"
2003,"HICKS, JESSIE IVETTE",ROS CASARES VALENCIA,5,4,"1,25"
2003,"FERNANDEZ FARRES, MARTA",ROS CASARES VALENCIA,5,4,"1,25"
2003,"GOMEZ NOVO, MARIA ARANZAZU",YAYA MARIA BREOGAN,6,5,"1,2"
2003,"VALERO CEBRIAN, PILAR",MANN FILTER ZARAGOZA,2,2,1
2003,"BLAHUSKOVA, LUCIE",REAL CLUB CELTA BANCO SIMEON,2,2,1
2003,"MAGLISCEAU, MICHELLE YVONNE",UNIVERSITAT DE BARCELONA - F.C. BARCELONA,4,4,1
2003,"SMOLKA CABEZAS, EVA",ROS CASARES VALENCIA,2,2,1
2003,"PALAU ALTES, LAIA",UNIVERSITAT DE BARCELONA - F.C. BARCELONA,4,4,1
2003,"GESTEIRA FERNANDEZ, LIDIA",PERFUMERIAS AVENIDA,3,3,1
2002,"LIMA GARCIA, CINDY ORQUIDEA",REAL CLUB CELTA BANCO SIMEON,11,2,"5,5"
2002,"MUJANOVIC, RAZIJA",UNIVERSITAT DE BARCELONA - F.C. BARCELONA,16,4,4
2002,"KIRETA, SONJA",REAL CLUB CELTA BANCO SIMEON,7,2,"3,5"
2002,"ERB, SUMMER ELISABETH",CAJA RURAL DE CANARIAS,13,4,"3,25"
2002,"RILEY, RUTH ELLEN",ROS CASARES VALENCIA,11,4,"2,75"
2002,"---, POLIMIA",C.B. PUIG D`EN VALLS SANTA EULALIA,5,2,"2,5"
2002,"FERRAGUT CASTILLO, MARINA",FILTROS MANN ZARAGOZA,10,4,"2,5"
2002,"PASCUA SUAREZ, MARÍA LUCILA",FILTROS MANN ZARAGOZA,10,4,"2,5"
2002,"MAGLISCEAU, MICHELLE YVONNE",C.B. CIUDAD DE BURGOS,5,2,"2,5"
2002,"PONS MOLINA, INGRID",ROS CASARES VALENCIA,9,4,"2,25"
2002,"SMITH, TANGELA NICOLE",ROS CASARES VALENCIA,9,4,"2,25"
2002,"DONAPHIN, BETHANY CAMILLE",CAJA RURAL DE CANARIAS,9,4,"2,25"
2002,"---, ELENA",FILTROS MANN ZARAGOZA,8,4,2
2002,"ALAÑA SEGURA, SHEILA",C.B. CIUDAD DE BURGOS,3,2,"1,5"
2002,"CHRISTOFORAKIS, ATHENA",PERFUMERIAS AVENIDA,3,2,"1,5"
2002,"MORENO MELIAN, ARMINDA",PERFUMERIAS AVENIDA,3,2,"1,5"
2002,"MC WILLIAMS, TAJ MADONA",C.B. PUIG D`EN VALLS SANTA EULALIA,3,2,"1,5"
2002,"VALDEMORO MADARIAGA, AMAYA",ROS CASARES VALENCIA,5,4,"1,25"
2002,"SÁNCHEZ LUJÁN, ROSAURA DEL CARMEN",CAJA RURAL DE CANARIAS,5,4,"1,25"
2002,"BARRANCO CASTILLO, ROSA MARIA",C.B. PUIG D`EN VALLS SANTA EULALIA,1,1,1
2002,"GOUREEVA, JULIA",PERFUMERIAS AVENIDA,2,2,1
2002,"SANTOS LUZ, SILVIA ANDREA",C.B. PUIG D`EN VALLS SANTA EULALIA,2,2,1
2002,"VILLAR FERNANDEZ, IRIA",REAL CLUB CELTA BANCO SIMEON,2,2,1
2002,"NAVARRO VIERA, YASMINA",CAJA RURAL DE CANARIAS,1,1,1
2002,"HLEDE, KORALJKA",PERFUMERIAS AVENIDA,2,2,1
2002,"HOLLAND CORN, KEDRA",UNIVERSITAT DE BARCELONA - F.C. BARCELONA,4,4,1
2002,"CONGREAVES, ANDREA FIONA",UNIVERSITAT DE BARCELONA - F.C. BARCELONA,4,4,1
2002,"ALONSO DIEGO, MARIA JOSE",C.B. PUIG D`EN VALLS SANTA EULALIA,2,2,1
2002,"KLEINDIENST, TERESA",C.B. CIUDAD DE BURGOS,2,2,1
2002,"MONTESDEOCA VALIDO, EVA",CAJA RURAL DE CANARIAS,3,4,"0,75"
2002,"LIMA GARCIA, CINDY ORQUIDEA",REAL CLUB CELTA BANCO SIMEON,11,2,"5,5"
2002,"MUJANOVIC, RAZIJA",UNIVERSITAT DE BARCELONA - F.C. BARCELONA,16,4,4
2002,"KIRETA, SONJA",REAL CLUB CELTA BANCO SIMEON,7,2,"3,5"
2002,"ERB, SUMMER ELISABETH",CAJA RURAL DE CANARIAS,13,4,"3,25"
2002,"RILEY, RUTH ELLEN",ROS CASARES VALENCIA,11,4,"2,75"
2002,"---, POLIMIA",C.B. PUIG D`EN VALLS SANTA EULALIA,5,2,"2,5"
2002,"FERRAGUT CASTILLO, MARINA",FILTROS MANN ZARAGOZA,10,4,"2,5"
2002,"PASCUA SUAREZ, MARÍA LUCILA",FILTROS MANN ZARAGOZA,10,4,"2,5"
2002,"MAGLISCEAU, MICHELLE YVONNE",C.B. CIUDAD DE BURGOS,5,2,"2,5"
2002,"PONS MOLINA, INGRID",ROS CASARES VALENCIA,9,4,"2,25"
2002,"SMITH, TANGELA NICOLE",ROS CASARES VALENCIA,9,4,"2,25"
2002,"DONAPHIN, BETHANY CAMILLE",CAJA RURAL DE CANARIAS,9,4,"2,25"
2002,"---, ELENA",FILTROS MANN ZARAGOZA,8,4,2
2002,"ALAÑA SEGURA, SHEILA",C.B. CIUDAD DE BURGOS,3,2,"1,5"
2002,"CHRISTOFORAKIS, ATHENA",PERFUMERIAS AVENIDA,3,2,"1,5"
2002,"MORENO MELIAN, ARMINDA",PERFUMERIAS AVENIDA,3,2,"1,5"
2002,"MC WILLIAMS, TAJ MADONA",C.B. PUIG D`EN VALLS SANTA EULALIA,3,2,"1,5"
2002,"VALDEMORO MADARIAGA, AMAYA",ROS CASARES VALENCIA,5,4,"1,25"
2002,"SÁNCHEZ LUJÁN, ROSAURA DEL CARMEN",CAJA RURAL DE CANARIAS,5,4,"1,25"
2002,"BARRANCO CASTILLO, ROSA MARIA",C.B. PUIG D`EN VALLS SANTA EULALIA,1,1,1
2002,"GOUREEVA, JULIA",PERFUMERIAS AVENIDA,2,2,1
2002,"SANTOS LUZ, SILVIA ANDREA",C.B. PUIG D`EN VALLS SANTA EULALIA,2,2,1
2002,"VILLAR FERNANDEZ, IRIA",REAL CLUB CELTA BANCO SIMEON,2,2,1
2002,"NAVARRO VIERA, YASMINA",CAJA RURAL DE CANARIAS,1,1,1
2002,"HLEDE, KORALJKA",PERFUMERIAS AVENIDA,2,2,1
2002,"HOLLAND CORN, KEDRA",UNIVERSITAT DE BARCELONA - F.C. BARCELONA,4,4,1
2002,"CONGREAVES, ANDREA FIONA",UNIVERSITAT DE BARCELONA - F.C. BARCELONA,4,4,1
2002,"ALONSO DIEGO, MARIA JOSE",C.B. PUIG D`EN VALLS SANTA EULALIA,2,2,1
2002,"KLEINDIENST, TERESA",C.B. CIUDAD DE BURGOS,2,2,1
2002,"MONTESDEOCA VALIDO, EVA",CAJA RURAL DE CANARIAS,3,4,"0,75"
2001,"RODIONOVA, SVITLANA",YAYA MARIA BREOGAN,13,2,"6,5"
2001,"---, ELENA",FILTROS MANN ZARAGOZA,16,5,"3,2"
2001,"HODGES, DALE",CADI LA SEU D´URGELL,6,2,3
2001,"CRAWFORD, SHALA",CADI LA SEU D´URGELL,5,2,"2,5"
2001,"SANCHEZ FERNANDEZ, ISABEL",YAYA MARIA BREOGAN,5,2,"2,5"
2001,"DA SILVA, KATIA",FILTROS MANN ZARAGOZA,11,5,"2,2"
2001,"MUJANOVIC, RAZIJA",REAL CLUB CELTA BANCO SIMEON,11,5,"2,2"
2001,"GOUREEVA, JULIA",HALCON VIAJES,4,2,2
2001,"PAGE, LINDA A. MURRIEL",ROS CASARES VALENCIA,10,5,2
2001,"KHOUDACHOVA, ELENA",REAL CLUB CELTA BANCO SIMEON,9,5,"1,8"
2001,"FALLON, TRISHA NICOLE",ROS CASARES VALENCIA,9,5,"1,8"
2001,"PONS MOLINA, INGRID",ROS CASARES VALENCIA,9,5,"1,8"
2001,"GOODSON, ADRIENNE MAUREEN",UNIVERSITAT DE BARCELONA B.F.,7,4,"1,75"
2001,"BROWN, KIESHA LINDSAY",FILTROS MANN ZARAGOZA,5,3,"1,67"
2001,"---, IZIANE CASTRO MARQUEZ",YAYA MARIA BREOGAN,3,2,"1,5"
2001,"LONGIN, KORANA",UNIVERSITAT DE BARCELONA B.F.,6,4,"1,5"
2001,"CEBRIAN SCHEURER, ELISABET",UNIVERSITAT DE BARCELONA B.F.,6,4,"1,5"
2001,"MORENO MELIAN, ARMINDA",HALCON VIAJES,3,2,"1,5"
2001,"POLLINI, CATARINA",YAYA MARIA BREOGAN,3,2,"1,5"
2001,"MONTESDEOCA LÓPEZ, EVA",CAJA RURAL DE CANARIAS,3,2,"1,5"
2001,"ASKAMP, MARLIES",ROS CASARES VALENCIA,7,5,"1,4"
2001,"ALVARO BASCUÑANA, ANA BELEN",UNIVERSITAT DE BARCELONA B.F.,5,4,"1,25"
2001,"VALDEMORO MADARIAGA, AMAYA",ROS CASARES VALENCIA,5,5,1
2001,"MORALES MARTIN, SILVIA",CADI LA SEU D´URGELL,2,2,1
2001,"---, MARTA",ROS CASARES VALENCIA,5,5,1
2001,"HLEDE, KORALJKA",HALCON VIAJES,2,2,1
2001,"JOHNSON, SHANNON REGINA",ROS CASARES VALENCIA,5,5,1
2001,"FERRAGUT CASTILLO, MARINA",FILTROS MANN ZARAGOZA,5,5,1
2001,"NOVILLO TARRES, ESTER",CADI LA SEU D´URGELL,1,1,1
2001,"DAS NEVES, CLAUDIA MARIA",HALCON VIAJES,2,2,1
2001,"RODIONOVA, SVITLANA",YAYA MARIA BREOGAN,13,2,"6,5"
2001,"---, ELENA",FILTROS MANN ZARAGOZA,16,5,"3,2"
2001,"HODGES, DALE",CADI LA SEU D´URGELL,6,2,3
2001,"CRAWFORD, SHALA",CADI LA SEU D´URGELL,5,2,"2,5"
2001,"SANCHEZ FERNANDEZ, ISABEL",YAYA MARIA BREOGAN,5,2,"2,5"
2001,"DA SILVA, KATIA",FILTROS MANN ZARAGOZA,11,5,"2,2"
2001,"MUJANOVIC, RAZIJA",REAL CLUB CELTA BANCO SIMEON,11,5,"2,2"
2001,"GOUREEVA, JULIA",HALCON VIAJES,4,2,2
2001,"PAGE, LINDA A. MURRIEL",ROS CASARES VALENCIA,10,5,2
2001,"KHOUDACHOVA, ELENA",REAL CLUB CELTA BANCO SIMEON,9,5,"1,8"
2001,"FALLON, TRISHA NICOLE",ROS CASARES VALENCIA,9,5,"1,8"
2001,"PONS MOLINA, INGRID",ROS CASARES VALENCIA,9,5,"1,8"
2001,"GOODSON, ADRIENNE MAUREEN",UNIVERSITAT DE BARCELONA B.F.,7,4,"1,75"
2001,"BROWN, KIESHA LINDSAY",FILTROS MANN ZARAGOZA,5,3,"1,67"
2001,"---, IZIANE CASTRO MARQUEZ",YAYA MARIA BREOGAN,3,2,"1,5"
2001,"LONGIN, KORANA",UNIVERSITAT DE BARCELONA B.F.,6,4,"1,5"
2001,"CEBRIAN SCHEURER, ELISABET",UNIVERSITAT DE BARCELONA B.F.,6,4,"1,5"
2001,"MORENO MELIAN, ARMINDA",HALCON VIAJES,3,2,"1,5"
2001,"POLLINI, CATARINA",YAYA MARIA BREOGAN,3,2,"1,5"
2001,"MONTESDEOCA LÓPEZ, EVA",CAJA RURAL DE CANARIAS,3,2,"1,5"
2001,"ASKAMP, MARLIES",ROS CASARES VALENCIA,7,5,"1,4"
2001,"ALVARO BASCUÑANA, ANA BELEN",UNIVERSITAT DE BARCELONA B.F.,5,4,"1,25"
2001,"VALDEMORO MADARIAGA, AMAYA",ROS CASARES VALENCIA,5,5,1
2001,"MORALES MARTIN, SILVIA",CADI LA SEU D´URGELL,2,2,1
2001,"---, MARTA",ROS CASARES VALENCIA,5,5,1
2001,"HLEDE, KORALJKA",HALCON VIAJES,2,2,1
2001,"JOHNSON, SHANNON REGINA",ROS CASARES VALENCIA,5,5,1
2001,"FERRAGUT CASTILLO, MARINA",FILTROS MANN ZARAGOZA,5,5,1
2001,"NOVILLO TARRES, ESTER",CADI LA SEU D´URGELL,1,1,1
2001,"DAS NEVES, CLAUDIA MARIA",HALCON VIAJES,2,2,1
2000,"ERB, SUMMER ELISABETH",SANDRA GRAN CANARIA,7,2,"3,5"
2000,"PONS MOLINA, INGRID",ROS CASARES,15,5,3
2000,"MUJANOVIC, RAZIJA",R.CLUB CELTA BANCO SIMEON,9,3,3
2000,"---, MICHELLE",C.B.N.,5,2,"2,5"
2000,"---, ANKE",C.B.N.,5,2,"2,5"
2000,"POLLINI, CATARINA",ENSINO YAYA MARIA,12,5,"2,4"
2000,"DOMINGUEZ BERMEJO, DAVINIA",B. CIUDAD DE BURGOS,7,3,"2,33"
2000,"SANCHEZ FERNANDEZ, ISABEL",ENSINO YAYA MARIA,11,5,"2,2"
2000,"BEZOS MARTÍNEZ, EMMA",SALAMANCA HALCON VIAJES,4,2,2
2000,"CEBRIAN SCHEURER, ELISABET",UNIVERSITAT DE BARCELONA,8,4,2
2000,"SÁNCHEZ LUJÁN, ROSAURA DEL CARMEN",SANDRA GRAN CANARIA,4,2,2
2000,"LONGIN, KORANA",UNIVERSITAT DE BARCELONA,8,4,2
2000,"ALONSO DIEGO, MARIA JOSE",B. CIUDAD DE BURGOS,5,3,"1,67"
2000,"---, POLIMIA",B. CIUDAD DE BURGOS,5,3,"1,67"
2000,"JONKUTE, INGRIDA",R.CLUB CELTA BANCO SIMEON,5,3,"1,67"
2000,"ZURRO ALFONSO, MARTA",B. CIUDAD DE BURGOS,5,3,"1,67"
2000,"XANTAL SERRET, Mª DEL MAR",R.CLUB CELTA BANCO SIMEON,5,3,"1,67"
2000,"---, ELENA",UNIVERSITAT DE BARCELONA,6,4,"1,5"
2000,"---, RANKICA",ROS CASARES,7,5,"1,4"
2000,"---, ALISON",B. CIUDAD DE BURGOS,4,3,"1,33"
2000,"HOLLAND CORN, KEDRA",ENSINO YAYA MARIA,6,5,"1,2"
2000,"MONTESDEOCA LOPEZ, EVA",SANDRA GRAN CANARIA,2,2,1
2000,"---, SHANNON REGINA",ROS CASARES,5,5,1
2000,"MIRCHANDANI VILLAR, LIDIA",UNIVERSITAT DE BARCELONA,4,4,1
2000,"VALDEMORO MADARIAGA, AMAYA",SALAMANCA HALCON VIAJES,2,2,1
2000,"---, JULIA",SALAMANCA HALCON VIAJES,2,2,1
2000,"NAVARRO VIERA, MARIA GUADALUPE",SANDRA GRAN CANARIA,1,1,1
2000,"REVUELTO SÁNCHEZ-AGUILERA, MARIA",B. CIUDAD DE BURGOS,3,3,1
2000,"---, KELLY ANNE",C.B.N.,2,2,1
2000,"---, LILLIA",C.B.N.,2,2,1
2000,"ERB, SUMMER ELISABETH",SANDRA GRAN CANARIA,7,2,"3,5"
2000,"PONS MOLINA, INGRID",ROS CASARES,15,5,3
2000,"MUJANOVIC, RAZIJA",R.CLUB CELTA BANCO SIMEON,9,3,3
2000,"---, MICHELLE",C.B.N.,5,2,"2,5"
2000,"---, ANKE",C.B.N.,5,2,"2,5"
2000,"POLLINI, CATARINA",ENSINO YAYA MARIA,12,5,"2,4"
2000,"DOMINGUEZ BERMEJO, DAVINIA",B. CIUDAD DE BURGOS,7,3,"2,33"
2000,"SANCHEZ FERNANDEZ, ISABEL",ENSINO YAYA MARIA,11,5,"2,2"
2000,"BEZOS MARTÍNEZ, EMMA",SALAMANCA HALCON VIAJES,4,2,2
2000,"CEBRIAN SCHEURER, ELISABET",UNIVERSITAT DE BARCELONA,8,4,2
2000,"SÁNCHEZ LUJÁN, ROSAURA DEL CARMEN",SANDRA GRAN CANARIA,4,2,2
2000,"LONGIN, KORANA",UNIVERSITAT DE BARCELONA,8,4,2
2000,"ALONSO DIEGO, MARIA JOSE",B. CIUDAD DE BURGOS,5,3,"1,67"
2000,"---, POLIMIA",B. CIUDAD DE BURGOS,5,3,"1,67"
2000,"JONKUTE, INGRIDA",R.CLUB CELTA BANCO SIMEON,5,3,"1,67"
2000,"ZURRO ALFONSO, MARTA",B. CIUDAD DE BURGOS,5,3,"1,67"
2000,"XANTAL SERRET, Mª DEL MAR",R.CLUB CELTA BANCO SIMEON,5,3,"1,67"
2000,"---, ELENA",UNIVERSITAT DE BARCELONA,6,4,"1,5"
2000,"---, RANKICA",ROS CASARES,7,5,"1,4"
2000,"---, ALISON",B. CIUDAD DE BURGOS,4,3,"1,33"
2000,"HOLLAND CORN, KEDRA",ENSINO YAYA MARIA,6,5,"1,2"
2000,"MONTESDEOCA LOPEZ, EVA",SANDRA GRAN CANARIA,2,2,1
2000,"---, SHANNON REGINA",ROS CASARES,5,5,1
2000,"MIRCHANDANI VILLAR, LIDIA",UNIVERSITAT DE BARCELONA,4,4,1
2000,"VALDEMORO MADARIAGA, AMAYA",SALAMANCA HALCON VIAJES,2,2,1
2000,"---, JULIA",SALAMANCA HALCON VIAJES,2,2,1
2000,"NAVARRO VIERA, MARIA GUADALUPE",SANDRA GRAN CANARIA,1,1,1
2000,"REVUELTO SÁNCHEZ-AGUILERA, MARIA",B. CIUDAD DE BURGOS,3,3,1
2000,"---, KELLY ANNE",C.B.N.,2,2,1
2000,"---, LILLIA",C.B.N.,2,2,1
1999,"SARENAC, RANKICA",SANDRA GRAN CANARIA,8,2,4
1999,"SANCHEZ FERNANDEZ, ISABEL",C.D. ENSINO,5,2,"2,5"
1999,"CEBRIAN SCHEURER, ELISABET",R.CLUB CELTA BANCO SIMEON,4,2,2
1999,"XANTAL SERRET, Mª DEL MAR",R.CLUB CELTA BANCO SIMEON,4,2,2
1999,"JONKUTE, INGRIDA",C.D. ENSINO,4,2,2
1999,"CRAWLEY, SILVIA YVONNE",C.D. ENSINO,4,2,2
1999,"PONS MOLINA, INGRID",POPULAR BASQUET GODELLA,4,2,2
1999,"JORDANA BOFILL, NOEMI",POPULAR BASQUET GODELLA,3,2,"1,5"
1999,"GESTEIRA FERNANDEZ, LIDIA",POPULAR BASQUET GODELLA,3,2,"1,5"
1999,"DOBROVICA, ERIKA",R.CLUB CELTA BANCO SIMEON,3,2,"1,5"
1999,"HICKS, JESSIE IVETTE",SANDRA GRAN CANARIA,3,2,"1,5"
1999,"NAVARRO VIERA, YASMINA",SANDRA GRAN CANARIA,1,1,1
1999,"MONTESDEOCA LOPEZ, EVA",SANDRA GRAN CANARIA,1,1,1
1999,"ANTONIKOVA, EVA",POPULAR BASQUET GODELLA,2,2,1
1999,"---, ---",R.CLUB CELTA BANCO SIMEON,2,2,1
1999,"PADROS TORTADES, MARIA",POPULAR BASQUET GODELLA,1,1,1
1999,"URQUIJO ALAMO, PATRICIA",SANDRA GRAN CANARIA,1,1,1
1999,"DELGADO DIAZ-GUEMES, RAQUEL",POPULAR BASQUET GODELLA,2,2,1
1999,"MORIANA NADAL, PALOMA",SANDRA GRAN CANARIA,1,2,"0,5"
1999,"SÁNCHEZ LUJÁN, ROSAURA DEL CARMEN",SANDRA GRAN CANARIA,1,2,"0,5"
1999,"PELAEZ SAN GIL, LOURDES",SANDRA GRAN CANARIA,1,2,"0,5"
1999,"GARCIA PIÑERO, MARIA BEGOÑA",C.D. ENSINO,1,2,"0,5"
1999,"GRANDE FLORES, LAURA",R.CLUB CELTA BANCO SIMEON,1,2,"0,5"
1999,"FERRER PEREZ, ESTELA ROSA",SANDRA GRAN CANARIA,1,2,"0,5"
1999,"FERNANDEZ FARRES, MARTA",POPULAR BASQUET GODELLA,1,2,"0,5"
1998,"BEZOS MARTÍNEZ, EMMA",SALAMANCA HALCON VIAJES,11,3,"3,67"
1998,"CEBRIAN SCHEURER, ELISABET",CELTA BANCO SIMEON,8,3,"2,67"
1998,"MELVIN, CHASITY MONIQUE",CELTA BANCO SIMEON,8,3,"2,67"
1998,"JONKUTE, INGRIDA",CD ENSINO UNIVERSIDADE,8,3,"2,67"
1998,"PASCHAL, TOWANDA DENICE",SALAMANCA HALCON VIAJES,6,3,2
1998,"LLAMAS PAJUELO, MARIA NIEVES",SALAMANCA HALCON VIAJES,6,3,2
1998,"HICKS, JESSIE IVETTE",SANDRA GRAN CANARIA,5,3,"1,67"
1998,"DELGADO FERNANDEZ, CONCEPCION",CD ENSINO UNIVERSIDADE,5,3,"1,67"
1998,"SALVADOR VIÑOLAS, MERITXELL",SALAMANCA HALCON VIAJES,5,3,"1,67"
1998,"VALDEMORO MADARIAGA, AMAYA",SALAMANCA HALCON VIAJES,5,3,"1,67"
1998,"PELAEZ SAN GIL, LOURDES",SANDRA GRAN CANARIA,4,3,"1,33"
1998,"ARMENTA MONTEAGUDO, MARUXA",CD ENSINO UNIVERSIDADE,4,3,"1,33"
1998,"VILLAR FERNANDEZ, IRIA",CELTA BANCO SIMEON,4,3,"1,33"
1998,"MIRCHANDANI VILLAR, LIDIA",SANDRA GRAN CANARIA,3,3,1
1998,"SANCHEZ FERNANDEZ, ISABEL",CD ENSINO UNIVERSIDADE,3,3,1
1998,"SÁNCHEZ LUJÁN, ROSAURA DEL CARMEN",SANDRA GRAN CANARIA,2,3,"0,67"
1998,"XANTAL SERRET, Mª DEL MAR",CELTA BANCO SIMEON,2,3,"0,67"
1998,"GONZALEZ DIAZ, CARMEN",CELTA BANCO SIMEON,2,3,"0,67"
1998,"GAMON HERNANDEZ, ASUNCION",SANDRA GRAN CANARIA,2,3,"0,67"
1998,"HERNANDEZ ARENCIBIA, PATRICIA DEL PINO",SALAMANCA HALCON VIAJES,1,3,"0,33"
1998,"JUANES HERNANDEZ, YOLANDA",SALAMANCA HALCON VIAJES,1,3,"0,33"
1998,"GARCIA PIÑERO, MARIA BEGOÑA",CD ENSINO UNIVERSIDADE,1,3,"0,33"
1998,"VALERO CEBRIAN, PILAR",CELTA BANCO SIMEON,1,3,"0,33"
1998,"GRANDE FLORES, LAURA",CELTA BANCO SIMEON,1,3,"0,33"
1997,"CEBRIAN SCHEURER, ELISABET",CE UNIVERSITARI,13,3,"4,33"
1997,"---, HEIKE MARIA",POOL GETAFE,14,5,"2,8"
1997,"PELAEZ SAN GIL, LOURDES",SANDRA GRAN CANARIA,5,2,"2,5"
1997,"PONS MOLINA, INGRID",CE UNIVERSITARI,5,3,"1,67"
1997,"VALDEMORO MADARIAGA, AMAYA",POOL GETAFE,7,5,"1,4"
1997,"JEKABSONE, ANDA",BANCO SIMEON,8,6,"1,33"
1997,"PALAU ALTES, LAIA",CE UNIVERSITARI,4,3,"1,33"
1997,"ZASSOULSKAYA, NATALIA",POOL GETAFE,6,5,"1,2"
1997,"ODEUS, ASA MARIANNE",POOL GETAFE,2,2,1
1997,"RODRIGUEZ TOLEDO, ORANDA",SANDRA GRAN CANARIA,2,2,1
1997,"VALERO CEBRIAN, PILAR",BANCO SIMEON,6,6,1
1997,"HEMERY, DEBBIE MICHELLE",POOL GETAFE,4,5,"0,8"
1997,"URQUIJO ALAMO, PATRICIA",SANDRA GRAN CANARIA,1,2,"0,5"
1997,"SÁNCHEZ LUJÁN, ROSAURA DEL CARMEN",SANDRA GRAN CANARIA,1,2,"0,5"
1997,"GAMON HERNANDEZ, ASUNCION",SANDRA GRAN CANARIA,1,2,"0,5"
1997,"GUERRA TALAVERA, TARINA MARIA",SANDRA GRAN CANARIA,1,2,"0,5"
1997,"JACKSON, BRENETHA TRISE",POOL GETAFE,2,5,"0,4"
1997,"DYDEK, MARGO",POOL GETAFE,2,5,"0,4"
1997,"GALLEGO VICARIO, SANDRA",CE UNIVERSITARI,1,3,"0,33"
1997,"FONTS MATEO, NURIA",CE UNIVERSITARI,1,3,"0,33"
1997,"VILLAR FERNANDEZ, IRIA",BANCO SIMEON,2,6,"0,33"
1997,"XANTAL SERRET, Mª DEL MAR",BANCO SIMEON,2,6,"0,33"
1997,"CANO MARTINEZ, LAURA",CE UNIVERSITARI,1,3,"0,33"
1997,"BISETTI RODRIGUEZ, LUISA",CE UNIVERSITARI,1,3,"0,33"
1997,"KOSTIC, TANJA NATASA",POOL GETAFE,1,4,"0,25"
1997,"ANULA ALAMEDA, NIEVES",POOL GETAFE,1,5,"0,2"
1997,"GRANDE FLORES, LAURA",BANCO SIMEON,1,6,"0,17"
1997,"SANCHEZ ORTEGA, PALOMA",BANCO SIMEON,1,6,"0,17"
