Temporada,Jugador,Equipo,Tot,Part,Med
2024,"MELIA, CLAIRE",BAXI FERROL,10,2,5
2024,"BERTSCH, MORGAN QUINN",HOZONO GLOBAL JAIRIS,5,1,5
2024,"COULIBALY, MARIAM ALOU",CLUB JOVENTUT BADALONA,9,2,"4,5"
2024,"CRUZ LEBRATO, ANNA",CLUB JOVENTUT BADALONA,7,2,"3,5"
2024,"FASOULA, MARIA EMMANOUELA",PERFUMERIAS AVENIDA,6,2,3
2024,"WHITTLE, MARENA JOSEPHINE",MOVISTAR ESTUDIANTES,6,2,3
2024,"ORTIZ VIVES, MARIONA",CASADEMONT ZARAGOZA,15,5,3
2024,"TATE, IMANI TY LEAH",SPAR GIRONA,11,4,"2,75"
2024,"KONE , SIKA",PERFUMERIAS AVENIDA,11,4,"2,75"
2024,"GRAY, RESHANDA JACQUETA",HOZONO GLOBAL JAIRIS,5,2,"2,5"
2024,"MASSEY, BILLIE KIM",HOZONO GLOBAL JAIRIS,5,2,"2,5"
2024,"PIERA FLO, LAURA",CLUB JOVENTUT BADALONA,5,2,"2,5"
2024,"DEMBELE, GNERE ALIMA",CLUB JOVENTUT BADALONA,5,2,"2,5"
2024,"RAMETTE, ELISE CLAUDINE",CLUB JOVENTUT BADALONA,5,2,"2,5"
2024,"TURNER, YVONNE NICOLE",VALENCIA B.C.,12,5,"2,4"
2024,"HRISTOVA, BORISLAVA",SPAR GIRONA,9,4,"2,25"
2024,"SALVADORES ALVAREZ, ANGELA",MOVISTAR ESTUDIANTES,4,2,2
2024,"AYUSO BAGUR, AINA",HOZONO GLOBAL JAIRIS,4,2,2
2024,"GRANDE PARDO, CARMEN",HOZONO GLOBAL JAIRIS,2,1,2
2024,"ELDEBRINK, FRIDA",HOZONO GLOBAL JAIRIS,4,2,2
2024,"YGUERAVIDE VIANA, SANDRA",SPAR GIRONA,8,4,2
2024,"CANELLA RODRIGUEZ, MARTA",SPAR GIRONA,8,4,2
2024,"GIL COLLADO, LAURA",PERFUMERIAS AVENIDA,8,4,2
2024,"MARTIN CARRION, IYANA",PERFUMERIAS AVENIDA,8,4,2
2024,"HEMPE, MERRIT RAMONA",CASADEMONT ZARAGOZA,9,5,"1,8"
2024,"FIEBICH, LEONIE",VALENCIA B.C.,8,5,"1,6"
2024,"ALEXANDER, KAYLA JANINE",VALENCIA B.C.,8,5,"1,6"
2024,"MILLAN MODIA, BLANCA",BAXI FERROL,3,2,"1,5"
2024,"CAMILION CUCCARO, JUANA",MOVISTAR ESTUDIANTES,3,2,"1,5"
2024,"LOPEZ RODRIGUEZ, AINHOA",SPAR GIRONA,6,4,"1,5"
2024,"ALARCON OTERO, TXELL",HOZONO GLOBAL JAIRIS,1,2,"0,5"
2024,"JANKOVIC, MASA",PERFUMERIAS AVENIDA,2,4,"0,5"
2024,"ALONSO DE ARMIÑO RIAÑO, GRACIA",MOVISTAR ESTUDIANTES,1,2,"0,5"
2024,"SARAVIA LOGROÑO, PAULA",MOVISTAR ESTUDIANTES,1,2,"0,5"
2024,"FLOREZ GETINO, ALICIA",VALENCIA B.C.,2,5,"0,4"
2024,"ROMERO GONZALEZ, LETICIA",VALENCIA B.C.,1,3,"0,33"
2024,"DELAERE, ANTONIA LAURA A.",PERFUMERIAS AVENIDA,1,4,"0,25"
2024,"GUERRERO ALCANTARA, CAROLINA",SPAR GIRONA,1,4,"0,25"
2024,"FINGALL, NADIA ANGELIQUE",VALENCIA B.C.,1,5,"0,2"
2024,"ALARCON OTERO, TXELL",HOZONO GLOBAL JAIRIS,1,2,"0,5"
2024,"JANKOVIC, MASA",PERFUMERIAS AVENIDA,2,4,"0,5"
2024,"ALONSO DE ARMIÑO RIAÑO, GRACIA",MOVISTAR ESTUDIANTES,1,2,"0,5"
2024,"SARAVIA LOGROÑO, PAULA",MOVISTAR ESTUDIANTES,1,2,"0,5"
2024,"FLOREZ GETINO, ALICIA",VALENCIA B.C.,2,5,"0,4"
2024,"ROMERO GONZALEZ, LETICIA",VALENCIA B.C.,1,3,"0,33"
2024,"DELAERE, ANTONIA LAURA A.",PERFUMERIAS AVENIDA,1,4,"0,25"
2024,"GUERRERO ALCANTARA, CAROLINA",SPAR GIRONA,1,4,"0,25"
2024,"FINGALL, NADIA ANGELIQUE",VALENCIA B.C.,1,5,"0,2"
2023,"GERVASINI LACORZANA , AINHOA",CASADEMONT ZARAGOZA,2,4,"0,5"
2023,"AIJANEN, MARIA ANNIINA",BAXI FERROL,1,2,"0,5"
2023,"LOPEZ RODRIGUEZ, AINHOA",SPAR GIRONA,2,4,"0,5"
2023,"DE SANTIAGO OTERO, BEGOÑA",MOVISTAR ESTUDIANTES,1,2,"0,5"
2023,"VILARO ARAGONES, ANDREA",PERFUMERIAS AVENIDA,2,6,"0,33"
2023,"ROMERO GONZALEZ, LETICIA",VALENCIA B.C.,2,6,"0,33"
2023,"GIMENO MARTINEZ, VEGA",CASADEMONT ZARAGOZA,1,4,"0,25"
2023,"GELDOF, SERENA LYNN PETRA",CASADEMONT ZARAGOZA,1,4,"0,25"
2023,"ERAUNCETAMURGIL AYESTARAN, MARIA",VALENCIA B.C.,1,5,"0,2"
2023,"GERVASINI LACORZANA , AINHOA",CASADEMONT ZARAGOZA,2,4,"0,5"
2023,"AIJANEN, MARIA ANNIINA",BAXI FERROL,1,2,"0,5"
2023,"LOPEZ RODRIGUEZ, AINHOA",SPAR GIRONA,2,4,"0,5"
2023,"DE SANTIAGO OTERO, BEGOÑA",MOVISTAR ESTUDIANTES,1,2,"0,5"
2023,"VILARO ARAGONES, ANDREA",PERFUMERIAS AVENIDA,2,6,"0,33"
2023,"ROMERO GONZALEZ, LETICIA",VALENCIA B.C.,2,6,"0,33"
2023,"GIMENO MARTINEZ, VEGA",CASADEMONT ZARAGOZA,1,4,"0,25"
2023,"GELDOF, SERENA LYNN PETRA",CASADEMONT ZARAGOZA,1,4,"0,25"
2023,"ERAUNCETAMURGIL AYESTARAN, MARIA",VALENCIA B.C.,1,5,"0,2"
2023,"GERVASINI LACORZANA , AINHOA",CASADEMONT ZARAGOZA,2,4,"0,5"
2023,"AIJANEN, MARIA ANNIINA",BAXI FERROL,1,2,"0,5"
2023,"LOPEZ RODRIGUEZ, AINHOA",SPAR GIRONA,2,4,"0,5"
2023,"DE SANTIAGO OTERO, BEGOÑA",MOVISTAR ESTUDIANTES,1,2,"0,5"
2023,"VILARO ARAGONES, ANDREA",PERFUMERIAS AVENIDA,2,6,"0,33"
2023,"ROMERO GONZALEZ, LETICIA",VALENCIA B.C.,2,6,"0,33"
2023,"GIMENO MARTINEZ, VEGA",CASADEMONT ZARAGOZA,1,4,"0,25"
2023,"GELDOF, SERENA LYNN PETRA",CASADEMONT ZARAGOZA,1,4,"0,25"
2023,"ERAUNCETAMURGIL AYESTARAN, MARIA",VALENCIA B.C.,1,5,"0,2"
2022,"CAZORLA MEDINA, MARIA TERESA",PERFUMERIAS AVENIDA,4,6,"0,67"
2022,"NOGIC, JOVANA",PERFUMERIAS AVENIDA,3,5,"0,6"
2022,"SOLER RAMIÓ, JÚLIA",CADI LA SEU,1,2,"0,5"
2022,"GELDOF, SERENA LYNN PETRA",CASADEMONT ZARAGOZA,2,4,"0,5"
2022,"MUHATE PEÑA, CECILIA",SPAR GIRONA,1,2,"0,5"
2022,"MOLLENHAUER, ALEXANDRA JOY",MOVISTAR ESTUDIANTES,1,2,"0,5"
2022,"SALVADORES ALVAREZ, ANGELA",VALENCIA B.C.,3,6,"0,5"
2022,"ANDERSON, JOLENE NANCY",BARÇA CBS,2,4,"0,5"
2022,"BUENAVIDA ESTEVEZ, ELENA",VALENCIA B.C.,2,5,"0,4"
2022,"FAM THIAM, AWA",VALENCIA B.C.,2,5,"0,4"
2022,"TORRENS SALOM, ALBA",VALENCIA B.C.,2,6,"0,33"
2022,"GUERRERO ALCANTARA, CAROLINA",BARÇA CBS,1,4,"0,25"
2022,"CAZORLA MEDINA, MARIA TERESA",PERFUMERIAS AVENIDA,4,6,"0,67"
2022,"NOGIC, JOVANA",PERFUMERIAS AVENIDA,3,5,"0,6"
2022,"SOLER RAMIÓ, JÚLIA",CADI LA SEU,1,2,"0,5"
2022,"GELDOF, SERENA LYNN PETRA",CASADEMONT ZARAGOZA,2,4,"0,5"
2022,"MUHATE PEÑA, CECILIA",SPAR GIRONA,1,2,"0,5"
2022,"MOLLENHAUER, ALEXANDRA JOY",MOVISTAR ESTUDIANTES,1,2,"0,5"
2022,"SALVADORES ALVAREZ, ANGELA",VALENCIA B.C.,3,6,"0,5"
2022,"ANDERSON, JOLENE NANCY",BARÇA CBS,2,4,"0,5"
2022,"BUENAVIDA ESTEVEZ, ELENA",VALENCIA B.C.,2,5,"0,4"
2022,"FAM THIAM, AWA",VALENCIA B.C.,2,5,"0,4"
2022,"TORRENS SALOM, ALBA",VALENCIA B.C.,2,6,"0,33"
2022,"GUERRERO ALCANTARA, CAROLINA",BARÇA CBS,1,4,"0,25"
2022,"CAZORLA MEDINA, MARIA TERESA",PERFUMERIAS AVENIDA,4,6,"0,67"
2022,"NOGIC, JOVANA",PERFUMERIAS AVENIDA,3,5,"0,6"
2022,"SOLER RAMIÓ, JÚLIA",CADI LA SEU,1,2,"0,5"
2022,"GELDOF, SERENA LYNN PETRA",CASADEMONT ZARAGOZA,2,4,"0,5"
2022,"MUHATE PEÑA, CECILIA",SPAR GIRONA,1,2,"0,5"
2022,"MOLLENHAUER, ALEXANDRA JOY",MOVISTAR ESTUDIANTES,1,2,"0,5"
2022,"SALVADORES ALVAREZ, ANGELA",VALENCIA B.C.,3,6,"0,5"
2022,"ANDERSON, JOLENE NANCY",BARÇA CBS,2,4,"0,5"
2022,"BUENAVIDA ESTEVEZ, ELENA",VALENCIA B.C.,2,5,"0,4"
2022,"FAM THIAM, AWA",VALENCIA B.C.,2,5,"0,4"
2022,"TORRENS SALOM, ALBA",VALENCIA B.C.,2,6,"0,33"
2022,"GUERRERO ALCANTARA, CAROLINA",BARÇA CBS,1,4,"0,25"
2021,"CORNELIUS, LAURA",IDK EUSKOTREN,1,2,"0,5"
2021,"CASAS CARRERAS, QUERALT",VALENCIA B.C.,3,6,"0,5"
2021,"CONDE DURAN, ITSASO",MOVISTAR ESTUDIANTES,1,2,"0,5"
2021,"BETTENCOURT CORREIA, MARIA JOAO",CASADEMONT ZARAGOZA,1,2,"0,5"
2021,"SAMUELSON, KARLIE ANNE",PERFUMERIAS AVENIDA,3,6,"0,5"
2021,"DIALLO DIENG , UMO DIALLO",MOVISTAR ESTUDIANTES,1,2,"0,5"
2021,"ELONU, ADAORA NNENNA",PERFUMERIAS AVENIDA,3,6,"0,5"
2021,"HIGGS, LASHANN AISHA",LOINTEK GERNIKA BIZKAIA,1,2,"0,5"
2021,"VILARO ARAGONES, ANDREA",PERFUMERIAS AVENIDA,2,6,"0,33"
2021,"BROTONS PASCUAL, MONTSERRAT",CADI LA SEU,1,3,"0,33"
2021,"SOLER RAMIÓ, JÚLIA",CADI LA SEU,1,4,"0,25"
2021,"GERMAN VELASCO, ICIAR",VALENCIA B.C.,1,5,"0,2"
2021,"CORNELIUS, LAURA",IDK EUSKOTREN,1,2,"0,5"
2021,"CASAS CARRERAS, QUERALT",VALENCIA B.C.,3,6,"0,5"
2021,"CONDE DURAN, ITSASO",MOVISTAR ESTUDIANTES,1,2,"0,5"
2021,"BETTENCOURT CORREIA, MARIA JOAO",CASADEMONT ZARAGOZA,1,2,"0,5"
2021,"SAMUELSON, KARLIE ANNE",PERFUMERIAS AVENIDA,3,6,"0,5"
2021,"DIALLO DIENG , UMO DIALLO",MOVISTAR ESTUDIANTES,1,2,"0,5"
2021,"ELONU, ADAORA NNENNA",PERFUMERIAS AVENIDA,3,6,"0,5"
2021,"HIGGS, LASHANN AISHA",LOINTEK GERNIKA BIZKAIA,1,2,"0,5"
2021,"VILARO ARAGONES, ANDREA",PERFUMERIAS AVENIDA,2,6,"0,33"
2021,"BROTONS PASCUAL, MONTSERRAT",CADI LA SEU,1,3,"0,33"
2021,"SOLER RAMIÓ, JÚLIA",CADI LA SEU,1,4,"0,25"
2021,"GERMAN VELASCO, ICIAR",VALENCIA B.C.,1,5,"0,2"
2021,"CORNELIUS, LAURA",IDK EUSKOTREN,1,2,"0,5"
2021,"CASAS CARRERAS, QUERALT",VALENCIA B.C.,3,6,"0,5"
2021,"CONDE DURAN, ITSASO",MOVISTAR ESTUDIANTES,1,2,"0,5"
2021,"BETTENCOURT CORREIA, MARIA JOAO",CASADEMONT ZARAGOZA,1,2,"0,5"
2021,"SAMUELSON, KARLIE ANNE",PERFUMERIAS AVENIDA,3,6,"0,5"
2021,"DIALLO DIENG , UMO DIALLO",MOVISTAR ESTUDIANTES,1,2,"0,5"
2021,"ELONU, ADAORA NNENNA",PERFUMERIAS AVENIDA,3,6,"0,5"
2021,"HIGGS, LASHANN AISHA",LOINTEK GERNIKA BIZKAIA,1,2,"0,5"
2021,"VILARO ARAGONES, ANDREA",PERFUMERIAS AVENIDA,2,6,"0,33"
2021,"BROTONS PASCUAL, MONTSERRAT",CADI LA SEU,1,3,"0,33"
2021,"SOLER RAMIÓ, JÚLIA",CADI LA SEU,1,4,"0,25"
2021,"GERMAN VELASCO, ICIAR",VALENCIA B.C.,1,5,"0,2"
2020,"RODRIGUEZ MANSO, LEONOR DEL PILAR",PERFUMERIAS AVENIDA,6,7,"0,86"
2020,"ROUNDTREE, MARGARET YVETTE",LOINTEK GERNIKA BIZKAIA,3,4,"0,75"
2020,"JUSKAITE, LAURA",VALENCIA B.C.,5,7,"0,71"
2020,"SAMUELSON, KARLIE ANNE",PERFUMERIAS AVENIDA,5,7,"0,71"
2020,"ALARIE, ISABELLA AUGUSTINE",PERFUMERIAS AVENIDA,5,7,"0,71"
2020,"ARROJO JIMENEZ, MARIA BELEN",LOINTEK GERNIKA BIZKAIA,2,4,"0,5"
2020,"N'DIAYE, DJENEBA",SPAR GRAN CANARIA,1,2,"0,5"
2020,"OMA GIRALT, HELENA",DURÁN MAQUINARIA ENSINO,1,2,"0,5"
2020,"SANTIBAÑEZ HERRERO, INES",PERFUMERIAS AVENIDA,1,2,"0,5"
2020,"HARTMANN, ALINA WAYAN",SPAR GRAN CANARIA,1,2,"0,5"
2020,"ABDI, FARHIYA",CIUDAD DE LA LAGUNA TENERIFE,1,2,"0,5"
2020,"LABUCKIENE, GIEDRE",SPAR GIRONA,2,4,"0,5"
2020,"FLORES COSTA, LAIA",SPAR GIRONA,1,2,"0,5"
2020,"DIALLO DIENG , UMO DIALLO",PERFUMERIAS AVENIDA,1,3,"0,33"
2020,"IVANOVIC, MILICA",LOINTEK GERNIKA BIZKAIA,1,4,"0,25"
2020,"PINA TOLOSA, MARIA",VALENCIA B.C.,1,5,"0,2"
2020,"RODRIGUEZ MANSO, LEONOR DEL PILAR",PERFUMERIAS AVENIDA,6,7,"0,86"
2020,"ROUNDTREE, MARGARET YVETTE",LOINTEK GERNIKA BIZKAIA,3,4,"0,75"
2020,"JUSKAITE, LAURA",VALENCIA B.C.,5,7,"0,71"
2020,"SAMUELSON, KARLIE ANNE",PERFUMERIAS AVENIDA,5,7,"0,71"
2020,"ALARIE, ISABELLA AUGUSTINE",PERFUMERIAS AVENIDA,5,7,"0,71"
2020,"ARROJO JIMENEZ, MARIA BELEN",LOINTEK GERNIKA BIZKAIA,2,4,"0,5"
2020,"N'DIAYE, DJENEBA",SPAR GRAN CANARIA,1,2,"0,5"
2020,"OMA GIRALT, HELENA",DURÁN MAQUINARIA ENSINO,1,2,"0,5"
2020,"SANTIBAÑEZ HERRERO, INES",PERFUMERIAS AVENIDA,1,2,"0,5"
2020,"HARTMANN, ALINA WAYAN",SPAR GRAN CANARIA,1,2,"0,5"
2020,"ABDI, FARHIYA",CIUDAD DE LA LAGUNA TENERIFE,1,2,"0,5"
2020,"LABUCKIENE, GIEDRE",SPAR GIRONA,2,4,"0,5"
2020,"FLORES COSTA, LAIA",SPAR GIRONA,1,2,"0,5"
2020,"DIALLO DIENG , UMO DIALLO",PERFUMERIAS AVENIDA,1,3,"0,33"
2020,"IVANOVIC, MILICA",LOINTEK GERNIKA BIZKAIA,1,4,"0,25"
2020,"PINA TOLOSA, MARIA",VALENCIA B.C.,1,5,"0,2"
2020,"RODRIGUEZ MANSO, LEONOR DEL PILAR",PERFUMERIAS AVENIDA,6,7,"0,86"
2020,"ROUNDTREE, MARGARET YVETTE",LOINTEK GERNIKA BIZKAIA,3,4,"0,75"
2020,"JUSKAITE, LAURA",VALENCIA B.C.,5,7,"0,71"
2020,"SAMUELSON, KARLIE ANNE",PERFUMERIAS AVENIDA,5,7,"0,71"
2020,"ALARIE, ISABELLA AUGUSTINE",PERFUMERIAS AVENIDA,5,7,"0,71"
2020,"ARROJO JIMENEZ, MARIA BELEN",LOINTEK GERNIKA BIZKAIA,2,4,"0,5"
2020,"N'DIAYE, DJENEBA",SPAR GRAN CANARIA,1,2,"0,5"
2020,"OMA GIRALT, HELENA",DURÁN MAQUINARIA ENSINO,1,2,"0,5"
2020,"SANTIBAÑEZ HERRERO, INES",PERFUMERIAS AVENIDA,1,2,"0,5"
2020,"HARTMANN, ALINA WAYAN",SPAR GRAN CANARIA,1,2,"0,5"
2020,"ABDI, FARHIYA",CIUDAD DE LA LAGUNA TENERIFE,1,2,"0,5"
2020,"LABUCKIENE, GIEDRE",SPAR GIRONA,2,4,"0,5"
2020,"FLORES COSTA, LAIA",SPAR GIRONA,1,2,"0,5"
2020,"DIALLO DIENG , UMO DIALLO",PERFUMERIAS AVENIDA,1,3,"0,33"
2020,"IVANOVIC, MILICA",LOINTEK GERNIKA BIZKAIA,1,4,"0,25"
2020,"PINA TOLOSA, MARIA",VALENCIA B.C.,1,5,"0,2"
2019,"REISINGEROVA , JULIA SUSSANE",VALENCIA B.C.,1,2,"0,5"
2019,"FAGBENLE, TEMITOPE TITILOLA",PERFUMERIAS AVENIDA,1,3,"0,33"
2019,"REISINGEROVA , JULIA SUSSANE",VALENCIA B.C.,1,2,"0,5"
2019,"FAGBENLE, TEMITOPE TITILOLA",PERFUMERIAS AVENIDA,1,3,"0,33"
2019,"REISINGEROVA , JULIA SUSSANE",VALENCIA B.C.,1,2,"0,5"
2019,"FAGBENLE, TEMITOPE TITILOLA",PERFUMERIAS AVENIDA,1,3,"0,33"
2018,"MAZIONYTE, GINTARE",LOINTEK GERNIKA BIZKAIA,2,3,"0,67"
2018,"ERAUNCETAMURGIL AYESTARAN, MARIA",IDK GIPUZKOA,2,3,"0,67"
2018,"NACICKAITE, KAMILE",LOINTEK GERNIKA BIZKAIA,2,3,"0,67"
2018,"PASCUA SUAREZ, MARÍA LUCILA",LOINTEK GERNIKA BIZKAIA,2,3,"0,67"
2018,"KRAKER, MEHRYN DONEGAN",CADI LA SEU,3,5,"0,6"
2018,"OMA GIRALT, HELENA",SPAR CITYLIFT GIRONA,3,6,"0,5"
2018,"FLORES COSTA, LAIA",MANN-FILTER CASABLANCA,1,2,"0,5"
2018,"COTANO DE JUAN, REBECA",VALENCIA B.C.,1,3,"0,33"
2018,"ROUNDTREE, MARGARET YVETTE",LOINTEK GERNIKA BIZKAIA,1,3,"0,33"
2018,"AIJANEN, MARIA ANNIINA",CADI LA SEU,1,4,"0,25"
2018,"SANCHEZ MARRUFO, BEATRIZ",SPAR CITYLIFT GIRONA,1,5,"0,2"
2018,"PUJOL LLUCH, ARIADNA",CADI LA SEU,1,5,"0,2"
2018,"MAZIONYTE, GINTARE",LOINTEK GERNIKA BIZKAIA,2,3,"0,67"
2018,"ERAUNCETAMURGIL AYESTARAN, MARIA",IDK GIPUZKOA,2,3,"0,67"
2018,"NACICKAITE, KAMILE",LOINTEK GERNIKA BIZKAIA,2,3,"0,67"
2018,"PASCUA SUAREZ, MARÍA LUCILA",LOINTEK GERNIKA BIZKAIA,2,3,"0,67"
2018,"KRAKER, MEHRYN DONEGAN",CADI LA SEU,3,5,"0,6"
2018,"OMA GIRALT, HELENA",SPAR CITYLIFT GIRONA,3,6,"0,5"
2018,"FLORES COSTA, LAIA",MANN-FILTER CASABLANCA,1,2,"0,5"
2018,"COTANO DE JUAN, REBECA",VALENCIA B.C.,1,3,"0,33"
2018,"ROUNDTREE, MARGARET YVETTE",LOINTEK GERNIKA BIZKAIA,1,3,"0,33"
2018,"AIJANEN, MARIA ANNIINA",CADI LA SEU,1,4,"0,25"
2018,"SANCHEZ MARRUFO, BEATRIZ",SPAR CITYLIFT GIRONA,1,5,"0,2"
2018,"PUJOL LLUCH, ARIADNA",CADI LA SEU,1,5,"0,2"
2018,"MAZIONYTE, GINTARE",LOINTEK GERNIKA BIZKAIA,2,3,"0,67"
2018,"ERAUNCETAMURGIL AYESTARAN, MARIA",IDK GIPUZKOA,2,3,"0,67"
2018,"NACICKAITE, KAMILE",LOINTEK GERNIKA BIZKAIA,2,3,"0,67"
2018,"PASCUA SUAREZ, MARÍA LUCILA",LOINTEK GERNIKA BIZKAIA,2,3,"0,67"
2018,"KRAKER, MEHRYN DONEGAN",CADI LA SEU,3,5,"0,6"
2018,"OMA GIRALT, HELENA",SPAR CITYLIFT GIRONA,3,6,"0,5"
2018,"FLORES COSTA, LAIA",MANN-FILTER CASABLANCA,1,2,"0,5"
2018,"COTANO DE JUAN, REBECA",VALENCIA B.C.,1,3,"0,33"
2018,"ROUNDTREE, MARGARET YVETTE",LOINTEK GERNIKA BIZKAIA,1,3,"0,33"
2018,"AIJANEN, MARIA ANNIINA",CADI LA SEU,1,4,"0,25"
2018,"SANCHEZ MARRUFO, BEATRIZ",SPAR CITYLIFT GIRONA,1,5,"0,2"
2018,"PUJOL LLUCH, ARIADNA",CADI LA SEU,1,5,"0,2"
2017,"ROBINSON, ANGELICA DANIELLE",PERFUMERIAS AVENIDA,35,23,"1,52"
2017,"GIVENS , KRISI TIJANA",PERFUMERIAS AVENIDA,38,25,"1,52"
2017,"GINZO ARANTES, PAULA",MOVISTAR ESTUDIANTES,38,25,"1,52"
2017,"KNIGHT, LESLIE FAYE",CAMPUS PROMETE LF1,31,21,"1,48"
2017,"CONDE ALCOLADO, MARIA",SPAR CITYLIFT GIRONA,38,26,"1,46"
2017,"BARBEE, SHACOBIA SHAUNTE",MANN-FILTER,38,26,"1,46"
2017,"PASCUA SUAREZ, MARÍA LUCILA",MANN-FILTER,37,26,"1,42"
2017,"MONTOLIU MATIAS, MARTA",CADI LA SEU,37,26,"1,42"
2017,"KRAKER, MEHRYN DONEGAN",CADI LA SEU,37,26,"1,42"
2017,"DIALLO DIENG , UMO DIALLO",LACTURALE ART ARASKI,37,26,"1,42"
2017,"ASURMENDI VILLAVERDE, MARIA DEL CARMEN",PERFUMERIAS AVENIDA,35,25,"1,4"
2017,"LO SYLLA, NOGAYE",CADI LA SEU,35,25,"1,4"
2017,"GOMES DA SILVA, SOFIA CAROLINA",CAMPUS PROMETE LF1,36,26,"1,38"
2017,"GIL COLLADO, LAURA",PERFUMERIAS AVENIDA,26,19,"1,37"
2017,"MOLINA PRADOS MARTIN BURO, JUANA MARIA",LOINTEK GERNIKA BIZKAIA,34,25,"1,36"
2017,"MENDY , MAGALI",SPAR CITYLIFT GIRONA,34,25,"1,36"
2017,"NYSTROM, ELLEN ADINA",IDK GIPUZKOA,35,26,"1,35"
2017,"RAKOVIC , KRISTINA",EMBUTIDOS PAJARIEL BEMBIBRE PD,35,26,"1,35"
2017,"ELONU, ADAORA NNENNA",PERFUMERIAS AVENIDA,34,26,"1,31"
2017,"ASTROM , ELLEN LOVISA",EMBUTIDOS PAJARIEL BEMBIBRE PD,34,26,"1,31"
2017,"VANDERWAL, RACHAEL  ANN",STAR CENTER-UNI FERROL,32,25,"1,28"
2017,"LOPEZ VIVES, HELENA",SNATT´S FEMENÍ SANT ADRIÁ,33,26,"1,27"
2017,"FORASTE GALOBARDES, MIRIAM",NISSAN  AL-QÁZERES EXTREMADURA,33,26,"1,27"
2017,"VILA CABIRÓ, MIREIA",SNATT´S FEMENÍ SANT ADRIÁ,21,17,"1,24"
2017,"MARTIN LLAVERIA, MARIONA",NISSAN  AL-QÁZERES EXTREMADURA,32,26,"1,23"
2017,"NICHOLLS GONZALEZ, LAURA",PERFUMERIAS AVENIDA,27,24,"1,13"
2017,"SAN ROMAN FLORES, IRENE",MOVISTAR ESTUDIANTES,29,26,"1,12"
2017,"PASIC, JOVANA",EMBUTIDOS PAJARIEL BEMBIBRE PD,28,25,"1,12"
2017,"TUDANCA ACEDO, MARTA",LACTURALE ART ARASKI,21,19,"1,11"
2017,"ETXARRI MUNARRIZ, IRATI",LACTURALE ART ARASKI,28,26,"1,08"
2017,"ROBINSON, ANGELICA DANIELLE",PERFUMERIAS AVENIDA,35,23,"1,52"
2017,"GIVENS , KRISI TIJANA",PERFUMERIAS AVENIDA,38,25,"1,52"
2017,"GINZO ARANTES, PAULA",MOVISTAR ESTUDIANTES,38,25,"1,52"
2017,"KNIGHT, LESLIE FAYE",CAMPUS PROMETE LF1,31,21,"1,48"
2017,"CONDE ALCOLADO, MARIA",SPAR CITYLIFT GIRONA,38,26,"1,46"
2017,"BARBEE, SHACOBIA SHAUNTE",MANN-FILTER,38,26,"1,46"
2017,"PASCUA SUAREZ, MARÍA LUCILA",MANN-FILTER,37,26,"1,42"
2017,"MONTOLIU MATIAS, MARTA",CADI LA SEU,37,26,"1,42"
2017,"KRAKER, MEHRYN DONEGAN",CADI LA SEU,37,26,"1,42"
2017,"DIALLO DIENG , UMO DIALLO",LACTURALE ART ARASKI,37,26,"1,42"
2017,"ASURMENDI VILLAVERDE, MARIA DEL CARMEN",PERFUMERIAS AVENIDA,35,25,"1,4"
2017,"LO SYLLA, NOGAYE",CADI LA SEU,35,25,"1,4"
2017,"GOMES DA SILVA, SOFIA CAROLINA",CAMPUS PROMETE LF1,36,26,"1,38"
2017,"GIL COLLADO, LAURA",PERFUMERIAS AVENIDA,26,19,"1,37"
2017,"MOLINA PRADOS MARTIN BURO, JUANA MARIA",LOINTEK GERNIKA BIZKAIA,34,25,"1,36"
2017,"MENDY , MAGALI",SPAR CITYLIFT GIRONA,34,25,"1,36"
2017,"NYSTROM, ELLEN ADINA",IDK GIPUZKOA,35,26,"1,35"
2017,"RAKOVIC , KRISTINA",EMBUTIDOS PAJARIEL BEMBIBRE PD,35,26,"1,35"
2017,"ELONU, ADAORA NNENNA",PERFUMERIAS AVENIDA,34,26,"1,31"
2017,"ASTROM , ELLEN LOVISA",EMBUTIDOS PAJARIEL BEMBIBRE PD,34,26,"1,31"
2017,"VANDERWAL, RACHAEL  ANN",STAR CENTER-UNI FERROL,32,25,"1,28"
2017,"LOPEZ VIVES, HELENA",SNATT´S FEMENÍ SANT ADRIÁ,33,26,"1,27"
2017,"FORASTE GALOBARDES, MIRIAM",NISSAN  AL-QÁZERES EXTREMADURA,33,26,"1,27"
2017,"VILA CABIRÓ, MIREIA",SNATT´S FEMENÍ SANT ADRIÁ,21,17,"1,24"
2017,"MARTIN LLAVERIA, MARIONA",NISSAN  AL-QÁZERES EXTREMADURA,32,26,"1,23"
2017,"NICHOLLS GONZALEZ, LAURA",PERFUMERIAS AVENIDA,27,24,"1,13"
2017,"SAN ROMAN FLORES, IRENE",MOVISTAR ESTUDIANTES,29,26,"1,12"
2017,"PASIC, JOVANA",EMBUTIDOS PAJARIEL BEMBIBRE PD,28,25,"1,12"
2017,"TUDANCA ACEDO, MARTA",LACTURALE ART ARASKI,21,19,"1,11"
2017,"ETXARRI MUNARRIZ, IRATI",LACTURALE ART ARASKI,28,26,"1,08"
2017,"DELGADO PONTES, MARINA",STAR CENTER-UNI FERROL,28,26,"1,08"
2017,"ADURIZ HERNANI, ONINTZA",IDK GIPUZKOA,28,26,"1,08"
2017,"BAHI BLANQUERA, GEORGINA",CADI LA SEU,20,19,"1,05"
2017,"HURTADO OBIOLS, CRISTINA",SNATT´S FEMENÍ SANT ADRIÁ,24,23,"1,04"
2017,"ALMINAITE, KRISITINA",SPAR CITYLIFT GIRONA,27,26,"1,04"
2017,"DE SOUZA MACHADO, ERIKA CRISTINA",PERFUMERIAS AVENIDA,22,22,1
2017,"OMA GIRALT, HELENA",CADI LA SEU,16,16,1
2017,"LUCAS , ITALEE MALINA",IDK GIPUZKOA,13,13,1
2017,"GUSTAVSSON , ELIN JELENA",EMBUTIDOS PAJARIEL BEMBIBRE PD,25,26,"0,96"
2017,"MESTDAGH, KIM",PERFUMERIAS AVENIDA,14,16,"0,88"
2017,"NDOYE, BINETA",EMBUTIDOS PAJARIEL BEMBIBRE PD,19,22,"0,86"
2017,"LAHUERTA MENDOZA, IRENE",MANN-FILTER,20,26,"0,77"
2017,"ARIZTIMUÑO LOPEZ , ITZIAR",LOINTEK GERNIKA BIZKAIA,17,22,"0,77"
2017,"LLOBET CODERCH, ITZIAR",SNATT´S FEMENÍ SANT ADRIÁ,20,26,"0,77"
2017,"ALDALUR SOTO, ANE MIREN",LACTURALE ART ARASKI,18,26,"0,69"
2017,"CORRALES BOHOYO, ELENA",NISSAN  AL-QÁZERES EXTREMADURA,18,26,"0,69"
2017,"GARCIA PAUNERO, CELIA",QUESOS EL PASTOR,17,25,"0,68"
2017,"LAZARO CASTILLERO, YAIZA",LOINTEK GERNIKA BIZKAIA,15,23,"0,65"
2017,"SOLER SUAREZ, PATRICIA",MOVISTAR ESTUDIANTES,14,22,"0,64"
2017,"ROIG SOLER, LAURA",SPAR CITYLIFT GIRONA,10,16,"0,63"
2017,"ERAUNCETAMURGIL AYESTARAN, MARIA",IDK GIPUZKOA,12,20,"0,6"
2017,"HERRERA BOXO, LAURA",CAMPUS PROMETE LF1,14,24,"0,58"
2017,"ALIAGA ROMERO, LAURA",EMBUTIDOS PAJARIEL BEMBIBRE PD,14,26,"0,54"
2017,"KOVACEVIC, BOJANA",SNATT´S FEMENÍ SANT ADRIÁ,12,23,"0,52"
2017,"MAJSTOROVIC, ANJA",QUESOS EL PASTOR,11,22,"0,5"
2017,"PARDO HERVIAS, LAURA",LACTURALE ART ARASKI,11,22,"0,5"
2017,"DIEZ FERNANDEZ, NAIARA",LOINTEK GERNIKA BIZKAIA,12,26,"0,46"
2017,"IPARRAGUIRRE ALUSTIZA, SARA",IDK GIPUZKOA,9,20,"0,45"
2017,"CLARET GILABERTE, MARTA",SNATT´S FEMENÍ SANT ADRIÁ,11,25,"0,44"
2017,"VELASCO MARTIN, LAURA",MOVISTAR ESTUDIANTES,7,18,"0,39"
2017,"CALVO DIAZ, ANA BEGOÑA",STAR CENTER-UNI FERROL,10,26,"0,38"
2017,"RODRIGUEZ NUÑEZ, CLARA",MOVISTAR ESTUDIANTES,7,22,"0,32"
2017,"ROMERO GARRIDO, SILVIA",NISSAN  AL-QÁZERES EXTREMADURA,5,18,"0,28"
2017,"MOLINUEVO GARCIA, CRISTINA",LACTURALE ART ARASKI,6,24,"0,25"
2017,"ESPARCIA OMEDAS, CAROLINA",MANN-FILTER,4,19,"0,21"
2017,"CABRERA ARGUELLO, PATRICIA",STAR CENTER-UNI FERROL,5,26,"0,19"
2017,"ROMERO GARRIDO, MARÍA",NISSAN  AL-QÁZERES EXTREMADURA,2,16,"0,13"
2017,"RODRIGUEZ DOMINGUEZ, NATALIA",STAR CENTER-UNI FERROL,2,21,"0,1"
2017,"CALVO DIAZ, ANA BEGOÑA",STAR CENTER-UNI FERROL,10,26,"0,38"
2017,"RODRIGUEZ NUÑEZ, CLARA",MOVISTAR ESTUDIANTES,7,22,"0,32"
2017,"ROMERO GARRIDO, SILVIA",NISSAN  AL-QÁZERES EXTREMADURA,5,18,"0,28"
2017,"MOLINUEVO GARCIA, CRISTINA",LACTURALE ART ARASKI,6,24,"0,25"
2017,"ESPARCIA OMEDAS, CAROLINA",MANN-FILTER,4,19,"0,21"
2017,"CABRERA ARGUELLO, PATRICIA",STAR CENTER-UNI FERROL,5,26,"0,19"
2017,"ROMERO GARRIDO, MARÍA",NISSAN  AL-QÁZERES EXTREMADURA,2,16,"0,13"
2017,"RODRIGUEZ DOMINGUEZ, NATALIA",STAR CENTER-UNI FERROL,2,21,"0,1"
2016,"SUAREZ UTRERO, ANA MARIA",STAR CENTER-UNI FERROL,26,5,"5,2"
2016,"MOKANGO, CHANEL MODIRI",LOINTEK GERNIKA BIZKAIA,8,2,4
2016,"OCETE CASTILLO, GABRIELA",IDK GIPUZKOA,11,3,"3,67"
2016,"JORDANA BOFILL, NOEMI",SPAR CITYLIFT GIRONA,18,5,"3,6"
2016,"FERRARI CALABRO, PAOLA ANDREA",IDK GIPUZKOA,7,2,"3,5"
2016,"SARR, OUMOUL KHAIRY",IDK GIPUZKOA,10,3,"3,33"
2016,"PEREZ ARAUJO, MARIA",STAR CENTER-UNI FERROL,16,5,"3,2"
2016,"SILVA SERRANO , ROSELIS CAROLINA",LACTURALE ARASKI,12,4,3
2016,"ASURMENDI VILLAVERDE, MARIA DEL CARMEN",LOINTEK GERNIKA BIZKAIA,6,2,3
2016,"PETERS, HALEY MCCLOSKEY",SPAR CITYLIFT GIRONA,14,5,"2,8"
2016,"IBEKWE, IFUNANYA DEBBIE",SPAR CITYLIFT GIRONA,11,4,"2,75"
2016,"BUCH ROSELL, ROSO",SPAR CITYLIFT GIRONA,13,5,"2,6"
2016,"RODRIGUEZ MANSO, LEONOR DEL PILAR",SPAR CITYLIFT GIRONA,13,5,"2,6"
2016,"GIVENS , KRISI TIJANA",PERFUMERIAS AVENIDA,13,5,"2,6"
2016,"SANCHEZ MARRUFO, BEATRIZ",STAR CENTER-UNI FERROL,13,5,"2,6"
2016,"BARBEE, SHACOBIA SHAUNTE",STAR CENTER-UNI FERROL,13,5,"2,6"
2016,"COULIBALY, NAIGNOUMA",SPAR CITYLIFT GIRONA,12,5,"2,4"
2016,"DOMINGUEZ FERNANDEZ, SILVIA",PERFUMERIAS AVENIDA,11,5,"2,2"
2016,"SALVADORES ALVAREZ, ANGELA",PERFUMERIAS AVENIDA,4,2,2
2016,"BEARD, ALANA MONIQUE",PERFUMERIAS AVENIDA,9,5,"1,8"
2016,"MILOVANOVIC, JELENA",PERFUMERIAS AVENIDA,9,5,"1,8"
2016,"SPANOU, ARTEMIS",SPAR CITYLIFT GIRONA,9,5,"1,8"
2016,"TUDANCA ACEDO, MARTA",LACTURALE ARASKI,7,4,"1,75"
2016,"BULGAK, ADUT ATEM",IDK GIPUZKOA,5,3,"1,67"
2016,"GOMES COLHADO, NADIA",IDK GIPUZKOA,5,3,"1,67"
2016,"CALVO DIAZ, ANA BEGOÑA",STAR CENTER-UNI FERROL,8,5,"1,6"
2016,"SANDRIC , ANTONIJA",LOINTEK GERNIKA BIZKAIA,3,2,"1,5"
2016,"DIEZ FERNANDEZ, NAIARA",LOINTEK GERNIKA BIZKAIA,3,2,"1,5"
2016,"VELASCO MARTIN, LAURA",LACTURALE ARASKI,6,4,"1,5"
2016,"LIÑEIRA, MARIA CECILIA",LACTURALE ARASKI,6,4,"1,5"
2016,"SUAREZ UTRERO, ANA MARIA",STAR CENTER-UNI FERROL,26,5,"5,2"
2016,"MOKANGO, CHANEL MODIRI",LOINTEK GERNIKA BIZKAIA,8,2,4
2016,"OCETE CASTILLO, GABRIELA",IDK GIPUZKOA,11,3,"3,67"
2016,"JORDANA BOFILL, NOEMI",SPAR CITYLIFT GIRONA,18,5,"3,6"
2016,"FERRARI CALABRO, PAOLA ANDREA",IDK GIPUZKOA,7,2,"3,5"
2016,"SARR, OUMOUL KHAIRY",IDK GIPUZKOA,10,3,"3,33"
2016,"PEREZ ARAUJO, MARIA",STAR CENTER-UNI FERROL,16,5,"3,2"
2016,"SILVA SERRANO , ROSELIS CAROLINA",LACTURALE ARASKI,12,4,3
2016,"ASURMENDI VILLAVERDE, MARIA DEL CARMEN",LOINTEK GERNIKA BIZKAIA,6,2,3
2016,"PETERS, HALEY MCCLOSKEY",SPAR CITYLIFT GIRONA,14,5,"2,8"
2016,"IBEKWE, IFUNANYA DEBBIE",SPAR CITYLIFT GIRONA,11,4,"2,75"
2016,"BUCH ROSELL, ROSO",SPAR CITYLIFT GIRONA,13,5,"2,6"
2016,"RODRIGUEZ MANSO, LEONOR DEL PILAR",SPAR CITYLIFT GIRONA,13,5,"2,6"
2016,"GIVENS , KRISI TIJANA",PERFUMERIAS AVENIDA,13,5,"2,6"
2016,"SANCHEZ MARRUFO, BEATRIZ",STAR CENTER-UNI FERROL,13,5,"2,6"
2016,"BARBEE, SHACOBIA SHAUNTE",STAR CENTER-UNI FERROL,13,5,"2,6"
2016,"COULIBALY, NAIGNOUMA",SPAR CITYLIFT GIRONA,12,5,"2,4"
2016,"DOMINGUEZ FERNANDEZ, SILVIA",PERFUMERIAS AVENIDA,11,5,"2,2"
2016,"SALVADORES ALVAREZ, ANGELA",PERFUMERIAS AVENIDA,4,2,2
2016,"BEARD, ALANA MONIQUE",PERFUMERIAS AVENIDA,9,5,"1,8"
2016,"MILOVANOVIC, JELENA",PERFUMERIAS AVENIDA,9,5,"1,8"
2016,"SPANOU, ARTEMIS",SPAR CITYLIFT GIRONA,9,5,"1,8"
2016,"TUDANCA ACEDO, MARTA",LACTURALE ARASKI,7,4,"1,75"
2016,"BULGAK, ADUT ATEM",IDK GIPUZKOA,5,3,"1,67"
2016,"GOMES COLHADO, NADIA",IDK GIPUZKOA,5,3,"1,67"
2016,"CALVO DIAZ, ANA BEGOÑA",STAR CENTER-UNI FERROL,8,5,"1,6"
2016,"SANDRIC , ANTONIJA",LOINTEK GERNIKA BIZKAIA,3,2,"1,5"
2016,"DIEZ FERNANDEZ, NAIARA",LOINTEK GERNIKA BIZKAIA,3,2,"1,5"
2016,"VELASCO MARTIN, LAURA",LACTURALE ARASKI,6,4,"1,5"
2016,"LIÑEIRA, MARIA CECILIA",LACTURALE ARASKI,6,4,"1,5"
2015,"OCETE CASTILLO, GABRIELA",MANN-FILTER,10,2,5
2015,"CALDWELL , TALIA ADAIAH",C.B. CONQUERO HUELVA WAGEN,5,1,5
2015,"PETERS, HALEY MCCLOSKEY",C.B. CONQUERO HUELVA WAGEN,9,2,"4,5"
2015,"IBEKWE, IFUNANYA DEBBIE",SPAR CITYLIFT GIRONA,8,2,4
2015,"GIVENS , KRISI TIJANA",SPAR CITYLIFT GIRONA,20,5,4
2015,"ZLATANOVA, JAKLIN",MANN-FILTER,7,2,"3,5"
2015,"PASCUA SUAREZ, MARÍA LUCILA",MANN-FILTER,7,2,"3,5"
2015,"JORDANA BOFILL, NOEMI",SPAR CITYLIFT GIRONA,16,5,"3,2"
2015,"DE SA CASTRO NEVES, CATARINA",C.B. CONQUERO HUELVA WAGEN,6,2,3
2015,"LIEPKALNE, DITA",MANN-FILTER,6,2,3
2015,"FERRARI CALABRO, PAOLA ANDREA",MANN-FILTER,6,2,3
2015,"ELONU, ADAORA NNENNA",C.B. CONQUERO HUELVA WAGEN,6,2,3
2015,"COULIBALY, NAIGNOUMA",SPAR CITYLIFT GIRONA,15,5,3
2015,"BUCH ROSELL, ROSO",C.B. CONQUERO HUELVA WAGEN,5,2,"2,5"
2015,"RODRIGUEZ MANSO, LEONOR DEL PILAR",PERFUMERIAS AVENIDA,12,5,"2,4"
2015,"BEARD, ALANA MONIQUE",PERFUMERIAS AVENIDA,11,5,"2,2"
2015,"DOMINGUEZ FERNANDEZ, SILVIA",PERFUMERIAS AVENIDA,10,5,2
2015,"LUCAS , ITALEE MALINA",SPAR CITYLIFT GIRONA,10,5,2
2015,"NDOUR, ASTOU BARRO",PERFUMERIAS AVENIDA,8,5,"1,6"
2015,"MARGINEAN , GABRIELA",PERFUMERIAS AVENIDA,7,5,"1,4"
2015,"ASURMENDI VILLAVERDE, MARIA DEL CARMEN",PERFUMERIAS AVENIDA,6,5,"1,2"
2015,"KNEZEVIC, ADRIJANA",SPAR CITYLIFT GIRONA,6,5,"1,2"
2015,"SPANOU, ARTEMIS",SPAR CITYLIFT GIRONA,5,5,1
2015,"ESPARCIA OMEDAS, CAROLINA",MANN-FILTER,2,2,1
2015,"VITOLA, KRISTINE",PERFUMERIAS AVENIDA,4,4,1
2015,"GIDDEN, VANESSA NICOLE",PERFUMERIAS AVENIDA,3,3,1
2015,"KOBRYN , EWELINA KATARZYNA",PERFUMERIAS AVENIDA,4,5,"0,8"
2015,"KUKTIENE, VITA",SPAR CITYLIFT GIRONA,3,5,"0,6"
2015,"TRAORE, AYA",C.B. CONQUERO HUELVA WAGEN,1,2,"0,5"
2015,"LO SYLLA, NOGAYE",MANN-FILTER,1,2,"0,5"
2015,"OCETE CASTILLO, GABRIELA",MANN-FILTER,10,2,5
2015,"CALDWELL , TALIA ADAIAH",C.B. CONQUERO HUELVA WAGEN,5,1,5
2015,"PETERS, HALEY MCCLOSKEY",C.B. CONQUERO HUELVA WAGEN,9,2,"4,5"
2015,"IBEKWE, IFUNANYA DEBBIE",SPAR CITYLIFT GIRONA,8,2,4
2015,"GIVENS , KRISI TIJANA",SPAR CITYLIFT GIRONA,20,5,4
2015,"ZLATANOVA, JAKLIN",MANN-FILTER,7,2,"3,5"
2015,"PASCUA SUAREZ, MARÍA LUCILA",MANN-FILTER,7,2,"3,5"
2015,"JORDANA BOFILL, NOEMI",SPAR CITYLIFT GIRONA,16,5,"3,2"
2015,"DE SA CASTRO NEVES, CATARINA",C.B. CONQUERO HUELVA WAGEN,6,2,3
2015,"LIEPKALNE, DITA",MANN-FILTER,6,2,3
2015,"FERRARI CALABRO, PAOLA ANDREA",MANN-FILTER,6,2,3
2015,"ELONU, ADAORA NNENNA",C.B. CONQUERO HUELVA WAGEN,6,2,3
2015,"COULIBALY, NAIGNOUMA",SPAR CITYLIFT GIRONA,15,5,3
2015,"BUCH ROSELL, ROSO",C.B. CONQUERO HUELVA WAGEN,5,2,"2,5"
2015,"RODRIGUEZ MANSO, LEONOR DEL PILAR",PERFUMERIAS AVENIDA,12,5,"2,4"
2015,"BEARD, ALANA MONIQUE",PERFUMERIAS AVENIDA,11,5,"2,2"
2015,"DOMINGUEZ FERNANDEZ, SILVIA",PERFUMERIAS AVENIDA,10,5,2
2015,"LUCAS , ITALEE MALINA",SPAR CITYLIFT GIRONA,10,5,2
2015,"NDOUR, ASTOU BARRO",PERFUMERIAS AVENIDA,8,5,"1,6"
2015,"MARGINEAN , GABRIELA",PERFUMERIAS AVENIDA,7,5,"1,4"
2015,"ASURMENDI VILLAVERDE, MARIA DEL CARMEN",PERFUMERIAS AVENIDA,6,5,"1,2"
2015,"KNEZEVIC, ADRIJANA",SPAR CITYLIFT GIRONA,6,5,"1,2"
2015,"SPANOU, ARTEMIS",SPAR CITYLIFT GIRONA,5,5,1
2015,"ESPARCIA OMEDAS, CAROLINA",MANN-FILTER,2,2,1
2015,"VITOLA, KRISTINE",PERFUMERIAS AVENIDA,4,4,1
2015,"GIDDEN, VANESSA NICOLE",PERFUMERIAS AVENIDA,3,3,1
2015,"KOBRYN , EWELINA KATARZYNA",PERFUMERIAS AVENIDA,4,5,"0,8"
2015,"KUKTIENE, VITA",SPAR CITYLIFT GIRONA,3,5,"0,6"
2015,"TRAORE, AYA",C.B. CONQUERO HUELVA WAGEN,1,2,"0,5"
2015,"LO SYLLA, NOGAYE",MANN-FILTER,1,2,"0,5"
2014,"GIL COLLADO, LAURA",CADI LA SEU,13,3,"4,33"
2014,"GIDDEN, VANESSA NICOLE",SPAR CITYLIFT GIRONA,15,4,"3,75"
2014,"DE KLEIJN, MARLOU",CADI LA SEU,11,3,"3,67"
2014,"XARGAY CASADEMONT, MARTA",PERFUMERIAS AVENIDA,18,5,"3,6"
2014,"PARHAM, AJA DANIELLE",C.B. CONQUERO HUELVA WAGEN,7,2,"3,5"
2014,"FERNANDEZ FARRES, MARTA",PERFUMERIAS AVENIDA,15,5,3
2014,"ASURMENDI VILLAVERDE, MARIA DEL CARMEN",C.B. CONQUERO HUELVA WAGEN,6,2,3
2014,"IBEKWE, IFUNANYA DEBBIE",SPAR CITYLIFT GIRONA,9,4,"2,25"
2014,"ROBINSON, ANGELICA DANIELLE",PERFUMERIAS AVENIDA,11,5,"2,2"
2014,"PINA TOLOSA, MARIA",C.B. CONQUERO HUELVA WAGEN,4,2,2
2014,"PEREZ TORRES, TANIA",CADI LA SEU,6,3,2
2014,"BAHI BLANQUERA, GEORGINA",CADI LA SEU,6,3,2
2014,"FERRARI CALABRO, PAOLA ANDREA",PERFUMERIAS AVENIDA,10,5,2
2014,"JORDANA BOFILL, NOEMI",SPAR CITYLIFT GIRONA,8,4,2
2014,"BABKINA, ELINA",SPAR CITYLIFT GIRONA,7,4,"1,75"
2014,"CHAMBERS, BRITTANY MARIE",SPAR CITYLIFT GIRONA,7,4,"1,75"
2014,"HIND, BEN ABDELKADER",CADI LA SEU,5,3,"1,67"
2014,"SUAREZ UTRERO, ANA MARIA",CADI LA SEU,5,3,"1,67"
2014,"ELONU, ADAORA NNENNA",C.B. CONQUERO HUELVA WAGEN,3,2,"1,5"
2014,"DAVIS , CHELSEA MARIA",C.B. CONQUERO HUELVA WAGEN,3,2,"1,5"
2014,"RODRIGUEZ MANSO, LEONOR DEL PILAR",PERFUMERIAS AVENIDA,7,5,"1,4"
2014,"TANNER, TYRESE LA SHAY",CADI LA SEU,4,3,"1,33"
2014,"PASCUA SUAREZ, MARÍA LUCILA",C.B. CONQUERO HUELVA WAGEN,2,2,1
2014,"HERNANDEZ SANCHEZ, CLARA",PERFUMERIAS AVENIDA,1,1,1
2014,"REZAN, MARIJA",PERFUMERIAS AVENIDA,5,5,1
2014,"ORTIZ VIVES, MARIONA",PERFUMERIAS AVENIDA,5,5,1
2014,"GERMAN VELASCO, ICIAR",C.B. CONQUERO HUELVA WAGEN,2,2,1
2014,"SOLER SUAREZ, PATRICIA",C.B. CONQUERO HUELVA WAGEN,1,1,1
2014,"KUKTIENE, VITA",SPAR CITYLIFT GIRONA,3,4,"0,75"
2014,"FREIXANET VIEJO, JAEL",SPAR CITYLIFT GIRONA,2,4,"0,5"
2014,"GIL COLLADO, LAURA",CADI LA SEU,13,3,"4,33"
2014,"GIDDEN, VANESSA NICOLE",SPAR CITYLIFT GIRONA,15,4,"3,75"
2014,"DE KLEIJN, MARLOU",CADI LA SEU,11,3,"3,67"
2014,"XARGAY CASADEMONT, MARTA",PERFUMERIAS AVENIDA,18,5,"3,6"
2014,"PARHAM, AJA DANIELLE",C.B. CONQUERO HUELVA WAGEN,7,2,"3,5"
2014,"FERNANDEZ FARRES, MARTA",PERFUMERIAS AVENIDA,15,5,3
2014,"ASURMENDI VILLAVERDE, MARIA DEL CARMEN",C.B. CONQUERO HUELVA WAGEN,6,2,3
2014,"IBEKWE, IFUNANYA DEBBIE",SPAR CITYLIFT GIRONA,9,4,"2,25"
2014,"ROBINSON, ANGELICA DANIELLE",PERFUMERIAS AVENIDA,11,5,"2,2"
2014,"PINA TOLOSA, MARIA",C.B. CONQUERO HUELVA WAGEN,4,2,2
2014,"PEREZ TORRES, TANIA",CADI LA SEU,6,3,2
2014,"BAHI BLANQUERA, GEORGINA",CADI LA SEU,6,3,2
2014,"FERRARI CALABRO, PAOLA ANDREA",PERFUMERIAS AVENIDA,10,5,2
2014,"JORDANA BOFILL, NOEMI",SPAR CITYLIFT GIRONA,8,4,2
2014,"BABKINA, ELINA",SPAR CITYLIFT GIRONA,7,4,"1,75"
2014,"CHAMBERS, BRITTANY MARIE",SPAR CITYLIFT GIRONA,7,4,"1,75"
2014,"HIND, BEN ABDELKADER",CADI LA SEU,5,3,"1,67"
2014,"SUAREZ UTRERO, ANA MARIA",CADI LA SEU,5,3,"1,67"
2014,"ELONU, ADAORA NNENNA",C.B. CONQUERO HUELVA WAGEN,3,2,"1,5"
2014,"DAVIS , CHELSEA MARIA",C.B. CONQUERO HUELVA WAGEN,3,2,"1,5"
2014,"RODRIGUEZ MANSO, LEONOR DEL PILAR",PERFUMERIAS AVENIDA,7,5,"1,4"
2014,"TANNER, TYRESE LA SHAY",CADI LA SEU,4,3,"1,33"
2014,"PASCUA SUAREZ, MARÍA LUCILA",C.B. CONQUERO HUELVA WAGEN,2,2,1
2014,"HERNANDEZ SANCHEZ, CLARA",PERFUMERIAS AVENIDA,1,1,1
2014,"REZAN, MARIJA",PERFUMERIAS AVENIDA,5,5,1
2014,"ORTIZ VIVES, MARIONA",PERFUMERIAS AVENIDA,5,5,1
2014,"GERMAN VELASCO, ICIAR",C.B. CONQUERO HUELVA WAGEN,2,2,1
2014,"SOLER SUAREZ, PATRICIA",C.B. CONQUERO HUELVA WAGEN,1,1,1
2014,"KUKTIENE, VITA",SPAR CITYLIFT GIRONA,3,4,"0,75"
2014,"FREIXANET VIEJO, JAEL",SPAR CITYLIFT GIRONA,2,4,"0,5"
2013,"DIAZ CASTELLANO, YURENA",GRAN CANARIA 2014,12,3,4
2013,"MONTENEGRO SANTANA, RITA ESTHER",EMBUTIDOS PAJARIEL BEMBIBRE PD,11,3,"3,67"
2013,"ROBINSON, ANGELICA DANIELLE",PERFUMERIAS AVENIDA,18,5,"3,6"
2013,"NDOUR, ASTOU BARRO",GRAN CANARIA 2014,9,3,3
2013,"CHAMBERS, BRITTANY MARIE",GRAN CANARIA 2014,9,3,3
2013,"XARGAY CASADEMONT, MARTA",PERFUMERIAS AVENIDA,15,5,3
2013,"LIEPKALNE, DITA",EMBUTIDOS PAJARIEL BEMBIBRE PD,9,3,3
2013,"ELDEBRINK, FRIDA",RIVAS ECOPOLIS,14,5,"2,8"
2013,"DAVIS , CHELSEA MARIA",GRAN CANARIA 2014,8,3,"2,67"
2013,"GOMEZ IGUAL, ANNA",EMBUTIDOS PAJARIEL BEMBIBRE PD,8,3,"2,67"
2013,"MURPHY, ESHAYA MARIE",PERFUMERIAS AVENIDA,12,5,"2,4"
2013,"RODRIGUEZ MANSO, LEONOR DEL PILAR",PERFUMERIAS AVENIDA,11,5,"2,2"
2013,"ALLISON, RACHEL LINDSAY",RIVAS ECOPOLIS,9,5,"1,8"
2013,"REZAN, MARIJA",PERFUMERIAS AVENIDA,8,5,"1,6"
2013,"HALVARSSON , LOUICE",RIVAS ECOPOLIS,7,5,"1,4"
2013,"BUCH ROSELL, ROSO",EMBUTIDOS PAJARIEL BEMBIBRE PD,4,3,"1,33"
2013,"CABRERA ARGUELLO, PATRICIA",GRAN CANARIA 2014,4,3,"1,33"
2013,"MONGOMO CARVALLO, MARIA CONCEPCIÓN",GRAN CANARIA 2014,4,3,"1,33"
2013,"FERNANDEZ FARRES, MARTA",PERFUMERIAS AVENIDA,6,5,"1,2"
2013,"HASSELL, JASMINE",RIVAS ECOPOLIS,6,5,"1,2"
2013,"NICHOLLS GONZALEZ, LAURA",RIVAS ECOPOLIS,6,5,"1,2"
2013,"DENNETT, MELISSA LOUISE",EMBUTIDOS PAJARIEL BEMBIBRE PD,3,3,1
2013,"NDOYE, BINETA",GRAN CANARIA 2014,3,3,1
2013,"GONZALEZ OGANDO, ALBA",EMBUTIDOS PAJARIEL BEMBIBRE PD,1,1,1
2013,"HERMIDA HERRAEZ, MARTA",RIVAS ECOPOLIS,1,1,1
2013,"OCETE CASTILLO, GABRIELA",RIVAS ECOPOLIS,5,5,1
2013,"THOMAS, KRYSTAL VICTORIA",PERFUMERIAS AVENIDA,4,5,"0,8"
2013,"CASAS CARRERAS, QUERALT",RIVAS ECOPOLIS,4,5,"0,8"
2013,"ORTIZ VIVES, MARIONA",PERFUMERIAS AVENIDA,3,4,"0,75"
2013,"ABALDE DIAZ, TAMARA",PERFUMERIAS AVENIDA,2,3,"0,67"
2013,"DIAZ CASTELLANO, YURENA",GRAN CANARIA 2014,12,3,4
2013,"MONTENEGRO SANTANA, RITA ESTHER",EMBUTIDOS PAJARIEL BEMBIBRE PD,11,3,"3,67"
2013,"ROBINSON, ANGELICA DANIELLE",PERFUMERIAS AVENIDA,18,5,"3,6"
2013,"NDOUR, ASTOU BARRO",GRAN CANARIA 2014,9,3,3
2013,"CHAMBERS, BRITTANY MARIE",GRAN CANARIA 2014,9,3,3
2013,"XARGAY CASADEMONT, MARTA",PERFUMERIAS AVENIDA,15,5,3
2013,"LIEPKALNE, DITA",EMBUTIDOS PAJARIEL BEMBIBRE PD,9,3,3
2013,"ELDEBRINK, FRIDA",RIVAS ECOPOLIS,14,5,"2,8"
2013,"DAVIS , CHELSEA MARIA",GRAN CANARIA 2014,8,3,"2,67"
2013,"GOMEZ IGUAL, ANNA",EMBUTIDOS PAJARIEL BEMBIBRE PD,8,3,"2,67"
2013,"MURPHY, ESHAYA MARIE",PERFUMERIAS AVENIDA,12,5,"2,4"
2013,"RODRIGUEZ MANSO, LEONOR DEL PILAR",PERFUMERIAS AVENIDA,11,5,"2,2"
2013,"ALLISON, RACHEL LINDSAY",RIVAS ECOPOLIS,9,5,"1,8"
2013,"REZAN, MARIJA",PERFUMERIAS AVENIDA,8,5,"1,6"
2013,"HALVARSSON , LOUICE",RIVAS ECOPOLIS,7,5,"1,4"
2013,"BUCH ROSELL, ROSO",EMBUTIDOS PAJARIEL BEMBIBRE PD,4,3,"1,33"
2013,"CABRERA ARGUELLO, PATRICIA",GRAN CANARIA 2014,4,3,"1,33"
2013,"MONGOMO CARVALLO, MARIA CONCEPCIÓN",GRAN CANARIA 2014,4,3,"1,33"
2013,"FERNANDEZ FARRES, MARTA",PERFUMERIAS AVENIDA,6,5,"1,2"
2013,"HASSELL, JASMINE",RIVAS ECOPOLIS,6,5,"1,2"
2013,"NICHOLLS GONZALEZ, LAURA",RIVAS ECOPOLIS,6,5,"1,2"
2013,"DENNETT, MELISSA LOUISE",EMBUTIDOS PAJARIEL BEMBIBRE PD,3,3,1
2013,"NDOYE, BINETA",GRAN CANARIA 2014,3,3,1
2013,"GONZALEZ OGANDO, ALBA",EMBUTIDOS PAJARIEL BEMBIBRE PD,1,1,1
2013,"HERMIDA HERRAEZ, MARTA",RIVAS ECOPOLIS,1,1,1
2013,"OCETE CASTILLO, GABRIELA",RIVAS ECOPOLIS,5,5,1
2013,"THOMAS, KRYSTAL VICTORIA",PERFUMERIAS AVENIDA,4,5,"0,8"
2013,"CASAS CARRERAS, QUERALT",RIVAS ECOPOLIS,4,5,"0,8"
2013,"ORTIZ VIVES, MARIONA",PERFUMERIAS AVENIDA,3,4,"0,75"
2013,"ABALDE DIAZ, TAMARA",PERFUMERIAS AVENIDA,2,3,"0,67"
2012,"ALLISON, RACHEL LINDSAY",BEROIL - CIUDAD DE BURGOS,5,1,5
2012,"COVINGTON, ARHONDA",CADI - ICG SOFTWARE,17,4,"4,25"
2012,"CURRIE , MONIQUE PAULETTE",PERFUMERIAS AVENIDA,14,4,"3,5"
2012,"TRAORE, ASTOU",CADI - ICG SOFTWARE,14,4,"3,5"
2012,"ASURMENDI VILLAVERDE, MARIA DEL CARMEN",UNB OBENASA,9,3,3
2012,"XARGAY CASADEMONT, MARTA",PERFUMERIAS AVENIDA,12,4,3
2012,"JORDANA BOFILL, NOEMI",SPAR UNIGIRONA,14,5,"2,8"
2012,"FERNANDEZ FARRES, MARTA",PERFUMERIAS AVENIDA,11,4,"2,75"
2012,"BARTONOVA , KATERINA",CADI - ICG SOFTWARE,11,4,"2,75"
2012,"FEASTER, ALISON",SPAR UNIGIRONA,10,4,"2,5"
2012,"GOMEZ IGUAL, ANNA",BEROIL - CIUDAD DE BURGOS,5,2,"2,5"
2012,"CRUZ LEBRATO, ANNA",RIVAS ECOPOLIS,10,4,"2,5"
2012,"MONROE, JACINTA LISETTE",SPAR UNIGIRONA,12,5,"2,4"
2012,"REVUELTO SÁNCHEZ-AGUILERA, MARIA",UNB OBENASA,7,3,"2,33"
2012,"SOTIRIOU , AIKATERINA",UNB OBENASA,7,3,"2,33"
2012,"MORRISON JARA, ZIOMARA ESKET",RIVAS ECOPOLIS,9,4,"2,25"
2012,"SARR, OUMOUL KHAIRY",SPAR UNIGIRONA,11,5,"2,2"
2012,"CUEVAS MEDIAVILLA, AITANA",BEROIL - CIUDAD DE BURGOS,4,2,2
2012,"BRAVARD , CIERRA  NICHOLE",SPAR UNIGIRONA,10,5,2
2012,"WILLINGHAM, LE`COE LOUISE",PERFUMERIAS AVENIDA,8,4,2
2012,"GOMEZ IGLESIAS, REGINA",BEROIL - CIUDAD DE BURGOS,4,2,2
2012,"CHUMILLAS PERIS, BERTA",BEROIL - CIUDAD DE BURGOS,4,2,2
2012,"REZAN, MARIJA",PERFUMERIAS AVENIDA,8,4,2
2012,"CASAS CARRERAS, QUERALT",RIVAS ECOPOLIS,8,4,2
2012,"VAJDA, ANNA",RIVAS ECOPOLIS,8,4,2
2012,"GOMEZ FERREIROS, SARA",UNB OBENASA,5,3,"1,67"
2012,"HERRERA BOXO, LAURA",UNB OBENASA,5,3,"1,67"
2012,"SULCIUTE, EGLE",PERFUMERIAS AVENIDA,6,4,"1,5"
2012,"GIL COLLADO, LAURA",BEROIL - CIUDAD DE BURGOS,3,2,"1,5"
2012,"BELD , MYRTHE BRIGIT MARIA",SPAR UNIGIRONA,7,5,"1,4"
2012,"ALLISON, RACHEL LINDSAY",BEROIL - CIUDAD DE BURGOS,5,1,5
2012,"COVINGTON, ARHONDA",CADI - ICG SOFTWARE,17,4,"4,25"
2012,"CURRIE , MONIQUE PAULETTE",PERFUMERIAS AVENIDA,14,4,"3,5"
2012,"TRAORE, ASTOU",CADI - ICG SOFTWARE,14,4,"3,5"
2012,"ASURMENDI VILLAVERDE, MARIA DEL CARMEN",UNB OBENASA,9,3,3
2012,"XARGAY CASADEMONT, MARTA",PERFUMERIAS AVENIDA,12,4,3
2012,"JORDANA BOFILL, NOEMI",SPAR UNIGIRONA,14,5,"2,8"
2012,"FERNANDEZ FARRES, MARTA",PERFUMERIAS AVENIDA,11,4,"2,75"
2012,"BARTONOVA , KATERINA",CADI - ICG SOFTWARE,11,4,"2,75"
2012,"FEASTER, ALISON",SPAR UNIGIRONA,10,4,"2,5"
2012,"GOMEZ IGUAL, ANNA",BEROIL - CIUDAD DE BURGOS,5,2,"2,5"
2012,"CRUZ LEBRATO, ANNA",RIVAS ECOPOLIS,10,4,"2,5"
2012,"MONROE, JACINTA LISETTE",SPAR UNIGIRONA,12,5,"2,4"
2012,"REVUELTO SÁNCHEZ-AGUILERA, MARIA",UNB OBENASA,7,3,"2,33"
2012,"SOTIRIOU , AIKATERINA",UNB OBENASA,7,3,"2,33"
2012,"MORRISON JARA, ZIOMARA ESKET",RIVAS ECOPOLIS,9,4,"2,25"
2012,"SARR, OUMOUL KHAIRY",SPAR UNIGIRONA,11,5,"2,2"
2012,"CUEVAS MEDIAVILLA, AITANA",BEROIL - CIUDAD DE BURGOS,4,2,2
2012,"BRAVARD , CIERRA  NICHOLE",SPAR UNIGIRONA,10,5,2
2012,"WILLINGHAM, LE`COE LOUISE",PERFUMERIAS AVENIDA,8,4,2
2012,"GOMEZ IGLESIAS, REGINA",BEROIL - CIUDAD DE BURGOS,4,2,2
2012,"CHUMILLAS PERIS, BERTA",BEROIL - CIUDAD DE BURGOS,4,2,2
2012,"REZAN, MARIJA",PERFUMERIAS AVENIDA,8,4,2
2012,"CASAS CARRERAS, QUERALT",RIVAS ECOPOLIS,8,4,2
2012,"VAJDA, ANNA",RIVAS ECOPOLIS,8,4,2
2012,"GOMEZ FERREIROS, SARA",UNB OBENASA,5,3,"1,67"
2012,"HERRERA BOXO, LAURA",UNB OBENASA,5,3,"1,67"
2012,"SULCIUTE, EGLE",PERFUMERIAS AVENIDA,6,4,"1,5"
2012,"GIL COLLADO, LAURA",BEROIL - CIUDAD DE BURGOS,3,2,"1,5"
2012,"BELD , MYRTHE BRIGIT MARIA",SPAR UNIGIRONA,7,5,"1,4"
2011,"JORDANA BOFILL, NOEMI",GIRONA FC,12,2,6
2011,"KRIVACEVIC, TIJANA",RIVAS ECOPOLIS,4,1,4
2011,"ROBINSON, ANGELICA DANIELLE",GIRONA FC,7,2,"3,5"
2011,"SARR, OUMOUL KHAIRY",GIRONA FC,7,2,"3,5"
2011,"DE SOUZA MACHADO, ERIKA CRISTINA",PERFUMERIAS AVENIDA,13,4,"3,25"
2011,"CRUZ LEBRATO, ANNA",RIVAS ECOPOLIS,6,2,3
2011,"AGUILAR LOPEZ , ELISA",RIVAS ECOPOLIS,6,2,3
2011,"YACOUBOU, ISABELLE",CIUDAD ROS CASARES VALENCIA,11,4,"2,75"
2011,"XARGAY CASADEMONT, MARTA",PERFUMERIAS AVENIDA,10,4,"2,5"
2011,"LYTTLE LYTTLE, SANCHO TRACY CONSTANCE",CIUDAD ROS CASARES VALENCIA,9,4,"2,25"
2011,"MOORE, MAYA APRIL",CIUDAD ROS CASARES VALENCIA,6,3,2
2011,"ANTOJA ROVIRA, LAURA",PERFUMERIAS AVENIDA,8,4,2
2011,"CARSON, ESSENCE",RIVAS ECOPOLIS,4,2,2
2011,"JONES, ASJHA",RIVAS ECOPOLIS,4,2,2
2011,"BONNER, DEWANNA TENISE",PERFUMERIAS AVENIDA,8,4,2
2011,"THORBURN, SHONA LOUISE",GIRONA FC,4,2,2
2011,"MURPHY, ESHAYA MARIE",CIUDAD ROS CASARES VALENCIA,7,4,"1,75"
2011,"DOMINGUEZ FERNANDEZ, SILVIA",CIUDAD ROS CASARES VALENCIA,7,4,"1,75"
2011,"VALDEMORO MADARIAGA, AMAYA",RIVAS ECOPOLIS,3,2,"1,5"
2011,"NICHOLLS GONZALEZ, LAURA",RIVAS ECOPOLIS,3,2,"1,5"
2011,"PALAU ALTES, LAIA",CIUDAD ROS CASARES VALENCIA,6,4,"1,5"
2011,"VEGA REBORA, GISELA VERONICA",GIRONA FC,3,2,"1,5"
2011,"WAUTERS, ANN",CIUDAD ROS CASARES VALENCIA,6,4,"1,5"
2011,"CARBO COLOMA, ANNA",GIRONA FC,3,2,"1,5"
2011,"FREIXANET VIEJO, JAEL",PERFUMERIAS AVENIDA,3,3,1
2011,"VAJDA, ANNA",PERFUMERIAS AVENIDA,4,4,1
2011,"JACKSON, LAUREN",CIUDAD ROS CASARES VALENCIA,4,4,1
2011,"SANCHEZ FERNANDEZ, ISABEL",PERFUMERIAS AVENIDA,3,4,"0,75"
2011,"FERNANDEZ FARRES, MARTA",PERFUMERIAS AVENIDA,3,4,"0,75"
2011,"KORSTINE, ILONA",PERFUMERIAS AVENIDA,3,4,"0,75"
2011,"JORDANA BOFILL, NOEMI",GIRONA FC,12,2,6
2011,"KRIVACEVIC, TIJANA",RIVAS ECOPOLIS,4,1,4
2011,"ROBINSON, ANGELICA DANIELLE",GIRONA FC,7,2,"3,5"
2011,"SARR, OUMOUL KHAIRY",GIRONA FC,7,2,"3,5"
2011,"DE SOUZA MACHADO, ERIKA CRISTINA",PERFUMERIAS AVENIDA,13,4,"3,25"
2011,"CRUZ LEBRATO, ANNA",RIVAS ECOPOLIS,6,2,3
2011,"AGUILAR LOPEZ , ELISA",RIVAS ECOPOLIS,6,2,3
2011,"YACOUBOU, ISABELLE",CIUDAD ROS CASARES VALENCIA,11,4,"2,75"
2011,"XARGAY CASADEMONT, MARTA",PERFUMERIAS AVENIDA,10,4,"2,5"
2011,"LYTTLE LYTTLE, SANCHO TRACY CONSTANCE",CIUDAD ROS CASARES VALENCIA,9,4,"2,25"
2011,"MOORE, MAYA APRIL",CIUDAD ROS CASARES VALENCIA,6,3,2
2011,"ANTOJA ROVIRA, LAURA",PERFUMERIAS AVENIDA,8,4,2
2011,"CARSON, ESSENCE",RIVAS ECOPOLIS,4,2,2
2011,"JONES, ASJHA",RIVAS ECOPOLIS,4,2,2
2011,"BONNER, DEWANNA TENISE",PERFUMERIAS AVENIDA,8,4,2
2011,"THORBURN, SHONA LOUISE",GIRONA FC,4,2,2
2011,"MURPHY, ESHAYA MARIE",CIUDAD ROS CASARES VALENCIA,7,4,"1,75"
2011,"DOMINGUEZ FERNANDEZ, SILVIA",CIUDAD ROS CASARES VALENCIA,7,4,"1,75"
2011,"VALDEMORO MADARIAGA, AMAYA",RIVAS ECOPOLIS,3,2,"1,5"
2011,"NICHOLLS GONZALEZ, LAURA",RIVAS ECOPOLIS,3,2,"1,5"
2011,"PALAU ALTES, LAIA",CIUDAD ROS CASARES VALENCIA,6,4,"1,5"
2011,"VEGA REBORA, GISELA VERONICA",GIRONA FC,3,2,"1,5"
2011,"WAUTERS, ANN",CIUDAD ROS CASARES VALENCIA,6,4,"1,5"
2011,"CARBO COLOMA, ANNA",GIRONA FC,3,2,"1,5"
2011,"FREIXANET VIEJO, JAEL",PERFUMERIAS AVENIDA,3,3,1
2011,"VAJDA, ANNA",PERFUMERIAS AVENIDA,4,4,1
2011,"JACKSON, LAUREN",CIUDAD ROS CASARES VALENCIA,4,4,1
2011,"SANCHEZ FERNANDEZ, ISABEL",PERFUMERIAS AVENIDA,3,4,"0,75"
2011,"FERNANDEZ FARRES, MARTA",PERFUMERIAS AVENIDA,3,4,"0,75"
2011,"KORSTINE, ILONA",PERFUMERIAS AVENIDA,3,4,"0,75"
2010,"VALDEMORO MADARIAGA, AMAYA",RIVAS ECOPOLIS,11,2,"5,5"
2010,"LYTTLE LYTTLE, SANCHO TRACY CONSTANCE",PERFUMERIAS AVENIDA,8,2,4
2010,"AGUILAR LOPEZ , ELISA",RIVAS ECOPOLIS,6,2,3
2010,"FEASTER, ALISON",MANN FILTER ZARAGOZA,6,2,3
2010,"DOUGLAS, KATHRYN",CIUDAD ROS CASARES VALENCIA,6,2,3
2010,"ZLATANOVA, JAKLIN",MANN FILTER ZARAGOZA,5,2,"2,5"
2010,"OUVIÑA MODREGO, CRISTINA",MANN FILTER ZARAGOZA,5,2,"2,5"
2010,"DE SOUZA MACHADO, ERIKA CRISTINA",PERFUMERIAS AVENIDA,4,2,2
2010,"DOMINGUEZ FERNANDEZ, SILVIA",PERFUMERIAS AVENIDA,4,2,2
2010,"BROWN, KIESHA LINDSAY",MANN FILTER ZARAGOZA,4,2,2
2010,"CRUZ LEBRATO, ANNA",RIVAS ECOPOLIS,4,2,2
2010,"CASAS CARRERAS, QUERALT",MANN FILTER ZARAGOZA,4,2,2
2010,"VESELA, JANA",CIUDAD ROS CASARES VALENCIA,2,1,2
2010,"KRESOVIC, INES",MANN FILTER ZARAGOZA,4,2,2
2010,"SNELL, BELINDA ROSE",PERFUMERIAS AVENIDA,4,2,2
2010,"ANOSIKE, NIKOLIKA NONYELUM",CIUDAD ROS CASARES VALENCIA,3,2,"1,5"
2010,"BRUNSON, REBEKKAH",CIUDAD ROS CASARES VALENCIA,3,2,"1,5"
2010,"LAWSON, EDWIGE",CIUDAD ROS CASARES VALENCIA,3,2,"1,5"
2010,"TORRENS SALOM, ALBA",PERFUMERIAS AVENIDA,3,2,"1,5"
2010,"MARTINEZ PRAT, NURIA",CIUDAD ROS CASARES VALENCIA,3,2,"1,5"
2010,"PARIS, COURTNEY LYNNE",RIVAS ECOPOLIS,3,2,"1,5"
2010,"PINA TOLOSA, MARIA",MANN FILTER ZARAGOZA,3,2,"1,5"
2010,"ROYO TORRES, MARIA ESTELA",MANN FILTER ZARAGOZA,3,2,"1,5"
2010,"BONNER, DEWANNA TENISE",RIVAS ECOPOLIS,3,2,"1,5"
2010,"FERNANDEZ FARRES, MARTA",CIUDAD ROS CASARES VALENCIA,2,2,1
2010,"LIMA GARCIA, CINDY ORQUIDEA",CIUDAD ROS CASARES VALENCIA,2,2,1
2010,"MONTAÑANA GIMENO, ANNA",PERFUMERIAS AVENIDA,2,2,1
2010,"PALAU ALTES, LAIA",CIUDAD ROS CASARES VALENCIA,2,2,1
2010,"HENRY, ANEIKA ANNA-KAY",MANN FILTER ZARAGOZA,2,2,1
2010,"XARGAY CASADEMONT, MARTA",PERFUMERIAS AVENIDA,2,2,1
2010,"VALDEMORO MADARIAGA, AMAYA",RIVAS ECOPOLIS,11,2,"5,5"
2010,"LYTTLE LYTTLE, SANCHO TRACY CONSTANCE",PERFUMERIAS AVENIDA,8,2,4
2010,"AGUILAR LOPEZ , ELISA",RIVAS ECOPOLIS,6,2,3
2010,"FEASTER, ALISON",MANN FILTER ZARAGOZA,6,2,3
2010,"DOUGLAS, KATHRYN",CIUDAD ROS CASARES VALENCIA,6,2,3
2010,"ZLATANOVA, JAKLIN",MANN FILTER ZARAGOZA,5,2,"2,5"
2010,"OUVIÑA MODREGO, CRISTINA",MANN FILTER ZARAGOZA,5,2,"2,5"
2010,"DE SOUZA MACHADO, ERIKA CRISTINA",PERFUMERIAS AVENIDA,4,2,2
2010,"DOMINGUEZ FERNANDEZ, SILVIA",PERFUMERIAS AVENIDA,4,2,2
2010,"BROWN, KIESHA LINDSAY",MANN FILTER ZARAGOZA,4,2,2
2010,"CRUZ LEBRATO, ANNA",RIVAS ECOPOLIS,4,2,2
2010,"CASAS CARRERAS, QUERALT",MANN FILTER ZARAGOZA,4,2,2
2010,"VESELA, JANA",CIUDAD ROS CASARES VALENCIA,2,1,2
2010,"KRESOVIC, INES",MANN FILTER ZARAGOZA,4,2,2
2010,"SNELL, BELINDA ROSE",PERFUMERIAS AVENIDA,4,2,2
2010,"ANOSIKE, NIKOLIKA NONYELUM",CIUDAD ROS CASARES VALENCIA,3,2,"1,5"
2010,"BRUNSON, REBEKKAH",CIUDAD ROS CASARES VALENCIA,3,2,"1,5"
2010,"LAWSON, EDWIGE",CIUDAD ROS CASARES VALENCIA,3,2,"1,5"
2010,"TORRENS SALOM, ALBA",PERFUMERIAS AVENIDA,3,2,"1,5"
2010,"MARTINEZ PRAT, NURIA",CIUDAD ROS CASARES VALENCIA,3,2,"1,5"
2010,"PARIS, COURTNEY LYNNE",RIVAS ECOPOLIS,3,2,"1,5"
2010,"PINA TOLOSA, MARIA",MANN FILTER ZARAGOZA,3,2,"1,5"
2010,"ROYO TORRES, MARIA ESTELA",MANN FILTER ZARAGOZA,3,2,"1,5"
2010,"BONNER, DEWANNA TENISE",RIVAS ECOPOLIS,3,2,"1,5"
2010,"FERNANDEZ FARRES, MARTA",CIUDAD ROS CASARES VALENCIA,2,2,1
2010,"LIMA GARCIA, CINDY ORQUIDEA",CIUDAD ROS CASARES VALENCIA,2,2,1
2010,"MONTAÑANA GIMENO, ANNA",PERFUMERIAS AVENIDA,2,2,1
2010,"PALAU ALTES, LAIA",CIUDAD ROS CASARES VALENCIA,2,2,1
2010,"HENRY, ANEIKA ANNA-KAY",MANN FILTER ZARAGOZA,2,2,1
2010,"XARGAY CASADEMONT, MARTA",PERFUMERIAS AVENIDA,2,2,1
2009,"DUBLJEVIC, JELENA",RIVAS ECOPOLIS,8,2,4
2009,"FEASTER, ALISON",MANN FILTER ZARAGOZA,8,2,4
2009,"PASCUA SUAREZ, MARÍA LUCILA",MANN FILTER ZARAGOZA,7,2,"3,5"
2009,"MILTON, DELISHA LACHELL",CIUDAD ROS CASARES VALENCIA,13,4,"3,25"
2009,"TORNIKIDOU TORNIKIDOU, ELENA",RIVAS ECOPOLIS,6,2,3
2009,"OUVIÑA MODREGO, CRISTINA",MANN FILTER ZARAGOZA,6,2,3
2009,"LYTTLE LYTTLE, SANCHO TRACY CONSTANCE",PERFUMERIAS AVENIDA,12,4,3
2009,"DOMINGUEZ FERNANDEZ, SILVIA",PERFUMERIAS AVENIDA,11,4,"2,75"
2009,"SNELL, BELINDA ROSE",CIUDAD ROS CASARES VALENCIA,11,4,"2,75"
2009,"VALDEMORO MADARIAGA, AMAYA",CIUDAD ROS CASARES VALENCIA,9,4,"2,25"
2009,"MONDT, ANKE DE",PERFUMERIAS AVENIDA,9,4,"2,25"
2009,"PODRUG, EMILIJA",PERFUMERIAS AVENIDA,8,4,2
2009,"LANGHORNE , CRYSTAL ALLISON",RIVAS ECOPOLIS,4,2,2
2009,"STEN, TIINA IRENE",MANN FILTER ZARAGOZA,4,2,2
2009,"DA SILVA, KATIA",MANN FILTER ZARAGOZA,4,2,2
2009,"WILLINGHAM, LE`COE LOUISE",PERFUMERIAS AVENIDA,7,4,"1,75"
2009,"UJHELYI, PETRA",RIVAS ECOPOLIS,3,2,"1,5"
2009,"GOMEZ IGUAL, ANNA",MANN FILTER ZARAGOZA,3,2,"1,5"
2009,"MONTAÑANA GIMENO, ANNA",CIUDAD ROS CASARES VALENCIA,6,4,"1,5"
2009,"GARCIA PIÑERO, MARIA BEGOÑA",RIVAS ECOPOLIS,3,2,"1,5"
2009,"DE SOUZA MACHADO, ERIKA CRISTINA",CIUDAD ROS CASARES VALENCIA,6,4,"1,5"
2009,"TORRENS SALOM, ALBA",PERFUMERIAS AVENIDA,5,4,"1,25"
2009,"BERMEJO MORENO, CLARA SUSANA",RIVAS ECOPOLIS,2,2,1
2009,"PODKOVALNIKOVA , OLGA",PERFUMERIAS AVENIDA,4,4,1
2009,"PALOMARES VALIENTE, PAULA",MANN FILTER ZARAGOZA,2,2,1
2009,"ROYO TORRES, MARIA ESTELA",MANN FILTER ZARAGOZA,2,2,1
2009,"AGUILAR LOPEZ , ELISA",CIUDAD ROS CASARES VALENCIA,4,4,1
2009,"PALAU ALTES, LAIA",CIUDAD ROS CASARES VALENCIA,4,4,1
2009,"LIMA GARCIA, CINDY ORQUIDEA",CIUDAD ROS CASARES VALENCIA,1,1,1
2009,"CRUZ LEBRATO, ANNA",RIVAS ECOPOLIS,2,2,1
2009,"DUBLJEVIC, JELENA",RIVAS ECOPOLIS,8,2,4
2009,"FEASTER, ALISON",MANN FILTER ZARAGOZA,8,2,4
2009,"PASCUA SUAREZ, MARÍA LUCILA",MANN FILTER ZARAGOZA,7,2,"3,5"
2009,"MILTON, DELISHA LACHELL",CIUDAD ROS CASARES VALENCIA,13,4,"3,25"
2009,"TORNIKIDOU TORNIKIDOU, ELENA",RIVAS ECOPOLIS,6,2,3
2009,"OUVIÑA MODREGO, CRISTINA",MANN FILTER ZARAGOZA,6,2,3
2009,"LYTTLE LYTTLE, SANCHO TRACY CONSTANCE",PERFUMERIAS AVENIDA,12,4,3
2009,"DOMINGUEZ FERNANDEZ, SILVIA",PERFUMERIAS AVENIDA,11,4,"2,75"
2009,"SNELL, BELINDA ROSE",CIUDAD ROS CASARES VALENCIA,11,4,"2,75"
2009,"VALDEMORO MADARIAGA, AMAYA",CIUDAD ROS CASARES VALENCIA,9,4,"2,25"
2009,"MONDT, ANKE DE",PERFUMERIAS AVENIDA,9,4,"2,25"
2009,"PODRUG, EMILIJA",PERFUMERIAS AVENIDA,8,4,2
2009,"LANGHORNE , CRYSTAL ALLISON",RIVAS ECOPOLIS,4,2,2
2009,"STEN, TIINA IRENE",MANN FILTER ZARAGOZA,4,2,2
2009,"DA SILVA, KATIA",MANN FILTER ZARAGOZA,4,2,2
2009,"WILLINGHAM, LE`COE LOUISE",PERFUMERIAS AVENIDA,7,4,"1,75"
2009,"UJHELYI, PETRA",RIVAS ECOPOLIS,3,2,"1,5"
2009,"GOMEZ IGUAL, ANNA",MANN FILTER ZARAGOZA,3,2,"1,5"
2009,"MONTAÑANA GIMENO, ANNA",CIUDAD ROS CASARES VALENCIA,6,4,"1,5"
2009,"GARCIA PIÑERO, MARIA BEGOÑA",RIVAS ECOPOLIS,3,2,"1,5"
2009,"DE SOUZA MACHADO, ERIKA CRISTINA",CIUDAD ROS CASARES VALENCIA,6,4,"1,5"
2009,"TORRENS SALOM, ALBA",PERFUMERIAS AVENIDA,5,4,"1,25"
2009,"BERMEJO MORENO, CLARA SUSANA",RIVAS ECOPOLIS,2,2,1
2009,"PODKOVALNIKOVA , OLGA",PERFUMERIAS AVENIDA,4,4,1
2009,"PALOMARES VALIENTE, PAULA",MANN FILTER ZARAGOZA,2,2,1
2009,"ROYO TORRES, MARIA ESTELA",MANN FILTER ZARAGOZA,2,2,1
2009,"AGUILAR LOPEZ , ELISA",CIUDAD ROS CASARES VALENCIA,4,4,1
2009,"PALAU ALTES, LAIA",CIUDAD ROS CASARES VALENCIA,4,4,1
2009,"LIMA GARCIA, CINDY ORQUIDEA",CIUDAD ROS CASARES VALENCIA,1,1,1
2009,"CRUZ LEBRATO, ANNA",RIVAS ECOPOLIS,2,2,1
2008,"VALDEMORO MADARIAGA, AMAYA",CIUDAD ROS CASARES,17,4,"4,25"
2008,"MURPHY, ESHAYA MARIE",CB FEVE SAN JOSÉ,7,2,"3,5"
2008,"WILLINGHAM, LE`COE LOUISE",PERFUMERIAS AVENIDA,15,5,3
2008,"MONTAÑANA GIMENO, ANNA",CIUDAD ROS CASARES,12,4,3
2008,"SNOW, MICHELLE",PERFUMERIAS AVENIDA,14,5,"2,8"
2008,"THORBURN, SHONA LOUISE",CB FEVE SAN JOSÉ,5,2,"2,5"
2008,"REVUELTO SÁNCHEZ-AGUILERA, MARIA",CB FEVE SAN JOSÉ,5,2,"2,5"
2008,"DUBLJEVIC, JELENA",RIVAS ECÓPOLIS,7,3,"2,33"
2008,"BERMEJO MORENO, CLARA SUSANA",RIVAS ECÓPOLIS,7,3,"2,33"
2008,"VESELA, JANA",CIUDAD ROS CASARES,9,4,"2,25"
2008,"PINA TOLOSA, MARIA",CB FEVE SAN JOSÉ,4,2,2
2008,"MILTON, DELISHA LACHELL",CIUDAD ROS CASARES,8,4,2
2008,"BUTLER, KIMBERLY JOY",CB FEVE SAN JOSÉ,4,2,2
2008,"ALAÑA SEGURA, SHEILA",PERFUMERIAS AVENIDA,2,1,2
2008,"PASCUA SUAREZ, MARÍA LUCILA",CB FEVE SAN JOSÉ,4,2,2
2008,"DOMINGUEZ FERNANDEZ, SILVIA",PERFUMERIAS AVENIDA,9,5,"1,8"
2008,"SANCHEZ FERNANDEZ, ISABEL",PERFUMERIAS AVENIDA,9,5,"1,8"
2008,"PALAU ALTES, LAIA",CIUDAD ROS CASARES,7,4,"1,75"
2008,"MONDT, ANKE DE",PERFUMERIAS AVENIDA,8,5,"1,6"
2008,"ROVIRA RODRIGUEZ, MARIA DEL MAR",PERFUMERIAS AVENIDA,8,5,"1,6"
2008,"TORNIKIDOU TORNIKIDOU, ELENA",CIUDAD ROS CASARES,3,2,"1,5"
2008,"WIGGINS, CANDICE DANA",CIUDAD ROS CASARES,6,4,"1,5"
2008,"LIMA GARCIA, CINDY ORQUIDEA",CB FEVE SAN JOSÉ,3,2,"1,5"
2008,"STAMPALIJA, PETRA",PERFUMERIAS AVENIDA,7,5,"1,4"
2008,"RILEY, RUTH ELLEN",RIVAS ECÓPOLIS,4,3,"1,33"
2008,"DE SOUZA MACHADO, ERIKA CRISTINA",CIUDAD ROS CASARES,5,4,"1,25"
2008,"ABALDE DIAZ, TAMARA",RIVAS ECÓPOLIS,3,3,1
2008,"AGUILAR LOPEZ , ELISA",CIUDAD ROS CASARES,4,4,1
2008,"ARGÜELLO CUENCA, PATRICIA",CB FEVE SAN JOSÉ,2,2,1
2008,"BASKO , GUNTA",PERFUMERIAS AVENIDA,4,5,"0,8"
2008,"VALDEMORO MADARIAGA, AMAYA",CIUDAD ROS CASARES,17,4,"4,25"
2008,"MURPHY, ESHAYA MARIE",CB FEVE SAN JOSÉ,7,2,"3,5"
2008,"WILLINGHAM, LE`COE LOUISE",PERFUMERIAS AVENIDA,15,5,3
2008,"MONTAÑANA GIMENO, ANNA",CIUDAD ROS CASARES,12,4,3
2008,"SNOW, MICHELLE",PERFUMERIAS AVENIDA,14,5,"2,8"
2008,"THORBURN, SHONA LOUISE",CB FEVE SAN JOSÉ,5,2,"2,5"
2008,"REVUELTO SÁNCHEZ-AGUILERA, MARIA",CB FEVE SAN JOSÉ,5,2,"2,5"
2008,"DUBLJEVIC, JELENA",RIVAS ECÓPOLIS,7,3,"2,33"
2008,"BERMEJO MORENO, CLARA SUSANA",RIVAS ECÓPOLIS,7,3,"2,33"
2008,"VESELA, JANA",CIUDAD ROS CASARES,9,4,"2,25"
2008,"PINA TOLOSA, MARIA",CB FEVE SAN JOSÉ,4,2,2
2008,"MILTON, DELISHA LACHELL",CIUDAD ROS CASARES,8,4,2
2008,"BUTLER, KIMBERLY JOY",CB FEVE SAN JOSÉ,4,2,2
2008,"ALAÑA SEGURA, SHEILA",PERFUMERIAS AVENIDA,2,1,2
2008,"PASCUA SUAREZ, MARÍA LUCILA",CB FEVE SAN JOSÉ,4,2,2
2008,"DOMINGUEZ FERNANDEZ, SILVIA",PERFUMERIAS AVENIDA,9,5,"1,8"
2008,"SANCHEZ FERNANDEZ, ISABEL",PERFUMERIAS AVENIDA,9,5,"1,8"
2008,"PALAU ALTES, LAIA",CIUDAD ROS CASARES,7,4,"1,75"
2008,"MONDT, ANKE DE",PERFUMERIAS AVENIDA,8,5,"1,6"
2008,"ROVIRA RODRIGUEZ, MARIA DEL MAR",PERFUMERIAS AVENIDA,8,5,"1,6"
2008,"TORNIKIDOU TORNIKIDOU, ELENA",CIUDAD ROS CASARES,3,2,"1,5"
2008,"WIGGINS, CANDICE DANA",CIUDAD ROS CASARES,6,4,"1,5"
2008,"LIMA GARCIA, CINDY ORQUIDEA",CB FEVE SAN JOSÉ,3,2,"1,5"
2008,"STAMPALIJA, PETRA",PERFUMERIAS AVENIDA,7,5,"1,4"
2008,"RILEY, RUTH ELLEN",RIVAS ECÓPOLIS,4,3,"1,33"
2008,"DE SOUZA MACHADO, ERIKA CRISTINA",CIUDAD ROS CASARES,5,4,"1,25"
2008,"ABALDE DIAZ, TAMARA",RIVAS ECÓPOLIS,3,3,1
2008,"AGUILAR LOPEZ , ELISA",CIUDAD ROS CASARES,4,4,1
2008,"ARGÜELLO CUENCA, PATRICIA",CB FEVE SAN JOSÉ,2,2,1
2008,"BASKO , GUNTA",PERFUMERIAS AVENIDA,4,5,"0,8"
2007,"COHEN, LIRON",CLUB BALONCESTO SAN JOSÉ,12,2,6
2007,"MORALES MARTIN, SILVIA",EBE PROMOCIONES SANTA EULALIAI,12,3,4
2007,"MONTAÑANA GIMENO, ANNA",PERFUMERIAS AVENIDA,23,6,"3,83"
2007,"LYTTLE LYTTLE, SANCHO TRACY CONSTANCE",EBE PROMOCIONES SANTA EULALIAI,11,3,"3,67"
2007,"MILTON, DELISHA LACHELL",C. ROS CASARES VALENCIA,18,5,"3,6"
2007,"GOMEZ IGUAL, ANNA",CLUB BALONCESTO SAN JOSÉ,3,1,3
2007,"DOUGLAS, KATHRYN",C. ROS CASARES VALENCIA,13,5,"2,6"
2007,"BERMEJO MORENO, CLARA SUSANA",PERFUMERIAS AVENIDA,15,6,"2,5"
2007,"TORNIKIDOU TORNIKIDOU, ELENA",C. ROS CASARES VALENCIA,12,5,"2,4"
2007,"MONDT, ANKE DE",PERFUMERIAS AVENIDA,12,6,2
2007,"PAGE, LINDA A. MURRIEL",CLUB BALONCESTO SAN JOSÉ,4,2,2
2007,"THORBURN, SHONA LOUISE",EBE PROMOCIONES SANTA EULALIAI,6,3,2
2007,"FEASTER, ALISON",CLUB BALONCESTO SAN JOSÉ,4,2,2
2007,"MATIC , IVANKA",PERFUMERIAS AVENIDA,11,6,"1,83"
2007,"MALTSI, EVANTHIA",C. ROS CASARES VALENCIA,9,5,"1,8"
2007,"LILJESTRAND, THYRA LINNEA",EBE PROMOCIONES SANTA EULALIAI,5,3,"1,67"
2007,"SANCHEZ FERNANDEZ, ISABEL",PERFUMERIAS AVENIDA,10,6,"1,67"
2007,"LIMA GARCIA, CINDY ORQUIDEA",CLUB BALONCESTO SAN JOSÉ,3,2,"1,5"
2007,"PASCUA SUAREZ, MARÍA LUCILA",CLUB BALONCESTO SAN JOSÉ,3,2,"1,5"
2007,"BATTLE , ASHLEY MICHELLE",CLUB BALONCESTO SAN JOSÉ,3,2,"1,5"
2007,"AGUILAR LOPEZ , ELISA",C. ROS CASARES VALENCIA,7,5,"1,4"
2007,"FERRAGUT CASTILLO, MARINA",C. ROS CASARES VALENCIA,7,5,"1,4"
2007,"PALAU ALTES, LAIA",C. ROS CASARES VALENCIA,7,5,"1,4"
2007,"DE SOUZA MACHADO, ERIKA CRISTINA",C. ROS CASARES VALENCIA,7,5,"1,4"
2007,"RASMUSSEN, KRISTEN",EBE PROMOCIONES SANTA EULALIAI,4,3,"1,33"
2007,"PONS MOLINA, INGRID",EBE PROMOCIONES SANTA EULALIAI,4,3,"1,33"
2007,"REID, TRACY LASHAWN",PERFUMERIAS AVENIDA,7,6,"1,17"
2007,"SANTOS DE OLIVEIRA, ALESSANDRA",PERFUMERIAS AVENIDA,2,2,1
2007,"NAVARRO SALLES, LAURA",EBE PROMOCIONES SANTA EULALIAI,3,3,1
2007,"SEGUI CARLES, PAULA",CLUB BALONCESTO SAN JOSÉ,2,2,1
2007,"COHEN, LIRON",CLUB BALONCESTO SAN JOSÉ,12,2,6
2007,"MORALES MARTIN, SILVIA",EBE PROMOCIONES SANTA EULALIAI,12,3,4
2007,"MONTAÑANA GIMENO, ANNA",PERFUMERIAS AVENIDA,23,6,"3,83"
2007,"LYTTLE LYTTLE, SANCHO TRACY CONSTANCE",EBE PROMOCIONES SANTA EULALIAI,11,3,"3,67"
2007,"MILTON, DELISHA LACHELL",C. ROS CASARES VALENCIA,18,5,"3,6"
2007,"GOMEZ IGUAL, ANNA",CLUB BALONCESTO SAN JOSÉ,3,1,3
2007,"DOUGLAS, KATHRYN",C. ROS CASARES VALENCIA,13,5,"2,6"
2007,"BERMEJO MORENO, CLARA SUSANA",PERFUMERIAS AVENIDA,15,6,"2,5"
2007,"TORNIKIDOU TORNIKIDOU, ELENA",C. ROS CASARES VALENCIA,12,5,"2,4"
2007,"MONDT, ANKE DE",PERFUMERIAS AVENIDA,12,6,2
2007,"PAGE, LINDA A. MURRIEL",CLUB BALONCESTO SAN JOSÉ,4,2,2
2007,"THORBURN, SHONA LOUISE",EBE PROMOCIONES SANTA EULALIAI,6,3,2
2007,"FEASTER, ALISON",CLUB BALONCESTO SAN JOSÉ,4,2,2
2007,"MATIC , IVANKA",PERFUMERIAS AVENIDA,11,6,"1,83"
2007,"MALTSI, EVANTHIA",C. ROS CASARES VALENCIA,9,5,"1,8"
2007,"LILJESTRAND, THYRA LINNEA",EBE PROMOCIONES SANTA EULALIAI,5,3,"1,67"
2007,"SANCHEZ FERNANDEZ, ISABEL",PERFUMERIAS AVENIDA,10,6,"1,67"
2007,"LIMA GARCIA, CINDY ORQUIDEA",CLUB BALONCESTO SAN JOSÉ,3,2,"1,5"
2007,"PASCUA SUAREZ, MARÍA LUCILA",CLUB BALONCESTO SAN JOSÉ,3,2,"1,5"
2007,"BATTLE , ASHLEY MICHELLE",CLUB BALONCESTO SAN JOSÉ,3,2,"1,5"
2007,"AGUILAR LOPEZ , ELISA",C. ROS CASARES VALENCIA,7,5,"1,4"
2007,"FERRAGUT CASTILLO, MARINA",C. ROS CASARES VALENCIA,7,5,"1,4"
2007,"PALAU ALTES, LAIA",C. ROS CASARES VALENCIA,7,5,"1,4"
2007,"DE SOUZA MACHADO, ERIKA CRISTINA",C. ROS CASARES VALENCIA,7,5,"1,4"
2007,"RASMUSSEN, KRISTEN",EBE PROMOCIONES SANTA EULALIAI,4,3,"1,33"
2007,"PONS MOLINA, INGRID",EBE PROMOCIONES SANTA EULALIAI,4,3,"1,33"
2007,"REID, TRACY LASHAWN",PERFUMERIAS AVENIDA,7,6,"1,17"
2007,"SANTOS DE OLIVEIRA, ALESSANDRA",PERFUMERIAS AVENIDA,2,2,1
2007,"NAVARRO SALLES, LAURA",EBE PROMOCIONES SANTA EULALIAI,3,3,1
2007,"SEGUI CARLES, PAULA",CLUB BALONCESTO SAN JOSÉ,2,2,1
2006,"ROVIRA RODRIGUEZ, MARIA DEL MAR",ACIS INCOSA LEON,11,2,"5,5"
2006,"SANCHEZ FERNANDEZ, ISABEL",ACIS INCOSA LEON,8,2,4
2006,"MONDT, ANKE DE",ARRANZ-JOPISA BURGOS,16,4,4
2006,"PELAEZ SAN GIL, LOURDES",HONDARRIBIA-IRÚN,7,2,"3,5"
2006,"ARDON, LESLIE",EXTRUGASA,7,2,"3,5"
2006,"CASTRO MARQUES, IZIANE",HONDARRIBIA-IRÚN,7,2,"3,5"
2006,"BATTLE , ASHLEY MICHELLE",GRAN CANARIA,7,2,"3,5"
2006,"MILTON, DELISHA LACHELL",C. ROS CASARES VALENCIA,30,10,3
2006,"MUJANOVIC, RAZIJA",HONDARRIBIA-IRÚN,6,2,3
2006,"ANTOJA ROVIRA, LAURA",HONDARRIBIA-IRÚN,6,2,3
2006,"MUSOVIC, MILJANA",UB F.C BARCELONA,14,5,"2,8"
2006,"ZURRO ALFONSO, MARTA",ARRANZ-JOPISA BURGOS,11,4,"2,75"
2006,"SCHUMACHER, KELLY MARIE",UB F.C BARCELONA,13,5,"2,6"
2006,"FEASTER, ALISON",C. ROS CASARES VALENCIA,26,10,"2,6"
2006,"ALAMO GONZALEZ, ELENA",GRAN CANARIA,5,2,"2,5"
2006,"TORNIKIDOU TORNIKIDOU, ELENA",C. ROS CASARES VALENCIA,24,10,"2,4"
2006,"BERMEJO MORENO, CLARA SUSANA",PERFUMERIAS AVENIDA,21,9,"2,33"
2006,"WILLIAMS, ADRIAN DENISE",PERFUMERIAS AVENIDA,21,9,"2,33"
2006,"GERMAN VELASCO, ICIAR",ARRANZ-JOPISA BURGOS,9,4,"2,25"
2006,"POWELL, NICOLE KRISTEN",PERFUMERIAS AVENIDA,20,9,"2,22"
2006,"TAMANE, ZANE",UB F.C BARCELONA,11,5,"2,2"
2006,"WYCKOFF, BROOKE ELIZABETH",GRAN CANARIA,4,2,2
2006,"HILL, JOANNE KAY",EXTRUGASA,4,2,2
2006,"REID, TRACY LASHAWN",ACIS INCOSA LEON,4,2,2
2006,"PASCUA SUAREZ, MARÍA LUCILA",ACIS INCOSA LEON,4,2,2
2006,"PIIPARI, REETTA SINIKKA KARINE",EXTRUGASA,4,2,2
2006,"DA SILVA SANTOS, KELLY",ACIS INCOSA LEON,4,2,2
2006,"GALLEGO VICARIO, SANDRA",UB F.C BARCELONA,9,5,"1,8"
2006,"CRUZ LEBRATO, ANNA",ARRANZ-JOPISA BURGOS,7,4,"1,75"
2006,"CIOCAN, PAULA CRISTINA",ARRANZ-JOPISA BURGOS,7,4,"1,75"
2006,"LAAKSONEN, NIINA KAROLINA",GRAN CANARIA,1,2,"0,5"
2006,"HERRERA AREVALO, MIRIAM",EXTRUGASA,1,2,"0,5"
2006,"GOMEZ SANDO, GERTRUDIS",EXTRUGASA,1,2,"0,5"
2006,"VILLAR FERNANDEZ, IRIA",ARRANZ-JOPISA BURGOS,2,4,"0,5"
2006,"CAMPS COLLELL, LAURA",PERFUMERIAS AVENIDA,4,9,"0,44"
2006,"JANSONE, LIENE",PERFUMERIAS AVENIDA,4,9,"0,44"
2006,"BENET EDO, PATRICIA",C. ROS CASARES VALENCIA,1,3,"0,33"
2006,"KNEZEVIC, ADRIJANA",PERFUMERIAS AVENIDA,1,4,"0,25"
2006,"ASURMENDI VILLAVERDE, MARIA DEL CARMEN",ARRANZ-JOPISA BURGOS,1,4,"0,25"
2006,"LAAKSONEN, NIINA KAROLINA",GRAN CANARIA,1,2,"0,5"
2006,"HERRERA AREVALO, MIRIAM",EXTRUGASA,1,2,"0,5"
2006,"GOMEZ SANDO, GERTRUDIS",EXTRUGASA,1,2,"0,5"
2006,"VILLAR FERNANDEZ, IRIA",ARRANZ-JOPISA BURGOS,2,4,"0,5"
2006,"CAMPS COLLELL, LAURA",PERFUMERIAS AVENIDA,4,9,"0,44"
2006,"JANSONE, LIENE",PERFUMERIAS AVENIDA,4,9,"0,44"
2006,"BENET EDO, PATRICIA",C. ROS CASARES VALENCIA,1,3,"0,33"
2006,"KNEZEVIC, ADRIJANA",PERFUMERIAS AVENIDA,1,4,"0,25"
2006,"ASURMENDI VILLAVERDE, MARIA DEL CARMEN",ARRANZ-JOPISA BURGOS,1,4,"0,25"
2005,"DONAIRE MALAGELADA, ELSA",UB F.C BARCELONA,1,2,"0,5"
2005,"DYDEK, MARTA KRYSTYNA",USP CEU - ADECCO ESTUDIANTES,1,2,"0,5"
2005,"DONAIRE MALAGELADA, ELSA",UB F.C BARCELONA,1,2,"0,5"
2005,"DYDEK, MARTA KRYSTYNA",USP CEU - ADECCO ESTUDIANTES,1,2,"0,5"
2005,"DONAIRE MALAGELADA, ELSA",UB F.C BARCELONA,1,2,"0,5"
2005,"DYDEK, MARTA KRYSTYNA",USP CEU - ADECCO ESTUDIANTES,1,2,"0,5"
2004,"CAMPS COLLELL, LAURA",PERFUMERIAS AVENIDA,43,24,"1,79"
2004,"NNINDJEM, AGATHE RACHEL",ROS CASARES VALENCIA,23,13,"1,77"
2004,"BARLIN, NINA ELISABETH",YAYA MARIA BREOGAN,23,13,"1,77"
2004,"HERNANDEZ ESTEBAN, SILVIA",MOTIVA REAL CANOE N.C.,44,25,"1,76"
2004,"KIRETA, SONJA",ROS CASARES VALENCIA,30,17,"1,76"
2004,"KÜHN, KATHARINA CHARLOTTA",ACIS-SUFI LEON,45,26,"1,73"
2004,"HERMOUET, EMMANUELLE",PERFUMERIAS AVENIDA,41,25,"1,64"
2004,"RASMUSSEN, KRISTEN",MANN FILTER ZARAGOZA,41,25,"1,64"
2004,"BOONEN, DANA MONIQUE LOUIS",EXTRUGASA,42,26,"1,62"
2004,"BENNINGFIELD, JENNIFER ANN",USP CEU - ADECCO ESTUDIANTES,42,26,"1,62"
2004,"BJORKLUND, JOHANNA HELENA",PERFUMERIAS AVENIDA,21,13,"1,62"
2004,"GOMEZ IGUAL, ANNA",C.B. PUIG D`EN VALLS SANTA EUL,41,26,"1,58"
2004,"MONTESDEOCA LOPEZ, EVA",CAJACANARIAS,41,26,"1,58"
2004,"SALGADO SANCHEZ, IRENE",YAYA MARIA BREOGAN,38,24,"1,58"
2004,"BERTAL, GERALDINE MARIE ROSE",ARRANZ - JOPISA BURGOS,36,23,"1,57"
2004,"GERMAN VELASCO, ICIAR",YAYA MARIA BREOGAN,36,23,"1,57"
2004,"SANCHEZ MUÑOZ, ALICIA",USP CEU - ADECCO ESTUDIANTES,31,20,"1,55"
2004,"GOMEZ FERREIROS, SARA",EXTRUGASA,40,26,"1,54"
2004,"ZIMERLE, ANNA",ROS CASARES VALENCIA,38,25,"1,52"
2004,"SANTOS LUZ, HELEN CRISTINA",UNIVERSITAT DE BARCELONA - F.C,39,26,"1,5"
2004,"PONS MOLINA, INGRID",UNIVERSITAT DE BARCELONA - F.C,39,26,"1,5"
2004,"XANTAL SERRET, Mª DEL MAR",CAJACANARIAS,39,26,"1,5"
2004,"VALERO CEBRIAN, PILAR",MANN FILTER ZARAGOZA,28,19,"1,47"
2004,"TEMNIK, KATJA",C.B. PUIG D`EN VALLS SANTA EUL,38,26,"1,46"
2004,"VAN MALDEREN, LAURENCE",ACIS-SUFI LEON,19,13,"1,46"
2004,"JIMENEZ GALINDO, ANNA ISABEL",C.B. PUIG D`EN VALLS SANTA EUL,31,23,"1,35"
2004,"GILABERT AVANTE, MONTSERRAT",EXTRUGASA,33,25,"1,32"
2004,"POLLINI, CATARINA",ROS CASARES VALENCIA,22,17,"1,29"
2004,"REVUELTO SÁNCHEZ-AGUILERA, MARIA",REAL CLUB CELTA VIGOURBAN,33,26,"1,27"
2004,"GOMEZ IGLESIAS, REGINA",EXTRUGASA,30,24,"1,25"
2004,"CAMPS COLLELL, LAURA",PERFUMERIAS AVENIDA,43,24,"1,79"
2004,"NNINDJEM, AGATHE RACHEL",ROS CASARES VALENCIA,23,13,"1,77"
2004,"BARLIN, NINA ELISABETH",YAYA MARIA BREOGAN,23,13,"1,77"
2004,"HERNANDEZ ESTEBAN, SILVIA",MOTIVA REAL CANOE N.C.,44,25,"1,76"
2004,"KIRETA, SONJA",ROS CASARES VALENCIA,30,17,"1,76"
2004,"KÜHN, KATHARINA CHARLOTTA",ACIS-SUFI LEON,45,26,"1,73"
2004,"HERMOUET, EMMANUELLE",PERFUMERIAS AVENIDA,41,25,"1,64"
2004,"RASMUSSEN, KRISTEN",MANN FILTER ZARAGOZA,41,25,"1,64"
2004,"BOONEN, DANA MONIQUE LOUIS",EXTRUGASA,42,26,"1,62"
2004,"BENNINGFIELD, JENNIFER ANN",USP CEU - ADECCO ESTUDIANTES,42,26,"1,62"
2004,"BJORKLUND, JOHANNA HELENA",PERFUMERIAS AVENIDA,21,13,"1,62"
2004,"GOMEZ IGUAL, ANNA",C.B. PUIG D`EN VALLS SANTA EUL,41,26,"1,58"
2004,"MONTESDEOCA LOPEZ, EVA",CAJACANARIAS,41,26,"1,58"
2004,"SALGADO SANCHEZ, IRENE",YAYA MARIA BREOGAN,38,24,"1,58"
2004,"BERTAL, GERALDINE MARIE ROSE",ARRANZ - JOPISA BURGOS,36,23,"1,57"
2004,"GERMAN VELASCO, ICIAR",YAYA MARIA BREOGAN,36,23,"1,57"
2004,"SANCHEZ MUÑOZ, ALICIA",USP CEU - ADECCO ESTUDIANTES,31,20,"1,55"
2004,"GOMEZ FERREIROS, SARA",EXTRUGASA,40,26,"1,54"
2004,"ZIMERLE, ANNA",ROS CASARES VALENCIA,38,25,"1,52"
2004,"SANTOS LUZ, HELEN CRISTINA",UNIVERSITAT DE BARCELONA - F.C,39,26,"1,5"
2004,"PONS MOLINA, INGRID",UNIVERSITAT DE BARCELONA - F.C,39,26,"1,5"
2004,"XANTAL SERRET, Mª DEL MAR",CAJACANARIAS,39,26,"1,5"
2004,"VALERO CEBRIAN, PILAR",MANN FILTER ZARAGOZA,28,19,"1,47"
2004,"TEMNIK, KATJA",C.B. PUIG D`EN VALLS SANTA EUL,38,26,"1,46"
2004,"VAN MALDEREN, LAURENCE",ACIS-SUFI LEON,19,13,"1,46"
2004,"JIMENEZ GALINDO, ANNA ISABEL",C.B. PUIG D`EN VALLS SANTA EUL,31,23,"1,35"
2004,"GILABERT AVANTE, MONTSERRAT",EXTRUGASA,33,25,"1,32"
2004,"POLLINI, CATARINA",ROS CASARES VALENCIA,22,17,"1,29"
2004,"REVUELTO SÁNCHEZ-AGUILERA, MARIA",REAL CLUB CELTA VIGOURBAN,33,26,"1,27"
2004,"GOMEZ IGLESIAS, REGINA",EXTRUGASA,30,24,"1,25"
2004,"BERGERON, EMMANUELLE SARAH SOPHIE",ARRANZ - JOPISA BURGOS,28,23,"1,22"
2004,"GINES GONZALEZ, MARTA",ARRANZ - JOPISA BURGOS,29,24,"1,21"
2004,"ANTON LOPEZ, MONTSERRAT",USP CEU - ADECCO ESTUDIANTES,29,24,"1,21"
2004,"GARCIA TORRES, CRISTINA",UNIVERSITAT DE BARCELONA - F.C,30,25,"1,2"
2004,"GARCIA MATA, GEMA",REAL CLUB CELTA VIGOURBAN,31,26,"1,19"
2004,"JORDANA BOFILL, NOEMI",ROS CASARES VALENCIA,31,26,"1,19"
2004,"PEREZ CAPARROS, ROSA",USP CEU - ADECCO ESTUDIANTES,31,26,"1,19"
2004,"MARCOS BENITO, BLANCA",PERFUMERIAS AVENIDA,29,25,"1,16"
2004,"ARDON, LESLIE",ACIS-SUFI LEON,15,13,"1,15"
2004,"BROSOVSZKY, MONIKA IZABELLA",CAJACANARIAS,28,26,"1,08"
2004,"ROYO TORRES, MARIA ESTELA",MANN FILTER ZARAGOZA,25,25,1
2004,"LLAMAS PAJUELO, MARIA NIEVES",PERFUMERIAS AVENIDA,20,20,1
2004,"SEGUI CARLES, PAULA",UNIVERSITAT DE BARCELONA - F.C,24,24,1
2004,"LAAKSONEN, JENNI JANITA",C.B. PUIG D`EN VALLS SANTA EUL,25,26,"0,96"
2004,"GARCÍA SALINERO, LAURA",MOTIVA REAL CANOE N.C.,24,25,"0,96"
2004,"FORNS ESCUDE, NURIA",USP CEU - ADECCO ESTUDIANTES,24,25,"0,96"
2004,"MARTIN MERINO, BLANCA",YAYA MARIA BREOGAN,17,18,"0,94"
2004,"ANTOJA ROVIRA, LAURA",UNIVERSITAT DE BARCELONA - F.C,22,24,"0,92"
2004,"ARAMBURU GARAYALDE, LEIRE",HONDARRIBIA - IRÚN,23,25,"0,92"
2004,"CASTRILLO VILLANUEVA, SARA",ACIS-SUFI LEON,17,20,"0,85"
2004,"YGUERAVIDE VIANA, SANDRA",PERFUMERIAS AVENIDA,21,25,"0,84"
2004,"DELGADO DIAZ-GUEMES, RAQUEL",HONDARRIBIA - IRÚN,20,25,"0,8"
2004,"VILLAR FERNANDEZ, IRIA",C.B. PUIG D`EN VALLS SANTA EUL,20,26,"0,77"
2004,"ALAÑA SEGURA, SHEILA",REAL CLUB CELTA VIGOURBAN,12,16,"0,75"
2004,"HAJDUNE CSASZAR, ANDREA",HONDARRIBIA - IRÚN,18,25,"0,72"
2004,"DENTI MUNTANE, AINA",EXTRUGASA,15,21,"0,71"
2004,"FERRER PEREZ, ESTELA ROSA",ACIS-SUFI LEON,15,21,"0,71"
2004,"PARDO VAZQUEZ, MARIA DEL CARMEN",USP CEU - ADECCO ESTUDIANTES,9,15,"0,6"
2004,"QUINTERO CASTELLANO, THANIA",HONDARRIBIA - IRÚN,13,24,"0,54"
2004,"CRUZ LEBRATO, ANNA",UNIVERSITAT DE BARCELONA - F.C,8,16,"0,5"
2004,"BARRANCO CASTILLO, ROSA MARIA",MANN FILTER ZARAGOZA,8,17,"0,47"
2004,"BOLEDA COLET, ANNA",ACIS-SUFI LEON,8,18,"0,44"
2004,"HERRERA AREVALO, MIRIAM",EXTRUGASA,9,23,"0,39"
2004,"RAMIRO DIAZ, NURIA MARIA",ACIS-SUFI LEON,7,21,"0,33"
2004,"BARRANCO CASTILLO, ROSA MARIA",MANN FILTER ZARAGOZA,8,17,"0,47"
2004,"BOLEDA COLET, ANNA",ACIS-SUFI LEON,8,18,"0,44"
2004,"HERRERA AREVALO, MIRIAM",EXTRUGASA,9,23,"0,39"
2004,"RAMIRO DIAZ, NURIA MARIA",ACIS-SUFI LEON,7,21,"0,33"
2003,"MARTINEZ PRAT, NURIA",PERFUMERIAS AVENIDA,14,3,"4,67"
2003,"HAMCHETOU, MAIGA",YAYA MARIA BREOGAN,23,5,"4,6"
2003,"BLANCO BERNAL, SONIA",USP CEU - ADECCO ESTUDIANTES,8,2,4
2003,"WYCKOFF, BROOKE ELIZABETH",MANN FILTER ZARAGOZA,8,2,4
2003,"---, MURRIEL",P.C. MENDIBIL,16,4,4
2003,"TORNIKIDOU TORNIKIDOU, ELENA",P.C. MENDIBIL,15,4,"3,75"
2003,"TUUKKANEN, TARU TELLERVO",PERFUMERIAS AVENIDA,10,3,"3,33"
2003,"BERTHIEU, LUCCIENNE CLAUDINE",ROS CASARES VALENCIA,13,4,"3,25"
2003,"GOMEZ NOVO, MARIA ARANZAZU",YAYA MARIA BREOGAN,16,5,"3,2"
2003,"VALERO CEBRIAN, PILAR",MANN FILTER ZARAGOZA,6,2,3
2003,"GARCIA PIÑERO, MARIA BEGOÑA",MANN FILTER ZARAGOZA,6,2,3
2003,"HERNANDEZ ESTEBAN, SILVIA",USP CEU - ADECCO ESTUDIANTES,6,2,3
2003,"YGUERAVIDE VIANA, SANDRA",ROS CASARES VALENCIA,3,1,3
2003,"STOCKS, TAMARA CELESTE",P.C. MENDIBIL,11,4,"2,75"
2003,"DE SOUZA MACHADO, ERIKA CRISTINA",UNIVERSITAT DE BARCELONA - F.C,11,4,"2,75"
2003,"FALLON, TRISHA NICOLE",ROS CASARES VALENCIA,11,4,"2,75"
2003,"ARAMBURU GARAYALDE, LEIRE",P.C. MENDIBIL,10,4,"2,5"
2003,"LIMA GARCIA, CINDY ORQUIDEA",REAL CLUB CELTA BANCO SIMEON,5,2,"2,5"
2003,"NOLAN, DEANNA NICOLE",MANN FILTER ZARAGOZA,5,2,"2,5"
2003,"PODRUG, EMILIJA",REAL CLUB CELTA BANCO SIMEON,5,2,"2,5"
2003,"HOLLAND CORN, KEDRA",ROS CASARES VALENCIA,10,4,"2,5"
2003,"CANTERO OSTOS, CRISTINA",REAL CLUB CELTA BANCO SIMEON,5,2,"2,5"
2003,"CEBRIAN SCHEURER, ELISABET",USP CEU - ADECCO ESTUDIANTES,5,2,"2,5"
2003,"GALLEGO VICARIO, SANDRA",UNIVERSITAT DE BARCELONA - F.C,9,4,"2,25"
2003,"SANCHEZ FERNANDEZ, ISABEL",UNIVERSITAT DE BARCELONA - F.C,9,4,"2,25"
2003,"CUNNINGHAN, DAVALYN",YAYA MARIA BREOGAN,10,5,2
2003,"CARRERA PEREZ, ANDREA",REAL CLUB CELTA BANCO SIMEON,2,1,2
2003,"JUANES HERNANDEZ, YOLANDA",PERFUMERIAS AVENIDA,4,2,2
2003,"FERRAGUT CASTILLO, MARINA",PERFUMERIAS AVENIDA,6,3,2
2003,"PALOMARES VALIENTE, PAULA",USP CEU - ADECCO ESTUDIANTES,4,2,2
2003,"NAVARRO LLORCA, CANDIDA",P.C. MENDIBIL,3,4,"0,75"
2003,"ROVIRA RODRIGUEZ, MARIA DEL MAR",UNIVERSITAT DE BARCELONA - F.C,1,4,"0,25"
2003,"AGUILAR LOPEZ , ELISA",ROS CASARES VALENCIA,1,4,"0,25"
2003,"NAVARRO LLORCA, CANDIDA",P.C. MENDIBIL,3,4,"0,75"
2003,"ROVIRA RODRIGUEZ, MARIA DEL MAR",UNIVERSITAT DE BARCELONA - F.C,1,4,"0,25"
2003,"AGUILAR LOPEZ , ELISA",ROS CASARES VALENCIA,1,4,"0,25"
2002,"CALVO VERA, ARANTXA",FILTROS MANN ZARAGOZA,8,4,2
2002,"BOLEDA COLET, ANNA",C.B. PUIG D`EN VALLS SANTA EUL,4,2,2
2002,"SMITH, TANGELA NICOLE",ROS CASARES VALENCIA,8,4,2
2002,"CANTERO OSTOS, CRISTINA",REAL CLUB CELTA BANCO SIMEON,4,2,2
2002,"CONGREAVES, ANDREA FIONA",UNIVERSITAT DE BARCELONA - F.C,8,4,2
2002,"CHRISTOFORAKIS, ATHENA",PERFUMERIAS AVENIDA,4,2,2
2002,"ERB, SUMMER ELISABETH",CAJA RURAL DE CANARIAS,7,4,"1,75"
2002,"GESTEIRA FERNANDEZ, LIDIA",PERFUMERIAS AVENIDA,3,2,"1,5"
2002,"ALAÑA SEGURA, SHEILA",C.B. CIUDAD DE BURGOS,3,2,"1,5"
2002,"XANTAL SERRET, Mª DEL MAR",C.B. CIUDAD DE BURGOS,3,2,"1,5"
2002,"VALERO CEBRIAN, PILAR",C.B. CIUDAD DE BURGOS,3,2,"1,5"
2002,"MORALES MARTIN, SILVIA",C.B. PUIG D`EN VALLS SANTA EUL,3,2,"1,5"
2002,"FERRAGUT CASTILLO, MARINA",FILTROS MANN ZARAGOZA,6,4,"1,5"
2002,"SANTOS LUZ, HELEN CRISTINA",FILTROS MANN ZARAGOZA,5,4,"1,25"
2002,"MORRO LOPEZ, SARA",C.B. PUIG D`EN VALLS SANTA EUL,1,1,1
2002,"HLEDE, KORALJKA",PERFUMERIAS AVENIDA,2,2,1
2002,"PONS MOLINA, INGRID",ROS CASARES VALENCIA,4,4,1
2002,"SEGUI CARLES, PAULA",UNIVERSITAT DE BARCELONA - F.C,4,4,1
2002,"LIMA GARCIA, CINDY ORQUIDEA",REAL CLUB CELTA BANCO SIMEON,2,2,1
2002,"MORENO MELIAN, ARMINDA",PERFUMERIAS AVENIDA,2,2,1
2002,"FALLON, TRISHA NICOLE",ROS CASARES VALENCIA,4,4,1
2002,"AGUILAR LOPEZ , ELISA",ROS CASARES VALENCIA,4,4,1
2002,"MARTINEZ PRAT, NURIA",UNIVERSITAT DE BARCELONA - F.C,3,4,"0,75"
2002,"QUINTERO CASTELLANO, THANIA",CAJA RURAL DE CANARIAS,2,3,"0,67"
2002,"---, POLIMIA",C.B. PUIG D`EN VALLS SANTA EUL,1,2,"0,5"
2002,"SECO SALVADOR, TERESA",FILTROS MANN ZARAGOZA,2,4,"0,5"
2002,"KLEINDIENST, TERESA",C.B. CIUDAD DE BURGOS,1,2,"0,5"
2002,"MERCADAL ESCOLANO, PAOLA",FILTROS MANN ZARAGOZA,1,3,"0,33"
2002,"MIRCHANDANI VILLAR, LIDIA",ROS CASARES VALENCIA,1,4,"0,25"
2002,"CALVO VERA, ARANTXA",FILTROS MANN ZARAGOZA,8,4,2
2002,"BOLEDA COLET, ANNA",C.B. PUIG D`EN VALLS SANTA EUL,4,2,2
2002,"SMITH, TANGELA NICOLE",ROS CASARES VALENCIA,8,4,2
2002,"CANTERO OSTOS, CRISTINA",REAL CLUB CELTA BANCO SIMEON,4,2,2
2002,"CONGREAVES, ANDREA FIONA",UNIVERSITAT DE BARCELONA - F.C,8,4,2
2002,"CHRISTOFORAKIS, ATHENA",PERFUMERIAS AVENIDA,4,2,2
2002,"ERB, SUMMER ELISABETH",CAJA RURAL DE CANARIAS,7,4,"1,75"
2002,"GESTEIRA FERNANDEZ, LIDIA",PERFUMERIAS AVENIDA,3,2,"1,5"
2002,"ALAÑA SEGURA, SHEILA",C.B. CIUDAD DE BURGOS,3,2,"1,5"
2002,"XANTAL SERRET, Mª DEL MAR",C.B. CIUDAD DE BURGOS,3,2,"1,5"
2002,"VALERO CEBRIAN, PILAR",C.B. CIUDAD DE BURGOS,3,2,"1,5"
2002,"MORALES MARTIN, SILVIA",C.B. PUIG D`EN VALLS SANTA EUL,3,2,"1,5"
2002,"FERRAGUT CASTILLO, MARINA",FILTROS MANN ZARAGOZA,6,4,"1,5"
2002,"SANTOS LUZ, HELEN CRISTINA",FILTROS MANN ZARAGOZA,5,4,"1,25"
2002,"MORRO LOPEZ, SARA",C.B. PUIG D`EN VALLS SANTA EUL,1,1,1
2002,"HLEDE, KORALJKA",PERFUMERIAS AVENIDA,2,2,1
2002,"PONS MOLINA, INGRID",ROS CASARES VALENCIA,4,4,1
2002,"SEGUI CARLES, PAULA",UNIVERSITAT DE BARCELONA - F.C,4,4,1
2002,"LIMA GARCIA, CINDY ORQUIDEA",REAL CLUB CELTA BANCO SIMEON,2,2,1
2002,"MORENO MELIAN, ARMINDA",PERFUMERIAS AVENIDA,2,2,1
2002,"FALLON, TRISHA NICOLE",ROS CASARES VALENCIA,4,4,1
2002,"AGUILAR LOPEZ , ELISA",ROS CASARES VALENCIA,4,4,1
2002,"MARTINEZ PRAT, NURIA",UNIVERSITAT DE BARCELONA - F.C,3,4,"0,75"
2002,"QUINTERO CASTELLANO, THANIA",CAJA RURAL DE CANARIAS,2,3,"0,67"
2002,"---, POLIMIA",C.B. PUIG D`EN VALLS SANTA EUL,1,2,"0,5"
2002,"SECO SALVADOR, TERESA",FILTROS MANN ZARAGOZA,2,4,"0,5"
2002,"KLEINDIENST, TERESA",C.B. CIUDAD DE BURGOS,1,2,"0,5"
2002,"MERCADAL ESCOLANO, PAOLA",FILTROS MANN ZARAGOZA,1,3,"0,33"
2002,"MIRCHANDANI VILLAR, LIDIA",ROS CASARES VALENCIA,1,4,"0,25"
2001,"GARCIA PIÑERO, MARIA BEGOÑA",YAYA MARIA BREOGAN,4,2,2
2001,"PONS MOLINA, INGRID",ROS CASARES VALENCIA,10,5,2
2001,"FALLON, TRISHA NICOLE",ROS CASARES VALENCIA,10,5,2
2001,"CALVO VERA, ARANTXA",FILTROS MANN ZARAGOZA,7,4,"1,75"
2001,"---, MARTA",ROS CASARES VALENCIA,8,5,"1,6"
2001,"VALERO CEBRIAN, PILAR",REAL CLUB CELTA BANCO SIMEON,8,5,"1,6"
2001,"VALDEMORO MADARIAGA, AMAYA",ROS CASARES VALENCIA,8,5,"1,6"
2001,"MORALES MARTIN, SILVIA",CADI LA SEU D´URGELL,3,2,"1,5"
2001,"PIQUE SOLE, MERITXELL",CADI LA SEU D´URGELL,3,2,"1,5"
2001,"LONGIN, KORANA",UNIVERSITAT DE BARCELONA B.F.,6,4,"1,5"
2001,"JOHNSON, SHANNON REGINA",ROS CASARES VALENCIA,7,5,"1,4"
2001,"DA SILVA, KATIA",FILTROS MANN ZARAGOZA,7,5,"1,4"
2001,"CONGREAVES, ANDREA FIONA",CAJA RURAL DE CANARIAS,4,3,"1,33"
2001,"ASKAMP, MARLIES",ROS CASARES VALENCIA,6,5,"1,2"
2001,"PASCUA SUAREZ, MARÍA LUCILA",FILTROS MANN ZARAGOZA,6,5,"1,2"
2001,"PAGE, LINDA A. MURRIEL",ROS CASARES VALENCIA,5,5,1
2001,"JORDANA BOFILL, NOEMI",REAL CLUB CELTA BANCO SIMEON,5,5,1
2001,"PALAU ALTES, LAIA",UNIVERSITAT DE BARCELONA B.F.,4,4,1
2001,"CANTERO OSTOS, CRISTINA",FILTROS MANN ZARAGOZA,5,5,1
2001,"---, IZIANE CASTRO MARQUEZ",YAYA MARIA BREOGAN,2,2,1
2001,"FUNES MARTINEZ, CRISTINA",CADI LA SEU D´URGELL,1,1,1
2001,"BROWN, KIESHA LINDSAY",FILTROS MANN ZARAGOZA,3,3,1
2001,"ANTOJA ROVIRA, LAURA",CADI LA SEU D´URGELL,2,2,1
2001,"BEZOS MARTÍNEZ, EMMA",HALCON VIAJES,2,2,1
2001,"POLLINI, CATARINA",YAYA MARIA BREOGAN,2,2,1
2001,"LOPEZ VERDU, ALICIA",ROS CASARES VALENCIA,3,3,1
2001,"NAVARRETE TRUJILLO, MIREIA",REAL CLUB CELTA BANCO SIMEON,3,4,"0,75"
2001,"---, THANIA",CAJA RURAL DE CANARIAS,2,3,"0,67"
2001,"BOONEN, DANA MONIQUE LOUIS",ROS CASARES VALENCIA,2,3,"0,67"
2001,"ALAMO GONZALEZ, ELENA MARIA",CAJA RURAL DE CANARIAS,2,3,"0,67"
2001,"OWENS, SHANTIA AYONNA",CAJA RURAL DE CANARIAS,2,3,"0,67"
2001,"MIRCHANDANI VILLAR, LIDIA",ROS CASARES VALENCIA,3,5,"0,6"
2001,"JUANES HERNANDEZ, YOLANDA",HALCON VIAJES,1,2,"0,5"
2001,"GESTEIRA FERNANDEZ, LIDIA",ROS CASARES VALENCIA,2,4,"0,5"
2001,"GOMEZ NOVO, MARIA ARANZAZU",YAYA MARIA BREOGAN,1,2,"0,5"
2001,"VILLAR FERNANDEZ, IRIA",REAL CLUB CELTA BANCO SIMEON,2,5,"0,4"
2001,"OWENS, SHANTIA AYONNA",CAJA RURAL DE CANARIAS,2,3,"0,67"
2001,"MIRCHANDANI VILLAR, LIDIA",ROS CASARES VALENCIA,3,5,"0,6"
2001,"JUANES HERNANDEZ, YOLANDA",HALCON VIAJES,1,2,"0,5"
2001,"GESTEIRA FERNANDEZ, LIDIA",ROS CASARES VALENCIA,2,4,"0,5"
2001,"GOMEZ NOVO, MARIA ARANZAZU",YAYA MARIA BREOGAN,1,2,"0,5"
2001,"VILLAR FERNANDEZ, IRIA",REAL CLUB CELTA BANCO SIMEON,2,5,"0,4"
2000,"PELAEZ SAN GIL, LOURDES",SANDRA GRAN CANARIA,3,2,"1,5"
2000,"LLAMAS PAJUELO, MARIA NIEVES",SALAMANCA HALCON VIAJES,3,2,"1,5"
2000,"---, SHANNON REGINA",ROS CASARES,7,5,"1,4"
2000,"REVUELTO SÁNCHEZ-AGUILERA, MARIA",B. CIUDAD DE BURGOS,4,3,"1,33"
2000,"MUJANOVIC, RAZIJA",R.CLUB CELTA BANCO SIMEON,4,3,"1,33"
2000,"---, POLIMIA",B. CIUDAD DE BURGOS,4,3,"1,33"
2000,"JONKUTE, INGRIDA",R.CLUB CELTA BANCO SIMEON,4,3,"1,33"
2000,"JORDANA BOFILL, NOEMI",R.CLUB CELTA BANCO SIMEON,4,3,"1,33"
2000,"---, ALISON",B. CIUDAD DE BURGOS,4,3,"1,33"
2000,"PONS MOLINA, INGRID",ROS CASARES,6,5,"1,2"
2000,"GOMEZ NOVO, MARIA ARANZAZU",ENSINO YAYA MARIA,6,5,"1,2"
2000,"---, DESIRE",C.B.N.,1,1,1
2000,"---, JULIA",SALAMANCA HALCON VIAJES,2,2,1
2000,"VALERO CEBRIAN, PILAR",R.CLUB CELTA BANCO SIMEON,3,3,1
2000,"XANTAL SERRET, Mª DEL MAR",R.CLUB CELTA BANCO SIMEON,3,3,1
2000,"ZRNIC, JELENA",C.B.N.,2,2,1
2000,"BEZOS MARTÍNEZ, EMMA",SALAMANCA HALCON VIAJES,2,2,1
2000,"FERRAGUT CASTILLO, MARINA",ROS CASARES,4,5,"0,8"
2000,"---, ---",ROS CASARES,1,2,"0,5"
2000,"MARTINEZ ESPEJO, CARMEN",C.B.N.,1,2,"0,5"
2000,"PEREZ CAPARROS, ROSA",UNIVERSITAT DE BARCELONA,2,4,"0,5"
2000,"MONTAÑANA GIMENO, ANNA",SALAMANCA HALCON VIAJES,1,2,"0,5"
2000,"VILLAR FERNANDEZ, IRIA",R.CLUB CELTA BANCO SIMEON,1,2,"0,5"
2000,"MONTESDEOCA LOPEZ, EVA",SANDRA GRAN CANARIA,1,2,"0,5"
2000,"HERNÁNDEZ NOVILLO, MARÍA ANTONIA",B. CIUDAD DE BURGOS,1,2,"0,5"
2000,"JUANES HERNANDEZ, YOLANDA",C.B.N.,1,2,"0,5"
2000,"DONAIRE MALVELADA, ELSA",SALAMANCA HALCON VIAJES,1,2,"0,5"
2000,"GARCIA FERNANDEZ, BELEN",ENSINO YAYA MARIA,2,5,"0,4"
2000,"GESTEIRA FERNANDEZ, LIDIA",ROS CASARES,1,3,"0,33"
2000,"SEGUI CARLES, PAULA",UNIVERSITAT DE BARCELONA,1,4,"0,25"
2000,"PELAEZ SAN GIL, LOURDES",SANDRA GRAN CANARIA,3,2,"1,5"
2000,"LLAMAS PAJUELO, MARIA NIEVES",SALAMANCA HALCON VIAJES,3,2,"1,5"
2000,"---, SHANNON REGINA",ROS CASARES,7,5,"1,4"
2000,"REVUELTO SÁNCHEZ-AGUILERA, MARIA",B. CIUDAD DE BURGOS,4,3,"1,33"
2000,"MUJANOVIC, RAZIJA",R.CLUB CELTA BANCO SIMEON,4,3,"1,33"
2000,"---, POLIMIA",B. CIUDAD DE BURGOS,4,3,"1,33"
2000,"JONKUTE, INGRIDA",R.CLUB CELTA BANCO SIMEON,4,3,"1,33"
2000,"JORDANA BOFILL, NOEMI",R.CLUB CELTA BANCO SIMEON,4,3,"1,33"
2000,"---, ALISON",B. CIUDAD DE BURGOS,4,3,"1,33"
2000,"PONS MOLINA, INGRID",ROS CASARES,6,5,"1,2"
2000,"GOMEZ NOVO, MARIA ARANZAZU",ENSINO YAYA MARIA,6,5,"1,2"
2000,"---, DESIRE",C.B.N.,1,1,1
2000,"---, JULIA",SALAMANCA HALCON VIAJES,2,2,1
2000,"VALERO CEBRIAN, PILAR",R.CLUB CELTA BANCO SIMEON,3,3,1
2000,"XANTAL SERRET, Mª DEL MAR",R.CLUB CELTA BANCO SIMEON,3,3,1
2000,"ZRNIC, JELENA",C.B.N.,2,2,1
2000,"BEZOS MARTÍNEZ, EMMA",SALAMANCA HALCON VIAJES,2,2,1
2000,"FERRAGUT CASTILLO, MARINA",ROS CASARES,4,5,"0,8"
2000,"---, ---",ROS CASARES,1,2,"0,5"
2000,"MARTINEZ ESPEJO, CARMEN",C.B.N.,1,2,"0,5"
2000,"PEREZ CAPARROS, ROSA",UNIVERSITAT DE BARCELONA,2,4,"0,5"
2000,"MONTAÑANA GIMENO, ANNA",SALAMANCA HALCON VIAJES,1,2,"0,5"
2000,"VILLAR FERNANDEZ, IRIA",R.CLUB CELTA BANCO SIMEON,1,2,"0,5"
2000,"MONTESDEOCA LOPEZ, EVA",SANDRA GRAN CANARIA,1,2,"0,5"
2000,"HERNÁNDEZ NOVILLO, MARÍA ANTONIA",B. CIUDAD DE BURGOS,1,2,"0,5"
2000,"JUANES HERNANDEZ, YOLANDA",C.B.N.,1,2,"0,5"
2000,"DONAIRE MALVELADA, ELSA",SALAMANCA HALCON VIAJES,1,2,"0,5"
2000,"GARCIA FERNANDEZ, BELEN",ENSINO YAYA MARIA,2,5,"0,4"
2000,"GESTEIRA FERNANDEZ, LIDIA",ROS CASARES,1,3,"0,33"
2000,"SEGUI CARLES, PAULA",UNIVERSITAT DE BARCELONA,1,4,"0,25"
1999,"FERNANDEZ FARRES, MARTA",POPULAR BASQUET GODELLA,9,2,"4,5"
1999,"PELAEZ SAN GIL, LOURDES",SANDRA GRAN CANARIA,7,2,"3,5"
1999,"ARMENTA MONTEAGUDO, MARUXA",C.D. ENSINO,7,2,"3,5"
1999,"SÁNCHEZ LUJÁN, ROSAURA DEL CARMEN",SANDRA GRAN CANARIA,7,2,"3,5"
1999,"SARENAC, RANKICA",SANDRA GRAN CANARIA,7,2,"3,5"
1999,"NAVARRO VIERA, YASMINA",SANDRA GRAN CANARIA,3,1,3
1999,"SANCHEZ FERNANDEZ, ISABEL",C.D. ENSINO,4,2,2
1999,"GESTEIRA FERNANDEZ, LIDIA",POPULAR BASQUET GODELLA,4,2,2
1999,"DOBROVICA, ERIKA",R.CLUB CELTA BANCO SIMEON,3,2,"1,5"
1999,"VALERO CEBRIAN, PILAR",R.CLUB CELTA BANCO SIMEON,3,2,"1,5"
1999,"JONKUTE, INGRIDA",C.D. ENSINO,3,2,"1,5"
1999,"DELGADO DIAZ-GUEMES, RAQUEL",POPULAR BASQUET GODELLA,3,2,"1,5"
1999,"LOPEZ VERDU, ALICIA",POPULAR BASQUET GODELLA,3,2,"1,5"
1999,"---, MARIE",SANDRA GRAN CANARIA,3,2,"1,5"
1999,"GRANDE FLORES, LAURA",R.CLUB CELTA BANCO SIMEON,3,2,"1,5"
1999,"RODRIGUEZ TOLEDO, ORANDA",C.D. ENSINO,3,2,"1,5"
1999,"SANCHEZ ORTEGA, PALOMA",R.CLUB CELTA BANCO SIMEON,3,2,"1,5"
1999,"CEBRIAN SCHEURER, ELISABET",R.CLUB CELTA BANCO SIMEON,2,2,1
1999,"ALAMO GONZALEZ, ELENA",SANDRA GRAN CANARIA,1,1,1
1999,"URQUIJO ALAMO, PATRICIA",SANDRA GRAN CANARIA,1,1,1
1999,"CRAWLEY, SILVIA YVONNE",C.D. ENSINO,2,2,1
1999,"FERRER ADELANTADO, MARIA TERESA",POPULAR BASQUET GODELLA,1,1,1
1999,"JORDANA BOFILL, NOEMI",POPULAR BASQUET GODELLA,2,2,1
1999,"PONS MOLINA, INGRID",POPULAR BASQUET GODELLA,2,2,1
1999,"FERRER PEREZ, ESTELA ROSA",SANDRA GRAN CANARIA,2,2,1
1999,"RAMIRO DIAZ, NURIA MARIA",C.D. ENSINO,1,2,"0,5"
1999,"MORIANA NADAL, PALOMA",SANDRA GRAN CANARIA,1,2,"0,5"
1999,"ANTONIKOVA, EVA",POPULAR BASQUET GODELLA,1,2,"0,5"
1999,"XANTAL SERRET, Mª DEL MAR",R.CLUB CELTA BANCO SIMEON,1,2,"0,5"
1999,"HICKS, JESSIE IVETTE",SANDRA GRAN CANARIA,1,2,"0,5"
1998,"JONKUTE, INGRIDA",ENSINO,13,3,"4,33"
1998,"MIRCHANDANI VILLAR, LIDIA",SANDRA G. CANARIA,10,3,"3,33"
1998,"CEBRIAN SCHEURER, ELISABET",BANCO SIMEON,9,3,3
1998,"SÁNCHEZ LUJÁN, ROSAURA DEL CARMEN",SANDRA G. CANARIA,8,3,"2,67"
1998,"GONZALEZ DIAZ, CARMEN",BANCO SIMEON,7,3,"2,33"
1998,"GARCIA PIÑERO, MARIA BEGOÑA",ENSINO,7,3,"2,33"
1998,"MELVIN, CHASITY MONIQUE",BANCO SIMEON,7,3,"2,33"
1998,"ARMENTA MONTEAGUDO, MARUXA",ENSINO,6,3,2
1998,"HICKS, JESSIE IVETTE",SANDRA G. CANARIA,6,3,2
1998,"SANCHEZ FERNANDEZ, ISABEL",ENSINO,6,3,2
1998,"VALDEMORO MADARIAGA, AMAYA",HALCON VIAJES,5,3,"1,67"
1998,"PASCHAL, TOWANDA DENICE",HALCON VIAJES,5,3,"1,67"
1998,"DELGADO FERNANDEZ, CONCEPCION",ENSINO,4,3,"1,33"
1998,"GRANDE FLORES, LAURA",BANCO SIMEON,4,3,"1,33"
1998,"SANCHEZ ORTEGA, PALOMA",BANCO SIMEON,4,3,"1,33"
1998,"GAMON HERNANDEZ, ASUNCION",SANDRA G. CANARIA,3,3,1
1998,"JUANES HERNANDEZ, SONIA",HALCON VIAJES,2,2,1
1998,"VILLAR FERNANDEZ, IRIA",BANCO SIMEON,3,3,1
1998,"JUANES HERNANDEZ, YOLANDA",HALCON VIAJES,3,3,1
1998,"PELAEZ SAN GIL, LOURDES",SANDRA G. CANARIA,2,3,"0,67"
1998,"SALVADOR VIÑOLAS, MERITXELL",HALCON VIAJES,2,3,"0,67"
1998,"VALERO CEBRIAN, PILAR",BANCO SIMEON,2,3,"0,67"
1998,"XANTAL SERRET, Mª DEL MAR",BANCO SIMEON,2,3,"0,67"
1998,"LLAMAS PAJUELO, MARIA NIEVES",HALCON VIAJES,1,3,"0,33"
1998,"BEZOS MARTÍNEZ, EMMA",HALCON VIAJES,1,3,"0,33"
1998,"MORIANA NADAL, PALOMA",SANDRA G. CANARIA,1,3,"0,33"
1998,"HERNANDEZ ARENCIBIA, PATRICIA DEL PINO",HALCON VIAJES,1,3,"0,33"
1997,"PELAEZ SAN GIL, LOURDES",SANDRA G. CANARIA,6,2,3
1997,"SANCHEZ ORTEGA, PALOMA",BANCO SIMEON,15,6,"2,5"
1997,"VALDEMORO MADARIAGA, AMAYA",POOL GETAFE,12,5,"2,4"
1997,"BISETTI RODRIGUEZ, LUISA",UNIVERSITARI,6,3,2
1997,"CEBRIAN SCHEURER, ELISABET",UNIVERSITARI,6,3,2
1997,"ANULA ALAMEDA, NIEVES",POOL GETAFE,10,5,2
1997,"PONS MOLINA, INGRID",UNIVERSITARI,5,3,"1,67"
1997,"FONTS MATEO, NURIA",UNIVERSITARI,5,3,"1,67"
1997,"QUINTERO CASTELLANO, THANIA",SANDRA G. CANARIA,3,2,"1,5"
1997,"RODRIGUEZ TOLEDO, ORANDA",SANDRA G. CANARIA,3,2,"1,5"
1997,"SÁNCHEZ LUJÁN, ROSAURA DEL CARMEN",SANDRA G. CANARIA,3,2,"1,5"
1997,"DYDEK, MARGO",POOL GETAFE,7,5,"1,4"
1997,"VALERO CEBRIAN, PILAR",BANCO SIMEON,8,6,"1,33"
1997,"CANO MARTINEZ, LAURA",UNIVERSITARI,4,3,"1,33"
1997,"---, HEIKE MARIA",POOL GETAFE,6,5,"1,2"
1997,"XANTAL SERRET, Mª DEL MAR",BANCO SIMEON,7,6,"1,17"
1997,"MORIANA NADAL, PALOMA",SANDRA G. CANARIA,2,2,1
1997,"GAMON HERNANDEZ, ASUNCION",SANDRA G. CANARIA,2,2,1
1997,"GRANDE FLORES, LAURA",BANCO SIMEON,5,6,"0,83"
1997,"PALAU ALTES, LAIA",UNIVERSITARI,2,3,"0,67"
1997,"JEKABSONE, ANDA",BANCO SIMEON,4,6,"0,67"
1997,"GALLEGO VICARIO, SANDRA",UNIVERSITARI,2,3,"0,67"
1997,"JACKSON, BRENETHA TRISE",POOL GETAFE,3,5,"0,6"
1997,"ALAMO GONZALEZ, ELENA",SANDRA G. CANARIA,1,2,"0,5"
1997,"KOSTIC, TANJA NATASA",POOL GETAFE,2,4,"0,5"
1997,"MIRCHANDANI VILLAR, LIDIA",SANDRA G. CANARIA,1,2,"0,5"
1997,"HEMERY, DEBBIE MICHELLE",POOL GETAFE,2,5,"0,4"
1997,"ZASSOULSKAYA, NATALIA",POOL GETAFE,2,5,"0,4"
1997,"VILLAR FERNANDEZ, IRIA",BANCO SIMEON,2,6,"0,33"
