Temporada,Jugador,Equipo,Tot,Part,Med
2024,"PIERA FLO, LAURA",CLUB JOVENTUT BADALONA,9,2,"4,5"
2024,"GRAY, RESHANDA JACQUETA",HOZONO GLOBAL JAIRIS,9,2,"4,5"
2024,"GIL COLLADO, LAURA",PERFUMERIAS AVENIDA,14,4,"3,5"
2024,"ALONSO DE ARMIÑO RIAÑO, GRACIA",MOVISTAR ESTUDIANTES,7,2,"3,5"
2024,"FRASER, BRIANNA ASHAKI",CASADEMONT ZARAGOZA,7,2,"3,5"
2024,"LOPEZ RODRIGUEZ, AINHOA",SPAR GIRONA,13,4,"3,25"
2024,"BANASZAK, LILIANA ALEKSANDRA",MOVISTAR ESTUDIANTES,6,2,3
2024,"CRUZ LEBRATO, ANNA",CLUB JOVENTUT BADALONA,6,2,3
2024,"AYUSO BAGUR, AINA",HOZONO GLOBAL JAIRIS,6,2,3
2024,"TOPUZOVIC, KRISTINA",MOVISTAR ESTUDIANTES,3,1,3
2024,"ELDEBRINK, FRIDA",HOZONO GLOBAL JAIRIS,6,2,3
2024,"RAMETTE, ELISE CLAUDINE",CLUB JOVENTUT BADALONA,6,2,3
2024,"MASSEY, BILLIE KIM",HOZONO GLOBAL JAIRIS,6,2,3
2024,"ORTIZ VIVES, MARIONA",CASADEMONT ZARAGOZA,15,5,3
2024,"BERTSCH, MORGAN QUINN",HOZONO GLOBAL JAIRIS,3,1,3
2024,"HEMPE, MERRIT RAMONA",CASADEMONT ZARAGOZA,14,5,"2,8"
2024,"FINGALL, NADIA ANGELIQUE",VALENCIA B.C.,14,5,"2,8"
2024,"CARTER, ARICA DERRIS",PERFUMERIAS AVENIDA,11,4,"2,75"
2024,"MARTIN CARRION, IYANA",PERFUMERIAS AVENIDA,11,4,"2,75"
2024,"LUNDQUIST, KLARA MARIA SUSSANE",SPAR GIRONA,11,4,"2,75"
2024,"ROMERO GONZALEZ, LETICIA",VALENCIA B.C.,8,3,"2,67"
2024,"TATE, IMANI TY LEAH",SPAR GIRONA,10,4,"2,5"
2024,"MATAIX GUILL, ANGELA",BAXI FERROL,5,2,"2,5"
2024,"LÓPEZ-SÉNÉCHAL, LOU",HOZONO GLOBAL JAIRIS,5,2,"2,5"
2024,"MELIA, CLAIRE",BAXI FERROL,5,2,"2,5"
2024,"DEMBELE, GNERE ALIMA",CLUB JOVENTUT BADALONA,5,2,"2,5"
2024,"SANTIBAÑEZ HERRERO, INES",CLUB JOVENTUT BADALONA,5,2,"2,5"
2024,"PIERRE LOUIS, VIONISE ARON'S",SPAR GIRONA,9,4,"2,25"
2024,"MANÉ, MARIE",CASADEMONT ZARAGOZA,11,5,"2,2"
2024,"EVANS, SHANTE MARIE",CASADEMONT ZARAGOZA,11,5,"2,2"
2024,"WHITTLE, MARENA JOSEPHINE",MOVISTAR ESTUDIANTES,2,2,1
2024,"ATKINSON, TANAYA MECHELLE",CASADEMONT ZARAGOZA,1,1,1
2024,"JOINER, MOIRA MACY",BAXI FERROL,2,2,1
2024,"RIBAS BOSCH, BERTA",SPAR GIRONA,1,1,1
2024,"SALVADORES ALVAREZ, ANGELA",MOVISTAR ESTUDIANTES,2,2,1
2024,"MILLAN MODIA, BLANCA",BAXI FERROL,2,2,1
2024,"JESPERSEN , MARIA STEEN",PERFUMERIAS AVENIDA,3,3,1
2024,"TORRENS SALOM, ALBA",VALENCIA B.C.,4,5,"0,8"
2024,"IAGUPOVA, ALINA",VALENCIA B.C.,3,4,"0,75"
2024,"JANKOVIC, MASA",PERFUMERIAS AVENIDA,3,4,"0,75"
2024,"FLOREZ GETINO, ALICIA",VALENCIA B.C.,3,5,"0,6"
2024,"SARAVIA LOGROÑO, PAULA",MOVISTAR ESTUDIANTES,1,2,"0,5"
2024,"LEKOVIC, MARIJA",PERFUMERIAS AVENIDA,1,2,"0,5"
2024,"ALARCON OTERO, TXELL",HOZONO GLOBAL JAIRIS,1,2,"0,5"
2024,"GELDOF, SERENA LYNN PETRA",CLUB JOVENTUT BADALONA,1,2,"0,5"
2024,"MESTRES RICART, GALA",BAXI FERROL,1,2,"0,5"
2024,"DEMBELE TRAORE, MAMA",VALENCIA B.C.,2,5,"0,4"
2024,"WHITTLE, MARENA JOSEPHINE",MOVISTAR ESTUDIANTES,2,2,1
2024,"ATKINSON, TANAYA MECHELLE",CASADEMONT ZARAGOZA,1,1,1
2024,"JOINER, MOIRA MACY",BAXI FERROL,2,2,1
2024,"RIBAS BOSCH, BERTA",SPAR GIRONA,1,1,1
2024,"SALVADORES ALVAREZ, ANGELA",MOVISTAR ESTUDIANTES,2,2,1
2024,"MILLAN MODIA, BLANCA",BAXI FERROL,2,2,1
2024,"JESPERSEN , MARIA STEEN",PERFUMERIAS AVENIDA,3,3,1
2024,"TORRENS SALOM, ALBA",VALENCIA B.C.,4,5,"0,8"
2024,"IAGUPOVA, ALINA",VALENCIA B.C.,3,4,"0,75"
2024,"JANKOVIC, MASA",PERFUMERIAS AVENIDA,3,4,"0,75"
2024,"FLOREZ GETINO, ALICIA",VALENCIA B.C.,3,5,"0,6"
2024,"SARAVIA LOGROÑO, PAULA",MOVISTAR ESTUDIANTES,1,2,"0,5"
2024,"LEKOVIC, MARIJA",PERFUMERIAS AVENIDA,1,2,"0,5"
2024,"ALARCON OTERO, TXELL",HOZONO GLOBAL JAIRIS,1,2,"0,5"
2024,"GELDOF, SERENA LYNN PETRA",CLUB JOVENTUT BADALONA,1,2,"0,5"
2024,"MESTRES RICART, GALA",BAXI FERROL,1,2,"0,5"
2024,"DEMBELE TRAORE, MAMA",VALENCIA B.C.,2,5,"0,4"
2023,"RIBAS BOSCH, BERTA",SPAR GIRONA,1,1,1
2023,"LABUCKIENE, GIEDRE",SPAR GIRONA,4,4,1
2023,"ROMERO GONZALEZ, LETICIA",VALENCIA B.C.,6,6,1
2023,"TORRENS SALOM, ALBA",VALENCIA B.C.,4,4,1
2023,"DJIU MORRO, NOA MARIA",VALENCIA B.C.,1,1,1
2023,"FEQUIERE, JESSICA",BAXI FERROL,2,2,1
2023,"KONIG, AISLINN CHIA PI",HOZONO GLOBAL JAIRIS,2,2,1
2023,"WHALEN, ERIN PATRICIA",IDK EUSKOTREN,2,2,1
2023,"REMBISZEWSKA, AMALIA",HOZONO GLOBAL JAIRIS,2,2,1
2023,"VILARO ARAGONES, ANDREA",PERFUMERIAS AVENIDA,5,6,"0,83"
2023,"GELDOF, SERENA LYNN PETRA",CASADEMONT ZARAGOZA,2,4,"0,5"
2023,"DE SANTIAGO OTERO, BEGOÑA",MOVISTAR ESTUDIANTES,1,2,"0,5"
2023,"FAM THIAM, AWA",VALENCIA B.C.,1,2,"0,5"
2023,"ESPAÑA ALMENDRO, MARIA",IDK EUSKOTREN,1,2,"0,5"
2023,"ARROJO JIMENEZ, MARIA BELEN",HOZONO GLOBAL JAIRIS,1,2,"0,5"
2023,"DIAZ CASTELLANO, YURENA",IDK EUSKOTREN,1,2,"0,5"
2023,"GULBE, ALEKSA",CASADEMONT ZARAGOZA,2,4,"0,5"
2023,"RIBAS BOSCH, BERTA",SPAR GIRONA,1,1,1
2023,"LABUCKIENE, GIEDRE",SPAR GIRONA,4,4,1
2023,"ROMERO GONZALEZ, LETICIA",VALENCIA B.C.,6,6,1
2023,"TORRENS SALOM, ALBA",VALENCIA B.C.,4,4,1
2023,"DJIU MORRO, NOA MARIA",VALENCIA B.C.,1,1,1
2023,"FEQUIERE, JESSICA",BAXI FERROL,2,2,1
2023,"KONIG, AISLINN CHIA PI",HOZONO GLOBAL JAIRIS,2,2,1
2023,"WHALEN, ERIN PATRICIA",IDK EUSKOTREN,2,2,1
2023,"REMBISZEWSKA, AMALIA",HOZONO GLOBAL JAIRIS,2,2,1
2023,"VILARO ARAGONES, ANDREA",PERFUMERIAS AVENIDA,5,6,"0,83"
2023,"GELDOF, SERENA LYNN PETRA",CASADEMONT ZARAGOZA,2,4,"0,5"
2023,"DE SANTIAGO OTERO, BEGOÑA",MOVISTAR ESTUDIANTES,1,2,"0,5"
2023,"FAM THIAM, AWA",VALENCIA B.C.,1,2,"0,5"
2023,"ESPAÑA ALMENDRO, MARIA",IDK EUSKOTREN,1,2,"0,5"
2023,"ARROJO JIMENEZ, MARIA BELEN",HOZONO GLOBAL JAIRIS,1,2,"0,5"
2023,"DIAZ CASTELLANO, YURENA",IDK EUSKOTREN,1,2,"0,5"
2023,"GULBE, ALEKSA",CASADEMONT ZARAGOZA,2,4,"0,5"
2023,"RIBAS BOSCH, BERTA",SPAR GIRONA,1,1,1
2023,"LABUCKIENE, GIEDRE",SPAR GIRONA,4,4,1
2023,"ROMERO GONZALEZ, LETICIA",VALENCIA B.C.,6,6,1
2023,"TORRENS SALOM, ALBA",VALENCIA B.C.,4,4,1
2023,"DJIU MORRO, NOA MARIA",VALENCIA B.C.,1,1,1
2023,"FEQUIERE, JESSICA",BAXI FERROL,2,2,1
2023,"KONIG, AISLINN CHIA PI",HOZONO GLOBAL JAIRIS,2,2,1
2023,"WHALEN, ERIN PATRICIA",IDK EUSKOTREN,2,2,1
2023,"REMBISZEWSKA, AMALIA",HOZONO GLOBAL JAIRIS,2,2,1
2023,"VILARO ARAGONES, ANDREA",PERFUMERIAS AVENIDA,5,6,"0,83"
2023,"GELDOF, SERENA LYNN PETRA",CASADEMONT ZARAGOZA,2,4,"0,5"
2023,"DE SANTIAGO OTERO, BEGOÑA",MOVISTAR ESTUDIANTES,1,2,"0,5"
2023,"FAM THIAM, AWA",VALENCIA B.C.,1,2,"0,5"
2023,"ESPAÑA ALMENDRO, MARIA",IDK EUSKOTREN,1,2,"0,5"
2023,"ARROJO JIMENEZ, MARIA BELEN",HOZONO GLOBAL JAIRIS,1,2,"0,5"
2023,"DIAZ CASTELLANO, YURENA",IDK EUSKOTREN,1,2,"0,5"
2023,"GULBE, ALEKSA",CASADEMONT ZARAGOZA,2,4,"0,5"
2022,"RUEDA CHONI, JULIA MARIA",BARÇA CBS,4,4,1
2022,"ALBERDI LARRUCEA, MARTA",LOINTEK GERNIKA BIZKAIA,2,2,1
2022,"KOVACEVIC, BOJANA",CADI LA SEU,2,2,1
2022,"FAM THIAM, AWA",VALENCIA B.C.,4,5,"0,8"
2022,"NOGIC, JOVANA",PERFUMERIAS AVENIDA,4,5,"0,8"
2022,"GIMENO MARTINEZ, VEGA",CASADEMONT ZARAGOZA,3,4,"0,75"
2022,"PUJOL LLUCH, ARIADNA",BARÇA CBS,2,3,"0,67"
2022,"CASAS CARRERAS, QUERALT",VALENCIA B.C.,4,6,"0,67"
2022,"GULBE, ALEKSA",PERFUMERIAS AVENIDA,3,5,"0,6"
2022,"VUCETIC, JELENA",CADI LA SEU,1,2,"0,5"
2022,"FLORES COSTA, LAIA",SPAR GIRONA,1,2,"0,5"
2022,"PARRA, FAUSTINE LAURE CLEMENCE",SPAR GIRONA,1,2,"0,5"
2022,"MUHATE PEÑA, CECILIA",SPAR GIRONA,1,2,"0,5"
2022,"CONDE DURAN, ITSASO",MOVISTAR ESTUDIANTES,1,2,"0,5"
2022,"TORRENS SALOM, ALBA",VALENCIA B.C.,2,6,"0,33"
2022,"RODRIGUEZ MANSO, LEONOR DEL PILAR",PERFUMERIAS AVENIDA,2,6,"0,33"
2022,"RUEDA CHONI, JULIA MARIA",BARÇA CBS,4,4,1
2022,"ALBERDI LARRUCEA, MARTA",LOINTEK GERNIKA BIZKAIA,2,2,1
2022,"KOVACEVIC, BOJANA",CADI LA SEU,2,2,1
2022,"FAM THIAM, AWA",VALENCIA B.C.,4,5,"0,8"
2022,"NOGIC, JOVANA",PERFUMERIAS AVENIDA,4,5,"0,8"
2022,"GIMENO MARTINEZ, VEGA",CASADEMONT ZARAGOZA,3,4,"0,75"
2022,"PUJOL LLUCH, ARIADNA",BARÇA CBS,2,3,"0,67"
2022,"CASAS CARRERAS, QUERALT",VALENCIA B.C.,4,6,"0,67"
2022,"GULBE, ALEKSA",PERFUMERIAS AVENIDA,3,5,"0,6"
2022,"VUCETIC, JELENA",CADI LA SEU,1,2,"0,5"
2022,"FLORES COSTA, LAIA",SPAR GIRONA,1,2,"0,5"
2022,"PARRA, FAUSTINE LAURE CLEMENCE",SPAR GIRONA,1,2,"0,5"
2022,"MUHATE PEÑA, CECILIA",SPAR GIRONA,1,2,"0,5"
2022,"CONDE DURAN, ITSASO",MOVISTAR ESTUDIANTES,1,2,"0,5"
2022,"TORRENS SALOM, ALBA",VALENCIA B.C.,2,6,"0,33"
2022,"RODRIGUEZ MANSO, LEONOR DEL PILAR",PERFUMERIAS AVENIDA,2,6,"0,33"
2022,"RUEDA CHONI, JULIA MARIA",BARÇA CBS,4,4,1
2022,"ALBERDI LARRUCEA, MARTA",LOINTEK GERNIKA BIZKAIA,2,2,1
2022,"KOVACEVIC, BOJANA",CADI LA SEU,2,2,1
2022,"FAM THIAM, AWA",VALENCIA B.C.,4,5,"0,8"
2022,"NOGIC, JOVANA",PERFUMERIAS AVENIDA,4,5,"0,8"
2022,"GIMENO MARTINEZ, VEGA",CASADEMONT ZARAGOZA,3,4,"0,75"
2022,"PUJOL LLUCH, ARIADNA",BARÇA CBS,2,3,"0,67"
2022,"CASAS CARRERAS, QUERALT",VALENCIA B.C.,4,6,"0,67"
2022,"GULBE, ALEKSA",PERFUMERIAS AVENIDA,3,5,"0,6"
2022,"VUCETIC, JELENA",CADI LA SEU,1,2,"0,5"
2022,"FLORES COSTA, LAIA",SPAR GIRONA,1,2,"0,5"
2022,"PARRA, FAUSTINE LAURE CLEMENCE",SPAR GIRONA,1,2,"0,5"
2022,"MUHATE PEÑA, CECILIA",SPAR GIRONA,1,2,"0,5"
2022,"CONDE DURAN, ITSASO",MOVISTAR ESTUDIANTES,1,2,"0,5"
2022,"TORRENS SALOM, ALBA",VALENCIA B.C.,2,6,"0,33"
2022,"RODRIGUEZ MANSO, LEONOR DEL PILAR",PERFUMERIAS AVENIDA,2,6,"0,33"
2021,"VILARO ARAGONES, ANDREA",PERFUMERIAS AVENIDA,5,6,"0,83"
2021,"SEGURA MORENO, LORENA",VALENCIA B.C.,4,5,"0,8"
2021,"BROTONS PASCUAL, MONTSERRAT",CADI LA SEU,2,3,"0,67"
2021,"RODRIGUEZ MANSO, LEONOR DEL PILAR",PERFUMERIAS AVENIDA,4,6,"0,67"
2021,"CONDE DURAN, ITSASO",MOVISTAR ESTUDIANTES,1,2,"0,5"
2021,"PEÑA JUBANY, LAURA",CADI LA SEU,2,4,"0,5"
2021,"KOSTOURKOVA, MARIA IVANOVA",CASADEMONT ZARAGOZA,1,2,"0,5"
2021,"ESPIN DE SANCHO, MARIA",MOVISTAR ESTUDIANTES,1,2,"0,5"
2021,"GRETTER, MELISA PAOLA",MOVISTAR ESTUDIANTES,1,2,"0,5"
2021,"LO SYLLA, NOGAYE",PERFUMERIAS AVENIDA,1,3,"0,33"
2021,"SOLER RAMIÓ, JÚLIA",CADI LA SEU,1,4,"0,25"
2021,"VILARO ARAGONES, ANDREA",PERFUMERIAS AVENIDA,5,6,"0,83"
2021,"SEGURA MORENO, LORENA",VALENCIA B.C.,4,5,"0,8"
2021,"BROTONS PASCUAL, MONTSERRAT",CADI LA SEU,2,3,"0,67"
2021,"RODRIGUEZ MANSO, LEONOR DEL PILAR",PERFUMERIAS AVENIDA,4,6,"0,67"
2021,"CONDE DURAN, ITSASO",MOVISTAR ESTUDIANTES,1,2,"0,5"
2021,"PEÑA JUBANY, LAURA",CADI LA SEU,2,4,"0,5"
2021,"KOSTOURKOVA, MARIA IVANOVA",CASADEMONT ZARAGOZA,1,2,"0,5"
2021,"ESPIN DE SANCHO, MARIA",MOVISTAR ESTUDIANTES,1,2,"0,5"
2021,"GRETTER, MELISA PAOLA",MOVISTAR ESTUDIANTES,1,2,"0,5"
2021,"LO SYLLA, NOGAYE",PERFUMERIAS AVENIDA,1,3,"0,33"
2021,"SOLER RAMIÓ, JÚLIA",CADI LA SEU,1,4,"0,25"
2021,"VILARO ARAGONES, ANDREA",PERFUMERIAS AVENIDA,5,6,"0,83"
2021,"SEGURA MORENO, LORENA",VALENCIA B.C.,4,5,"0,8"
2021,"BROTONS PASCUAL, MONTSERRAT",CADI LA SEU,2,3,"0,67"
2021,"RODRIGUEZ MANSO, LEONOR DEL PILAR",PERFUMERIAS AVENIDA,4,6,"0,67"
2021,"CONDE DURAN, ITSASO",MOVISTAR ESTUDIANTES,1,2,"0,5"
2021,"PEÑA JUBANY, LAURA",CADI LA SEU,2,4,"0,5"
2021,"KOSTOURKOVA, MARIA IVANOVA",CASADEMONT ZARAGOZA,1,2,"0,5"
2021,"ESPIN DE SANCHO, MARIA",MOVISTAR ESTUDIANTES,1,2,"0,5"
2021,"GRETTER, MELISA PAOLA",MOVISTAR ESTUDIANTES,1,2,"0,5"
2021,"LO SYLLA, NOGAYE",PERFUMERIAS AVENIDA,1,3,"0,33"
2021,"SOLER RAMIÓ, JÚLIA",CADI LA SEU,1,4,"0,25"
2020,"ABDI, FARHIYA",CIUDAD DE LA LAGUNA TENERIFE,2,2,1
2020,"STANACEV , ALEKSANDRA",DURÁN MAQUINARIA ENSINO,2,2,1
2020,"RAKSANYI, KRISZTINA",CIUDAD DE LA LAGUNA TENERIFE,2,2,1
2020,"SANCHEZ MARRUFO, BEATRIZ",DURÁN MAQUINARIA ENSINO,2,2,1
2020,"ALIAGA ROMERO, LAURA",DURÁN MAQUINARIA ENSINO,2,2,1
2020,"RODRIGUEZ MANSO, LEONOR DEL PILAR",PERFUMERIAS AVENIDA,7,7,1
2020,"DIALLO DIENG , UMO DIALLO",PERFUMERIAS AVENIDA,3,3,1
2020,"HERMIDA HERRAEZ, MARTA",SPAR GRAN CANARIA,2,2,1
2020,"JUSKAITE, LAURA",VALENCIA B.C.,6,7,"0,86"
2020,"CASAS CARRERAS, QUERALT",VALENCIA B.C.,5,6,"0,83"
2020,"CARRERA QUINTANA, RAQUEL",VALENCIA B.C.,5,7,"0,71"
2020,"KOSTOURKOVA, MARIA IVANOVA",CIUDAD DE LA LAGUNA TENERIFE,1,2,"0,5"
2020,"ARROJO JIMENEZ, MARIA BELEN",LOINTEK GERNIKA BIZKAIA,2,4,"0,5"
2020,"SANTIBAÑEZ HERRERO, INES",PERFUMERIAS AVENIDA,1,2,"0,5"
2020,"ATKINSON, TANAYA MECHELLE",CIUDAD DE LA LAGUNA TENERIFE,1,2,"0,5"
2020,"ESPIN DE SANCHO, MARIA",MOVISTAR ESTUDIANTES,1,2,"0,5"
2020,"FLORES COSTA, LAIA",SPAR GIRONA,1,2,"0,5"
2020,"VAN DEN ADEL, NATALIE ISABELLE",DURÁN MAQUINARIA ENSINO,1,2,"0,5"
2020,"ALBERDI LARRUCEA, MARTA",LOINTEK GERNIKA BIZKAIA,1,2,"0,5"
2020,"SEGURA MORENO, LORENA",VALENCIA B.C.,1,2,"0,5"
2020,"IVANOVIC, MILICA",LOINTEK GERNIKA BIZKAIA,1,4,"0,25"
2020,"PINA TOLOSA, MARIA",VALENCIA B.C.,1,5,"0,2"
2020,"ABDI, FARHIYA",CIUDAD DE LA LAGUNA TENERIFE,2,2,1
2020,"STANACEV , ALEKSANDRA",DURÁN MAQUINARIA ENSINO,2,2,1
2020,"RAKSANYI, KRISZTINA",CIUDAD DE LA LAGUNA TENERIFE,2,2,1
2020,"SANCHEZ MARRUFO, BEATRIZ",DURÁN MAQUINARIA ENSINO,2,2,1
2020,"ALIAGA ROMERO, LAURA",DURÁN MAQUINARIA ENSINO,2,2,1
2020,"RODRIGUEZ MANSO, LEONOR DEL PILAR",PERFUMERIAS AVENIDA,7,7,1
2020,"DIALLO DIENG , UMO DIALLO",PERFUMERIAS AVENIDA,3,3,1
2020,"HERMIDA HERRAEZ, MARTA",SPAR GRAN CANARIA,2,2,1
2020,"JUSKAITE, LAURA",VALENCIA B.C.,6,7,"0,86"
2020,"CASAS CARRERAS, QUERALT",VALENCIA B.C.,5,6,"0,83"
2020,"CARRERA QUINTANA, RAQUEL",VALENCIA B.C.,5,7,"0,71"
2020,"KOSTOURKOVA, MARIA IVANOVA",CIUDAD DE LA LAGUNA TENERIFE,1,2,"0,5"
2020,"ARROJO JIMENEZ, MARIA BELEN",LOINTEK GERNIKA BIZKAIA,2,4,"0,5"
2020,"SANTIBAÑEZ HERRERO, INES",PERFUMERIAS AVENIDA,1,2,"0,5"
2020,"ATKINSON, TANAYA MECHELLE",CIUDAD DE LA LAGUNA TENERIFE,1,2,"0,5"
2020,"ESPIN DE SANCHO, MARIA",MOVISTAR ESTUDIANTES,1,2,"0,5"
2020,"FLORES COSTA, LAIA",SPAR GIRONA,1,2,"0,5"
2020,"VAN DEN ADEL, NATALIE ISABELLE",DURÁN MAQUINARIA ENSINO,1,2,"0,5"
2020,"ALBERDI LARRUCEA, MARTA",LOINTEK GERNIKA BIZKAIA,1,2,"0,5"
2020,"SEGURA MORENO, LORENA",VALENCIA B.C.,1,2,"0,5"
2020,"IVANOVIC, MILICA",LOINTEK GERNIKA BIZKAIA,1,4,"0,25"
2020,"PINA TOLOSA, MARIA",VALENCIA B.C.,1,5,"0,2"
2020,"ABDI, FARHIYA",CIUDAD DE LA LAGUNA TENERIFE,2,2,1
2020,"STANACEV , ALEKSANDRA",DURÁN MAQUINARIA ENSINO,2,2,1
2020,"RAKSANYI, KRISZTINA",CIUDAD DE LA LAGUNA TENERIFE,2,2,1
2020,"SANCHEZ MARRUFO, BEATRIZ",DURÁN MAQUINARIA ENSINO,2,2,1
2020,"ALIAGA ROMERO, LAURA",DURÁN MAQUINARIA ENSINO,2,2,1
2020,"RODRIGUEZ MANSO, LEONOR DEL PILAR",PERFUMERIAS AVENIDA,7,7,1
2020,"DIALLO DIENG , UMO DIALLO",PERFUMERIAS AVENIDA,3,3,1
2020,"HERMIDA HERRAEZ, MARTA",SPAR GRAN CANARIA,2,2,1
2020,"JUSKAITE, LAURA",VALENCIA B.C.,6,7,"0,86"
2020,"CASAS CARRERAS, QUERALT",VALENCIA B.C.,5,6,"0,83"
2020,"CARRERA QUINTANA, RAQUEL",VALENCIA B.C.,5,7,"0,71"
2020,"KOSTOURKOVA, MARIA IVANOVA",CIUDAD DE LA LAGUNA TENERIFE,1,2,"0,5"
2020,"ARROJO JIMENEZ, MARIA BELEN",LOINTEK GERNIKA BIZKAIA,2,4,"0,5"
2020,"SANTIBAÑEZ HERRERO, INES",PERFUMERIAS AVENIDA,1,2,"0,5"
2020,"ATKINSON, TANAYA MECHELLE",CIUDAD DE LA LAGUNA TENERIFE,1,2,"0,5"
2020,"ESPIN DE SANCHO, MARIA",MOVISTAR ESTUDIANTES,1,2,"0,5"
2020,"FLORES COSTA, LAIA",SPAR GIRONA,1,2,"0,5"
2020,"VAN DEN ADEL, NATALIE ISABELLE",DURÁN MAQUINARIA ENSINO,1,2,"0,5"
2020,"ALBERDI LARRUCEA, MARTA",LOINTEK GERNIKA BIZKAIA,1,2,"0,5"
2020,"SEGURA MORENO, LORENA",VALENCIA B.C.,1,2,"0,5"
2020,"IVANOVIC, MILICA",LOINTEK GERNIKA BIZKAIA,1,4,"0,25"
2020,"PINA TOLOSA, MARIA",VALENCIA B.C.,1,5,"0,2"
2019,"RAMAN, JANA GEORGES R",VALENCIA B.C.,2,2,1
2019,"ODWYER, FIONA EILISH",DURÁN MAQUINARIA ENSINO,1,1,1
2019,"MAZIONYTE, GINTARE",LOINTEK GERNIKA BIZKAIA,1,1,1
2019,"PASCUA SUAREZ, MARÍA LUCILA",CADI LA SEU,1,1,1
2019,"MONTENEGRO SANTANA, RITA ESTHER",CIUDAD DE LA LAGUNA TENERIFE,1,1,1
2019,"MENDY , MAGALI",SPAR CITYLIFT GIRONA,2,3,"0,67"
2019,"BUCH ROSELL, ROSO",VALENCIA B.C.,1,2,"0,5"
2019,"SAMUELSON, KARLIE ANNE",PERFUMERIAS AVENIDA,1,3,"0,33"
2019,"VITOLA, KRISTINE",PERFUMERIAS AVENIDA,1,3,"0,33"
2019,"RAMAN, JANA GEORGES R",VALENCIA B.C.,2,2,1
2019,"ODWYER, FIONA EILISH",DURÁN MAQUINARIA ENSINO,1,1,1
2019,"MAZIONYTE, GINTARE",LOINTEK GERNIKA BIZKAIA,1,1,1
2019,"PASCUA SUAREZ, MARÍA LUCILA",CADI LA SEU,1,1,1
2019,"MONTENEGRO SANTANA, RITA ESTHER",CIUDAD DE LA LAGUNA TENERIFE,1,1,1
2019,"MENDY , MAGALI",SPAR CITYLIFT GIRONA,2,3,"0,67"
2019,"BUCH ROSELL, ROSO",VALENCIA B.C.,1,2,"0,5"
2019,"SAMUELSON, KARLIE ANNE",PERFUMERIAS AVENIDA,1,3,"0,33"
2019,"VITOLA, KRISTINE",PERFUMERIAS AVENIDA,1,3,"0,33"
2019,"RAMAN, JANA GEORGES R",VALENCIA B.C.,2,2,1
2019,"ODWYER, FIONA EILISH",DURÁN MAQUINARIA ENSINO,1,1,1
2019,"MAZIONYTE, GINTARE",LOINTEK GERNIKA BIZKAIA,1,1,1
2019,"PASCUA SUAREZ, MARÍA LUCILA",CADI LA SEU,1,1,1
2019,"MONTENEGRO SANTANA, RITA ESTHER",CIUDAD DE LA LAGUNA TENERIFE,1,1,1
2019,"MENDY , MAGALI",SPAR CITYLIFT GIRONA,2,3,"0,67"
2019,"BUCH ROSELL, ROSO",VALENCIA B.C.,1,2,"0,5"
2019,"SAMUELSON, KARLIE ANNE",PERFUMERIAS AVENIDA,1,3,"0,33"
2019,"VITOLA, KRISTINE",PERFUMERIAS AVENIDA,1,3,"0,33"
2018,"BANHAM, RACHAEL MARIE",LOINTEK GERNIKA BIZKAIA,3,3,1
2018,"BEDIA DELGADO, IZAR",RPK ARASKI,1,1,1
2018,"EDWARDS, ARIEL JOY",RPK ARASKI,2,2,1
2018,"GIVENS , KRISI TIJANA",PERFUMERIAS AVENIDA,5,6,"0,83"
2018,"SKLEPOWICZ, ZUZANNA IDA",CADI LA SEU,2,3,"0,67"
2018,"PIERRE LOUIS, VIONISE ARON'S",SPAR CITYLIFT GIRONA,3,5,"0,6"
2018,"SANCHEZ MARRUFO, BEATRIZ",SPAR CITYLIFT GIRONA,3,5,"0,6"
2018,"FLORES COSTA, LAIA",MANN-FILTER CASABLANCA,1,2,"0,5"
2018,"ASURMENDI VILLAVERDE, MARIA DEL CARMEN",PERFUMERIAS AVENIDA,3,6,"0,5"
2018,"MONTOLIU MATIAS, MARTA",MANN-FILTER CASABLANCA,1,2,"0,5"
2018,"KNIGHT, LESLIE FAYE",MANN-FILTER CASABLANCA,1,2,"0,5"
2018,"GARI GILABERT, IRENE DEL REBOLLET",VALENCIA B.C.,1,2,"0,5"
2018,"ARROJO JIMENEZ, MARIA BELEN",PERFUMERIAS AVENIDA,2,4,"0,5"
2018,"ESTEBAS ARMAS, PAULA",RPK ARASKI,1,2,"0,5"
2018,"BANHAM, RACHAEL MARIE",LOINTEK GERNIKA BIZKAIA,3,3,1
2018,"BEDIA DELGADO, IZAR",RPK ARASKI,1,1,1
2018,"EDWARDS, ARIEL JOY",RPK ARASKI,2,2,1
2018,"GIVENS , KRISI TIJANA",PERFUMERIAS AVENIDA,5,6,"0,83"
2018,"SKLEPOWICZ, ZUZANNA IDA",CADI LA SEU,2,3,"0,67"
2018,"PIERRE LOUIS, VIONISE ARON'S",SPAR CITYLIFT GIRONA,3,5,"0,6"
2018,"SANCHEZ MARRUFO, BEATRIZ",SPAR CITYLIFT GIRONA,3,5,"0,6"
2018,"FLORES COSTA, LAIA",MANN-FILTER CASABLANCA,1,2,"0,5"
2018,"ASURMENDI VILLAVERDE, MARIA DEL CARMEN",PERFUMERIAS AVENIDA,3,6,"0,5"
2018,"MONTOLIU MATIAS, MARTA",MANN-FILTER CASABLANCA,1,2,"0,5"
2018,"KNIGHT, LESLIE FAYE",MANN-FILTER CASABLANCA,1,2,"0,5"
2018,"GARI GILABERT, IRENE DEL REBOLLET",VALENCIA B.C.,1,2,"0,5"
2018,"ARROJO JIMENEZ, MARIA BELEN",PERFUMERIAS AVENIDA,2,4,"0,5"
2018,"ESTEBAS ARMAS, PAULA",RPK ARASKI,1,2,"0,5"
2018,"BANHAM, RACHAEL MARIE",LOINTEK GERNIKA BIZKAIA,3,3,1
2018,"BEDIA DELGADO, IZAR",RPK ARASKI,1,1,1
2018,"EDWARDS, ARIEL JOY",RPK ARASKI,2,2,1
2018,"GIVENS , KRISI TIJANA",PERFUMERIAS AVENIDA,5,6,"0,83"
2018,"SKLEPOWICZ, ZUZANNA IDA",CADI LA SEU,2,3,"0,67"
2018,"PIERRE LOUIS, VIONISE ARON'S",SPAR CITYLIFT GIRONA,3,5,"0,6"
2018,"SANCHEZ MARRUFO, BEATRIZ",SPAR CITYLIFT GIRONA,3,5,"0,6"
2018,"FLORES COSTA, LAIA",MANN-FILTER CASABLANCA,1,2,"0,5"
2018,"ASURMENDI VILLAVERDE, MARIA DEL CARMEN",PERFUMERIAS AVENIDA,3,6,"0,5"
2018,"MONTOLIU MATIAS, MARTA",MANN-FILTER CASABLANCA,1,2,"0,5"
2018,"KNIGHT, LESLIE FAYE",MANN-FILTER CASABLANCA,1,2,"0,5"
2018,"GARI GILABERT, IRENE DEL REBOLLET",VALENCIA B.C.,1,2,"0,5"
2018,"ARROJO JIMENEZ, MARIA BELEN",PERFUMERIAS AVENIDA,2,4,"0,5"
2018,"ESTEBAS ARMAS, PAULA",RPK ARASKI,1,2,"0,5"
2017,"ADURIZ HERNANI, ONINTZA",IDK GIPUZKOA,49,26,"1,88"
2017,"GINZO ARANTES, PAULA",MOVISTAR ESTUDIANTES,47,25,"1,88"
2017,"BROWN , BRITTANY DANIELLE",EMBUTIDOS PAJARIEL BEMBIBRE PD,48,26,"1,85"
2017,"QUEVEDO CAÑIZARES, LAURA",NISSAN  AL-QÁZERES EXTREMADURA,24,13,"1,85"
2017,"TRAORE, ASTOU",SPAR CITYLIFT GIRONA,46,25,"1,84"
2017,"BARBEE, SHACOBIA SHAUNTE",MANN-FILTER,47,26,"1,81"
2017,"HURTADO OBIOLS, CRISTINA",SNATT´S FEMENÍ SANT ADRIÁ,41,23,"1,78"
2017,"ETXARRI MUNARRIZ, IRATI",LACTURALE ART ARASKI,46,26,"1,77"
2017,"MESTDAGH, KIM",PERFUMERIAS AVENIDA,28,16,"1,75"
2017,"GUSTAVSSON , ELIN JELENA",EMBUTIDOS PAJARIEL BEMBIBRE PD,45,26,"1,73"
2017,"VAN DEN ADEL, NATALIE ISABELLE",LACTURALE ART ARASKI,36,21,"1,71"
2017,"KRAKER, MEHRYN DONEGAN",CADI LA SEU,44,26,"1,69"
2017,"VILARO ARAGONES, ANDREA",CADI LA SEU,42,25,"1,68"
2017,"SANCHEZ MARRUFO, BEATRIZ",STAR CENTER-UNI FERROL,42,25,"1,68"
2017,"AGIRRE MUÑOZ, ARRATE",LACTURALE ART ARASKI,38,23,"1,65"
2017,"OMA GIRALT, HELENA",CADI LA SEU,26,16,"1,63"
2017,"PRINCE , ALEXIS SADE",STAR CENTER-UNI FERROL,42,26,"1,62"
2017,"VEGA REBORA, GISELA VERONICA",QUESOS EL PASTOR,29,18,"1,61"
2017,"ERAUNCETAMURGIL AYESTARAN, MARIA",IDK GIPUZKOA,32,20,"1,6"
2017,"NDOYE, BINETA",EMBUTIDOS PAJARIEL BEMBIBRE PD,35,22,"1,59"
2017,"ALSTON, AMERYST DANAE",LOINTEK GERNIKA BIZKAIA,41,26,"1,58"
2017,"BOGICEVIC, NINA",MOVISTAR ESTUDIANTES,33,21,"1,57"
2017,"MENDY , MAGALI",SPAR CITYLIFT GIRONA,39,25,"1,56"
2017,"DE SOUZA MACHADO, ERIKA CRISTINA",PERFUMERIAS AVENIDA,34,22,"1,55"
2017,"ROBINSON, ANGELICA DANIELLE",PERFUMERIAS AVENIDA,34,23,"1,48"
2017,"CLARET GILABERTE, MARTA",SNATT´S FEMENÍ SANT ADRIÁ,37,25,"1,48"
2017,"LOPEZ RODRIGUEZ, AINHOA",QUESOS EL PASTOR,37,26,"1,42"
2017,"SOLER SUAREZ, PATRICIA",MOVISTAR ESTUDIANTES,31,22,"1,41"
2017,"NYSTROM, ELLEN ADINA",IDK GIPUZKOA,36,26,"1,38"
2017,"ALIAGA ROMERO, LAURA",EMBUTIDOS PAJARIEL BEMBIBRE PD,36,26,"1,38"
2017,"ADURIZ HERNANI, ONINTZA",IDK GIPUZKOA,49,26,"1,88"
2017,"GINZO ARANTES, PAULA",MOVISTAR ESTUDIANTES,47,25,"1,88"
2017,"BROWN , BRITTANY DANIELLE",EMBUTIDOS PAJARIEL BEMBIBRE PD,48,26,"1,85"
2017,"QUEVEDO CAÑIZARES, LAURA",NISSAN  AL-QÁZERES EXTREMADURA,24,13,"1,85"
2017,"TRAORE, ASTOU",SPAR CITYLIFT GIRONA,46,25,"1,84"
2017,"BARBEE, SHACOBIA SHAUNTE",MANN-FILTER,47,26,"1,81"
2017,"HURTADO OBIOLS, CRISTINA",SNATT´S FEMENÍ SANT ADRIÁ,41,23,"1,78"
2017,"ETXARRI MUNARRIZ, IRATI",LACTURALE ART ARASKI,46,26,"1,77"
2017,"MESTDAGH, KIM",PERFUMERIAS AVENIDA,28,16,"1,75"
2017,"GUSTAVSSON , ELIN JELENA",EMBUTIDOS PAJARIEL BEMBIBRE PD,45,26,"1,73"
2017,"VAN DEN ADEL, NATALIE ISABELLE",LACTURALE ART ARASKI,36,21,"1,71"
2017,"KRAKER, MEHRYN DONEGAN",CADI LA SEU,44,26,"1,69"
2017,"VILARO ARAGONES, ANDREA",CADI LA SEU,42,25,"1,68"
2017,"SANCHEZ MARRUFO, BEATRIZ",STAR CENTER-UNI FERROL,42,25,"1,68"
2017,"AGIRRE MUÑOZ, ARRATE",LACTURALE ART ARASKI,38,23,"1,65"
2017,"OMA GIRALT, HELENA",CADI LA SEU,26,16,"1,63"
2017,"PRINCE , ALEXIS SADE",STAR CENTER-UNI FERROL,42,26,"1,62"
2017,"VEGA REBORA, GISELA VERONICA",QUESOS EL PASTOR,29,18,"1,61"
2017,"ERAUNCETAMURGIL AYESTARAN, MARIA",IDK GIPUZKOA,32,20,"1,6"
2017,"NDOYE, BINETA",EMBUTIDOS PAJARIEL BEMBIBRE PD,35,22,"1,59"
2017,"ALSTON, AMERYST DANAE",LOINTEK GERNIKA BIZKAIA,41,26,"1,58"
2017,"BOGICEVIC, NINA",MOVISTAR ESTUDIANTES,33,21,"1,57"
2017,"MENDY , MAGALI",SPAR CITYLIFT GIRONA,39,25,"1,56"
2017,"DE SOUZA MACHADO, ERIKA CRISTINA",PERFUMERIAS AVENIDA,34,22,"1,55"
2017,"ROBINSON, ANGELICA DANIELLE",PERFUMERIAS AVENIDA,34,23,"1,48"
2017,"CLARET GILABERTE, MARTA",SNATT´S FEMENÍ SANT ADRIÁ,37,25,"1,48"
2017,"LOPEZ RODRIGUEZ, AINHOA",QUESOS EL PASTOR,37,26,"1,42"
2017,"SOLER SUAREZ, PATRICIA",MOVISTAR ESTUDIANTES,31,22,"1,41"
2017,"NYSTROM, ELLEN ADINA",IDK GIPUZKOA,36,26,"1,38"
2017,"ALIAGA ROMERO, LAURA",EMBUTIDOS PAJARIEL BEMBIBRE PD,36,26,"1,38"
2017,"ARROJO JIMENEZ, MARIA BELEN",SNATT´S FEMENÍ SANT ADRIÁ,36,26,"1,38"
2017,"GIVENS , KRISI TIJANA",PERFUMERIAS AVENIDA,34,25,"1,36"
2017,"HALL , PRECIOUS TANZIE KYTRONIA",CAMPUS PROMETE LF1,27,20,"1,35"
2017,"ALLEYNE, JILLIAN CHANTEL",IDK GIPUZKOA,29,22,"1,32"
2017,"LUCAS , ITALEE MALINA",IDK GIPUZKOA,17,13,"1,31"
2017,"ALMINAITE, KRISITINA",SPAR CITYLIFT GIRONA,34,26,"1,31"
2017,"DIEZ FERNANDEZ, NAIARA",LOINTEK GERNIKA BIZKAIA,34,26,"1,31"
2017,"GARCIA PAUNERO, CELIA",QUESOS EL PASTOR,32,25,"1,28"
2017,"ASURMENDI VILLAVERDE, MARIA DEL CARMEN",PERFUMERIAS AVENIDA,32,25,"1,28"
2017,"PEÑA JUBANY, LAURA",SNATT´S FEMENÍ SANT ADRIÁ,33,26,"1,27"
2017,"MARTIN LLAVERIA, MARIONA",NISSAN  AL-QÁZERES EXTREMADURA,33,26,"1,27"
2017,"FORASTE GALOBARDES, MIRIAM",NISSAN  AL-QÁZERES EXTREMADURA,33,26,"1,27"
2017,"HERRERA BOXO, LAURA",CAMPUS PROMETE LF1,30,24,"1,25"
2017,"DELGADO PONTES, MARINA",STAR CENTER-UNI FERROL,32,26,"1,23"
2017,"STANACEV , ALEKSANDRA",EMBUTIDOS PAJARIEL BEMBIBRE PD,31,26,"1,19"
2017,"LLOBET CODERCH, ITZIAR",SNATT´S FEMENÍ SANT ADRIÁ,31,26,"1,19"
2017,"BUCH ROSELL, ROSO",SPAR CITYLIFT GIRONA,30,26,"1,15"
2017,"PARDO HERVIAS, LAURA",LACTURALE ART ARASKI,24,22,"1,09"
2017,"DOMINGUEZ FERNANDEZ, SILVIA",PERFUMERIAS AVENIDA,26,24,"1,08"
2017,"ROMERO GARRIDO, SILVIA",NISSAN  AL-QÁZERES EXTREMADURA,19,18,"1,06"
2017,"IPARRAGUIRRE ALUSTIZA, SARA",IDK GIPUZKOA,21,20,"1,05"
2017,"ROIG SOLER, LAURA",SPAR CITYLIFT GIRONA,16,16,1
2017,"RODRIGUEZ NUÑEZ, CLARA",MOVISTAR ESTUDIANTES,21,22,"0,95"
2017,"GARCIA URLEZAGA, IZASKUN",LACTURALE ART ARASKI,23,25,"0,92"
2017,"ASTROM , ELLEN LOVISA",EMBUTIDOS PAJARIEL BEMBIBRE PD,23,26,"0,88"
2017,"CONDE ALCOLADO, MARIA",SPAR CITYLIFT GIRONA,23,26,"0,88"
2017,"ARIZTIMUÑO LOPEZ , ITZIAR",LOINTEK GERNIKA BIZKAIA,19,22,"0,86"
2017,"CORRALES BOHOYO, ELENA",NISSAN  AL-QÁZERES EXTREMADURA,21,26,"0,81"
2017,"RODRIGUEZ DOMINGUEZ, NATALIA",STAR CENTER-UNI FERROL,17,21,"0,81"
2017,"MOLINA PRADOS MARTIN BURO, JUANA MARIA",LOINTEK GERNIKA BIZKAIA,19,25,"0,76"
2017,"CABRERA ARGUELLO, PATRICIA",STAR CENTER-UNI FERROL,17,26,"0,65"
2017,"TUDANCA ACEDO, MARTA",LACTURALE ART ARASKI,11,19,"0,58"
2017,"ROMERO GARRIDO, MARÍA",NISSAN  AL-QÁZERES EXTREMADURA,9,16,"0,56"
2017,"KOVACEVIC, BOJANA",SNATT´S FEMENÍ SANT ADRIÁ,11,23,"0,48"
2017,"MONTOLIU MATIAS, MARTA",CADI LA SEU,9,26,"0,35"
2017,"VELASCO MARTIN, LAURA",MOVISTAR ESTUDIANTES,6,18,"0,33"
2017,"ESPARCIA OMEDAS, CAROLINA",MANN-FILTER,4,19,"0,21"
2017,"MOLINUEVO GARCIA, CRISTINA",LACTURALE ART ARASKI,4,24,"0,17"
2017,"CABRERA ARGUELLO, PATRICIA",STAR CENTER-UNI FERROL,17,26,"0,65"
2017,"TUDANCA ACEDO, MARTA",LACTURALE ART ARASKI,11,19,"0,58"
2017,"ROMERO GARRIDO, MARÍA",NISSAN  AL-QÁZERES EXTREMADURA,9,16,"0,56"
2017,"KOVACEVIC, BOJANA",SNATT´S FEMENÍ SANT ADRIÁ,11,23,"0,48"
2017,"MONTOLIU MATIAS, MARTA",CADI LA SEU,9,26,"0,35"
2017,"VELASCO MARTIN, LAURA",MOVISTAR ESTUDIANTES,6,18,"0,33"
2017,"ESPARCIA OMEDAS, CAROLINA",MANN-FILTER,4,19,"0,21"
2017,"MOLINUEVO GARCIA, CRISTINA",LACTURALE ART ARASKI,4,24,"0,17"
2016,"ALMINAITE, KRISITINA",SPAR CITYLIFT GIRONA,8,2,4
2016,"FERRARI CALABRO, PAOLA ANDREA",IDK GIPUZKOA,7,2,"3,5"
2016,"DIEZ FERNANDEZ, NAIARA",LOINTEK GERNIKA BIZKAIA,7,2,"3,5"
2016,"GOMES COLHADO, NADIA",IDK GIPUZKOA,10,3,"3,33"
2016,"COULIBALY, NAIGNOUMA",SPAR CITYLIFT GIRONA,16,5,"3,2"
2016,"ELONU, ADAORA NNENNA",PERFUMERIAS AVENIDA,16,5,"3,2"
2016,"GIL COLLADO, LAURA",PERFUMERIAS AVENIDA,15,5,3
2016,"MILOVANOVIC, JELENA",PERFUMERIAS AVENIDA,15,5,3
2016,"GONZALEZ DUARTE , LARA",IDK GIPUZKOA,6,2,3
2016,"IBEKWE, IFUNANYA DEBBIE",SPAR CITYLIFT GIRONA,11,4,"2,75"
2016,"SARR, OUMOUL KHAIRY",IDK GIPUZKOA,8,3,"2,67"
2016,"OCETE CASTILLO, GABRIELA",IDK GIPUZKOA,8,3,"2,67"
2016,"BARBEE, SHACOBIA SHAUNTE",STAR CENTER-UNI FERROL,13,5,"2,6"
2016,"JEFFERSON , LAQUINTA JOY",STAR CENTER-UNI FERROL,13,5,"2,6"
2016,"CALVO DIAZ, ANA BEGOÑA",STAR CENTER-UNI FERROL,13,5,"2,6"
2016,"SANDRIC , ANTONIJA",LOINTEK GERNIKA BIZKAIA,5,2,"2,5"
2016,"ALDALUR SOTO, ANE MIREN",LACTURALE ARASKI,10,4,"2,5"
2016,"PINA TOLOSA, MARIA",LOINTEK GERNIKA BIZKAIA,5,2,"2,5"
2016,"LIÑEIRA, MARIA CECILIA",LACTURALE ARASKI,10,4,"2,5"
2016,"BEARD, ALANA MONIQUE",PERFUMERIAS AVENIDA,12,5,"2,4"
2016,"BULGAK, ADUT ATEM",IDK GIPUZKOA,7,3,"2,33"
2016,"ETXARRI MUNARRIZ, IRATI",LACTURALE ARASKI,9,4,"2,25"
2016,"DE SOUZA MACHADO, ERIKA CRISTINA",PERFUMERIAS AVENIDA,11,5,"2,2"
2016,"JORDANA BOFILL, NOEMI",SPAR CITYLIFT GIRONA,11,5,"2,2"
2016,"PETERS, HALEY MCCLOSKEY",SPAR CITYLIFT GIRONA,11,5,"2,2"
2016,"ASURMENDI VILLAVERDE, MARIA DEL CARMEN",LOINTEK GERNIKA BIZKAIA,4,2,2
2016,"LLORENTE, VICTORIA",LOINTEK GERNIKA BIZKAIA,4,2,2
2016,"MOKANGO, CHANEL MODIRI",LOINTEK GERNIKA BIZKAIA,4,2,2
2016,"LOPEZ RODRIGUEZ, AINHOA",SPAR CITYLIFT GIRONA,4,2,2
2016,"DOMINGUEZ FERNANDEZ, SILVIA",PERFUMERIAS AVENIDA,10,5,2
2016,"ALMINAITE, KRISITINA",SPAR CITYLIFT GIRONA,8,2,4
2016,"FERRARI CALABRO, PAOLA ANDREA",IDK GIPUZKOA,7,2,"3,5"
2016,"DIEZ FERNANDEZ, NAIARA",LOINTEK GERNIKA BIZKAIA,7,2,"3,5"
2016,"GOMES COLHADO, NADIA",IDK GIPUZKOA,10,3,"3,33"
2016,"COULIBALY, NAIGNOUMA",SPAR CITYLIFT GIRONA,16,5,"3,2"
2016,"ELONU, ADAORA NNENNA",PERFUMERIAS AVENIDA,16,5,"3,2"
2016,"GIL COLLADO, LAURA",PERFUMERIAS AVENIDA,15,5,3
2016,"MILOVANOVIC, JELENA",PERFUMERIAS AVENIDA,15,5,3
2016,"GONZALEZ DUARTE , LARA",IDK GIPUZKOA,6,2,3
2016,"IBEKWE, IFUNANYA DEBBIE",SPAR CITYLIFT GIRONA,11,4,"2,75"
2016,"SARR, OUMOUL KHAIRY",IDK GIPUZKOA,8,3,"2,67"
2016,"OCETE CASTILLO, GABRIELA",IDK GIPUZKOA,8,3,"2,67"
2016,"BARBEE, SHACOBIA SHAUNTE",STAR CENTER-UNI FERROL,13,5,"2,6"
2016,"JEFFERSON , LAQUINTA JOY",STAR CENTER-UNI FERROL,13,5,"2,6"
2016,"CALVO DIAZ, ANA BEGOÑA",STAR CENTER-UNI FERROL,13,5,"2,6"
2016,"SANDRIC , ANTONIJA",LOINTEK GERNIKA BIZKAIA,5,2,"2,5"
2016,"ALDALUR SOTO, ANE MIREN",LACTURALE ARASKI,10,4,"2,5"
2016,"PINA TOLOSA, MARIA",LOINTEK GERNIKA BIZKAIA,5,2,"2,5"
2016,"LIÑEIRA, MARIA CECILIA",LACTURALE ARASKI,10,4,"2,5"
2016,"BEARD, ALANA MONIQUE",PERFUMERIAS AVENIDA,12,5,"2,4"
2016,"BULGAK, ADUT ATEM",IDK GIPUZKOA,7,3,"2,33"
2016,"ETXARRI MUNARRIZ, IRATI",LACTURALE ARASKI,9,4,"2,25"
2016,"DE SOUZA MACHADO, ERIKA CRISTINA",PERFUMERIAS AVENIDA,11,5,"2,2"
2016,"JORDANA BOFILL, NOEMI",SPAR CITYLIFT GIRONA,11,5,"2,2"
2016,"PETERS, HALEY MCCLOSKEY",SPAR CITYLIFT GIRONA,11,5,"2,2"
2016,"ASURMENDI VILLAVERDE, MARIA DEL CARMEN",LOINTEK GERNIKA BIZKAIA,4,2,2
2016,"LLORENTE, VICTORIA",LOINTEK GERNIKA BIZKAIA,4,2,2
2016,"MOKANGO, CHANEL MODIRI",LOINTEK GERNIKA BIZKAIA,4,2,2
2016,"LOPEZ RODRIGUEZ, AINHOA",SPAR CITYLIFT GIRONA,4,2,2
2016,"DOMINGUEZ FERNANDEZ, SILVIA",PERFUMERIAS AVENIDA,10,5,2
2015,"OCETE CASTILLO, GABRIELA",MANN-FILTER,8,2,4
2015,"PETERS, HALEY MCCLOSKEY",C.B. CONQUERO HUELVA WAGEN,8,2,4
2015,"FERRARI CALABRO, PAOLA ANDREA",MANN-FILTER,8,2,4
2015,"IBEKWE, IFUNANYA DEBBIE",SPAR CITYLIFT GIRONA,8,2,4
2015,"DE SA CASTRO NEVES, CATARINA",C.B. CONQUERO HUELVA WAGEN,7,2,"3,5"
2015,"MARGINEAN , GABRIELA",PERFUMERIAS AVENIDA,17,5,"3,4"
2015,"COULIBALY, NAIGNOUMA",SPAR CITYLIFT GIRONA,17,5,"3,4"
2015,"ELONU, ADAORA NNENNA",C.B. CONQUERO HUELVA WAGEN,6,2,3
2015,"LIEPKALNE, DITA",MANN-FILTER,6,2,3
2015,"BEARD, ALANA MONIQUE",PERFUMERIAS AVENIDA,15,5,3
2015,"PASCUA SUAREZ, MARÍA LUCILA",MANN-FILTER,6,2,3
2015,"CALDWELL , TALIA ADAIAH",C.B. CONQUERO HUELVA WAGEN,3,1,3
2015,"GIDDEN, VANESSA NICOLE",PERFUMERIAS AVENIDA,8,3,"2,67"
2015,"NDOUR, ASTOU BARRO",PERFUMERIAS AVENIDA,13,5,"2,6"
2015,"DOMINGUEZ FERNANDEZ, SILVIA",PERFUMERIAS AVENIDA,12,5,"2,4"
2015,"VITOLA, KRISTINE",PERFUMERIAS AVENIDA,9,4,"2,25"
2015,"GIVENS , KRISI TIJANA",SPAR CITYLIFT GIRONA,11,5,"2,2"
2015,"KOBRYN , EWELINA KATARZYNA",PERFUMERIAS AVENIDA,11,5,"2,2"
2015,"ZLATANOVA, JAKLIN",MANN-FILTER,4,2,2
2015,"KNEZEVIC, ADRIJANA",SPAR CITYLIFT GIRONA,9,5,"1,8"
2015,"KUKTIENE, VITA",SPAR CITYLIFT GIRONA,8,5,"1,6"
2015,"ASURMENDI VILLAVERDE, MARIA DEL CARMEN",PERFUMERIAS AVENIDA,8,5,"1,6"
2015,"ESPARCIA OMEDAS, CAROLINA",MANN-FILTER,3,2,"1,5"
2015,"TRAORE, AYA",C.B. CONQUERO HUELVA WAGEN,3,2,"1,5"
2015,"SPANOU, ARTEMIS",SPAR CITYLIFT GIRONA,7,5,"1,4"
2015,"LUCAS , ITALEE MALINA",SPAR CITYLIFT GIRONA,6,5,"1,2"
2015,"JORDANA BOFILL, NOEMI",SPAR CITYLIFT GIRONA,5,5,1
2015,"BUCH ROSELL, ROSO",C.B. CONQUERO HUELVA WAGEN,2,2,1
2015,"RODRIGUEZ MANSO, LEONOR DEL PILAR",PERFUMERIAS AVENIDA,5,5,1
2015,"CALVO DIAZ, ANA BEGOÑA",MANN-FILTER,2,2,1
2015,"OCETE CASTILLO, GABRIELA",MANN-FILTER,8,2,4
2015,"PETERS, HALEY MCCLOSKEY",C.B. CONQUERO HUELVA WAGEN,8,2,4
2015,"FERRARI CALABRO, PAOLA ANDREA",MANN-FILTER,8,2,4
2015,"IBEKWE, IFUNANYA DEBBIE",SPAR CITYLIFT GIRONA,8,2,4
2015,"DE SA CASTRO NEVES, CATARINA",C.B. CONQUERO HUELVA WAGEN,7,2,"3,5"
2015,"MARGINEAN , GABRIELA",PERFUMERIAS AVENIDA,17,5,"3,4"
2015,"COULIBALY, NAIGNOUMA",SPAR CITYLIFT GIRONA,17,5,"3,4"
2015,"ELONU, ADAORA NNENNA",C.B. CONQUERO HUELVA WAGEN,6,2,3
2015,"LIEPKALNE, DITA",MANN-FILTER,6,2,3
2015,"BEARD, ALANA MONIQUE",PERFUMERIAS AVENIDA,15,5,3
2015,"PASCUA SUAREZ, MARÍA LUCILA",MANN-FILTER,6,2,3
2015,"CALDWELL , TALIA ADAIAH",C.B. CONQUERO HUELVA WAGEN,3,1,3
2015,"GIDDEN, VANESSA NICOLE",PERFUMERIAS AVENIDA,8,3,"2,67"
2015,"NDOUR, ASTOU BARRO",PERFUMERIAS AVENIDA,13,5,"2,6"
2015,"DOMINGUEZ FERNANDEZ, SILVIA",PERFUMERIAS AVENIDA,12,5,"2,4"
2015,"VITOLA, KRISTINE",PERFUMERIAS AVENIDA,9,4,"2,25"
2015,"GIVENS , KRISI TIJANA",SPAR CITYLIFT GIRONA,11,5,"2,2"
2015,"KOBRYN , EWELINA KATARZYNA",PERFUMERIAS AVENIDA,11,5,"2,2"
2015,"ZLATANOVA, JAKLIN",MANN-FILTER,4,2,2
2015,"KNEZEVIC, ADRIJANA",SPAR CITYLIFT GIRONA,9,5,"1,8"
2015,"KUKTIENE, VITA",SPAR CITYLIFT GIRONA,8,5,"1,6"
2015,"ASURMENDI VILLAVERDE, MARIA DEL CARMEN",PERFUMERIAS AVENIDA,8,5,"1,6"
2015,"ESPARCIA OMEDAS, CAROLINA",MANN-FILTER,3,2,"1,5"
2015,"TRAORE, AYA",C.B. CONQUERO HUELVA WAGEN,3,2,"1,5"
2015,"SPANOU, ARTEMIS",SPAR CITYLIFT GIRONA,7,5,"1,4"
2015,"LUCAS , ITALEE MALINA",SPAR CITYLIFT GIRONA,6,5,"1,2"
2015,"JORDANA BOFILL, NOEMI",SPAR CITYLIFT GIRONA,5,5,1
2015,"BUCH ROSELL, ROSO",C.B. CONQUERO HUELVA WAGEN,2,2,1
2015,"RODRIGUEZ MANSO, LEONOR DEL PILAR",PERFUMERIAS AVENIDA,5,5,1
2015,"CALVO DIAZ, ANA BEGOÑA",MANN-FILTER,2,2,1
2014,"XARGAY CASADEMONT, MARTA",PERFUMERIAS AVENIDA,21,5,"4,2"
2014,"SUAREZ UTRERO, ANA MARIA",CADI LA SEU,11,3,"3,67"
2014,"MADU, NDIDI AWELE",CADI LA SEU,11,3,"3,67"
2014,"FERRARI CALABRO, PAOLA ANDREA",PERFUMERIAS AVENIDA,17,5,"3,4"
2014,"GIL COLLADO, LAURA",CADI LA SEU,10,3,"3,33"
2014,"ORTIZ VIVES, MARIONA",PERFUMERIAS AVENIDA,15,5,3
2014,"PINA TOLOSA, MARIA",C.B. CONQUERO HUELVA WAGEN,6,2,3
2014,"GERMAN VELASCO, ICIAR",C.B. CONQUERO HUELVA WAGEN,6,2,3
2014,"ROBINSON, ANGELICA DANIELLE",PERFUMERIAS AVENIDA,14,5,"2,8"
2014,"BAHI BLANQUERA, GEORGINA",CADI LA SEU,8,3,"2,67"
2014,"TANNER, TYRESE LA SHAY",CADI LA SEU,8,3,"2,67"
2014,"IBEKWE, IFUNANYA DEBBIE",SPAR CITYLIFT GIRONA,10,4,"2,5"
2014,"ASURMENDI VILLAVERDE, MARIA DEL CARMEN",C.B. CONQUERO HUELVA WAGEN,5,2,"2,5"
2014,"PASCUA SUAREZ, MARÍA LUCILA",C.B. CONQUERO HUELVA WAGEN,5,2,"2,5"
2014,"ELONU, ADAORA NNENNA",C.B. CONQUERO HUELVA WAGEN,5,2,"2,5"
2014,"PARHAM, AJA DANIELLE",C.B. CONQUERO HUELVA WAGEN,5,2,"2,5"
2014,"CHAMBERS, BRITTANY MARIE",SPAR CITYLIFT GIRONA,9,4,"2,25"
2014,"GIDDEN, VANESSA NICOLE",SPAR CITYLIFT GIRONA,9,4,"2,25"
2014,"KUKTIENE, VITA",SPAR CITYLIFT GIRONA,9,4,"2,25"
2014,"HIND, BEN ABDELKADER",CADI LA SEU,6,3,2
2014,"FREIXANET VIEJO, JAEL",SPAR CITYLIFT GIRONA,8,4,2
2014,"REZAN, MARIJA",PERFUMERIAS AVENIDA,10,5,2
2014,"JORDANA BOFILL, NOEMI",SPAR CITYLIFT GIRONA,8,4,2
2014,"ABALDE DIAZ, TAMARA",PERFUMERIAS AVENIDA,6,3,2
2014,"PEREZ TORRES, TANIA",CADI LA SEU,5,3,"1,67"
2014,"FERNANDEZ FARRES, MARTA",PERFUMERIAS AVENIDA,8,5,"1,6"
2014,"DAVIS , CHELSEA MARIA",C.B. CONQUERO HUELVA WAGEN,3,2,"1,5"
2014,"BABKINA, ELINA",SPAR CITYLIFT GIRONA,5,4,"1,25"
2014,"BLE, DOUKOLE VANESSA",PERFUMERIAS AVENIDA,6,5,"1,2"
2014,"SOLER SUAREZ, PATRICIA",C.B. CONQUERO HUELVA WAGEN,1,1,1
2014,"XARGAY CASADEMONT, MARTA",PERFUMERIAS AVENIDA,21,5,"4,2"
2014,"SUAREZ UTRERO, ANA MARIA",CADI LA SEU,11,3,"3,67"
2014,"MADU, NDIDI AWELE",CADI LA SEU,11,3,"3,67"
2014,"FERRARI CALABRO, PAOLA ANDREA",PERFUMERIAS AVENIDA,17,5,"3,4"
2014,"GIL COLLADO, LAURA",CADI LA SEU,10,3,"3,33"
2014,"ORTIZ VIVES, MARIONA",PERFUMERIAS AVENIDA,15,5,3
2014,"PINA TOLOSA, MARIA",C.B. CONQUERO HUELVA WAGEN,6,2,3
2014,"GERMAN VELASCO, ICIAR",C.B. CONQUERO HUELVA WAGEN,6,2,3
2014,"ROBINSON, ANGELICA DANIELLE",PERFUMERIAS AVENIDA,14,5,"2,8"
2014,"BAHI BLANQUERA, GEORGINA",CADI LA SEU,8,3,"2,67"
2014,"TANNER, TYRESE LA SHAY",CADI LA SEU,8,3,"2,67"
2014,"IBEKWE, IFUNANYA DEBBIE",SPAR CITYLIFT GIRONA,10,4,"2,5"
2014,"ASURMENDI VILLAVERDE, MARIA DEL CARMEN",C.B. CONQUERO HUELVA WAGEN,5,2,"2,5"
2014,"PASCUA SUAREZ, MARÍA LUCILA",C.B. CONQUERO HUELVA WAGEN,5,2,"2,5"
2014,"ELONU, ADAORA NNENNA",C.B. CONQUERO HUELVA WAGEN,5,2,"2,5"
2014,"PARHAM, AJA DANIELLE",C.B. CONQUERO HUELVA WAGEN,5,2,"2,5"
2014,"CHAMBERS, BRITTANY MARIE",SPAR CITYLIFT GIRONA,9,4,"2,25"
2014,"GIDDEN, VANESSA NICOLE",SPAR CITYLIFT GIRONA,9,4,"2,25"
2014,"KUKTIENE, VITA",SPAR CITYLIFT GIRONA,9,4,"2,25"
2014,"HIND, BEN ABDELKADER",CADI LA SEU,6,3,2
2014,"FREIXANET VIEJO, JAEL",SPAR CITYLIFT GIRONA,8,4,2
2014,"REZAN, MARIJA",PERFUMERIAS AVENIDA,10,5,2
2014,"JORDANA BOFILL, NOEMI",SPAR CITYLIFT GIRONA,8,4,2
2014,"ABALDE DIAZ, TAMARA",PERFUMERIAS AVENIDA,6,3,2
2014,"PEREZ TORRES, TANIA",CADI LA SEU,5,3,"1,67"
2014,"FERNANDEZ FARRES, MARTA",PERFUMERIAS AVENIDA,8,5,"1,6"
2014,"DAVIS , CHELSEA MARIA",C.B. CONQUERO HUELVA WAGEN,3,2,"1,5"
2014,"BABKINA, ELINA",SPAR CITYLIFT GIRONA,5,4,"1,25"
2014,"BLE, DOUKOLE VANESSA",PERFUMERIAS AVENIDA,6,5,"1,2"
2014,"SOLER SUAREZ, PATRICIA",C.B. CONQUERO HUELVA WAGEN,1,1,1
2013,"DAVIS , CHELSEA MARIA",GRAN CANARIA 2014,11,3,"3,67"
2013,"MONTENEGRO SANTANA, RITA ESTHER",EMBUTIDOS PAJARIEL BEMBIBRE PD,10,3,"3,33"
2013,"XARGAY CASADEMONT, MARTA",PERFUMERIAS AVENIDA,16,5,"3,2"
2013,"DIAZ CASTELLANO, YURENA",GRAN CANARIA 2014,9,3,3
2013,"NICHOLLS GONZALEZ, LAURA",RIVAS ECOPOLIS,14,5,"2,8"
2013,"ROBINSON, ANGELICA DANIELLE",PERFUMERIAS AVENIDA,12,5,"2,4"
2013,"ALLISON, RACHEL LINDSAY",RIVAS ECOPOLIS,12,5,"2,4"
2013,"REZAN, MARIJA",PERFUMERIAS AVENIDA,12,5,"2,4"
2013,"LIEPKALNE, DITA",EMBUTIDOS PAJARIEL BEMBIBRE PD,7,3,"2,33"
2013,"THOMAS, KRYSTAL VICTORIA",PERFUMERIAS AVENIDA,11,5,"2,2"
2013,"MURPHY, ESHAYA MARIE",PERFUMERIAS AVENIDA,10,5,2
2013,"ABALDE DIAZ, TAMARA",PERFUMERIAS AVENIDA,6,3,2
2013,"MONGOMO CARVALLO, MARIA CONCEPCIÓN",GRAN CANARIA 2014,6,3,2
2013,"BERMEJO MORENO, CLARA SUSANA",RIVAS ECOPOLIS,10,5,2
2013,"NDOYE, BINETA",GRAN CANARIA 2014,6,3,2
2013,"RODRIGUEZ MANSO, LEONOR DEL PILAR",PERFUMERIAS AVENIDA,9,5,"1,8"
2013,"VIVAS SACRAMENTO, ELISABET",EMBUTIDOS PAJARIEL BEMBIBRE PD,5,3,"1,67"
2013,"NDOUR, ASTOU BARRO",GRAN CANARIA 2014,5,3,"1,67"
2013,"GOMEZ IGUAL, ANNA",EMBUTIDOS PAJARIEL BEMBIBRE PD,5,3,"1,67"
2013,"BUCH ROSELL, ROSO",EMBUTIDOS PAJARIEL BEMBIBRE PD,5,3,"1,67"
2013,"HASSELL, JASMINE",RIVAS ECOPOLIS,8,5,"1,6"
2013,"ELDEBRINK, FRIDA",RIVAS ECOPOLIS,7,5,"1,4"
2013,"O'REILLY, ORLA",EMBUTIDOS PAJARIEL BEMBIBRE PD,4,3,"1,33"
2013,"DENNETT, MELISSA LOUISE",EMBUTIDOS PAJARIEL BEMBIBRE PD,4,3,"1,33"
2013,"HALVARSSON , LOUICE",RIVAS ECOPOLIS,6,5,"1,2"
2013,"QUEVEDO CAÑIZARES, LAURA",RIVAS ECOPOLIS,1,1,1
2013,"CHAMBERS, BRITTANY MARIE",GRAN CANARIA 2014,3,3,1
2013,"MUHATE PEÑA, CECILIA",RIVAS ECOPOLIS,1,1,1
2013,"OCETE CASTILLO, GABRIELA",RIVAS ECOPOLIS,4,5,"0,8"
2013,"FERNANDEZ FARRES, MARTA",PERFUMERIAS AVENIDA,4,5,"0,8"
2013,"DAVIS , CHELSEA MARIA",GRAN CANARIA 2014,11,3,"3,67"
2013,"MONTENEGRO SANTANA, RITA ESTHER",EMBUTIDOS PAJARIEL BEMBIBRE PD,10,3,"3,33"
2013,"XARGAY CASADEMONT, MARTA",PERFUMERIAS AVENIDA,16,5,"3,2"
2013,"DIAZ CASTELLANO, YURENA",GRAN CANARIA 2014,9,3,3
2013,"NICHOLLS GONZALEZ, LAURA",RIVAS ECOPOLIS,14,5,"2,8"
2013,"ROBINSON, ANGELICA DANIELLE",PERFUMERIAS AVENIDA,12,5,"2,4"
2013,"ALLISON, RACHEL LINDSAY",RIVAS ECOPOLIS,12,5,"2,4"
2013,"REZAN, MARIJA",PERFUMERIAS AVENIDA,12,5,"2,4"
2013,"LIEPKALNE, DITA",EMBUTIDOS PAJARIEL BEMBIBRE PD,7,3,"2,33"
2013,"THOMAS, KRYSTAL VICTORIA",PERFUMERIAS AVENIDA,11,5,"2,2"
2013,"MURPHY, ESHAYA MARIE",PERFUMERIAS AVENIDA,10,5,2
2013,"ABALDE DIAZ, TAMARA",PERFUMERIAS AVENIDA,6,3,2
2013,"MONGOMO CARVALLO, MARIA CONCEPCIÓN",GRAN CANARIA 2014,6,3,2
2013,"BERMEJO MORENO, CLARA SUSANA",RIVAS ECOPOLIS,10,5,2
2013,"NDOYE, BINETA",GRAN CANARIA 2014,6,3,2
2013,"RODRIGUEZ MANSO, LEONOR DEL PILAR",PERFUMERIAS AVENIDA,9,5,"1,8"
2013,"VIVAS SACRAMENTO, ELISABET",EMBUTIDOS PAJARIEL BEMBIBRE PD,5,3,"1,67"
2013,"NDOUR, ASTOU BARRO",GRAN CANARIA 2014,5,3,"1,67"
2013,"GOMEZ IGUAL, ANNA",EMBUTIDOS PAJARIEL BEMBIBRE PD,5,3,"1,67"
2013,"BUCH ROSELL, ROSO",EMBUTIDOS PAJARIEL BEMBIBRE PD,5,3,"1,67"
2013,"HASSELL, JASMINE",RIVAS ECOPOLIS,8,5,"1,6"
2013,"ELDEBRINK, FRIDA",RIVAS ECOPOLIS,7,5,"1,4"
2013,"O'REILLY, ORLA",EMBUTIDOS PAJARIEL BEMBIBRE PD,4,3,"1,33"
2013,"DENNETT, MELISSA LOUISE",EMBUTIDOS PAJARIEL BEMBIBRE PD,4,3,"1,33"
2013,"HALVARSSON , LOUICE",RIVAS ECOPOLIS,6,5,"1,2"
2013,"QUEVEDO CAÑIZARES, LAURA",RIVAS ECOPOLIS,1,1,1
2013,"CHAMBERS, BRITTANY MARIE",GRAN CANARIA 2014,3,3,1
2013,"MUHATE PEÑA, CECILIA",RIVAS ECOPOLIS,1,1,1
2013,"OCETE CASTILLO, GABRIELA",RIVAS ECOPOLIS,4,5,"0,8"
2013,"FERNANDEZ FARRES, MARTA",PERFUMERIAS AVENIDA,4,5,"0,8"
2012,"SOTIRIOU , AIKATERINA",UNB OBENASA,12,3,4
2012,"REVUELTO SÁNCHEZ-AGUILERA, MARIA",UNB OBENASA,11,3,"3,67"
2012,"CUEVAS MEDIAVILLA, AITANA",BEROIL - CIUDAD DE BURGOS,7,2,"3,5"
2012,"CHUMILLAS PERIS, BERTA",BEROIL - CIUDAD DE BURGOS,7,2,"3,5"
2012,"FEASTER, ALISON",SPAR UNIGIRONA,14,4,"3,5"
2012,"XARGAY CASADEMONT, MARTA",PERFUMERIAS AVENIDA,13,4,"3,25"
2012,"WILLINGHAM, LE`COE LOUISE",PERFUMERIAS AVENIDA,13,4,"3,25"
2012,"COVINGTON, ARHONDA",CADI - ICG SOFTWARE,13,4,"3,25"
2012,"PARHAM, AJA DANIELLE",CADI - ICG SOFTWARE,13,4,"3,25"
2012,"NICHOLLS GONZALEZ, LAURA",RIVAS ECOPOLIS,12,4,3
2012,"SARR, OUMOUL KHAIRY",SPAR UNIGIRONA,14,5,"2,8"
2012,"TRAORE, ASTOU",CADI - ICG SOFTWARE,11,4,"2,75"
2012,"VAJDA, ANNA",RIVAS ECOPOLIS,11,4,"2,75"
2012,"JORDANA BOFILL, NOEMI",SPAR UNIGIRONA,13,5,"2,6"
2012,"LLOBET CODERCH, ITZIAR",BEROIL - CIUDAD DE BURGOS,5,2,"2,5"
2012,"GOMEZ IGUAL, ANNA",BEROIL - CIUDAD DE BURGOS,5,2,"2,5"
2012,"SULCIUTE, EGLE",PERFUMERIAS AVENIDA,9,4,"2,25"
2012,"MONROE, JACINTA LISETTE",SPAR UNIGIRONA,10,5,2
2012,"GIL COLLADO, LAURA",BEROIL - CIUDAD DE BURGOS,4,2,2
2012,"CRUZ LEBRATO, ANNA",RIVAS ECOPOLIS,8,4,2
2012,"FERRARI CALABRO, PAOLA ANDREA",PERFUMERIAS AVENIDA,8,4,2
2012,"ARGÜELLO CUENCA, PATRICIA",UNB OBENASA,6,3,2
2012,"ALLISON, RACHEL LINDSAY",BEROIL - CIUDAD DE BURGOS,2,1,2
2012,"BARTONOVA , KATERINA",CADI - ICG SOFTWARE,8,4,2
2012,"ORAVCOVA, ANDREA",CADI - ICG SOFTWARE,7,4,"1,75"
2012,"KURASOVA, OLEKSANDRA",RIVAS ECOPOLIS,7,4,"1,75"
2012,"REZAN, MARIJA",PERFUMERIAS AVENIDA,7,4,"1,75"
2012,"BRAVARD , CIERRA  NICHOLE",SPAR UNIGIRONA,8,5,"1,6"
2012,"BELD , MYRTHE BRIGIT MARIA",SPAR UNIGIRONA,8,5,"1,6"
2012,"HENRY, ANEIKA ANNA-KAY",RIVAS ECOPOLIS,6,4,"1,5"
2012,"SOTIRIOU , AIKATERINA",UNB OBENASA,12,3,4
2012,"REVUELTO SÁNCHEZ-AGUILERA, MARIA",UNB OBENASA,11,3,"3,67"
2012,"CUEVAS MEDIAVILLA, AITANA",BEROIL - CIUDAD DE BURGOS,7,2,"3,5"
2012,"CHUMILLAS PERIS, BERTA",BEROIL - CIUDAD DE BURGOS,7,2,"3,5"
2012,"FEASTER, ALISON",SPAR UNIGIRONA,14,4,"3,5"
2012,"XARGAY CASADEMONT, MARTA",PERFUMERIAS AVENIDA,13,4,"3,25"
2012,"WILLINGHAM, LE`COE LOUISE",PERFUMERIAS AVENIDA,13,4,"3,25"
2012,"COVINGTON, ARHONDA",CADI - ICG SOFTWARE,13,4,"3,25"
2012,"PARHAM, AJA DANIELLE",CADI - ICG SOFTWARE,13,4,"3,25"
2012,"NICHOLLS GONZALEZ, LAURA",RIVAS ECOPOLIS,12,4,3
2012,"SARR, OUMOUL KHAIRY",SPAR UNIGIRONA,14,5,"2,8"
2012,"TRAORE, ASTOU",CADI - ICG SOFTWARE,11,4,"2,75"
2012,"VAJDA, ANNA",RIVAS ECOPOLIS,11,4,"2,75"
2012,"JORDANA BOFILL, NOEMI",SPAR UNIGIRONA,13,5,"2,6"
2012,"LLOBET CODERCH, ITZIAR",BEROIL - CIUDAD DE BURGOS,5,2,"2,5"
2012,"GOMEZ IGUAL, ANNA",BEROIL - CIUDAD DE BURGOS,5,2,"2,5"
2012,"SULCIUTE, EGLE",PERFUMERIAS AVENIDA,9,4,"2,25"
2012,"MONROE, JACINTA LISETTE",SPAR UNIGIRONA,10,5,2
2012,"GIL COLLADO, LAURA",BEROIL - CIUDAD DE BURGOS,4,2,2
2012,"CRUZ LEBRATO, ANNA",RIVAS ECOPOLIS,8,4,2
2012,"FERRARI CALABRO, PAOLA ANDREA",PERFUMERIAS AVENIDA,8,4,2
2012,"ARGÜELLO CUENCA, PATRICIA",UNB OBENASA,6,3,2
2012,"ALLISON, RACHEL LINDSAY",BEROIL - CIUDAD DE BURGOS,2,1,2
2012,"BARTONOVA , KATERINA",CADI - ICG SOFTWARE,8,4,2
2012,"ORAVCOVA, ANDREA",CADI - ICG SOFTWARE,7,4,"1,75"
2012,"KURASOVA, OLEKSANDRA",RIVAS ECOPOLIS,7,4,"1,75"
2012,"REZAN, MARIJA",PERFUMERIAS AVENIDA,7,4,"1,75"
2012,"BRAVARD , CIERRA  NICHOLE",SPAR UNIGIRONA,8,5,"1,6"
2012,"BELD , MYRTHE BRIGIT MARIA",SPAR UNIGIRONA,8,5,"1,6"
2012,"HENRY, ANEIKA ANNA-KAY",RIVAS ECOPOLIS,6,4,"1,5"
2011,"JACKSON, LAUREN",CIUDAD ROS CASARES VALENCIA,15,4,"3,75"
2011,"DE SOUZA MACHADO, ERIKA CRISTINA",PERFUMERIAS AVENIDA,13,4,"3,25"
2011,"XARGAY CASADEMONT, MARTA",PERFUMERIAS AVENIDA,12,4,3
2011,"ANTOJA ROVIRA, LAURA",PERFUMERIAS AVENIDA,11,4,"2,75"
2011,"MOORE, MAYA APRIL",CIUDAD ROS CASARES VALENCIA,8,3,"2,67"
2011,"VESELA, JANA",CIUDAD ROS CASARES VALENCIA,8,3,"2,67"
2011,"GIMENO MARTINEZ, VEGA",RIVAS ECOPOLIS,5,2,"2,5"
2011,"ROBINSON, ANGELICA DANIELLE",GIRONA FC,5,2,"2,5"
2011,"LYTTLE LYTTLE, SANCHO TRACY CONSTANCE",CIUDAD ROS CASARES VALENCIA,9,4,"2,25"
2011,"FERNANDEZ FARRES, MARTA",PERFUMERIAS AVENIDA,8,4,2
2011,"CARSON, ESSENCE",RIVAS ECOPOLIS,4,2,2
2011,"SARR, OUMOUL KHAIRY",GIRONA FC,4,2,2
2011,"VEGA REBORA, GISELA VERONICA",GIRONA FC,4,2,2
2011,"SANCHEZ FERNANDEZ, ISABEL",PERFUMERIAS AVENIDA,8,4,2
2011,"CARBO COLOMA, ANNA",GIRONA FC,4,2,2
2011,"JONES, ASJHA",RIVAS ECOPOLIS,4,2,2
2011,"BONNER, DEWANNA TENISE",PERFUMERIAS AVENIDA,8,4,2
2011,"KORSTINE, ILONA",PERFUMERIAS AVENIDA,7,4,"1,75"
2011,"YACOUBOU, ISABELLE",CIUDAD ROS CASARES VALENCIA,7,4,"1,75"
2011,"WAUTERS, ANN",CIUDAD ROS CASARES VALENCIA,7,4,"1,75"
2011,"MURPHY, ESHAYA MARIE",CIUDAD ROS CASARES VALENCIA,7,4,"1,75"
2011,"PALAU ALTES, LAIA",CIUDAD ROS CASARES VALENCIA,6,4,"1,5"
2011,"BAHI BLANQUERA, GEORGINA",GIRONA FC,3,2,"1,5"
2011,"DOMINGUEZ FERNANDEZ, SILVIA",CIUDAD ROS CASARES VALENCIA,6,4,"1,5"
2011,"NICHOLLS GONZALEZ, LAURA",RIVAS ECOPOLIS,3,2,"1,5"
2011,"THORBURN, SHONA LOUISE",GIRONA FC,3,2,"1,5"
2011,"PIRSIC, SANDRA",RIVAS ECOPOLIS,3,2,"1,5"
2011,"GARCIA MATA, GEMA",RIVAS ECOPOLIS,3,2,"1,5"
2011,"VAJDA, ANNA",PERFUMERIAS AVENIDA,5,4,"1,25"
2011,"KRIVACEVIC, TIJANA",RIVAS ECOPOLIS,1,1,1
2011,"JACKSON, LAUREN",CIUDAD ROS CASARES VALENCIA,15,4,"3,75"
2011,"DE SOUZA MACHADO, ERIKA CRISTINA",PERFUMERIAS AVENIDA,13,4,"3,25"
2011,"XARGAY CASADEMONT, MARTA",PERFUMERIAS AVENIDA,12,4,3
2011,"ANTOJA ROVIRA, LAURA",PERFUMERIAS AVENIDA,11,4,"2,75"
2011,"MOORE, MAYA APRIL",CIUDAD ROS CASARES VALENCIA,8,3,"2,67"
2011,"VESELA, JANA",CIUDAD ROS CASARES VALENCIA,8,3,"2,67"
2011,"GIMENO MARTINEZ, VEGA",RIVAS ECOPOLIS,5,2,"2,5"
2011,"ROBINSON, ANGELICA DANIELLE",GIRONA FC,5,2,"2,5"
2011,"LYTTLE LYTTLE, SANCHO TRACY CONSTANCE",CIUDAD ROS CASARES VALENCIA,9,4,"2,25"
2011,"FERNANDEZ FARRES, MARTA",PERFUMERIAS AVENIDA,8,4,2
2011,"CARSON, ESSENCE",RIVAS ECOPOLIS,4,2,2
2011,"SARR, OUMOUL KHAIRY",GIRONA FC,4,2,2
2011,"VEGA REBORA, GISELA VERONICA",GIRONA FC,4,2,2
2011,"SANCHEZ FERNANDEZ, ISABEL",PERFUMERIAS AVENIDA,8,4,2
2011,"CARBO COLOMA, ANNA",GIRONA FC,4,2,2
2011,"JONES, ASJHA",RIVAS ECOPOLIS,4,2,2
2011,"BONNER, DEWANNA TENISE",PERFUMERIAS AVENIDA,8,4,2
2011,"KORSTINE, ILONA",PERFUMERIAS AVENIDA,7,4,"1,75"
2011,"YACOUBOU, ISABELLE",CIUDAD ROS CASARES VALENCIA,7,4,"1,75"
2011,"WAUTERS, ANN",CIUDAD ROS CASARES VALENCIA,7,4,"1,75"
2011,"MURPHY, ESHAYA MARIE",CIUDAD ROS CASARES VALENCIA,7,4,"1,75"
2011,"PALAU ALTES, LAIA",CIUDAD ROS CASARES VALENCIA,6,4,"1,5"
2011,"BAHI BLANQUERA, GEORGINA",GIRONA FC,3,2,"1,5"
2011,"DOMINGUEZ FERNANDEZ, SILVIA",CIUDAD ROS CASARES VALENCIA,6,4,"1,5"
2011,"NICHOLLS GONZALEZ, LAURA",RIVAS ECOPOLIS,3,2,"1,5"
2011,"THORBURN, SHONA LOUISE",GIRONA FC,3,2,"1,5"
2011,"PIRSIC, SANDRA",RIVAS ECOPOLIS,3,2,"1,5"
2011,"GARCIA MATA, GEMA",RIVAS ECOPOLIS,3,2,"1,5"
2011,"VAJDA, ANNA",PERFUMERIAS AVENIDA,5,4,"1,25"
2011,"KRIVACEVIC, TIJANA",RIVAS ECOPOLIS,1,1,1
2010,"PARIS, COURTNEY LYNNE",RIVAS ECOPOLIS,9,2,"4,5"
2010,"ZLATANOVA, JAKLIN",MANN FILTER ZARAGOZA,8,2,4
2010,"PINA TOLOSA, MARIA",MANN FILTER ZARAGOZA,6,2,3
2010,"NICHOLLS GONZALEZ, LAURA",RIVAS ECOPOLIS,6,2,3
2010,"KRESOVIC, INES",MANN FILTER ZARAGOZA,6,2,3
2010,"FEASTER, ALISON",MANN FILTER ZARAGOZA,6,2,3
2010,"BRUNSON, REBEKKAH",CIUDAD ROS CASARES VALENCIA,6,2,3
2010,"OUVIÑA MODREGO, CRISTINA",MANN FILTER ZARAGOZA,6,2,3
2010,"PALAU ALTES, LAIA",CIUDAD ROS CASARES VALENCIA,5,2,"2,5"
2010,"DE SOUZA MACHADO, ERIKA CRISTINA",PERFUMERIAS AVENIDA,5,2,"2,5"
2010,"FERNANDEZ FARRES, MARTA",CIUDAD ROS CASARES VALENCIA,5,2,"2,5"
2010,"LIMA GARCIA, CINDY ORQUIDEA",CIUDAD ROS CASARES VALENCIA,5,2,"2,5"
2010,"CRUZ LEBRATO, ANNA",RIVAS ECOPOLIS,5,2,"2,5"
2010,"LYTTLE LYTTLE, SANCHO TRACY CONSTANCE",PERFUMERIAS AVENIDA,4,2,2
2010,"BONNER, DEWANNA TENISE",RIVAS ECOPOLIS,4,2,2
2010,"ANOSIKE, NIKOLIKA NONYELUM",CIUDAD ROS CASARES VALENCIA,4,2,2
2010,"MARTINEZ PRAT, NURIA",CIUDAD ROS CASARES VALENCIA,3,2,"1,5"
2010,"CASAS CARRERAS, QUERALT",MANN FILTER ZARAGOZA,3,2,"1,5"
2010,"DOMINGUEZ FERNANDEZ, SILVIA",PERFUMERIAS AVENIDA,3,2,"1,5"
2010,"VALDEMORO MADARIAGA, AMAYA",RIVAS ECOPOLIS,3,2,"1,5"
2010,"MONTAÑANA GIMENO, ANNA",PERFUMERIAS AVENIDA,3,2,"1,5"
2010,"HENRY, ANEIKA ANNA-KAY",MANN FILTER ZARAGOZA,3,2,"1,5"
2010,"PASCUA SUAREZ, MARÍA LUCILA",MANN FILTER ZARAGOZA,3,2,"1,5"
2010,"SANCHEZ FERNANDEZ, ISABEL",PERFUMERIAS AVENIDA,2,2,1
2010,"GIMENO MARTINEZ, VEGA",RIVAS ECOPOLIS,2,2,1
2010,"BROWN, KIESHA LINDSAY",MANN FILTER ZARAGOZA,2,2,1
2010,"ROYO TORRES, MARIA ESTELA",MANN FILTER ZARAGOZA,2,2,1
2010,"XARGAY CASADEMONT, MARTA",PERFUMERIAS AVENIDA,2,2,1
2010,"MONDT, ANKE DE",PERFUMERIAS AVENIDA,2,2,1
2010,"BERMEJO MORENO, CLARA SUSANA",RIVAS ECOPOLIS,2,2,1
2010,"PARIS, COURTNEY LYNNE",RIVAS ECOPOLIS,9,2,"4,5"
2010,"ZLATANOVA, JAKLIN",MANN FILTER ZARAGOZA,8,2,4
2010,"PINA TOLOSA, MARIA",MANN FILTER ZARAGOZA,6,2,3
2010,"NICHOLLS GONZALEZ, LAURA",RIVAS ECOPOLIS,6,2,3
2010,"KRESOVIC, INES",MANN FILTER ZARAGOZA,6,2,3
2010,"FEASTER, ALISON",MANN FILTER ZARAGOZA,6,2,3
2010,"BRUNSON, REBEKKAH",CIUDAD ROS CASARES VALENCIA,6,2,3
2010,"OUVIÑA MODREGO, CRISTINA",MANN FILTER ZARAGOZA,6,2,3
2010,"PALAU ALTES, LAIA",CIUDAD ROS CASARES VALENCIA,5,2,"2,5"
2010,"DE SOUZA MACHADO, ERIKA CRISTINA",PERFUMERIAS AVENIDA,5,2,"2,5"
2010,"FERNANDEZ FARRES, MARTA",CIUDAD ROS CASARES VALENCIA,5,2,"2,5"
2010,"LIMA GARCIA, CINDY ORQUIDEA",CIUDAD ROS CASARES VALENCIA,5,2,"2,5"
2010,"CRUZ LEBRATO, ANNA",RIVAS ECOPOLIS,5,2,"2,5"
2010,"LYTTLE LYTTLE, SANCHO TRACY CONSTANCE",PERFUMERIAS AVENIDA,4,2,2
2010,"BONNER, DEWANNA TENISE",RIVAS ECOPOLIS,4,2,2
2010,"ANOSIKE, NIKOLIKA NONYELUM",CIUDAD ROS CASARES VALENCIA,4,2,2
2010,"MARTINEZ PRAT, NURIA",CIUDAD ROS CASARES VALENCIA,3,2,"1,5"
2010,"CASAS CARRERAS, QUERALT",MANN FILTER ZARAGOZA,3,2,"1,5"
2010,"DOMINGUEZ FERNANDEZ, SILVIA",PERFUMERIAS AVENIDA,3,2,"1,5"
2010,"VALDEMORO MADARIAGA, AMAYA",RIVAS ECOPOLIS,3,2,"1,5"
2010,"MONTAÑANA GIMENO, ANNA",PERFUMERIAS AVENIDA,3,2,"1,5"
2010,"HENRY, ANEIKA ANNA-KAY",MANN FILTER ZARAGOZA,3,2,"1,5"
2010,"PASCUA SUAREZ, MARÍA LUCILA",MANN FILTER ZARAGOZA,3,2,"1,5"
2010,"SANCHEZ FERNANDEZ, ISABEL",PERFUMERIAS AVENIDA,2,2,1
2010,"GIMENO MARTINEZ, VEGA",RIVAS ECOPOLIS,2,2,1
2010,"BROWN, KIESHA LINDSAY",MANN FILTER ZARAGOZA,2,2,1
2010,"ROYO TORRES, MARIA ESTELA",MANN FILTER ZARAGOZA,2,2,1
2010,"XARGAY CASADEMONT, MARTA",PERFUMERIAS AVENIDA,2,2,1
2010,"MONDT, ANKE DE",PERFUMERIAS AVENIDA,2,2,1
2010,"BERMEJO MORENO, CLARA SUSANA",RIVAS ECOPOLIS,2,2,1
2009,"CRUZ LEBRATO, ANNA",RIVAS ECOPOLIS,9,2,"4,5"
2009,"DUBLJEVIC, JELENA",RIVAS ECOPOLIS,7,2,"3,5"
2009,"STEN, TIINA IRENE",MANN FILTER ZARAGOZA,7,2,"3,5"
2009,"PASCUA SUAREZ, MARÍA LUCILA",MANN FILTER ZARAGOZA,7,2,"3,5"
2009,"MILTON, DELISHA LACHELL",CIUDAD ROS CASARES VALENCIA,13,4,"3,25"
2009,"WILLINGHAM, LE`COE LOUISE",PERFUMERIAS AVENIDA,13,4,"3,25"
2009,"DE SOUZA MACHADO, ERIKA CRISTINA",CIUDAD ROS CASARES VALENCIA,13,4,"3,25"
2009,"LYTTLE LYTTLE, SANCHO TRACY CONSTANCE",PERFUMERIAS AVENIDA,13,4,"3,25"
2009,"OUVIÑA MODREGO, CRISTINA",MANN FILTER ZARAGOZA,6,2,3
2009,"JOENS, CATHERINE ELISABETH",RIVAS ECOPOLIS,6,2,3
2009,"UJHELYI, PETRA",RIVAS ECOPOLIS,6,2,3
2009,"LIMA GARCIA, CINDY ORQUIDEA",CIUDAD ROS CASARES VALENCIA,3,1,3
2009,"DA SILVA, KATIA",MANN FILTER ZARAGOZA,5,2,"2,5"
2009,"ABROMAITE, AGNE",MANN FILTER ZARAGOZA,5,2,"2,5"
2009,"VALDEMORO MADARIAGA, AMAYA",CIUDAD ROS CASARES VALENCIA,10,4,"2,5"
2009,"LANGHORNE , CRYSTAL ALLISON",RIVAS ECOPOLIS,5,2,"2,5"
2009,"FEASTER, ALISON",MANN FILTER ZARAGOZA,5,2,"2,5"
2009,"MONTAÑANA GIMENO, ANNA",CIUDAD ROS CASARES VALENCIA,9,4,"2,25"
2009,"SANCHEZ FERNANDEZ, ISABEL",PERFUMERIAS AVENIDA,9,4,"2,25"
2009,"PALAU ALTES, LAIA",CIUDAD ROS CASARES VALENCIA,8,4,2
2009,"MONDT, ANKE DE",PERFUMERIAS AVENIDA,8,4,2
2009,"BERMEJO MORENO, CLARA SUSANA",RIVAS ECOPOLIS,4,2,2
2009,"SNELL, BELINDA ROSE",CIUDAD ROS CASARES VALENCIA,7,4,"1,75"
2009,"DOMINGUEZ FERNANDEZ, SILVIA",PERFUMERIAS AVENIDA,6,4,"1,5"
2009,"TORRENS SALOM, ALBA",PERFUMERIAS AVENIDA,6,4,"1,5"
2009,"GARCIA PIÑERO, MARIA BEGOÑA",RIVAS ECOPOLIS,3,2,"1,5"
2009,"XARGAY CASADEMONT, MARTA",PERFUMERIAS AVENIDA,6,4,"1,5"
2009,"PODRUG, EMILIJA",PERFUMERIAS AVENIDA,5,4,"1,25"
2009,"VESELA, JANA",CIUDAD ROS CASARES VALENCIA,5,4,"1,25"
2009,"PODKOVALNIKOVA , OLGA",PERFUMERIAS AVENIDA,5,4,"1,25"
2009,"CRUZ LEBRATO, ANNA",RIVAS ECOPOLIS,9,2,"4,5"
2009,"DUBLJEVIC, JELENA",RIVAS ECOPOLIS,7,2,"3,5"
2009,"STEN, TIINA IRENE",MANN FILTER ZARAGOZA,7,2,"3,5"
2009,"PASCUA SUAREZ, MARÍA LUCILA",MANN FILTER ZARAGOZA,7,2,"3,5"
2009,"MILTON, DELISHA LACHELL",CIUDAD ROS CASARES VALENCIA,13,4,"3,25"
2009,"WILLINGHAM, LE`COE LOUISE",PERFUMERIAS AVENIDA,13,4,"3,25"
2009,"DE SOUZA MACHADO, ERIKA CRISTINA",CIUDAD ROS CASARES VALENCIA,13,4,"3,25"
2009,"LYTTLE LYTTLE, SANCHO TRACY CONSTANCE",PERFUMERIAS AVENIDA,13,4,"3,25"
2009,"OUVIÑA MODREGO, CRISTINA",MANN FILTER ZARAGOZA,6,2,3
2009,"JOENS, CATHERINE ELISABETH",RIVAS ECOPOLIS,6,2,3
2009,"UJHELYI, PETRA",RIVAS ECOPOLIS,6,2,3
2009,"LIMA GARCIA, CINDY ORQUIDEA",CIUDAD ROS CASARES VALENCIA,3,1,3
2009,"DA SILVA, KATIA",MANN FILTER ZARAGOZA,5,2,"2,5"
2009,"ABROMAITE, AGNE",MANN FILTER ZARAGOZA,5,2,"2,5"
2009,"VALDEMORO MADARIAGA, AMAYA",CIUDAD ROS CASARES VALENCIA,10,4,"2,5"
2009,"LANGHORNE , CRYSTAL ALLISON",RIVAS ECOPOLIS,5,2,"2,5"
2009,"FEASTER, ALISON",MANN FILTER ZARAGOZA,5,2,"2,5"
2009,"MONTAÑANA GIMENO, ANNA",CIUDAD ROS CASARES VALENCIA,9,4,"2,25"
2009,"SANCHEZ FERNANDEZ, ISABEL",PERFUMERIAS AVENIDA,9,4,"2,25"
2009,"PALAU ALTES, LAIA",CIUDAD ROS CASARES VALENCIA,8,4,2
2009,"MONDT, ANKE DE",PERFUMERIAS AVENIDA,8,4,2
2009,"BERMEJO MORENO, CLARA SUSANA",RIVAS ECOPOLIS,4,2,2
2009,"SNELL, BELINDA ROSE",CIUDAD ROS CASARES VALENCIA,7,4,"1,75"
2009,"DOMINGUEZ FERNANDEZ, SILVIA",PERFUMERIAS AVENIDA,6,4,"1,5"
2009,"TORRENS SALOM, ALBA",PERFUMERIAS AVENIDA,6,4,"1,5"
2009,"GARCIA PIÑERO, MARIA BEGOÑA",RIVAS ECOPOLIS,3,2,"1,5"
2009,"XARGAY CASADEMONT, MARTA",PERFUMERIAS AVENIDA,6,4,"1,5"
2009,"PODRUG, EMILIJA",PERFUMERIAS AVENIDA,5,4,"1,25"
2009,"VESELA, JANA",CIUDAD ROS CASARES VALENCIA,5,4,"1,25"
2009,"PODKOVALNIKOVA , OLGA",PERFUMERIAS AVENIDA,5,4,"1,25"
2008,"MURPHY, ESHAYA MARIE",CB FEVE SAN JOSÉ,8,2,4
2008,"PASCUA SUAREZ, MARÍA LUCILA",CB FEVE SAN JOSÉ,8,2,4
2008,"RILEY, RUTH ELLEN",RIVAS ECÓPOLIS,11,3,"3,67"
2008,"LIMA GARCIA, CINDY ORQUIDEA",CB FEVE SAN JOSÉ,7,2,"3,5"
2008,"UJHELYI, PETRA",RIVAS ECÓPOLIS,9,3,3
2008,"BERMEJO MORENO, CLARA SUSANA",RIVAS ECÓPOLIS,9,3,3
2008,"SNOW, MICHELLE",PERFUMERIAS AVENIDA,13,5,"2,6"
2008,"WILLINGHAM, LE`COE LOUISE",PERFUMERIAS AVENIDA,13,5,"2,6"
2008,"REVUELTO SÁNCHEZ-AGUILERA, MARIA",CB FEVE SAN JOSÉ,5,2,"2,5"
2008,"ABALDE DIAZ, TAMARA",RIVAS ECÓPOLIS,7,3,"2,33"
2008,"HODGES, RONEEKA RAYSHELL",RIVAS ECÓPOLIS,7,3,"2,33"
2008,"VESELA, JANA",CIUDAD ROS CASARES,9,4,"2,25"
2008,"MILTON, DELISHA LACHELL",CIUDAD ROS CASARES,9,4,"2,25"
2008,"VALDEMORO MADARIAGA, AMAYA",CIUDAD ROS CASARES,9,4,"2,25"
2008,"DE SOUZA MACHADO, ERIKA CRISTINA",CIUDAD ROS CASARES,9,4,"2,25"
2008,"MONTAÑANA GIMENO, ANNA",CIUDAD ROS CASARES,9,4,"2,25"
2008,"DOMINGUEZ FERNANDEZ, SILVIA",PERFUMERIAS AVENIDA,11,5,"2,2"
2008,"SANCHEZ FERNANDEZ, ISABEL",PERFUMERIAS AVENIDA,11,5,"2,2"
2008,"BASKO , GUNTA",PERFUMERIAS AVENIDA,10,5,2
2008,"BUTLER, KIMBERLY JOY",CB FEVE SAN JOSÉ,4,2,2
2008,"TORNIKIDOU TORNIKIDOU, ELENA",CIUDAD ROS CASARES,4,2,2
2008,"PALAU ALTES, LAIA",CIUDAD ROS CASARES,8,4,2
2008,"DUBLJEVIC, JELENA",RIVAS ECÓPOLIS,6,3,2
2008,"ALAÑA SEGURA, SHEILA",PERFUMERIAS AVENIDA,2,1,2
2008,"CAMPS COLLELL, LAURA",RIVAS ECÓPOLIS,5,3,"1,67"
2008,"ROVIRA RODRIGUEZ, MARIA DEL MAR",PERFUMERIAS AVENIDA,8,5,"1,6"
2008,"ARGÜELLO CUENCA, PATRICIA",CB FEVE SAN JOSÉ,3,2,"1,5"
2008,"WIGGINS, CANDICE DANA",CIUDAD ROS CASARES,6,4,"1,5"
2008,"MONDT, ANKE DE",PERFUMERIAS AVENIDA,7,5,"1,4"
2008,"STAMPALIJA, PETRA",PERFUMERIAS AVENIDA,6,5,"1,2"
2008,"MURPHY, ESHAYA MARIE",CB FEVE SAN JOSÉ,8,2,4
2008,"PASCUA SUAREZ, MARÍA LUCILA",CB FEVE SAN JOSÉ,8,2,4
2008,"RILEY, RUTH ELLEN",RIVAS ECÓPOLIS,11,3,"3,67"
2008,"LIMA GARCIA, CINDY ORQUIDEA",CB FEVE SAN JOSÉ,7,2,"3,5"
2008,"UJHELYI, PETRA",RIVAS ECÓPOLIS,9,3,3
2008,"BERMEJO MORENO, CLARA SUSANA",RIVAS ECÓPOLIS,9,3,3
2008,"SNOW, MICHELLE",PERFUMERIAS AVENIDA,13,5,"2,6"
2008,"WILLINGHAM, LE`COE LOUISE",PERFUMERIAS AVENIDA,13,5,"2,6"
2008,"REVUELTO SÁNCHEZ-AGUILERA, MARIA",CB FEVE SAN JOSÉ,5,2,"2,5"
2008,"ABALDE DIAZ, TAMARA",RIVAS ECÓPOLIS,7,3,"2,33"
2008,"HODGES, RONEEKA RAYSHELL",RIVAS ECÓPOLIS,7,3,"2,33"
2008,"VESELA, JANA",CIUDAD ROS CASARES,9,4,"2,25"
2008,"MILTON, DELISHA LACHELL",CIUDAD ROS CASARES,9,4,"2,25"
2008,"VALDEMORO MADARIAGA, AMAYA",CIUDAD ROS CASARES,9,4,"2,25"
2008,"DE SOUZA MACHADO, ERIKA CRISTINA",CIUDAD ROS CASARES,9,4,"2,25"
2008,"MONTAÑANA GIMENO, ANNA",CIUDAD ROS CASARES,9,4,"2,25"
2008,"DOMINGUEZ FERNANDEZ, SILVIA",PERFUMERIAS AVENIDA,11,5,"2,2"
2008,"SANCHEZ FERNANDEZ, ISABEL",PERFUMERIAS AVENIDA,11,5,"2,2"
2008,"BASKO , GUNTA",PERFUMERIAS AVENIDA,10,5,2
2008,"BUTLER, KIMBERLY JOY",CB FEVE SAN JOSÉ,4,2,2
2008,"TORNIKIDOU TORNIKIDOU, ELENA",CIUDAD ROS CASARES,4,2,2
2008,"PALAU ALTES, LAIA",CIUDAD ROS CASARES,8,4,2
2008,"DUBLJEVIC, JELENA",RIVAS ECÓPOLIS,6,3,2
2008,"ALAÑA SEGURA, SHEILA",PERFUMERIAS AVENIDA,2,1,2
2008,"CAMPS COLLELL, LAURA",RIVAS ECÓPOLIS,5,3,"1,67"
2008,"ROVIRA RODRIGUEZ, MARIA DEL MAR",PERFUMERIAS AVENIDA,8,5,"1,6"
2008,"ARGÜELLO CUENCA, PATRICIA",CB FEVE SAN JOSÉ,3,2,"1,5"
2008,"WIGGINS, CANDICE DANA",CIUDAD ROS CASARES,6,4,"1,5"
2008,"MONDT, ANKE DE",PERFUMERIAS AVENIDA,7,5,"1,4"
2008,"STAMPALIJA, PETRA",PERFUMERIAS AVENIDA,6,5,"1,2"
2007,"LILJESTRAND, THYRA LINNEA",EBE PROMOCIONES SANTA EULALIAI,13,3,"4,33"
2007,"MONTAÑANA GIMENO, ANNA",PERFUMERIAS AVENIDA,20,6,"3,33"
2007,"FEASTER, ALISON",CLUB BALONCESTO SAN JOSÉ,6,2,3
2007,"LIMA GARCIA, CINDY ORQUIDEA",CLUB BALONCESTO SAN JOSÉ,6,2,3
2007,"TORNIKIDOU TORNIKIDOU, ELENA",C. ROS CASARES VALENCIA,14,5,"2,8"
2007,"MILTON, DELISHA LACHELL",C. ROS CASARES VALENCIA,14,5,"2,8"
2007,"THORBURN, SHONA LOUISE",EBE PROMOCIONES SANTA EULALIAI,8,3,"2,67"
2007,"LYTTLE LYTTLE, SANCHO TRACY CONSTANCE",EBE PROMOCIONES SANTA EULALIAI,8,3,"2,67"
2007,"DE SOUZA MACHADO, ERIKA CRISTINA",C. ROS CASARES VALENCIA,13,5,"2,6"
2007,"BERMEJO MORENO, CLARA SUSANA",PERFUMERIAS AVENIDA,15,6,"2,5"
2007,"PASCUA SUAREZ, MARÍA LUCILA",CLUB BALONCESTO SAN JOSÉ,5,2,"2,5"
2007,"COHEN, LIRON",CLUB BALONCESTO SAN JOSÉ,5,2,"2,5"
2007,"FERRAGUT CASTILLO, MARINA",C. ROS CASARES VALENCIA,12,5,"2,4"
2007,"PONS MOLINA, INGRID",EBE PROMOCIONES SANTA EULALIAI,7,3,"2,33"
2007,"RASMUSSEN, KRISTEN",EBE PROMOCIONES SANTA EULALIAI,7,3,"2,33"
2007,"MATIC , IVANKA",PERFUMERIAS AVENIDA,14,6,"2,33"
2007,"MALTSI, EVANTHIA",C. ROS CASARES VALENCIA,11,5,"2,2"
2007,"SANCHEZ FERNANDEZ, ISABEL",PERFUMERIAS AVENIDA,12,6,2
2007,"REVUELTO SÁNCHEZ-AGUILERA, MARIA",CLUB BALONCESTO SAN JOSÉ,4,2,2
2007,"PAGE, LINDA A. MURRIEL",CLUB BALONCESTO SAN JOSÉ,4,2,2
2007,"MORALES MARTIN, SILVIA",EBE PROMOCIONES SANTA EULALIAI,5,3,"1,67"
2007,"HERRADAS MARTIN, IRENE",EBE PROMOCIONES SANTA EULALIAI,3,2,"1,5"
2007,"BJELICA, MILKA",C. ROS CASARES VALENCIA,3,2,"1,5"
2007,"SEGUI CARLES, PAULA",CLUB BALONCESTO SAN JOSÉ,3,2,"1,5"
2007,"BATTLE , ASHLEY MICHELLE",CLUB BALONCESTO SAN JOSÉ,3,2,"1,5"
2007,"SANTOS DE OLIVEIRA, ALESSANDRA",PERFUMERIAS AVENIDA,3,2,"1,5"
2007,"DOUGLAS, KATHRYN",C. ROS CASARES VALENCIA,7,5,"1,4"
2007,"PALAU ALTES, LAIA",C. ROS CASARES VALENCIA,7,5,"1,4"
2007,"AGUILAR LOPEZ , ELISA",C. ROS CASARES VALENCIA,6,5,"1,2"
2007,"GOMEZ IGUAL, ANNA",CLUB BALONCESTO SAN JOSÉ,1,1,1
2007,"LILJESTRAND, THYRA LINNEA",EBE PROMOCIONES SANTA EULALIAI,13,3,"4,33"
2007,"MONTAÑANA GIMENO, ANNA",PERFUMERIAS AVENIDA,20,6,"3,33"
2007,"FEASTER, ALISON",CLUB BALONCESTO SAN JOSÉ,6,2,3
2007,"LIMA GARCIA, CINDY ORQUIDEA",CLUB BALONCESTO SAN JOSÉ,6,2,3
2007,"TORNIKIDOU TORNIKIDOU, ELENA",C. ROS CASARES VALENCIA,14,5,"2,8"
2007,"MILTON, DELISHA LACHELL",C. ROS CASARES VALENCIA,14,5,"2,8"
2007,"THORBURN, SHONA LOUISE",EBE PROMOCIONES SANTA EULALIAI,8,3,"2,67"
2007,"LYTTLE LYTTLE, SANCHO TRACY CONSTANCE",EBE PROMOCIONES SANTA EULALIAI,8,3,"2,67"
2007,"DE SOUZA MACHADO, ERIKA CRISTINA",C. ROS CASARES VALENCIA,13,5,"2,6"
2007,"BERMEJO MORENO, CLARA SUSANA",PERFUMERIAS AVENIDA,15,6,"2,5"
2007,"PASCUA SUAREZ, MARÍA LUCILA",CLUB BALONCESTO SAN JOSÉ,5,2,"2,5"
2007,"COHEN, LIRON",CLUB BALONCESTO SAN JOSÉ,5,2,"2,5"
2007,"FERRAGUT CASTILLO, MARINA",C. ROS CASARES VALENCIA,12,5,"2,4"
2007,"PONS MOLINA, INGRID",EBE PROMOCIONES SANTA EULALIAI,7,3,"2,33"
2007,"RASMUSSEN, KRISTEN",EBE PROMOCIONES SANTA EULALIAI,7,3,"2,33"
2007,"MATIC , IVANKA",PERFUMERIAS AVENIDA,14,6,"2,33"
2007,"MALTSI, EVANTHIA",C. ROS CASARES VALENCIA,11,5,"2,2"
2007,"SANCHEZ FERNANDEZ, ISABEL",PERFUMERIAS AVENIDA,12,6,2
2007,"REVUELTO SÁNCHEZ-AGUILERA, MARIA",CLUB BALONCESTO SAN JOSÉ,4,2,2
2007,"PAGE, LINDA A. MURRIEL",CLUB BALONCESTO SAN JOSÉ,4,2,2
2007,"MORALES MARTIN, SILVIA",EBE PROMOCIONES SANTA EULALIAI,5,3,"1,67"
2007,"HERRADAS MARTIN, IRENE",EBE PROMOCIONES SANTA EULALIAI,3,2,"1,5"
2007,"BJELICA, MILKA",C. ROS CASARES VALENCIA,3,2,"1,5"
2007,"SEGUI CARLES, PAULA",CLUB BALONCESTO SAN JOSÉ,3,2,"1,5"
2007,"BATTLE , ASHLEY MICHELLE",CLUB BALONCESTO SAN JOSÉ,3,2,"1,5"
2007,"SANTOS DE OLIVEIRA, ALESSANDRA",PERFUMERIAS AVENIDA,3,2,"1,5"
2007,"DOUGLAS, KATHRYN",C. ROS CASARES VALENCIA,7,5,"1,4"
2007,"PALAU ALTES, LAIA",C. ROS CASARES VALENCIA,7,5,"1,4"
2007,"AGUILAR LOPEZ , ELISA",C. ROS CASARES VALENCIA,6,5,"1,2"
2007,"GOMEZ IGUAL, ANNA",CLUB BALONCESTO SAN JOSÉ,1,1,1
2006,"ARDON, LESLIE",EXTRUGASA,9,2,"4,5"
2006,"MONTESDEOCA LOPEZ, EVA",GRAN CANARIA,8,2,4
2006,"TUUKKANEN, TARU TELLERVO",EXTRUGASA,8,2,4
2006,"REID, TRACY LASHAWN",ACIS INCOSA LEON,8,2,4
2006,"HILL, JOANNE KAY",EXTRUGASA,8,2,4
2006,"MILTON, DELISHA LACHELL",C. ROS CASARES VALENCIA,36,10,"3,6"
2006,"WYCKOFF, BROOKE ELIZABETH",GRAN CANARIA,7,2,"3,5"
2006,"MUJANOVIC, RAZIJA",HONDARRIBIA-IRÚN,7,2,"3,5"
2006,"ABROMAITE, AGNE",EXTRUGASA,6,2,3
2006,"CRUZ LEBRATO, ANNA",ARRANZ-JOPISA BURGOS,12,4,3
2006,"DE SOUZA MACHADO, ERIKA CRISTINA",C. ROS CASARES VALENCIA,28,10,"2,8"
2006,"UJHELYI, PETRA",ARRANZ-JOPISA BURGOS,11,4,"2,75"
2006,"BERMEJO MORENO, CLARA SUSANA",PERFUMERIAS AVENIDA,24,9,"2,67"
2006,"WILLIAMS, ADRIAN DENISE",PERFUMERIAS AVENIDA,23,9,"2,56"
2006,"PAGE, LINDA A. MURRIEL",HONDARRIBIA-IRÚN,5,2,"2,5"
2006,"QUINTERO CASTELLANO, THANIA",HONDARRIBIA-IRÚN,5,2,"2,5"
2006,"ANTOJA ROVIRA, LAURA",HONDARRIBIA-IRÚN,5,2,"2,5"
2006,"DA SILVA SANTOS, KELLY",ACIS INCOSA LEON,5,2,"2,5"
2006,"GERMAN VELASCO, ICIAR",ARRANZ-JOPISA BURGOS,10,4,"2,5"
2006,"LAAKSONEN, NIINA KAROLINA",GRAN CANARIA,5,2,"2,5"
2006,"SANCHEZ FERNANDEZ, ISABEL",ACIS INCOSA LEON,5,2,"2,5"
2006,"PALAU ALTES, LAIA",C. ROS CASARES VALENCIA,25,10,"2,5"
2006,"ROVIRA RODRIGUEZ, MARIA DEL MAR",ACIS INCOSA LEON,5,2,"2,5"
2006,"MONTAÑANA GIMENO, ANNA",PERFUMERIAS AVENIDA,22,9,"2,44"
2006,"FEASTER, ALISON",C. ROS CASARES VALENCIA,24,10,"2,4"
2006,"TORNIKIDOU TORNIKIDOU, ELENA",C. ROS CASARES VALENCIA,24,10,"2,4"
2006,"POWELL, NICOLE KRISTEN",PERFUMERIAS AVENIDA,21,9,"2,33"
2006,"CIOCAN, PAULA CRISTINA",ARRANZ-JOPISA BURGOS,9,4,"2,25"
2006,"BLANCO BERNAL, SONIA",ARRANZ-JOPISA BURGOS,9,4,"2,25"
2006,"MUSOVIC, MILJANA",UB F.C BARCELONA,11,5,"2,2"
2006,"XANTAL SERRET, Mª DEL MAR",GRAN CANARIA,2,2,1
2006,"AGUILAR LOPEZ , ELISA",C. ROS CASARES VALENCIA,7,10,"0,7"
2006,"REVILLA FERNANDEZ, LETICIA",ARRANZ-JOPISA BURGOS,2,3,"0,67"
2006,"PEREZ CAPARROS, ROSA",UB F.C BARCELONA,3,5,"0,6"
2006,"FERNANDEZ FARRES, MARTA",UB F.C BARCELONA,3,5,"0,6"
2006,"GALLEGO VICARIO, SANDRA",UB F.C BARCELONA,3,5,"0,6"
2006,"CASTRO MARQUES, IZIANE",HONDARRIBIA-IRÚN,1,2,"0,5"
2006,"ALAMO GONZALEZ, ELENA",GRAN CANARIA,1,2,"0,5"
2006,"GOMEZ FERREIROS, SARA",EXTRUGASA,1,2,"0,5"
2006,"GRANDE FLORES, LAURA",GRAN CANARIA,1,2,"0,5"
2006,"JORDANA BOFILL, NOEMI",C. ROS CASARES VALENCIA,4,9,"0,44"
2006,"KNEZEVIC, ADRIJANA",PERFUMERIAS AVENIDA,1,4,"0,25"
2006,"XANTAL SERRET, Mª DEL MAR",GRAN CANARIA,2,2,1
2006,"AGUILAR LOPEZ , ELISA",C. ROS CASARES VALENCIA,7,10,"0,7"
2006,"REVILLA FERNANDEZ, LETICIA",ARRANZ-JOPISA BURGOS,2,3,"0,67"
2006,"PEREZ CAPARROS, ROSA",UB F.C BARCELONA,3,5,"0,6"
2006,"FERNANDEZ FARRES, MARTA",UB F.C BARCELONA,3,5,"0,6"
2006,"GALLEGO VICARIO, SANDRA",UB F.C BARCELONA,3,5,"0,6"
2006,"CASTRO MARQUES, IZIANE",HONDARRIBIA-IRÚN,1,2,"0,5"
2006,"ALAMO GONZALEZ, ELENA",GRAN CANARIA,1,2,"0,5"
2006,"GOMEZ FERREIROS, SARA",EXTRUGASA,1,2,"0,5"
2006,"GRANDE FLORES, LAURA",GRAN CANARIA,1,2,"0,5"
2006,"JORDANA BOFILL, NOEMI",C. ROS CASARES VALENCIA,4,9,"0,44"
2006,"KNEZEVIC, ADRIJANA",PERFUMERIAS AVENIDA,1,4,"0,25"
2005,"QUINTERO CASTELLANO, THANIA",HONDARRIBIA-IRÚN,1,2,"0,5"
2005,"YGUERAVIDE VIANA, SANDRA",ARRANZ-JOPISA BURGOS,1,2,"0,5"
2005,"GARCIA GARCIA, VANESA",USP CEU - ADECCO ESTUDIANTES,1,2,"0,5"
2005,"GRANDE FLORES, LAURA",CAJACANARIAS,1,2,"0,5"
2005,"PEREZ CAPARROS, ROSA",USP CEU - ADECCO ESTUDIANTES,1,2,"0,5"
2005,"BERMEJO MORENO, CLARA SUSANA",PERFUMERIAS AVENIDA,1,2,"0,5"
2005,"FERNANDEZ FARRES, MARTA",UB F.C BARCELONA,1,2,"0,5"
2005,"QUINTERO CASTELLANO, THANIA",HONDARRIBIA-IRÚN,1,2,"0,5"
2005,"YGUERAVIDE VIANA, SANDRA",ARRANZ-JOPISA BURGOS,1,2,"0,5"
2005,"GARCIA GARCIA, VANESA",USP CEU - ADECCO ESTUDIANTES,1,2,"0,5"
2005,"GRANDE FLORES, LAURA",CAJACANARIAS,1,2,"0,5"
2005,"PEREZ CAPARROS, ROSA",USP CEU - ADECCO ESTUDIANTES,1,2,"0,5"
2005,"BERMEJO MORENO, CLARA SUSANA",PERFUMERIAS AVENIDA,1,2,"0,5"
2005,"FERNANDEZ FARRES, MARTA",UB F.C BARCELONA,1,2,"0,5"
2005,"QUINTERO CASTELLANO, THANIA",HONDARRIBIA-IRÚN,1,2,"0,5"
2005,"YGUERAVIDE VIANA, SANDRA",ARRANZ-JOPISA BURGOS,1,2,"0,5"
2005,"GARCIA GARCIA, VANESA",USP CEU - ADECCO ESTUDIANTES,1,2,"0,5"
2005,"GRANDE FLORES, LAURA",CAJACANARIAS,1,2,"0,5"
2005,"PEREZ CAPARROS, ROSA",USP CEU - ADECCO ESTUDIANTES,1,2,"0,5"
2005,"BERMEJO MORENO, CLARA SUSANA",PERFUMERIAS AVENIDA,1,2,"0,5"
2005,"FERNANDEZ FARRES, MARTA",UB F.C BARCELONA,1,2,"0,5"
2004,"DONAIRE MALAGELADA, ELSA",ARRANZ - JOPISA BURGOS,58,26,"2,23"
2004,"VAN MALDEREN, LAURENCE",ACIS-SUFI LEON,29,13,"2,23"
2004,"BARLIN, NINA ELISABETH",YAYA MARIA BREOGAN,29,13,"2,23"
2004,"BERTAL, GERALDINE MARIE ROSE",ARRANZ - JOPISA BURGOS,51,23,"2,22"
2004,"TORNIKIDOU TORNIKIDOU, ELENA",HONDARRIBIA - IRÚN,55,25,"2,2"
2004,"GARCIA PIÑERO, MARIA BEGOÑA",HONDARRIBIA - IRÚN,57,26,"2,19"
2004,"STARBIRD, CATHARINE EVELYN",USP CEU - ADECCO ESTUDIANTES,56,26,"2,15"
2004,"HERNANDEZ ESTEBAN, SILVIA",MOTIVA REAL CANOE N.C.,53,25,"2,12"
2004,"MALTSI, EVANTHIA",REAL CLUB CELTA VIGOURBAN,54,26,"2,08"
2004,"COKER, MONIQUE",EXTRUGASA,50,24,"2,08"
2004,"SEGUI CARLES, PAULA",UNIVERSITAT DE BARCELONA - F.C,50,24,"2,08"
2004,"SANCHEZ MUÑOZ, ALICIA",USP CEU - ADECCO ESTUDIANTES,41,20,"2,05"
2004,"ALAMO GONZALEZ, ELENA",CAJACANARIAS,49,24,"2,04"
2004,"NNINDJEM, AGATHE RACHEL",ROS CASARES VALENCIA,26,13,2
2004,"VALDEMORO MADARIAGA, AMAYA",ROS CASARES VALENCIA,44,22,2
2004,"GILABERT AVANTE, MONTSERRAT",EXTRUGASA,50,25,2
2004,"LLAMAS PAJUELO, MARIA NIEVES",PERFUMERIAS AVENIDA,39,20,"1,95"
2004,"POLLINI, CATARINA",ROS CASARES VALENCIA,33,17,"1,94"
2004,"DENTI MUNTANE, AINA",EXTRUGASA,39,21,"1,86"
2004,"ARDON, LESLIE",ACIS-SUFI LEON,24,13,"1,85"
2004,"PELAEZ SAN GIL, LOURDES",HONDARRIBIA - IRÚN,46,25,"1,84"
2004,"FERNANDEZ FARRES, MARTA",UNIVERSITAT DE BARCELONA - F.C,46,25,"1,84"
2004,"SALGADO SANCHEZ, IRENE",YAYA MARIA BREOGAN,44,24,"1,83"
2004,"CAMPS COLLELL, LAURA",PERFUMERIAS AVENIDA,44,24,"1,83"
2004,"HAJDUNE CSASZAR, ANDREA",HONDARRIBIA - IRÚN,45,25,"1,8"
2004,"ANTOJA ROVIRA, LAURA",UNIVERSITAT DE BARCELONA - F.C,43,24,"1,79"
2004,"LAAKSONEN, JENNI JANITA",C.B. PUIG D`EN VALLS SANTA EUL,45,26,"1,73"
2004,"ZIMERLE, ANNA",ROS CASARES VALENCIA,43,25,"1,72"
2004,"BERGERON, EMMANUELLE SARAH SOPHIE",ARRANZ - JOPISA BURGOS,38,23,"1,65"
2004,"GINES GONZALEZ, MARTA",ARRANZ - JOPISA BURGOS,39,24,"1,63"
2004,"DONAIRE MALAGELADA, ELSA",ARRANZ - JOPISA BURGOS,58,26,"2,23"
2004,"VAN MALDEREN, LAURENCE",ACIS-SUFI LEON,29,13,"2,23"
2004,"BARLIN, NINA ELISABETH",YAYA MARIA BREOGAN,29,13,"2,23"
2004,"BERTAL, GERALDINE MARIE ROSE",ARRANZ - JOPISA BURGOS,51,23,"2,22"
2004,"TORNIKIDOU TORNIKIDOU, ELENA",HONDARRIBIA - IRÚN,55,25,"2,2"
2004,"GARCIA PIÑERO, MARIA BEGOÑA",HONDARRIBIA - IRÚN,57,26,"2,19"
2004,"STARBIRD, CATHARINE EVELYN",USP CEU - ADECCO ESTUDIANTES,56,26,"2,15"
2004,"HERNANDEZ ESTEBAN, SILVIA",MOTIVA REAL CANOE N.C.,53,25,"2,12"
2004,"MALTSI, EVANTHIA",REAL CLUB CELTA VIGOURBAN,54,26,"2,08"
2004,"COKER, MONIQUE",EXTRUGASA,50,24,"2,08"
2004,"SEGUI CARLES, PAULA",UNIVERSITAT DE BARCELONA - F.C,50,24,"2,08"
2004,"SANCHEZ MUÑOZ, ALICIA",USP CEU - ADECCO ESTUDIANTES,41,20,"2,05"
2004,"ALAMO GONZALEZ, ELENA",CAJACANARIAS,49,24,"2,04"
2004,"NNINDJEM, AGATHE RACHEL",ROS CASARES VALENCIA,26,13,2
2004,"VALDEMORO MADARIAGA, AMAYA",ROS CASARES VALENCIA,44,22,2
2004,"GILABERT AVANTE, MONTSERRAT",EXTRUGASA,50,25,2
2004,"LLAMAS PAJUELO, MARIA NIEVES",PERFUMERIAS AVENIDA,39,20,"1,95"
2004,"POLLINI, CATARINA",ROS CASARES VALENCIA,33,17,"1,94"
2004,"DENTI MUNTANE, AINA",EXTRUGASA,39,21,"1,86"
2004,"ARDON, LESLIE",ACIS-SUFI LEON,24,13,"1,85"
2004,"PELAEZ SAN GIL, LOURDES",HONDARRIBIA - IRÚN,46,25,"1,84"
2004,"FERNANDEZ FARRES, MARTA",UNIVERSITAT DE BARCELONA - F.C,46,25,"1,84"
2004,"SALGADO SANCHEZ, IRENE",YAYA MARIA BREOGAN,44,24,"1,83"
2004,"CAMPS COLLELL, LAURA",PERFUMERIAS AVENIDA,44,24,"1,83"
2004,"HAJDUNE CSASZAR, ANDREA",HONDARRIBIA - IRÚN,45,25,"1,8"
2004,"ANTOJA ROVIRA, LAURA",UNIVERSITAT DE BARCELONA - F.C,43,24,"1,79"
2004,"LAAKSONEN, JENNI JANITA",C.B. PUIG D`EN VALLS SANTA EUL,45,26,"1,73"
2004,"ZIMERLE, ANNA",ROS CASARES VALENCIA,43,25,"1,72"
2004,"BERGERON, EMMANUELLE SARAH SOPHIE",ARRANZ - JOPISA BURGOS,38,23,"1,65"
2004,"GINES GONZALEZ, MARTA",ARRANZ - JOPISA BURGOS,39,24,"1,63"
2004,"GOMEZ IGLESIAS, REGINA",EXTRUGASA,39,24,"1,63"
2004,"MORALES MARTIN, SILVIA",C.B. PUIG D`EN VALLS SANTA EUL,39,24,"1,63"
2004,"DAPO, AMRA",MOTIVA REAL CANOE N.C.,21,13,"1,62"
2004,"FERRER PEREZ, ESTELA ROSA",ACIS-SUFI LEON,34,21,"1,62"
2004,"LEWIS, TYNESHA",ACIS-SUFI LEON,21,13,"1,62"
2004,"SANTOS LUZ, HELEN CRISTINA",UNIVERSITAT DE BARCELONA - F.C,41,26,"1,58"
2004,"ALAÑA SEGURA, SHEILA",REAL CLUB CELTA VIGOURBAN,25,16,"1,56"
2004,"GARCIA MATA, GEMA",REAL CLUB CELTA VIGOURBAN,40,26,"1,54"
2004,"GRANDE FLORES, LAURA",CAJACANARIAS,38,25,"1,52"
2004,"GALLEGO VICARIO, SANDRA",UNIVERSITAT DE BARCELONA - F.C,35,23,"1,52"
2004,"JORDANA BOFILL, NOEMI",ROS CASARES VALENCIA,39,26,"1,5"
2004,"GARCIA TORRES, CRISTINA",UNIVERSITAT DE BARCELONA - F.C,37,25,"1,48"
2004,"YGUERAVIDE VIANA, SANDRA",PERFUMERIAS AVENIDA,37,25,"1,48"
2004,"ANTON LOPEZ, MONTSERRAT",USP CEU - ADECCO ESTUDIANTES,34,24,"1,42"
2004,"AGUILAR LOPEZ , ELISA",ROS CASARES VALENCIA,35,26,"1,35"
2004,"BJORKLUND, JOHANNA HELENA",PERFUMERIAS AVENIDA,17,13,"1,31"
2004,"PEREZ CAPARROS, ROSA",USP CEU - ADECCO ESTUDIANTES,33,26,"1,27"
2004,"VALERO CEBRIAN, PILAR",MANN FILTER ZARAGOZA,24,19,"1,26"
2004,"HERRERA AREVALO, MIRIAM",EXTRUGASA,28,23,"1,22"
2004,"MARCOS BENITO, BLANCA",PERFUMERIAS AVENIDA,30,25,"1,2"
2004,"GARCÍA SALINERO, LAURA",MOTIVA REAL CANOE N.C.,30,25,"1,2"
2004,"VILLAR FERNANDEZ, IRIA",C.B. PUIG D`EN VALLS SANTA EUL,30,26,"1,15"
2004,"MARTIN MERINO, BLANCA",YAYA MARIA BREOGAN,20,18,"1,11"
2004,"CASTRILLO VILLANUEVA, SARA",ACIS-SUFI LEON,22,20,"1,1"
2004,"BARRANCO CASTILLO, ROSA MARIA",MANN FILTER ZARAGOZA,18,17,"1,06"
2004,"ROYO TORRES, MARIA ESTELA",MANN FILTER ZARAGOZA,26,25,"1,04"
2004,"QUINTERO CASTELLANO, THANIA",HONDARRIBIA - IRÚN,24,24,1
2004,"RAMIRO DIAZ, NURIA MARIA",ACIS-SUFI LEON,19,21,"0,9"
2004,"CRUZ LEBRATO, ANNA",UNIVERSITAT DE BARCELONA - F.C,14,16,"0,88"
2004,"ARAMBURU GARAYALDE, LEIRE",HONDARRIBIA - IRÚN,22,25,"0,88"
2004,"PARDO VAZQUEZ, MARIA DEL CARMEN",USP CEU - ADECCO ESTUDIANTES,13,15,"0,87"
2004,"XANTAL SERRET, Mª DEL MAR",CAJACANARIAS,20,26,"0,77"
2004,"BOLEDA COLET, ANNA",ACIS-SUFI LEON,13,18,"0,72"
2004,"DELGADO DIAZ-GUEMES, RAQUEL",HONDARRIBIA - IRÚN,17,25,"0,68"
2004,"PARDO VAZQUEZ, MARIA DEL CARMEN",USP CEU - ADECCO ESTUDIANTES,13,15,"0,87"
2004,"XANTAL SERRET, Mª DEL MAR",CAJACANARIAS,20,26,"0,77"
2004,"BOLEDA COLET, ANNA",ACIS-SUFI LEON,13,18,"0,72"
2004,"DELGADO DIAZ-GUEMES, RAQUEL",HONDARRIBIA - IRÚN,17,25,"0,68"
2003,"PASCUA SUAREZ, MARÍA LUCILA",MANN FILTER ZARAGOZA,9,2,"4,5"
2003,"TUUKKANEN, TARU TELLERVO",PERFUMERIAS AVENIDA,13,3,"4,33"
2003,"BERTHIEU, LUCCIENNE CLAUDINE",ROS CASARES VALENCIA,17,4,"4,25"
2003,"DE SOUZA MACHADO, ERIKA CRISTINA",UNIVERSITAT DE BARCELONA - F.C,17,4,"4,25"
2003,"WYCKOFF, BROOKE ELIZABETH",MANN FILTER ZARAGOZA,8,2,4
2003,"PODRUG, EMILIJA",REAL CLUB CELTA BANCO SIMEON,8,2,4
2003,"CANTERO OSTOS, CRISTINA",REAL CLUB CELTA BANCO SIMEON,8,2,4
2003,"MARTINEZ PRAT, NURIA",PERFUMERIAS AVENIDA,12,3,4
2003,"CEBRIAN SCHEURER, ELISABET",USP CEU - ADECCO ESTUDIANTES,8,2,4
2003,"HERNANDEZ ESTEBAN, SILVIA",USP CEU - ADECCO ESTUDIANTES,7,2,"3,5"
2003,"BLANCO BERNAL, SONIA",USP CEU - ADECCO ESTUDIANTES,7,2,"3,5"
2003,"LIMA GARCIA, CINDY ORQUIDEA",REAL CLUB CELTA BANCO SIMEON,7,2,"3,5"
2003,"HAMCHETOU, MAIGA",YAYA MARIA BREOGAN,17,5,"3,4"
2003,"GOMEZ NOVO, MARIA ARANZAZU",YAYA MARIA BREOGAN,17,5,"3,4"
2003,"CONGREAVES, ANDREA FIONA",UNIVERSITAT DE BARCELONA - F.C,13,4,"3,25"
2003,"PELAEZ SAN GIL, LOURDES",P.C. MENDIBIL,13,4,"3,25"
2003,"CUNNINGHAN, DAVALYN",YAYA MARIA BREOGAN,16,5,"3,2"
2003,"TUURE, KAISA MARKETTA",YAYA MARIA BREOGAN,16,5,"3,2"
2003,"FERRAGUT CASTILLO, MARINA",PERFUMERIAS AVENIDA,9,3,3
2003,"GARCIA PIÑERO, MARIA BEGOÑA",MANN FILTER ZARAGOZA,6,2,3
2003,"JORDANA BOFILL, NOEMI",REAL CLUB CELTA BANCO SIMEON,6,2,3
2003,"---, MURRIEL",P.C. MENDIBIL,12,4,3
2003,"PONS MOLINA, INGRID",ROS CASARES VALENCIA,11,4,"2,75"
2003,"SANCHEZ FERNANDEZ, ISABEL",UNIVERSITAT DE BARCELONA - F.C,11,4,"2,75"
2003,"MAGLISCEAU, MICHELLE YVONNE",UNIVERSITAT DE BARCELONA - F.C,11,4,"2,75"
2003,"GOUREEVA, JULIA",PERFUMERIAS AVENIDA,8,3,"2,67"
2003,"NAVARRO LLORCA, CANDIDA",P.C. MENDIBIL,10,4,"2,5"
2003,"HICKS, JESSIE IVETTE",ROS CASARES VALENCIA,10,4,"2,5"
2003,"TORNIKIDOU TORNIKIDOU, ELENA",P.C. MENDIBIL,10,4,"2,5"
2003,"VALDEMORO MADARIAGA, AMAYA",ROS CASARES VALENCIA,10,4,"2,5"
2003,"CARRERA PEREZ, ANDREA",REAL CLUB CELTA BANCO SIMEON,1,1,1
2003,"QUINTERO CASTELLANO, THANIA",P.C. MENDIBIL,4,4,1
2003,"AGUILAR LOPEZ , ELISA",ROS CASARES VALENCIA,3,4,"0,75"
2003,"DELGADO DIAZ-GUEMES, RAQUEL",P.C. MENDIBIL,3,4,"0,75"
2003,"FALLON, TRISHA NICOLE",ROS CASARES VALENCIA,3,4,"0,75"
2003,"PEÑA ARTEAGA, ANA BELEN",P.C. MENDIBIL,1,3,"0,33"
2003,"REID, TRACY LASHAWN",UNIVERSITAT DE BARCELONA - F.C,1,3,"0,33"
2003,"CARRERA PEREZ, ANDREA",REAL CLUB CELTA BANCO SIMEON,1,1,1
2003,"QUINTERO CASTELLANO, THANIA",P.C. MENDIBIL,4,4,1
2003,"AGUILAR LOPEZ , ELISA",ROS CASARES VALENCIA,3,4,"0,75"
2003,"DELGADO DIAZ-GUEMES, RAQUEL",P.C. MENDIBIL,3,4,"0,75"
2003,"FALLON, TRISHA NICOLE",ROS CASARES VALENCIA,3,4,"0,75"
2003,"PEÑA ARTEAGA, ANA BELEN",P.C. MENDIBIL,1,3,"0,33"
2003,"REID, TRACY LASHAWN",UNIVERSITAT DE BARCELONA - F.C,1,3,"0,33"
2002,"ROVIRA RODRIGUEZ, MARIA DEL MAR",CAJA RURAL DE CANARIAS,3,4,"0,75"
2002,"FALLON, TRISHA NICOLE",ROS CASARES VALENCIA,3,4,"0,75"
2002,"VALERO CEBRIAN, PILAR",C.B. CIUDAD DE BURGOS,1,2,"0,5"
2002,"GRANDE FLORES, LAURA",C.B. CIUDAD DE BURGOS,1,2,"0,5"
2002,"SOTO FERNÁNDEZ, MARÍA VICTORIA",C.B. CIUDAD DE BURGOS,1,2,"0,5"
2002,"JUANES HERNANDEZ, YOLANDA",C.B. CIUDAD DE BURGOS,1,2,"0,5"
2002,"ROVIRA RODRIGUEZ, MARIA DEL MAR",CAJA RURAL DE CANARIAS,3,4,"0,75"
2002,"FALLON, TRISHA NICOLE",ROS CASARES VALENCIA,3,4,"0,75"
2002,"VALERO CEBRIAN, PILAR",C.B. CIUDAD DE BURGOS,1,2,"0,5"
2002,"GRANDE FLORES, LAURA",C.B. CIUDAD DE BURGOS,1,2,"0,5"
2002,"SOTO FERNÁNDEZ, MARÍA VICTORIA",C.B. CIUDAD DE BURGOS,1,2,"0,5"
2002,"JUANES HERNANDEZ, YOLANDA",C.B. CIUDAD DE BURGOS,1,2,"0,5"
2002,"ROVIRA RODRIGUEZ, MARIA DEL MAR",CAJA RURAL DE CANARIAS,3,4,"0,75"
2002,"FALLON, TRISHA NICOLE",ROS CASARES VALENCIA,3,4,"0,75"
2002,"VALERO CEBRIAN, PILAR",C.B. CIUDAD DE BURGOS,1,2,"0,5"
2002,"GRANDE FLORES, LAURA",C.B. CIUDAD DE BURGOS,1,2,"0,5"
2002,"SOTO FERNÁNDEZ, MARÍA VICTORIA",C.B. CIUDAD DE BURGOS,1,2,"0,5"
2002,"JUANES HERNANDEZ, YOLANDA",C.B. CIUDAD DE BURGOS,1,2,"0,5"
2001,"VILLAR FERNANDEZ, IRIA",REAL CLUB CELTA BANCO SIMEON,5,5,1
2001,"HODGES, DALE",CADI LA SEU D´URGELL,2,2,1
2001,"ALAMO GONZALEZ, ELENA MARIA",CAJA RURAL DE CANARIAS,2,3,"0,67"
2001,"ASKAMP, MARLIES",ROS CASARES VALENCIA,3,5,"0,6"
2001,"MIGUEL MORO, MARIA",HALCON VIAJES,1,2,"0,5"
2001,"MONTESDEOCA LÓPEZ, EVA",CAJA RURAL DE CANARIAS,1,2,"0,5"
2001,"NAVARRETE TRUJILLO, MIREIA",REAL CLUB CELTA BANCO SIMEON,2,4,"0,5"
2001,"BOONEN, DANA MONIQUE LOUIS",ROS CASARES VALENCIA,1,3,"0,33"
2001,"AGUILAR LOPEZ , ELISA",CAJA RURAL DE CANARIAS,1,3,"0,33"
2001,"VILLAR FERNANDEZ, IRIA",REAL CLUB CELTA BANCO SIMEON,5,5,1
2001,"HODGES, DALE",CADI LA SEU D´URGELL,2,2,1
2001,"ALAMO GONZALEZ, ELENA MARIA",CAJA RURAL DE CANARIAS,2,3,"0,67"
2001,"ASKAMP, MARLIES",ROS CASARES VALENCIA,3,5,"0,6"
2001,"MIGUEL MORO, MARIA",HALCON VIAJES,1,2,"0,5"
2001,"MONTESDEOCA LÓPEZ, EVA",CAJA RURAL DE CANARIAS,1,2,"0,5"
2001,"NAVARRETE TRUJILLO, MIREIA",REAL CLUB CELTA BANCO SIMEON,2,4,"0,5"
2001,"BOONEN, DANA MONIQUE LOUIS",ROS CASARES VALENCIA,1,3,"0,33"
2001,"AGUILAR LOPEZ , ELISA",CAJA RURAL DE CANARIAS,1,3,"0,33"
2001,"VILLAR FERNANDEZ, IRIA",REAL CLUB CELTA BANCO SIMEON,5,5,1
2001,"HODGES, DALE",CADI LA SEU D´URGELL,2,2,1
2001,"ALAMO GONZALEZ, ELENA MARIA",CAJA RURAL DE CANARIAS,2,3,"0,67"
2001,"ASKAMP, MARLIES",ROS CASARES VALENCIA,3,5,"0,6"
2001,"MIGUEL MORO, MARIA",HALCON VIAJES,1,2,"0,5"
2001,"MONTESDEOCA LÓPEZ, EVA",CAJA RURAL DE CANARIAS,1,2,"0,5"
2001,"NAVARRETE TRUJILLO, MIREIA",REAL CLUB CELTA BANCO SIMEON,2,4,"0,5"
2001,"BOONEN, DANA MONIQUE LOUIS",ROS CASARES VALENCIA,1,3,"0,33"
2001,"AGUILAR LOPEZ , ELISA",CAJA RURAL DE CANARIAS,1,3,"0,33"
2000,"GESTEIRA FERNANDEZ, LIDIA",ROS CASARES,3,3,1
2000,"PEREZ CAPARROS, ROSA",UNIVERSITAT DE BARCELONA,3,4,"0,75"
2000,"MONTESDEOCA LOPEZ, EVA",SANDRA GRAN CANARIA,1,2,"0,5"
2000,"BARGALLO DIAZ, MIREIA",UNIVERSITAT DE BARCELONA,1,3,"0,33"
2000,"GESTEIRA FERNANDEZ, LIDIA",ROS CASARES,3,3,1
2000,"PEREZ CAPARROS, ROSA",UNIVERSITAT DE BARCELONA,3,4,"0,75"
2000,"MONTESDEOCA LOPEZ, EVA",SANDRA GRAN CANARIA,1,2,"0,5"
2000,"BARGALLO DIAZ, MIREIA",UNIVERSITAT DE BARCELONA,1,3,"0,33"
2000,"GESTEIRA FERNANDEZ, LIDIA",ROS CASARES,3,3,1
2000,"PEREZ CAPARROS, ROSA",UNIVERSITAT DE BARCELONA,3,4,"0,75"
2000,"MONTESDEOCA LOPEZ, EVA",SANDRA GRAN CANARIA,1,2,"0,5"
2000,"BARGALLO DIAZ, MIREIA",UNIVERSITAT DE BARCELONA,1,3,"0,33"
1999,"XANTAL SERRET, Mª DEL MAR",R.CLUB CELTA BANCO SIMEON,3,2,"1,5"
1999,"JORDANA BOFILL, NOEMI",POPULAR BASQUET GODELLA,3,2,"1,5"
1999,"FERRER ADELANTADO, MARIA TERESA",POPULAR BASQUET GODELLA,1,1,1
1999,"MONTESDEOCA LOPEZ, EVA",SANDRA GRAN CANARIA,1,1,1
1999,"NAVARRETE TRUJILLO, MIREIA",R.CLUB CELTA BANCO SIMEON,1,1,1
1999,"GARCIA FERNANDEZ, BELEN",C.D. ENSINO,1,1,1
1999,"MCNICHOL, JOY AILEEN",POPULAR BASQUET GODELLA,2,2,1
1999,"XANTAL SERRET, Mª DEL MAR",R.CLUB CELTA BANCO SIMEON,3,2,"1,5"
1999,"JORDANA BOFILL, NOEMI",POPULAR BASQUET GODELLA,3,2,"1,5"
1999,"FERRER ADELANTADO, MARIA TERESA",POPULAR BASQUET GODELLA,1,1,1
1999,"MONTESDEOCA LOPEZ, EVA",SANDRA GRAN CANARIA,1,1,1
1999,"NAVARRETE TRUJILLO, MIREIA",R.CLUB CELTA BANCO SIMEON,1,1,1
1999,"GARCIA FERNANDEZ, BELEN",C.D. ENSINO,1,1,1
1999,"MCNICHOL, JOY AILEEN",POPULAR BASQUET GODELLA,2,2,1
1998,"CEBRIAN SCHEURER, ELISABET",BANCO SIMEON,15,3,5
1998,"MELVIN, CHASITY MONIQUE",BANCO SIMEON,13,3,"4,33"
1998,"HERNANDEZ ARENCIBIA, PATRICIA DEL PINO",HALCON VIAJES,13,3,"4,33"
1998,"GARCIA PIÑERO, MARIA BEGOÑA",ENSINO,13,3,"4,33"
1998,"GRANDE FLORES, LAURA",BANCO SIMEON,13,3,"4,33"
1998,"VALDEMORO MADARIAGA, AMAYA",HALCON VIAJES,12,3,4
1998,"SANCHEZ FERNANDEZ, ISABEL",ENSINO,11,3,"3,67"
1998,"BEZOS MARTÍNEZ, EMMA",HALCON VIAJES,11,3,"3,67"
1998,"ARMENTA MONTEAGUDO, MARUXA",ENSINO,11,3,"3,67"
1998,"VILLAR FERNANDEZ, IRIA",BANCO SIMEON,11,3,"3,67"
1998,"DELGADO FERNANDEZ, CONCEPCION",ENSINO,10,3,"3,33"
1998,"PASCHAL, TOWANDA DENICE",HALCON VIAJES,10,3,"3,33"
1998,"SÁNCHEZ LUJÁN, ROSAURA DEL CARMEN",SANDRA G. CANARIA,9,3,3
1998,"LLAMAS PAJUELO, MARIA NIEVES",HALCON VIAJES,8,3,"2,67"
1998,"SANCHEZ ORTEGA, PALOMA",BANCO SIMEON,8,3,"2,67"
1998,"MIRCHANDANI VILLAR, LIDIA",SANDRA G. CANARIA,8,3,"2,67"
1998,"SALVADOR VIÑOLAS, MERITXELL",HALCON VIAJES,8,3,"2,67"
1998,"PELAEZ SAN GIL, LOURDES",SANDRA G. CANARIA,7,3,"2,33"
1998,"JUANES HERNANDEZ, YOLANDA",HALCON VIAJES,7,3,"2,33"
1998,"HICKS, JESSIE IVETTE",SANDRA G. CANARIA,7,3,"2,33"
1998,"GONZALEZ DIAZ, CARMEN",BANCO SIMEON,6,3,2
1998,"DELGADO MORALES, MARIA DEL PILAR",HALCON VIAJES,2,1,2
1998,"JONKUTE, INGRIDA",ENSINO,5,3,"1,67"
1998,"XANTAL SERRET, Mª DEL MAR",BANCO SIMEON,5,3,"1,67"
1998,"JUANES HERNANDEZ, SONIA",HALCON VIAJES,3,2,"1,5"
1998,"GAMON HERNANDEZ, ASUNCION",SANDRA G. CANARIA,4,3,"1,33"
1998,"DIAZ ESPEJO, CARMEN",ENSINO,1,1,1
1998,"QUINTERO CASTELLANO, THANIA",SANDRA G. CANARIA,3,3,1
1998,"VALERO CEBRIAN, PILAR",BANCO SIMEON,2,3,"0,67"
1998,"MORIANA NADAL, PALOMA",SANDRA G. CANARIA,2,3,"0,67"
1997,"PONS MOLINA, INGRID",UNIVERSITARI,11,3,"3,67"
1997,"GAMON HERNANDEZ, ASUNCION",SANDRA G. CANARIA,7,2,"3,5"
1997,"JEKABSONE, ANDA",BANCO SIMEON,21,6,"3,5"
1997,"DYDEK, MARGO",POOL GETAFE,16,5,"3,2"
1997,"MONTESDEOCA LOPEZ, EVA",SANDRA G. CANARIA,3,1,3
1997,"BISETTI RODRIGUEZ, LUISA",UNIVERSITARI,9,3,3
1997,"---, HEIKE MARIA",POOL GETAFE,14,5,"2,8"
1997,"GRANDE FLORES, LAURA",BANCO SIMEON,16,6,"2,67"
1997,"XANTAL SERRET, Mª DEL MAR",BANCO SIMEON,16,6,"2,67"
1997,"CEBRIAN SCHEURER, ELISABET",UNIVERSITARI,8,3,"2,67"
1997,"GALLEGO VICARIO, SANDRA",UNIVERSITARI,8,3,"2,67"
1997,"VALDEMORO MADARIAGA, AMAYA",POOL GETAFE,13,5,"2,6"
1997,"QUINTERO CASTELLANO, THANIA",SANDRA G. CANARIA,5,2,"2,5"
1997,"ANULA ALAMEDA, NIEVES",POOL GETAFE,12,5,"2,4"
1997,"CANO MARTINEZ, LAURA",UNIVERSITARI,6,3,2
1997,"PALAU ALTES, LAIA",UNIVERSITARI,6,3,2
1997,"FONTS MATEO, NURIA",UNIVERSITARI,6,3,2
1997,"VILLAR FERNANDEZ, IRIA",BANCO SIMEON,12,6,2
1997,"RODRIGUEZ TOLEDO, ORANDA",SANDRA G. CANARIA,4,2,2
1997,"SÁNCHEZ LUJÁN, ROSAURA DEL CARMEN",SANDRA G. CANARIA,4,2,2
1997,"KOSTIC, TANJA NATASA",POOL GETAFE,7,4,"1,75"
1997,"VALERO CEBRIAN, PILAR",BANCO SIMEON,10,6,"1,67"
1997,"SANCHEZ ORTEGA, PALOMA",BANCO SIMEON,10,6,"1,67"
1997,"ZASSOULSKAYA, NATALIA",POOL GETAFE,8,5,"1,6"
1997,"JACKSON, BRENETHA TRISE",POOL GETAFE,8,5,"1,6"
1997,"URQUIJO ALAMO, PATRICIA",SANDRA G. CANARIA,3,2,"1,5"
1997,"ALAMO GONZALEZ, ELENA",SANDRA G. CANARIA,3,2,"1,5"
1997,"PELAEZ SAN GIL, LOURDES",SANDRA G. CANARIA,3,2,"1,5"
1997,"GUERRA TALAVERA, TARINA MARIA",SANDRA G. CANARIA,2,2,1
1997,"MIRCHANDANI VILLAR, LIDIA",SANDRA G. CANARIA,2,2,1
1997,"PONS MOLINA, INGRID",UNIVERSITARI,11,3,"3,67"
1997,"GAMON HERNANDEZ, ASUNCION",SANDRA G. CANARIA,7,2,"3,5"
1997,"JEKABSONE, ANDA",BANCO SIMEON,21,6,"3,5"
1997,"DYDEK, MARGO",POOL GETAFE,16,5,"3,2"
1997,"MONTESDEOCA LOPEZ, EVA",SANDRA G. CANARIA,3,1,3
1997,"BISETTI RODRIGUEZ, LUISA",UNIVERSITARI,9,3,3
1997,"---, HEIKE MARIA",POOL GETAFE,14,5,"2,8"
1997,"GRANDE FLORES, LAURA",BANCO SIMEON,16,6,"2,67"
1997,"XANTAL SERRET, Mª DEL MAR",BANCO SIMEON,16,6,"2,67"
1997,"CEBRIAN SCHEURER, ELISABET",UNIVERSITARI,8,3,"2,67"
1997,"GALLEGO VICARIO, SANDRA",UNIVERSITARI,8,3,"2,67"
1997,"VALDEMORO MADARIAGA, AMAYA",POOL GETAFE,13,5,"2,6"
1997,"QUINTERO CASTELLANO, THANIA",SANDRA G. CANARIA,5,2,"2,5"
1997,"ANULA ALAMEDA, NIEVES",POOL GETAFE,12,5,"2,4"
1997,"CANO MARTINEZ, LAURA",UNIVERSITARI,6,3,2
1997,"PALAU ALTES, LAIA",UNIVERSITARI,6,3,2
1997,"FONTS MATEO, NURIA",UNIVERSITARI,6,3,2
1997,"VILLAR FERNANDEZ, IRIA",BANCO SIMEON,12,6,2
1997,"RODRIGUEZ TOLEDO, ORANDA",SANDRA G. CANARIA,4,2,2
1997,"SÁNCHEZ LUJÁN, ROSAURA DEL CARMEN",SANDRA G. CANARIA,4,2,2
1997,"KOSTIC, TANJA NATASA",POOL GETAFE,7,4,"1,75"
1997,"VALERO CEBRIAN, PILAR",BANCO SIMEON,10,6,"1,67"
1997,"SANCHEZ ORTEGA, PALOMA",BANCO SIMEON,10,6,"1,67"
1997,"ZASSOULSKAYA, NATALIA",POOL GETAFE,8,5,"1,6"
1997,"JACKSON, BRENETHA TRISE",POOL GETAFE,8,5,"1,6"
1997,"URQUIJO ALAMO, PATRICIA",SANDRA G. CANARIA,3,2,"1,5"
1997,"ALAMO GONZALEZ, ELENA",SANDRA G. CANARIA,3,2,"1,5"
1997,"PELAEZ SAN GIL, LOURDES",SANDRA G. CANARIA,3,2,"1,5"
1997,"GUERRA TALAVERA, TARINA MARIA",SANDRA G. CANARIA,2,2,1
1997,"MIRCHANDANI VILLAR, LIDIA",SANDRA G. CANARIA,2,2,1
