Temporada,Jugador,Equipo,Tot,Part,Med
2024,"KONE , SIKA",PERFUMERIAS AVENIDA,34,4,"8,5"
2024,"CANELLA RODRIGUEZ, MARTA",SPAR GIRONA,29,4,"7,25"
2024,"COULIBALY, MARIAM ALOU",CLUB JOVENTUT BADALONA,14,2,7
2024,"DEMBELE, GNERE ALIMA",CLUB JOVENTUT BADALONA,12,2,6
2024,"AYUSO BAGUR, AINA",HOZONO GLOBAL JAIRIS,12,2,6
2024,"POSPÍŠILOVÁ, JULIE",BAXI FERROL,11,2,"5,5"
2024,"BANASZAK, LILIANA ALEKSANDRA",MOVISTAR ESTUDIANTES,11,2,"5,5"
2024,"BERTSCH, MORGAN QUINN",HOZONO GLOBAL JAIRIS,5,1,5
2024,"MESTRES RICART, GALA",BAXI FERROL,10,2,5
2024,"CARTER, ARICA DERRIS",PERFUMERIAS AVENIDA,19,4,"4,75"
2024,"CRUZ LEBRATO, ANNA",CLUB JOVENTUT BADALONA,9,2,"4,5"
2024,"LÓPEZ-SÉNÉCHAL, LOU",HOZONO GLOBAL JAIRIS,9,2,"4,5"
2024,"GINZO ARANTES, PAULA",HOZONO GLOBAL JAIRIS,9,2,"4,5"
2024,"ORTIZ VIVES, MARIONA",CASADEMONT ZARAGOZA,22,5,"4,4"
2024,"CAMILION CUCCARO, JUANA",MOVISTAR ESTUDIANTES,8,2,4
2024,"ATKINSON, TANAYA MECHELLE",CASADEMONT ZARAGOZA,4,1,4
2024,"TOPUZOVIC, KRISTINA",MOVISTAR ESTUDIANTES,4,1,4
2024,"GRAY, RESHANDA JACQUETA",HOZONO GLOBAL JAIRIS,8,2,4
2024,"FINGALL, NADIA ANGELIQUE",VALENCIA B.C.,19,5,"3,8"
2024,"CARRERA QUINTANA, RAQUEL",VALENCIA B.C.,19,5,"3,8"
2024,"LUNDQUIST, KLARA MARIA SUSSANE",SPAR GIRONA,15,4,"3,75"
2024,"VILARO ARAGONES, ANDREA",PERFUMERIAS AVENIDA,15,4,"3,75"
2024,"PUEYO MELCHOR, HELENA",CASADEMONT ZARAGOZA,18,5,"3,6"
2024,"IAGUPOVA, ALINA",VALENCIA B.C.,14,4,"3,5"
2024,"MELIA, CLAIRE",BAXI FERROL,7,2,"3,5"
2024,"PIERRE LOUIS, VIONISE ARON'S",SPAR GIRONA,14,4,"3,5"
2024,"BUHNER, FRIEDA MIZZI",MOVISTAR ESTUDIANTES,7,2,"3,5"
2024,"FRASER, BRIANNA ASHAKI",CASADEMONT ZARAGOZA,7,2,"3,5"
2024,"HEMPE, MERRIT RAMONA",CASADEMONT ZARAGOZA,17,5,"3,4"
2024,"ALEXANDER, KAYLA JANINE",VALENCIA B.C.,17,5,"3,4"
2024,"DELAERE, ANTONIA LAURA A.",PERFUMERIAS AVENIDA,5,4,"1,25"
2024,"FLOREZ GETINO, ALICIA",VALENCIA B.C.,6,5,"1,2"
2024,"MANÉ, MARIE",CASADEMONT ZARAGOZA,6,5,"1,2"
2024,"LEKOVIC, MARIJA",PERFUMERIAS AVENIDA,2,2,1
2024,"ALARCON OTERO, TXELL",HOZONO GLOBAL JAIRIS,2,2,1
2024,"MASSEY, BILLIE KIM",HOZONO GLOBAL JAIRIS,2,2,1
2024,"SALVADORES ALVAREZ, ANGELA",MOVISTAR ESTUDIANTES,2,2,1
2024,"GRANDE PARDO, CARMEN",HOZONO GLOBAL JAIRIS,1,1,1
2024,"HOLESINSKA, PETRA",HOZONO GLOBAL JAIRIS,2,2,1
2024,"PIERA FLO, LAURA",CLUB JOVENTUT BADALONA,2,2,1
2024,"MENENDEZ TORRES, CARLOTA",BAXI FERROL,2,2,1
2024,"SANTIBAÑEZ HERRERO, INES",CLUB JOVENTUT BADALONA,2,2,1
2024,"JESPERSEN , MARIA STEEN",PERFUMERIAS AVENIDA,2,3,"0,67"
2024,"DOMINGUEZ FERNANDEZ, SILVIA",PERFUMERIAS AVENIDA,2,4,"0,5"
2024,"COTANO DE JUAN, REBECA",CLUB JOVENTUT BADALONA,1,2,"0,5"
2024,"SARAVIA LOGROÑO, PAULA",MOVISTAR ESTUDIANTES,1,2,"0,5"
2024,"JANKOVIC, MASA",PERFUMERIAS AVENIDA,1,4,"0,25"
2024,"DEMBELE TRAORE, MAMA",VALENCIA B.C.,1,5,"0,2"
2024,"DELAERE, ANTONIA LAURA A.",PERFUMERIAS AVENIDA,5,4,"1,25"
2024,"FLOREZ GETINO, ALICIA",VALENCIA B.C.,6,5,"1,2"
2024,"MANÉ, MARIE",CASADEMONT ZARAGOZA,6,5,"1,2"
2024,"LEKOVIC, MARIJA",PERFUMERIAS AVENIDA,2,2,1
2024,"ALARCON OTERO, TXELL",HOZONO GLOBAL JAIRIS,2,2,1
2024,"MASSEY, BILLIE KIM",HOZONO GLOBAL JAIRIS,2,2,1
2024,"SALVADORES ALVAREZ, ANGELA",MOVISTAR ESTUDIANTES,2,2,1
2024,"GRANDE PARDO, CARMEN",HOZONO GLOBAL JAIRIS,1,1,1
2024,"HOLESINSKA, PETRA",HOZONO GLOBAL JAIRIS,2,2,1
2024,"PIERA FLO, LAURA",CLUB JOVENTUT BADALONA,2,2,1
2024,"MENENDEZ TORRES, CARLOTA",BAXI FERROL,2,2,1
2024,"SANTIBAÑEZ HERRERO, INES",CLUB JOVENTUT BADALONA,2,2,1
2024,"JESPERSEN , MARIA STEEN",PERFUMERIAS AVENIDA,2,3,"0,67"
2024,"DOMINGUEZ FERNANDEZ, SILVIA",PERFUMERIAS AVENIDA,2,4,"0,5"
2024,"COTANO DE JUAN, REBECA",CLUB JOVENTUT BADALONA,1,2,"0,5"
2024,"SARAVIA LOGROÑO, PAULA",MOVISTAR ESTUDIANTES,1,2,"0,5"
2024,"JANKOVIC, MASA",PERFUMERIAS AVENIDA,1,4,"0,25"
2024,"DEMBELE TRAORE, MAMA",VALENCIA B.C.,1,5,"0,2"
2023,"TORRENS SALOM, ALBA",VALENCIA B.C.,5,4,"1,25"
2023,"GELDOF, SERENA LYNN PETRA",CASADEMONT ZARAGOZA,5,4,"1,25"
2023,"BUENAVIDA ESTEVEZ, ELENA",VALENCIA B.C.,7,6,"1,17"
2023,"RODRIGUEZ ARRIBAS, LUCIA",PERFUMERIAS AVENIDA,2,2,1
2023,"AIJANEN, MARIA ANNIINA",BAXI FERROL,2,2,1
2023,"HERMOSA MONREAL, NEREA",CASADEMONT ZARAGOZA,4,4,1
2023,"SELLAND, MYAH ALEXANDRA",BAXI FERROL,2,2,1
2023,"KONIG, AISLINN CHIA PI",HOZONO GLOBAL JAIRIS,2,2,1
2023,"FAM THIAM, AWA",VALENCIA B.C.,2,2,1
2023,"DE SANTIAGO OTERO, BEGOÑA",MOVISTAR ESTUDIANTES,2,2,1
2023,"PARRA, FAUSTINE LAURE CLEMENCE",SPAR GIRONA,2,3,"0,67"
2023,"FEQUIERE, JESSICA",BAXI FERROL,1,2,"0,5"
2023,"GRANDE PARDO, CARMEN",HOZONO GLOBAL JAIRIS,1,2,"0,5"
2023,"GOMEZ FERNANDEZ, MARTA",BAXI FERROL,1,2,"0,5"
2023,"BETTENCOURT CORREIA, MARIA JOAO",HOZONO GLOBAL JAIRIS,1,2,"0,5"
2023,"DELAERE, ANTONIA LAURA A.",PERFUMERIAS AVENIDA,3,6,"0,5"
2023,"DOMINGUEZ FERNANDEZ, SILVIA",PERFUMERIAS AVENIDA,1,2,"0,5"
2023,"ÇAKIR TURGUT, OLCAY",PERFUMERIAS AVENIDA,3,6,"0,5"
2023,"TORRENS SALOM, ALBA",VALENCIA B.C.,5,4,"1,25"
2023,"GELDOF, SERENA LYNN PETRA",CASADEMONT ZARAGOZA,5,4,"1,25"
2023,"BUENAVIDA ESTEVEZ, ELENA",VALENCIA B.C.,7,6,"1,17"
2023,"RODRIGUEZ ARRIBAS, LUCIA",PERFUMERIAS AVENIDA,2,2,1
2023,"AIJANEN, MARIA ANNIINA",BAXI FERROL,2,2,1
2023,"HERMOSA MONREAL, NEREA",CASADEMONT ZARAGOZA,4,4,1
2023,"SELLAND, MYAH ALEXANDRA",BAXI FERROL,2,2,1
2023,"KONIG, AISLINN CHIA PI",HOZONO GLOBAL JAIRIS,2,2,1
2023,"FAM THIAM, AWA",VALENCIA B.C.,2,2,1
2023,"DE SANTIAGO OTERO, BEGOÑA",MOVISTAR ESTUDIANTES,2,2,1
2023,"PARRA, FAUSTINE LAURE CLEMENCE",SPAR GIRONA,2,3,"0,67"
2023,"FEQUIERE, JESSICA",BAXI FERROL,1,2,"0,5"
2023,"GRANDE PARDO, CARMEN",HOZONO GLOBAL JAIRIS,1,2,"0,5"
2023,"GOMEZ FERNANDEZ, MARTA",BAXI FERROL,1,2,"0,5"
2023,"BETTENCOURT CORREIA, MARIA JOAO",HOZONO GLOBAL JAIRIS,1,2,"0,5"
2023,"DELAERE, ANTONIA LAURA A.",PERFUMERIAS AVENIDA,3,6,"0,5"
2023,"DOMINGUEZ FERNANDEZ, SILVIA",PERFUMERIAS AVENIDA,1,2,"0,5"
2023,"ÇAKIR TURGUT, OLCAY",PERFUMERIAS AVENIDA,3,6,"0,5"
2023,"TORRENS SALOM, ALBA",VALENCIA B.C.,5,4,"1,25"
2023,"GELDOF, SERENA LYNN PETRA",CASADEMONT ZARAGOZA,5,4,"1,25"
2023,"BUENAVIDA ESTEVEZ, ELENA",VALENCIA B.C.,7,6,"1,17"
2023,"RODRIGUEZ ARRIBAS, LUCIA",PERFUMERIAS AVENIDA,2,2,1
2023,"AIJANEN, MARIA ANNIINA",BAXI FERROL,2,2,1
2023,"HERMOSA MONREAL, NEREA",CASADEMONT ZARAGOZA,4,4,1
2023,"SELLAND, MYAH ALEXANDRA",BAXI FERROL,2,2,1
2023,"KONIG, AISLINN CHIA PI",HOZONO GLOBAL JAIRIS,2,2,1
2023,"FAM THIAM, AWA",VALENCIA B.C.,2,2,1
2023,"DE SANTIAGO OTERO, BEGOÑA",MOVISTAR ESTUDIANTES,2,2,1
2023,"PARRA, FAUSTINE LAURE CLEMENCE",SPAR GIRONA,2,3,"0,67"
2023,"FEQUIERE, JESSICA",BAXI FERROL,1,2,"0,5"
2023,"GRANDE PARDO, CARMEN",HOZONO GLOBAL JAIRIS,1,2,"0,5"
2023,"GOMEZ FERNANDEZ, MARTA",BAXI FERROL,1,2,"0,5"
2023,"BETTENCOURT CORREIA, MARIA JOAO",HOZONO GLOBAL JAIRIS,1,2,"0,5"
2023,"DELAERE, ANTONIA LAURA A.",PERFUMERIAS AVENIDA,3,6,"0,5"
2023,"DOMINGUEZ FERNANDEZ, SILVIA",PERFUMERIAS AVENIDA,1,2,"0,5"
2023,"ÇAKIR TURGUT, OLCAY",PERFUMERIAS AVENIDA,3,6,"0,5"
2022,"MASSEY, BECKY ERNA",MOVISTAR ESTUDIANTES,2,2,1
2022,"GIMENO MARTINEZ, VEGA",CASADEMONT ZARAGOZA,4,4,1
2022,"NOGIC, JOVANA",PERFUMERIAS AVENIDA,5,5,1
2022,"ARIZTIMUÑO LOPEZ , ITZIAR",LOINTEK GERNIKA BIZKAIA,2,2,1
2022,"BUENAVIDA ESTEVEZ, ELENA",VALENCIA B.C.,5,5,1
2022,"CONDE DURAN, ITSASO",MOVISTAR ESTUDIANTES,2,2,1
2022,"PALENIKOVA, TEREZIA",SPAR GIRONA,2,2,1
2022,"BURA, PATRICIA",LOINTEK GERNIKA BIZKAIA,2,2,1
2022,"SARAVIA LOGROÑO, PAULA",MOVISTAR ESTUDIANTES,1,1,1
2022,"RUEDA CHONI, JULIA MARIA",BARÇA CBS,3,4,"0,75"
2022,"ALBERDI LARRUCEA, MARTA",LOINTEK GERNIKA BIZKAIA,1,2,"0,5"
2022,"RAMETTE, ELISE CLAUDINE",CADI LA SEU,1,2,"0,5"
2022,"RAVENTOS ROIG, LAIA",CADI LA SEU,1,2,"0,5"
2022,"PARRA, FAUSTINE LAURE CLEMENCE",SPAR GIRONA,1,2,"0,5"
2022,"BROTONS PASCUAL, MONTSERRAT",CADI LA SEU,1,2,"0,5"
2022,"WATTS, STEPHANIE COURTNEY",CADI LA SEU,1,2,"0,5"
2022,"FAM THIAM, AWA",VALENCIA B.C.,2,5,"0,4"
2022,"PUJOL LLUCH, ARIADNA",BARÇA CBS,1,3,"0,33"
2022,"MASSEY, BECKY ERNA",MOVISTAR ESTUDIANTES,2,2,1
2022,"GIMENO MARTINEZ, VEGA",CASADEMONT ZARAGOZA,4,4,1
2022,"NOGIC, JOVANA",PERFUMERIAS AVENIDA,5,5,1
2022,"ARIZTIMUÑO LOPEZ , ITZIAR",LOINTEK GERNIKA BIZKAIA,2,2,1
2022,"BUENAVIDA ESTEVEZ, ELENA",VALENCIA B.C.,5,5,1
2022,"CONDE DURAN, ITSASO",MOVISTAR ESTUDIANTES,2,2,1
2022,"PALENIKOVA, TEREZIA",SPAR GIRONA,2,2,1
2022,"BURA, PATRICIA",LOINTEK GERNIKA BIZKAIA,2,2,1
2022,"SARAVIA LOGROÑO, PAULA",MOVISTAR ESTUDIANTES,1,1,1
2022,"RUEDA CHONI, JULIA MARIA",BARÇA CBS,3,4,"0,75"
2022,"ALBERDI LARRUCEA, MARTA",LOINTEK GERNIKA BIZKAIA,1,2,"0,5"
2022,"RAMETTE, ELISE CLAUDINE",CADI LA SEU,1,2,"0,5"
2022,"RAVENTOS ROIG, LAIA",CADI LA SEU,1,2,"0,5"
2022,"PARRA, FAUSTINE LAURE CLEMENCE",SPAR GIRONA,1,2,"0,5"
2022,"BROTONS PASCUAL, MONTSERRAT",CADI LA SEU,1,2,"0,5"
2022,"WATTS, STEPHANIE COURTNEY",CADI LA SEU,1,2,"0,5"
2022,"FAM THIAM, AWA",VALENCIA B.C.,2,5,"0,4"
2022,"PUJOL LLUCH, ARIADNA",BARÇA CBS,1,3,"0,33"
2022,"MASSEY, BECKY ERNA",MOVISTAR ESTUDIANTES,2,2,1
2022,"GIMENO MARTINEZ, VEGA",CASADEMONT ZARAGOZA,4,4,1
2022,"NOGIC, JOVANA",PERFUMERIAS AVENIDA,5,5,1
2022,"ARIZTIMUÑO LOPEZ , ITZIAR",LOINTEK GERNIKA BIZKAIA,2,2,1
2022,"BUENAVIDA ESTEVEZ, ELENA",VALENCIA B.C.,5,5,1
2022,"CONDE DURAN, ITSASO",MOVISTAR ESTUDIANTES,2,2,1
2022,"PALENIKOVA, TEREZIA",SPAR GIRONA,2,2,1
2022,"BURA, PATRICIA",LOINTEK GERNIKA BIZKAIA,2,2,1
2022,"SARAVIA LOGROÑO, PAULA",MOVISTAR ESTUDIANTES,1,1,1
2022,"RUEDA CHONI, JULIA MARIA",BARÇA CBS,3,4,"0,75"
2022,"ALBERDI LARRUCEA, MARTA",LOINTEK GERNIKA BIZKAIA,1,2,"0,5"
2022,"RAMETTE, ELISE CLAUDINE",CADI LA SEU,1,2,"0,5"
2022,"RAVENTOS ROIG, LAIA",CADI LA SEU,1,2,"0,5"
2022,"PARRA, FAUSTINE LAURE CLEMENCE",SPAR GIRONA,1,2,"0,5"
2022,"BROTONS PASCUAL, MONTSERRAT",CADI LA SEU,1,2,"0,5"
2022,"WATTS, STEPHANIE COURTNEY",CADI LA SEU,1,2,"0,5"
2022,"FAM THIAM, AWA",VALENCIA B.C.,2,5,"0,4"
2022,"PUJOL LLUCH, ARIADNA",BARÇA CBS,1,3,"0,33"
2021,"ROUNDTREE, MARGARET YVETTE",LOINTEK GERNIKA BIZKAIA,2,2,1
2021,"ESPAÑA ALMENDRO, MARIA",IDK EUSKOTREN,2,2,1
2021,"CORNELIUS, LAURA",IDK EUSKOTREN,2,2,1
2021,"SALVADORES ALVAREZ, ANGELA",VALENCIA B.C.,6,6,1
2021,"LO SYLLA, NOGAYE",PERFUMERIAS AVENIDA,3,3,1
2021,"ESNAL AGUIRRE, ANE",IDK EUSKOTREN,1,1,1
2021,"PUJOL LLUCH, ARIADNA",CADI LA SEU,4,4,1
2021,"FAM THIAM, AWA",VALENCIA B.C.,1,1,1
2021,"BROTONS PASCUAL, MONTSERRAT",CADI LA SEU,2,3,"0,67"
2021,"DIAZ CASTELLANO, YURENA",IDK EUSKOTREN,1,2,"0,5"
2021,"DELAERE, ANTONIA LAURA A.",CASADEMONT ZARAGOZA,1,2,"0,5"
2021,"KOSTOURKOVA, MARIA IVANOVA",CASADEMONT ZARAGOZA,1,2,"0,5"
2021,"GERMAN VELASCO, ICIAR",VALENCIA B.C.,2,5,"0,4"
2021,"ROUNDTREE, MARGARET YVETTE",LOINTEK GERNIKA BIZKAIA,2,2,1
2021,"ESPAÑA ALMENDRO, MARIA",IDK EUSKOTREN,2,2,1
2021,"CORNELIUS, LAURA",IDK EUSKOTREN,2,2,1
2021,"SALVADORES ALVAREZ, ANGELA",VALENCIA B.C.,6,6,1
2021,"LO SYLLA, NOGAYE",PERFUMERIAS AVENIDA,3,3,1
2021,"ESNAL AGUIRRE, ANE",IDK EUSKOTREN,1,1,1
2021,"PUJOL LLUCH, ARIADNA",CADI LA SEU,4,4,1
2021,"FAM THIAM, AWA",VALENCIA B.C.,1,1,1
2021,"BROTONS PASCUAL, MONTSERRAT",CADI LA SEU,2,3,"0,67"
2021,"DIAZ CASTELLANO, YURENA",IDK EUSKOTREN,1,2,"0,5"
2021,"DELAERE, ANTONIA LAURA A.",CASADEMONT ZARAGOZA,1,2,"0,5"
2021,"KOSTOURKOVA, MARIA IVANOVA",CASADEMONT ZARAGOZA,1,2,"0,5"
2021,"GERMAN VELASCO, ICIAR",VALENCIA B.C.,2,5,"0,4"
2021,"ROUNDTREE, MARGARET YVETTE",LOINTEK GERNIKA BIZKAIA,2,2,1
2021,"ESPAÑA ALMENDRO, MARIA",IDK EUSKOTREN,2,2,1
2021,"CORNELIUS, LAURA",IDK EUSKOTREN,2,2,1
2021,"SALVADORES ALVAREZ, ANGELA",VALENCIA B.C.,6,6,1
2021,"LO SYLLA, NOGAYE",PERFUMERIAS AVENIDA,3,3,1
2021,"ESNAL AGUIRRE, ANE",IDK EUSKOTREN,1,1,1
2021,"PUJOL LLUCH, ARIADNA",CADI LA SEU,4,4,1
2021,"FAM THIAM, AWA",VALENCIA B.C.,1,1,1
2021,"BROTONS PASCUAL, MONTSERRAT",CADI LA SEU,2,3,"0,67"
2021,"DIAZ CASTELLANO, YURENA",IDK EUSKOTREN,1,2,"0,5"
2021,"DELAERE, ANTONIA LAURA A.",CASADEMONT ZARAGOZA,1,2,"0,5"
2021,"KOSTOURKOVA, MARIA IVANOVA",CASADEMONT ZARAGOZA,1,2,"0,5"
2021,"GERMAN VELASCO, ICIAR",VALENCIA B.C.,2,5,"0,4"
2020,"GIL COLLADO, LAURA",VALENCIA B.C.,4,3,"1,33"
2020,"HEMPE, MERRIT RAMONA",DURAN MAQUINARIA ENSINO,2,2,1
2020,"BUCH ROSELL, ROSO",LOINTEK GERNIKA BIZKAIA,4,4,1
2020,"FALL, SOKHNA ADJI",SPAR GRAN CANARIA,2,2,1
2020,"GIMENO MARTINEZ, VEGA",DURAN MAQUINARIA ENSINO,1,1,1
2020,"JUSKAITE, LAURA",VALENCIA B.C.,7,7,1
2020,"GRANDE PARDO, CARMEN",MOVISTAR ESTUDIANTES,2,2,1
2020,"CAZORLA MEDINA, MARIA TERESA",PERFUMERIAS AVENIDA,4,5,"0,8"
2020,"PINA TOLOSA, MARIA",VALENCIA B.C.,4,5,"0,8"
2020,"ARIZTIMUÑO LOPEZ , ITZIAR",LOINTEK GERNIKA BIZKAIA,3,4,"0,75"
2020,"HARTMANN, ALINA WAYAN",SPAR GRAN CANARIA,1,2,"0,5"
2020,"ESPIN DE SANCHO, MARIA",MOVISTAR ESTUDIANTES,1,2,"0,5"
2020,"PRIETO MARTINEZ, ALBA",DURAN MAQUINARIA ENSINO,1,2,"0,5"
2020,"ALONSO DE ARMIÑO RIAÑO, GRACIA",MOVISTAR ESTUDIANTES,1,2,"0,5"
2020,"NAUWELAERS, HELEEN KARIN J",CIUDAD DE LA LAGUNA TENERIFE,1,2,"0,5"
2020,"RAKSANYI, KRISZTINA",CIUDAD DE LA LAGUNA TENERIFE,1,2,"0,5"
2020,"BRITO HERNANDEZ, CARLA",SPAR GRAN CANARIA,1,2,"0,5"
2020,"IVANOVIC, MILICA",LOINTEK GERNIKA BIZKAIA,1,4,"0,25"
2020,"GIL COLLADO, LAURA",VALENCIA B.C.,4,3,"1,33"
2020,"HEMPE, MERRIT RAMONA",DURAN MAQUINARIA ENSINO,2,2,1
2020,"BUCH ROSELL, ROSO",LOINTEK GERNIKA BIZKAIA,4,4,1
2020,"FALL, SOKHNA ADJI",SPAR GRAN CANARIA,2,2,1
2020,"GIMENO MARTINEZ, VEGA",DURAN MAQUINARIA ENSINO,1,1,1
2020,"JUSKAITE, LAURA",VALENCIA B.C.,7,7,1
2020,"GRANDE PARDO, CARMEN",MOVISTAR ESTUDIANTES,2,2,1
2020,"CAZORLA MEDINA, MARIA TERESA",PERFUMERIAS AVENIDA,4,5,"0,8"
2020,"PINA TOLOSA, MARIA",VALENCIA B.C.,4,5,"0,8"
2020,"ARIZTIMUÑO LOPEZ , ITZIAR",LOINTEK GERNIKA BIZKAIA,3,4,"0,75"
2020,"HARTMANN, ALINA WAYAN",SPAR GRAN CANARIA,1,2,"0,5"
2020,"ESPIN DE SANCHO, MARIA",MOVISTAR ESTUDIANTES,1,2,"0,5"
2020,"PRIETO MARTINEZ, ALBA",DURAN MAQUINARIA ENSINO,1,2,"0,5"
2020,"ALONSO DE ARMIÑO RIAÑO, GRACIA",MOVISTAR ESTUDIANTES,1,2,"0,5"
2020,"NAUWELAERS, HELEEN KARIN J",CIUDAD DE LA LAGUNA TENERIFE,1,2,"0,5"
2020,"RAKSANYI, KRISZTINA",CIUDAD DE LA LAGUNA TENERIFE,1,2,"0,5"
2020,"BRITO HERNANDEZ, CARLA",SPAR GRAN CANARIA,1,2,"0,5"
2020,"IVANOVIC, MILICA",LOINTEK GERNIKA BIZKAIA,1,4,"0,25"
2020,"GIL COLLADO, LAURA",VALENCIA B.C.,4,3,"1,33"
2020,"HEMPE, MERRIT RAMONA",DURAN MAQUINARIA ENSINO,2,2,1
2020,"BUCH ROSELL, ROSO",LOINTEK GERNIKA BIZKAIA,4,4,1
2020,"FALL, SOKHNA ADJI",SPAR GRAN CANARIA,2,2,1
2020,"GIMENO MARTINEZ, VEGA",DURAN MAQUINARIA ENSINO,1,1,1
2020,"JUSKAITE, LAURA",VALENCIA B.C.,7,7,1
2020,"GRANDE PARDO, CARMEN",MOVISTAR ESTUDIANTES,2,2,1
2020,"CAZORLA MEDINA, MARIA TERESA",PERFUMERIAS AVENIDA,4,5,"0,8"
2020,"PINA TOLOSA, MARIA",VALENCIA B.C.,4,5,"0,8"
2020,"ARIZTIMUÑO LOPEZ , ITZIAR",LOINTEK GERNIKA BIZKAIA,3,4,"0,75"
2020,"HARTMANN, ALINA WAYAN",SPAR GRAN CANARIA,1,2,"0,5"
2020,"ESPIN DE SANCHO, MARIA",MOVISTAR ESTUDIANTES,1,2,"0,5"
2020,"PRIETO MARTINEZ, ALBA",DURAN MAQUINARIA ENSINO,1,2,"0,5"
2020,"ALONSO DE ARMIÑO RIAÑO, GRACIA",MOVISTAR ESTUDIANTES,1,2,"0,5"
2020,"NAUWELAERS, HELEEN KARIN J",CIUDAD DE LA LAGUNA TENERIFE,1,2,"0,5"
2020,"RAKSANYI, KRISZTINA",CIUDAD DE LA LAGUNA TENERIFE,1,2,"0,5"
2020,"BRITO HERNANDEZ, CARLA",SPAR GRAN CANARIA,1,2,"0,5"
2020,"IVANOVIC, MILICA",LOINTEK GERNIKA BIZKAIA,1,4,"0,25"
2019,"STANACEV , ALEKSANDRA",DURAN MAQUINARIA ENSINO,1,1,1
2019,"NYINGIFA, ATONYE JENNIFER",DURAN MAQUINARIA ENSINO,1,1,1
2019,"CAZORLA MEDINA, MARIA TERESA",PERFUMERIAS AVENIDA,2,3,"0,67"
2019,"MENDY , MAGALI",SPAR CITYLIFT GIRONA,2,3,"0,67"
2019,"MARTINEZ PRAT, NURIA",SPAR CITYLIFT GIRONA,2,3,"0,67"
2019,"VAN DEN ADEL, NATALIE ISABELLE",RPK ARASKI,1,2,"0,5"
2019,"VILARO ARAGONES, ANDREA",PERFUMERIAS AVENIDA,1,3,"0,33"
2019,"STANACEV , ALEKSANDRA",DURAN MAQUINARIA ENSINO,1,1,1
2019,"NYINGIFA, ATONYE JENNIFER",DURAN MAQUINARIA ENSINO,1,1,1
2019,"CAZORLA MEDINA, MARIA TERESA",PERFUMERIAS AVENIDA,2,3,"0,67"
2019,"MENDY , MAGALI",SPAR CITYLIFT GIRONA,2,3,"0,67"
2019,"MARTINEZ PRAT, NURIA",SPAR CITYLIFT GIRONA,2,3,"0,67"
2019,"VAN DEN ADEL, NATALIE ISABELLE",RPK ARASKI,1,2,"0,5"
2019,"VILARO ARAGONES, ANDREA",PERFUMERIAS AVENIDA,1,3,"0,33"
2019,"STANACEV , ALEKSANDRA",DURAN MAQUINARIA ENSINO,1,1,1
2019,"NYINGIFA, ATONYE JENNIFER",DURAN MAQUINARIA ENSINO,1,1,1
2019,"CAZORLA MEDINA, MARIA TERESA",PERFUMERIAS AVENIDA,2,3,"0,67"
2019,"MENDY , MAGALI",SPAR CITYLIFT GIRONA,2,3,"0,67"
2019,"MARTINEZ PRAT, NURIA",SPAR CITYLIFT GIRONA,2,3,"0,67"
2019,"VAN DEN ADEL, NATALIE ISABELLE",RPK ARASKI,1,2,"0,5"
2019,"VILARO ARAGONES, ANDREA",PERFUMERIAS AVENIDA,1,3,"0,33"
2018,"BUCH ROSELL, ROSO",SPAR CITYLIFT GIRONA,8,6,"1,33"
2018,"MAZIONYTE, GINTARE",LOINTEK GERNIKA BIZKAIA,4,3,"1,33"
2018,"ELDEBRINK, ELIN",PERFUMERIAS AVENIDA,7,6,"1,17"
2018,"ARIZTIMUÑO LOPEZ , ITZIAR",LOINTEK GERNIKA BIZKAIA,2,2,1
2018,"ESTEBAS ARMAS, PAULA",RPK ARASKI,2,2,1
2018,"AIJANEN, MARIA ANNIINA",CADI LA SEU,4,4,1
2018,"MOLINUEVO GARCIA, CRISTINA",RPK ARASKI,2,2,1
2018,"SANCHEZ MARRUFO, BEATRIZ",SPAR CITYLIFT GIRONA,4,5,"0,8"
2018,"DIEZ FERNANDEZ, NAIARA",LOINTEK GERNIKA BIZKAIA,2,3,"0,67"
2018,"MOORE, TINARA NICOLE",VALENCIA B.C.,3,5,"0,6"
2018,"HERNANDEZ ORTIZ, ZOE",MANN-FILTER CASABLANCA,1,2,"0,5"
2018,"IPARRAGUIRRE ALUSTIZA, SARA",IDK GIPUZKOA,1,2,"0,5"
2018,"BANHAM, RACHAEL MARIE",LOINTEK GERNIKA BIZKAIA,1,3,"0,33"
2018,"BUCH ROSELL, ROSO",SPAR CITYLIFT GIRONA,8,6,"1,33"
2018,"MAZIONYTE, GINTARE",LOINTEK GERNIKA BIZKAIA,4,3,"1,33"
2018,"ELDEBRINK, ELIN",PERFUMERIAS AVENIDA,7,6,"1,17"
2018,"ARIZTIMUÑO LOPEZ , ITZIAR",LOINTEK GERNIKA BIZKAIA,2,2,1
2018,"ESTEBAS ARMAS, PAULA",RPK ARASKI,2,2,1
2018,"AIJANEN, MARIA ANNIINA",CADI LA SEU,4,4,1
2018,"MOLINUEVO GARCIA, CRISTINA",RPK ARASKI,2,2,1
2018,"SANCHEZ MARRUFO, BEATRIZ",SPAR CITYLIFT GIRONA,4,5,"0,8"
2018,"DIEZ FERNANDEZ, NAIARA",LOINTEK GERNIKA BIZKAIA,2,3,"0,67"
2018,"MOORE, TINARA NICOLE",VALENCIA B.C.,3,5,"0,6"
2018,"HERNANDEZ ORTIZ, ZOE",MANN-FILTER CASABLANCA,1,2,"0,5"
2018,"IPARRAGUIRRE ALUSTIZA, SARA",IDK GIPUZKOA,1,2,"0,5"
2018,"BANHAM, RACHAEL MARIE",LOINTEK GERNIKA BIZKAIA,1,3,"0,33"
2018,"BUCH ROSELL, ROSO",SPAR CITYLIFT GIRONA,8,6,"1,33"
2018,"MAZIONYTE, GINTARE",LOINTEK GERNIKA BIZKAIA,4,3,"1,33"
2018,"ELDEBRINK, ELIN",PERFUMERIAS AVENIDA,7,6,"1,17"
2018,"ARIZTIMUÑO LOPEZ , ITZIAR",LOINTEK GERNIKA BIZKAIA,2,2,1
2018,"ESTEBAS ARMAS, PAULA",RPK ARASKI,2,2,1
2018,"AIJANEN, MARIA ANNIINA",CADI LA SEU,4,4,1
2018,"MOLINUEVO GARCIA, CRISTINA",RPK ARASKI,2,2,1
2018,"SANCHEZ MARRUFO, BEATRIZ",SPAR CITYLIFT GIRONA,4,5,"0,8"
2018,"DIEZ FERNANDEZ, NAIARA",LOINTEK GERNIKA BIZKAIA,2,3,"0,67"
2018,"MOORE, TINARA NICOLE",VALENCIA B.C.,3,5,"0,6"
2018,"HERNANDEZ ORTIZ, ZOE",MANN-FILTER CASABLANCA,1,2,"0,5"
2018,"IPARRAGUIRRE ALUSTIZA, SARA",IDK GIPUZKOA,1,2,"0,5"
2018,"BANHAM, RACHAEL MARIE",LOINTEK GERNIKA BIZKAIA,1,3,"0,33"
2017,"RAMOS DO NASCIMENTO, CARLA MARISA",NISSAN  AL-QÁZERES EXTREMADURA,46,19,"2,42"
2017,"LIZARAZU HERRERA, MARINA",QUESOS EL PASTOR,62,26,"2,38"
2017,"MOLINA PRADOS MARTIN BURO, JUANA MARIA",LOINTEK GERNIKA BIZKAIA,58,25,"2,32"
2017,"TRAORE, ASTOU",SPAR CITYLIFT GIRONA,57,25,"2,28"
2017,"BUTLER, BRIANNA",QUESOS EL PASTOR,59,26,"2,27"
2017,"ELONU, ADAORA NNENNA",PERFUMERIAS AVENIDA,58,26,"2,23"
2017,"HALL , PRECIOUS TANZIE KYTRONIA",CAMPUS PROMETE LF1,44,20,"2,2"
2017,"SILVA SERRANO , ROSELIS CAROLINA",LACTURALE ART ARASKI,55,25,"2,2"
2017,"QUIRANTE MARTINEZ, ALEJANDRA",MOVISTAR ESTUDIANTES,56,26,"2,15"
2017,"VAN DEN ADEL, NATALIE ISABELLE",LACTURALE ART ARASKI,45,21,"2,14"
2017,"BUCH ROSELL, ROSO",SPAR CITYLIFT GIRONA,55,26,"2,12"
2017,"ETXARRI MUNARRIZ, IRATI",LACTURALE ART ARASKI,53,26,"2,04"
2017,"LO SYLLA, NOGAYE",CADI LA SEU,51,25,"2,04"
2017,"ADURIZ HERNANI, ONINTZA",IDK GIPUZKOA,53,26,"2,04"
2017,"STANACEV , ALEKSANDRA",EMBUTIDOS PAJARIEL BEMBIBRE PDM,52,26,2
2017,"MOSS, DANDRA YUVETT",PERFUMERIAS AVENIDA,46,23,2
2017,"OCETE CASTILLO, GABRIELA",MANN-FILTER,52,26,2
2017,"ALDALUR SOTO, ANE MIREN",LACTURALE ART ARASKI,51,26,"1,96"
2017,"GARCIA PAUNERO, CELIA",QUESOS EL PASTOR,49,25,"1,96"
2017,"HERRERA BOXO, LAURA",CAMPUS PROMETE LF1,47,24,"1,96"
2017,"FORASTE GALOBARDES, MIRIAM",NISSAN  AL-QÁZERES EXTREMADURA,51,26,"1,96"
2017,"DIAZ CASTELLANO, YURENA",CADI LA SEU,51,26,"1,96"
2017,"DOMINGUEZ FERNANDEZ, SILVIA",PERFUMERIAS AVENIDA,45,24,"1,88"
2017,"NDOYE, BINETA",EMBUTIDOS PAJARIEL BEMBIBRE PDM,41,22,"1,86"
2017,"OMA GIRALT, HELENA",CADI LA SEU,29,16,"1,81"
2017,"GONZALEZ DUARTE , LARA",IDK GIPUZKOA,47,26,"1,81"
2017,"LUCAS , ITALEE MALINA",IDK GIPUZKOA,23,13,"1,77"
2017,"MONTOLIU MATIAS, MARTA",CADI LA SEU,46,26,"1,77"
2017,"LOPEZ RODRIGUEZ, AINHOA",QUESOS EL PASTOR,44,26,"1,69"
2017,"ASURMENDI VILLAVERDE, MARIA DEL CARMEN",PERFUMERIAS AVENIDA,42,25,"1,68"
2017,"RAMOS DO NASCIMENTO, CARLA MARISA",NISSAN  AL-QÁZERES EXTREMADURA,46,19,"2,42"
2017,"LIZARAZU HERRERA, MARINA",QUESOS EL PASTOR,62,26,"2,38"
2017,"MOLINA PRADOS MARTIN BURO, JUANA MARIA",LOINTEK GERNIKA BIZKAIA,58,25,"2,32"
2017,"TRAORE, ASTOU",SPAR CITYLIFT GIRONA,57,25,"2,28"
2017,"BUTLER, BRIANNA",QUESOS EL PASTOR,59,26,"2,27"
2017,"ELONU, ADAORA NNENNA",PERFUMERIAS AVENIDA,58,26,"2,23"
2017,"HALL , PRECIOUS TANZIE KYTRONIA",CAMPUS PROMETE LF1,44,20,"2,2"
2017,"SILVA SERRANO , ROSELIS CAROLINA",LACTURALE ART ARASKI,55,25,"2,2"
2017,"QUIRANTE MARTINEZ, ALEJANDRA",MOVISTAR ESTUDIANTES,56,26,"2,15"
2017,"VAN DEN ADEL, NATALIE ISABELLE",LACTURALE ART ARASKI,45,21,"2,14"
2017,"BUCH ROSELL, ROSO",SPAR CITYLIFT GIRONA,55,26,"2,12"
2017,"ETXARRI MUNARRIZ, IRATI",LACTURALE ART ARASKI,53,26,"2,04"
2017,"LO SYLLA, NOGAYE",CADI LA SEU,51,25,"2,04"
2017,"ADURIZ HERNANI, ONINTZA",IDK GIPUZKOA,53,26,"2,04"
2017,"STANACEV , ALEKSANDRA",EMBUTIDOS PAJARIEL BEMBIBRE PDM,52,26,2
2017,"MOSS, DANDRA YUVETT",PERFUMERIAS AVENIDA,46,23,2
2017,"OCETE CASTILLO, GABRIELA",MANN-FILTER,52,26,2
2017,"ALDALUR SOTO, ANE MIREN",LACTURALE ART ARASKI,51,26,"1,96"
2017,"GARCIA PAUNERO, CELIA",QUESOS EL PASTOR,49,25,"1,96"
2017,"HERRERA BOXO, LAURA",CAMPUS PROMETE LF1,47,24,"1,96"
2017,"FORASTE GALOBARDES, MIRIAM",NISSAN  AL-QÁZERES EXTREMADURA,51,26,"1,96"
2017,"DIAZ CASTELLANO, YURENA",CADI LA SEU,51,26,"1,96"
2017,"DOMINGUEZ FERNANDEZ, SILVIA",PERFUMERIAS AVENIDA,45,24,"1,88"
2017,"NDOYE, BINETA",EMBUTIDOS PAJARIEL BEMBIBRE PDM,41,22,"1,86"
2017,"OMA GIRALT, HELENA",CADI LA SEU,29,16,"1,81"
2017,"GONZALEZ DUARTE , LARA",IDK GIPUZKOA,47,26,"1,81"
2017,"LUCAS , ITALEE MALINA",IDK GIPUZKOA,23,13,"1,77"
2017,"MONTOLIU MATIAS, MARTA",CADI LA SEU,46,26,"1,77"
2017,"LOPEZ RODRIGUEZ, AINHOA",QUESOS EL PASTOR,44,26,"1,69"
2017,"ASURMENDI VILLAVERDE, MARIA DEL CARMEN",PERFUMERIAS AVENIDA,42,25,"1,68"
2017,"GIVENS , KRISI TIJANA",PERFUMERIAS AVENIDA,41,25,"1,64"
2017,"LOPEZ VIVES, HELENA",SNATT'S FEMENI SANT ADRIA,42,26,"1,62"
2017,"KRAKER, MEHRYN DONEGAN",CADI LA SEU,42,26,"1,62"
2017,"GARCIA URLEZAGA, IZASKUN",LACTURALE ART ARASKI,40,25,"1,6"
2017,"ROMEO, NICOLE ELAINE",SPAR CITYLIFT GIRONA,40,25,"1,6"
2017,"RILEY , ANDREA CHARMAINE",SNATT'S FEMENI SANT ADRIA,41,26,"1,58"
2017,"PEÑA JUBANY, LAURA",SNATT'S FEMENI SANT ADRIA,41,26,"1,58"
2017,"PARDO HERVIAS, LAURA",LACTURALE ART ARASKI,34,22,"1,55"
2017,"VANDERWAL, RACHAEL  ANN",STAR CENTER-UNI FERROL,38,25,"1,52"
2017,"SOLER SUAREZ, PATRICIA",MOVISTAR ESTUDIANTES,33,22,"1,5"
2017,"CLARET GILABERTE, MARTA",SNATT'S FEMENI SANT ADRIA,36,25,"1,44"
2017,"MAJSTOROVIC, ANJA",QUESOS EL PASTOR,31,22,"1,41"
2017,"LAZARO CASTILLERO, YAIZA",LOINTEK GERNIKA BIZKAIA,31,23,"1,35"
2017,"MESTDAGH, KIM",PERFUMERIAS AVENIDA,21,16,"1,31"
2017,"AGIRRE MUÑOZ, ARRATE",LACTURALE ART ARASKI,28,23,"1,22"
2017,"DIEZ FERNANDEZ, NAIARA",LOINTEK GERNIKA BIZKAIA,29,26,"1,12"
2017,"CALVO DIAZ, ANA BEGOÑA",STAR CENTER-UNI FERROL,27,26,"1,04"
2017,"ASTROM , ELLEN LOVISA",EMBUTIDOS PAJARIEL BEMBIBRE PDM,27,26,"1,04"
2017,"KOVACEVIC, BOJANA",SNATT'S FEMENI SANT ADRIA,23,23,1
2017,"DELGADO PONTES, MARINA",STAR CENTER-UNI FERROL,25,26,"0,96"
2017,"RODRIGUEZ NUÑEZ, CLARA",MOVISTAR ESTUDIANTES,20,22,"0,91"
2017,"ROIG SOLER, LAURA",SPAR CITYLIFT GIRONA,14,16,"0,88"
2017,"ERAUNCETAMURGIL AYESTARAN, MARIA",IDK GIPUZKOA,17,20,"0,85"
2017,"LLOBET CODERCH, ITZIAR",SNATT'S FEMENI SANT ADRIA,21,26,"0,81"
2017,"ALIAGA ROMERO, LAURA",EMBUTIDOS PAJARIEL BEMBIBRE PDM,21,26,"0,81"
2017,"LAHUERTA MENDOZA, IRENE",MANN-FILTER,20,26,"0,77"
2017,"MARTIN LLAVERIA, MARIONA",NISSAN  AL-QÁZERES EXTREMADURA,20,26,"0,77"
2017,"CABRERA ARGUELLO, PATRICIA",STAR CENTER-UNI FERROL,20,26,"0,77"
2017,"ARIZTIMUÑO LOPEZ , ITZIAR",LOINTEK GERNIKA BIZKAIA,15,22,"0,68"
2017,"SAN ROMAN FLORES, IRENE",MOVISTAR ESTUDIANTES,17,26,"0,65"
2017,"ESPARCIA OMEDAS, CAROLINA",MANN-FILTER,12,19,"0,63"
2017,"MOLINUEVO GARCIA, CRISTINA",LACTURALE ART ARASKI,14,24,"0,58"
2017,"IPARRAGUIRRE ALUSTIZA, SARA",IDK GIPUZKOA,11,20,"0,55"
2017,"VELASCO MARTIN, LAURA",MOVISTAR ESTUDIANTES,9,18,"0,5"
2017,"RODRIGUEZ DOMINGUEZ, NATALIA",STAR CENTER-UNI FERROL,9,21,"0,43"
2017,"ROMERO GARRIDO, SILVIA",NISSAN  AL-QÁZERES EXTREMADURA,7,18,"0,39"
2017,"ROMERO GARRIDO, MARÍA",NISSAN  AL-QÁZERES EXTREMADURA,5,16,"0,31"
2017,"CORRALES BOHOYO, ELENA",NISSAN  AL-QÁZERES EXTREMADURA,6,26,"0,23"
2017,"ESPARCIA OMEDAS, CAROLINA",MANN-FILTER,12,19,"0,63"
2017,"MOLINUEVO GARCIA, CRISTINA",LACTURALE ART ARASKI,14,24,"0,58"
2017,"IPARRAGUIRRE ALUSTIZA, SARA",IDK GIPUZKOA,11,20,"0,55"
2017,"VELASCO MARTIN, LAURA",MOVISTAR ESTUDIANTES,9,18,"0,5"
2017,"RODRIGUEZ DOMINGUEZ, NATALIA",STAR CENTER-UNI FERROL,9,21,"0,43"
2017,"ROMERO GARRIDO, SILVIA",NISSAN  AL-QÁZERES EXTREMADURA,7,18,"0,39"
2017,"ROMERO GARRIDO, MARÍA",NISSAN  AL-QÁZERES EXTREMADURA,5,16,"0,31"
2017,"CORRALES BOHOYO, ELENA",NISSAN  AL-QÁZERES EXTREMADURA,6,26,"0,23"
2016,"MOKANGO, CHANEL MODIRI",LOINTEK GERNIKA BIZKAIA,18,2,9
2016,"BULGAK, ADUT ATEM",IDK GIPUZKOA,23,3,"7,67"
2016,"PINA TOLOSA, MARIA",LOINTEK GERNIKA BIZKAIA,15,2,"7,5"
2016,"PEREZ ARAUJO, MARIA",STAR CENTER-UNI FERROL,36,5,"7,2"
2016,"COULIBALY, NAIGNOUMA",SPAR CITYLIFT GIRONA,32,5,"6,4"
2016,"GOMES COLHADO, NADIA",IDK GIPUZKOA,18,3,6
2016,"SPANOU, ARTEMIS",SPAR CITYLIFT GIRONA,29,5,"5,8"
2016,"BARBEE, SHACOBIA SHAUNTE",STAR CENTER-UNI FERROL,26,5,"5,2"
2016,"DE SOUZA MACHADO, ERIKA CRISTINA",PERFUMERIAS AVENIDA,24,5,"4,8"
2016,"IBEKWE, IFUNANYA DEBBIE",SPAR CITYLIFT GIRONA,19,4,"4,75"
2016,"SANCHEZ MARRUFO, BEATRIZ",STAR CENTER-UNI FERROL,23,5,"4,6"
2016,"LIÑEIRA, MARIA CECILIA",LACTURALE ARASKI,18,4,"4,5"
2016,"LLORENTE, VICTORIA",LOINTEK GERNIKA BIZKAIA,8,2,4
2016,"PETERS, HALEY MCCLOSKEY",SPAR CITYLIFT GIRONA,19,5,"3,8"
2016,"ALMINAITE, KRISITINA",SPAR CITYLIFT GIRONA,7,2,"3,5"
2016,"TUDANCA ACEDO, MARTA",LACTURALE ARASKI,14,4,"3,5"
2016,"SARR, OUMOUL KHAIRY",IDK GIPUZKOA,10,3,"3,33"
2016,"VEGA REBORA, GISELA VERONICA",LACTURALE ARASKI,13,4,"3,25"
2016,"MILOVANOVIC, JELENA",PERFUMERIAS AVENIDA,16,5,"3,2"
2016,"BEARD, ALANA MONIQUE",PERFUMERIAS AVENIDA,16,5,"3,2"
2016,"SILVA SERRANO , ROSELIS CAROLINA",LACTURALE ARASKI,12,4,3
2016,"GIL COLLADO, LAURA",PERFUMERIAS AVENIDA,15,5,3
2016,"OMA GIRALT, HELENA",SPAR CITYLIFT GIRONA,10,4,"2,5"
2016,"FERRARI CALABRO, PAOLA ANDREA",IDK GIPUZKOA,5,2,"2,5"
2016,"IPARRAGUIRRE ALUSTIZA, SARA",IDK GIPUZKOA,5,2,"2,5"
2016,"ARMSTRONG, ANNE MARIE",LOINTEK GERNIKA BIZKAIA,5,2,"2,5"
2016,"SUAREZ UTRERO, ANA MARIA",STAR CENTER-UNI FERROL,12,5,"2,4"
2016,"PARDO HERVIAS, LAURA",LACTURALE ARASKI,9,4,"2,25"
2016,"ELONU, ADAORA NNENNA",PERFUMERIAS AVENIDA,10,5,2
2016,"GONZALEZ DUARTE , LARA",IDK GIPUZKOA,4,2,2
2016,"MOKANGO, CHANEL MODIRI",LOINTEK GERNIKA BIZKAIA,18,2,9
2016,"BULGAK, ADUT ATEM",IDK GIPUZKOA,23,3,"7,67"
2016,"PINA TOLOSA, MARIA",LOINTEK GERNIKA BIZKAIA,15,2,"7,5"
2016,"PEREZ ARAUJO, MARIA",STAR CENTER-UNI FERROL,36,5,"7,2"
2016,"COULIBALY, NAIGNOUMA",SPAR CITYLIFT GIRONA,32,5,"6,4"
2016,"GOMES COLHADO, NADIA",IDK GIPUZKOA,18,3,6
2016,"SPANOU, ARTEMIS",SPAR CITYLIFT GIRONA,29,5,"5,8"
2016,"BARBEE, SHACOBIA SHAUNTE",STAR CENTER-UNI FERROL,26,5,"5,2"
2016,"DE SOUZA MACHADO, ERIKA CRISTINA",PERFUMERIAS AVENIDA,24,5,"4,8"
2016,"IBEKWE, IFUNANYA DEBBIE",SPAR CITYLIFT GIRONA,19,4,"4,75"
2016,"SANCHEZ MARRUFO, BEATRIZ",STAR CENTER-UNI FERROL,23,5,"4,6"
2016,"LIÑEIRA, MARIA CECILIA",LACTURALE ARASKI,18,4,"4,5"
2016,"LLORENTE, VICTORIA",LOINTEK GERNIKA BIZKAIA,8,2,4
2016,"PETERS, HALEY MCCLOSKEY",SPAR CITYLIFT GIRONA,19,5,"3,8"
2016,"ALMINAITE, KRISITINA",SPAR CITYLIFT GIRONA,7,2,"3,5"
2016,"TUDANCA ACEDO, MARTA",LACTURALE ARASKI,14,4,"3,5"
2016,"SARR, OUMOUL KHAIRY",IDK GIPUZKOA,10,3,"3,33"
2016,"VEGA REBORA, GISELA VERONICA",LACTURALE ARASKI,13,4,"3,25"
2016,"MILOVANOVIC, JELENA",PERFUMERIAS AVENIDA,16,5,"3,2"
2016,"BEARD, ALANA MONIQUE",PERFUMERIAS AVENIDA,16,5,"3,2"
2016,"SILVA SERRANO , ROSELIS CAROLINA",LACTURALE ARASKI,12,4,3
2016,"GIL COLLADO, LAURA",PERFUMERIAS AVENIDA,15,5,3
2016,"OMA GIRALT, HELENA",SPAR CITYLIFT GIRONA,10,4,"2,5"
2016,"FERRARI CALABRO, PAOLA ANDREA",IDK GIPUZKOA,5,2,"2,5"
2016,"IPARRAGUIRRE ALUSTIZA, SARA",IDK GIPUZKOA,5,2,"2,5"
2016,"ARMSTRONG, ANNE MARIE",LOINTEK GERNIKA BIZKAIA,5,2,"2,5"
2016,"SUAREZ UTRERO, ANA MARIA",STAR CENTER-UNI FERROL,12,5,"2,4"
2016,"PARDO HERVIAS, LAURA",LACTURALE ARASKI,9,4,"2,25"
2016,"ELONU, ADAORA NNENNA",PERFUMERIAS AVENIDA,10,5,2
2016,"GONZALEZ DUARTE , LARA",IDK GIPUZKOA,4,2,2
2015,"IBEKWE, IFUNANYA DEBBIE",SPAR CITYLIFT GIRONA,15,2,"7,5"
2015,"ELONU, ADAORA NNENNA",C.B. CONQUERO HUELVA WAGEN,15,2,"7,5"
2015,"COULIBALY, NAIGNOUMA",SPAR CITYLIFT GIRONA,33,5,"6,6"
2015,"SPANOU, ARTEMIS",SPAR CITYLIFT GIRONA,26,5,"5,2"
2015,"NDOUR, ASTOU BARRO",PERFUMERIAS AVENIDA,22,5,"4,4"
2015,"DE SA CASTRO NEVES, CATARINA",C.B. CONQUERO HUELVA WAGEN,8,2,4
2015,"PASCUA SUAREZ, MARÍA LUCILA",MANN-FILTER,8,2,4
2015,"PETERS, HALEY MCCLOSKEY",C.B. CONQUERO HUELVA WAGEN,8,2,4
2015,"LIEPKALNE, DITA",MANN-FILTER,8,2,4
2015,"KOBRYN , EWELINA KATARZYNA",PERFUMERIAS AVENIDA,20,5,4
2015,"GIVENS , KRISI TIJANA",SPAR CITYLIFT GIRONA,18,5,"3,6"
2015,"TRAORE, AYA",C.B. CONQUERO HUELVA WAGEN,6,2,3
2015,"CALDWELL , TALIA ADAIAH",C.B. CONQUERO HUELVA WAGEN,3,1,3
2015,"GIDDEN, VANESSA NICOLE",PERFUMERIAS AVENIDA,9,3,3
2015,"BEARD, ALANA MONIQUE",PERFUMERIAS AVENIDA,15,5,3
2015,"KNEZEVIC, ADRIJANA",SPAR CITYLIFT GIRONA,14,5,"2,8"
2015,"JORDANA BOFILL, NOEMI",SPAR CITYLIFT GIRONA,13,5,"2,6"
2015,"RODRIGUEZ MANSO, LEONOR DEL PILAR",PERFUMERIAS AVENIDA,13,5,"2,6"
2015,"BUCH ROSELL, ROSO",C.B. CONQUERO HUELVA WAGEN,5,2,"2,5"
2015,"FERRARI CALABRO, PAOLA ANDREA",MANN-FILTER,5,2,"2,5"
2015,"ZLATANOVA, JAKLIN",MANN-FILTER,5,2,"2,5"
2015,"GEMELOS, JACQUELINE ANN",PERFUMERIAS AVENIDA,10,5,2
2015,"OCETE CASTILLO, GABRIELA",MANN-FILTER,4,2,2
2015,"ASURMENDI VILLAVERDE, MARIA DEL CARMEN",PERFUMERIAS AVENIDA,9,5,"1,8"
2015,"LUCAS , ITALEE MALINA",SPAR CITYLIFT GIRONA,8,5,"1,6"
2015,"VITOLA, KRISTINE",PERFUMERIAS AVENIDA,6,4,"1,5"
2015,"MARGINEAN , GABRIELA",PERFUMERIAS AVENIDA,6,5,"1,2"
2015,"ESPARCIA OMEDAS, CAROLINA",MANN-FILTER,2,2,1
2015,"CALVO DIAZ, ANA BEGOÑA",MANN-FILTER,2,2,1
2015,"KUKTIENE, VITA",SPAR CITYLIFT GIRONA,5,5,1
2015,"IBEKWE, IFUNANYA DEBBIE",SPAR CITYLIFT GIRONA,15,2,"7,5"
2015,"ELONU, ADAORA NNENNA",C.B. CONQUERO HUELVA WAGEN,15,2,"7,5"
2015,"COULIBALY, NAIGNOUMA",SPAR CITYLIFT GIRONA,33,5,"6,6"
2015,"SPANOU, ARTEMIS",SPAR CITYLIFT GIRONA,26,5,"5,2"
2015,"NDOUR, ASTOU BARRO",PERFUMERIAS AVENIDA,22,5,"4,4"
2015,"DE SA CASTRO NEVES, CATARINA",C.B. CONQUERO HUELVA WAGEN,8,2,4
2015,"PASCUA SUAREZ, MARÍA LUCILA",MANN-FILTER,8,2,4
2015,"PETERS, HALEY MCCLOSKEY",C.B. CONQUERO HUELVA WAGEN,8,2,4
2015,"LIEPKALNE, DITA",MANN-FILTER,8,2,4
2015,"KOBRYN , EWELINA KATARZYNA",PERFUMERIAS AVENIDA,20,5,4
2015,"GIVENS , KRISI TIJANA",SPAR CITYLIFT GIRONA,18,5,"3,6"
2015,"TRAORE, AYA",C.B. CONQUERO HUELVA WAGEN,6,2,3
2015,"CALDWELL , TALIA ADAIAH",C.B. CONQUERO HUELVA WAGEN,3,1,3
2015,"GIDDEN, VANESSA NICOLE",PERFUMERIAS AVENIDA,9,3,3
2015,"BEARD, ALANA MONIQUE",PERFUMERIAS AVENIDA,15,5,3
2015,"KNEZEVIC, ADRIJANA",SPAR CITYLIFT GIRONA,14,5,"2,8"
2015,"JORDANA BOFILL, NOEMI",SPAR CITYLIFT GIRONA,13,5,"2,6"
2015,"RODRIGUEZ MANSO, LEONOR DEL PILAR",PERFUMERIAS AVENIDA,13,5,"2,6"
2015,"BUCH ROSELL, ROSO",C.B. CONQUERO HUELVA WAGEN,5,2,"2,5"
2015,"FERRARI CALABRO, PAOLA ANDREA",MANN-FILTER,5,2,"2,5"
2015,"ZLATANOVA, JAKLIN",MANN-FILTER,5,2,"2,5"
2015,"GEMELOS, JACQUELINE ANN",PERFUMERIAS AVENIDA,10,5,2
2015,"OCETE CASTILLO, GABRIELA",MANN-FILTER,4,2,2
2015,"ASURMENDI VILLAVERDE, MARIA DEL CARMEN",PERFUMERIAS AVENIDA,9,5,"1,8"
2015,"LUCAS , ITALEE MALINA",SPAR CITYLIFT GIRONA,8,5,"1,6"
2015,"VITOLA, KRISTINE",PERFUMERIAS AVENIDA,6,4,"1,5"
2015,"MARGINEAN , GABRIELA",PERFUMERIAS AVENIDA,6,5,"1,2"
2015,"ESPARCIA OMEDAS, CAROLINA",MANN-FILTER,2,2,1
2015,"CALVO DIAZ, ANA BEGOÑA",MANN-FILTER,2,2,1
2015,"KUKTIENE, VITA",SPAR CITYLIFT GIRONA,5,5,1
2014,"IBEKWE, IFUNANYA DEBBIE",SPAR CITYLIFT GIRONA,35,4,"8,75"
2014,"ROBINSON, ANGELICA DANIELLE",PERFUMERIAS AVENIDA,35,5,7
2014,"GIDDEN, VANESSA NICOLE",SPAR CITYLIFT GIRONA,23,4,"5,75"
2014,"PARHAM, AJA DANIELLE",C.B. CONQUERO HUELVA WAGEN,10,2,5
2014,"ASURMENDI VILLAVERDE, MARIA DEL CARMEN",C.B. CONQUERO HUELVA WAGEN,8,2,4
2014,"REZAN, MARIJA",PERFUMERIAS AVENIDA,20,5,4
2014,"XARGAY CASADEMONT, MARTA",PERFUMERIAS AVENIDA,19,5,"3,8"
2014,"HIND, BEN ABDELKADER",CADI LA SEU,11,3,"3,67"
2014,"GIL COLLADO, LAURA",CADI LA SEU,11,3,"3,67"
2014,"ELONU, ADAORA NNENNA",C.B. CONQUERO HUELVA WAGEN,7,2,"3,5"
2014,"PEREZ TORRES, TANIA",CADI LA SEU,10,3,"3,33"
2014,"CHAMBERS, BRITTANY MARIE",SPAR CITYLIFT GIRONA,12,4,3
2014,"MADU, NDIDI AWELE",CADI LA SEU,9,3,3
2014,"JORDANA BOFILL, NOEMI",SPAR CITYLIFT GIRONA,11,4,"2,75"
2014,"FERRARI CALABRO, PAOLA ANDREA",PERFUMERIAS AVENIDA,13,5,"2,6"
2014,"DAVIS , CHELSEA MARIA",C.B. CONQUERO HUELVA WAGEN,5,2,"2,5"
2014,"DE KLEIJN, MARLOU",CADI LA SEU,6,3,2
2014,"MONTAÑANA GIMENO, ANNA",PERFUMERIAS AVENIDA,2,1,2
2014,"PINA TOLOSA, MARIA",C.B. CONQUERO HUELVA WAGEN,4,2,2
2014,"ORTIZ VIVES, MARIONA",PERFUMERIAS AVENIDA,10,5,2
2014,"PASCUA SUAREZ, MARÍA LUCILA",C.B. CONQUERO HUELVA WAGEN,4,2,2
2014,"KUKTIENE, VITA",SPAR CITYLIFT GIRONA,7,4,"1,75"
2014,"RODRIGUEZ MANSO, LEONOR DEL PILAR",PERFUMERIAS AVENIDA,8,5,"1,6"
2014,"STANACEV , ALEKSANDRA",C.B. CONQUERO HUELVA WAGEN,3,2,"1,5"
2014,"GERMAN VELASCO, ICIAR",C.B. CONQUERO HUELVA WAGEN,3,2,"1,5"
2014,"FERNANDEZ FARRES, MARTA",PERFUMERIAS AVENIDA,7,5,"1,4"
2014,"BAHI BLANQUERA, GEORGINA",CADI LA SEU,4,3,"1,33"
2014,"BLE, DOUKOLE VANESSA",PERFUMERIAS AVENIDA,6,5,"1,2"
2014,"SOLER SUAREZ, PATRICIA",C.B. CONQUERO HUELVA WAGEN,1,1,1
2014,"FREIXANET VIEJO, JAEL",SPAR CITYLIFT GIRONA,3,4,"0,75"
2014,"IBEKWE, IFUNANYA DEBBIE",SPAR CITYLIFT GIRONA,35,4,"8,75"
2014,"ROBINSON, ANGELICA DANIELLE",PERFUMERIAS AVENIDA,35,5,7
2014,"GIDDEN, VANESSA NICOLE",SPAR CITYLIFT GIRONA,23,4,"5,75"
2014,"PARHAM, AJA DANIELLE",C.B. CONQUERO HUELVA WAGEN,10,2,5
2014,"ASURMENDI VILLAVERDE, MARIA DEL CARMEN",C.B. CONQUERO HUELVA WAGEN,8,2,4
2014,"REZAN, MARIJA",PERFUMERIAS AVENIDA,20,5,4
2014,"XARGAY CASADEMONT, MARTA",PERFUMERIAS AVENIDA,19,5,"3,8"
2014,"HIND, BEN ABDELKADER",CADI LA SEU,11,3,"3,67"
2014,"GIL COLLADO, LAURA",CADI LA SEU,11,3,"3,67"
2014,"ELONU, ADAORA NNENNA",C.B. CONQUERO HUELVA WAGEN,7,2,"3,5"
2014,"PEREZ TORRES, TANIA",CADI LA SEU,10,3,"3,33"
2014,"CHAMBERS, BRITTANY MARIE",SPAR CITYLIFT GIRONA,12,4,3
2014,"MADU, NDIDI AWELE",CADI LA SEU,9,3,3
2014,"JORDANA BOFILL, NOEMI",SPAR CITYLIFT GIRONA,11,4,"2,75"
2014,"FERRARI CALABRO, PAOLA ANDREA",PERFUMERIAS AVENIDA,13,5,"2,6"
2014,"DAVIS , CHELSEA MARIA",C.B. CONQUERO HUELVA WAGEN,5,2,"2,5"
2014,"DE KLEIJN, MARLOU",CADI LA SEU,6,3,2
2014,"MONTAÑANA GIMENO, ANNA",PERFUMERIAS AVENIDA,2,1,2
2014,"PINA TOLOSA, MARIA",C.B. CONQUERO HUELVA WAGEN,4,2,2
2014,"ORTIZ VIVES, MARIONA",PERFUMERIAS AVENIDA,10,5,2
2014,"PASCUA SUAREZ, MARÍA LUCILA",C.B. CONQUERO HUELVA WAGEN,4,2,2
2014,"KUKTIENE, VITA",SPAR CITYLIFT GIRONA,7,4,"1,75"
2014,"RODRIGUEZ MANSO, LEONOR DEL PILAR",PERFUMERIAS AVENIDA,8,5,"1,6"
2014,"STANACEV , ALEKSANDRA",C.B. CONQUERO HUELVA WAGEN,3,2,"1,5"
2014,"GERMAN VELASCO, ICIAR",C.B. CONQUERO HUELVA WAGEN,3,2,"1,5"
2014,"FERNANDEZ FARRES, MARTA",PERFUMERIAS AVENIDA,7,5,"1,4"
2014,"BAHI BLANQUERA, GEORGINA",CADI LA SEU,4,3,"1,33"
2014,"BLE, DOUKOLE VANESSA",PERFUMERIAS AVENIDA,6,5,"1,2"
2014,"SOLER SUAREZ, PATRICIA",C.B. CONQUERO HUELVA WAGEN,1,1,1
2014,"FREIXANET VIEJO, JAEL",SPAR CITYLIFT GIRONA,3,4,"0,75"
2013,"ROBINSON, ANGELICA DANIELLE",PERFUMERIAS AVENIDA,42,5,"8,4"
2013,"NDOUR, ASTOU BARRO",GRAN CANARIA 2014,25,3,"8,33"
2013,"MURPHY, ESHAYA MARIE",PERFUMERIAS AVENIDA,37,5,"7,4"
2013,"NICHOLLS GONZALEZ, LAURA",RIVAS ECOPOLIS,33,5,"6,6"
2013,"GOMEZ IGUAL, ANNA",EMBUTIDOS PAJARIEL BEMBIBRE PDM,19,3,"6,33"
2013,"MONTENEGRO SANTANA, RITA ESTHER",EMBUTIDOS PAJARIEL BEMBIBRE PDM,17,3,"5,67"
2013,"REZAN, MARIJA",PERFUMERIAS AVENIDA,23,5,"4,6"
2013,"DIAZ CASTELLANO, YURENA",GRAN CANARIA 2014,12,3,4
2013,"ELDEBRINK, FRIDA",RIVAS ECOPOLIS,19,5,"3,8"
2013,"XARGAY CASADEMONT, MARTA",PERFUMERIAS AVENIDA,18,5,"3,6"
2013,"CHAMBERS, BRITTANY MARIE",GRAN CANARIA 2014,10,3,"3,33"
2013,"HALVARSSON , LOUICE",RIVAS ECOPOLIS,15,5,3
2013,"ALLISON, RACHEL LINDSAY",RIVAS ECOPOLIS,15,5,3
2013,"BERMEJO MORENO, CLARA SUSANA",RIVAS ECOPOLIS,14,5,"2,8"
2013,"DENNETT, MELISSA LOUISE",EMBUTIDOS PAJARIEL BEMBIBRE PDM,8,3,"2,67"
2013,"DAVIS , CHELSEA MARIA",GRAN CANARIA 2014,8,3,"2,67"
2013,"THOMAS, KRYSTAL VICTORIA",PERFUMERIAS AVENIDA,13,5,"2,6"
2013,"LIEPKALNE, DITA",EMBUTIDOS PAJARIEL BEMBIBRE PDM,7,3,"2,33"
2013,"BUCH ROSELL, ROSO",EMBUTIDOS PAJARIEL BEMBIBRE PDM,6,3,2
2013,"CISSE, MARIEME",GRAN CANARIA 2014,2,1,2
2013,"NDOYE, BINETA",GRAN CANARIA 2014,6,3,2
2013,"OCETE CASTILLO, GABRIELA",RIVAS ECOPOLIS,10,5,2
2013,"MONGOMO CARVALLO, MARIA CONCEPCIÓN",GRAN CANARIA 2014,5,3,"1,67"
2013,"HASSELL, JASMINE",RIVAS ECOPOLIS,8,5,"1,6"
2013,"RODRIGUEZ MANSO, LEONOR DEL PILAR",PERFUMERIAS AVENIDA,7,5,"1,4"
2013,"FERNANDEZ FARRES, MARTA",PERFUMERIAS AVENIDA,7,5,"1,4"
2013,"O'REILLY, ORLA",EMBUTIDOS PAJARIEL BEMBIBRE PDM,4,3,"1,33"
2013,"QUEVEDO CAÑIZARES, LAURA",RIVAS ECOPOLIS,1,1,1
2013,"CABRERA ARGUELLO, PATRICIA",GRAN CANARIA 2014,3,3,1
2013,"MUHATE PEÑA, CECILIA",RIVAS ECOPOLIS,1,1,1
2013,"ROBINSON, ANGELICA DANIELLE",PERFUMERIAS AVENIDA,42,5,"8,4"
2013,"NDOUR, ASTOU BARRO",GRAN CANARIA 2014,25,3,"8,33"
2013,"MURPHY, ESHAYA MARIE",PERFUMERIAS AVENIDA,37,5,"7,4"
2013,"NICHOLLS GONZALEZ, LAURA",RIVAS ECOPOLIS,33,5,"6,6"
2013,"GOMEZ IGUAL, ANNA",EMBUTIDOS PAJARIEL BEMBIBRE PDM,19,3,"6,33"
2013,"MONTENEGRO SANTANA, RITA ESTHER",EMBUTIDOS PAJARIEL BEMBIBRE PDM,17,3,"5,67"
2013,"REZAN, MARIJA",PERFUMERIAS AVENIDA,23,5,"4,6"
2013,"DIAZ CASTELLANO, YURENA",GRAN CANARIA 2014,12,3,4
2013,"ELDEBRINK, FRIDA",RIVAS ECOPOLIS,19,5,"3,8"
2013,"XARGAY CASADEMONT, MARTA",PERFUMERIAS AVENIDA,18,5,"3,6"
2013,"CHAMBERS, BRITTANY MARIE",GRAN CANARIA 2014,10,3,"3,33"
2013,"HALVARSSON , LOUICE",RIVAS ECOPOLIS,15,5,3
2013,"ALLISON, RACHEL LINDSAY",RIVAS ECOPOLIS,15,5,3
2013,"BERMEJO MORENO, CLARA SUSANA",RIVAS ECOPOLIS,14,5,"2,8"
2013,"DENNETT, MELISSA LOUISE",EMBUTIDOS PAJARIEL BEMBIBRE PDM,8,3,"2,67"
2013,"DAVIS , CHELSEA MARIA",GRAN CANARIA 2014,8,3,"2,67"
2013,"THOMAS, KRYSTAL VICTORIA",PERFUMERIAS AVENIDA,13,5,"2,6"
2013,"LIEPKALNE, DITA",EMBUTIDOS PAJARIEL BEMBIBRE PDM,7,3,"2,33"
2013,"BUCH ROSELL, ROSO",EMBUTIDOS PAJARIEL BEMBIBRE PDM,6,3,2
2013,"CISSE, MARIEME",GRAN CANARIA 2014,2,1,2
2013,"NDOYE, BINETA",GRAN CANARIA 2014,6,3,2
2013,"OCETE CASTILLO, GABRIELA",RIVAS ECOPOLIS,10,5,2
2013,"MONGOMO CARVALLO, MARIA CONCEPCIÓN",GRAN CANARIA 2014,5,3,"1,67"
2013,"HASSELL, JASMINE",RIVAS ECOPOLIS,8,5,"1,6"
2013,"RODRIGUEZ MANSO, LEONOR DEL PILAR",PERFUMERIAS AVENIDA,7,5,"1,4"
2013,"FERNANDEZ FARRES, MARTA",PERFUMERIAS AVENIDA,7,5,"1,4"
2013,"O'REILLY, ORLA",EMBUTIDOS PAJARIEL BEMBIBRE PDM,4,3,"1,33"
2013,"QUEVEDO CAÑIZARES, LAURA",RIVAS ECOPOLIS,1,1,1
2013,"CABRERA ARGUELLO, PATRICIA",GRAN CANARIA 2014,3,3,1
2013,"MUHATE PEÑA, CECILIA",RIVAS ECOPOLIS,1,1,1
2012,"COVINGTON, ARHONDA",CADI - ICG SOFTWARE,31,4,"7,75"
2012,"MONROE, JACINTA LISETTE",SPAR UNIGIRONA,32,5,"6,4"
2012,"CHUMILLAS PERIS, BERTA",BEROIL - CIUDAD DE BURGOS,12,2,6
2012,"CURRIE , MONIQUE PAULETTE",PERFUMERIAS AVENIDA,23,4,"5,75"
2012,"HENRY, ANEIKA ANNA-KAY",RIVAS ECOPOLIS,22,4,"5,5"
2012,"WILLINGHAM, LE`COE LOUISE",PERFUMERIAS AVENIDA,20,4,5
2012,"ALLISON, RACHEL LINDSAY",BEROIL - CIUDAD DE BURGOS,5,1,5
2012,"TRAORE, ASTOU",CADI - ICG SOFTWARE,19,4,"4,75"
2012,"GIL COLLADO, LAURA",BEROIL - CIUDAD DE BURGOS,8,2,4
2012,"XARGAY CASADEMONT, MARTA",PERFUMERIAS AVENIDA,15,4,"3,75"
2012,"ARGÜELLO CUENCA, PATRICIA",UNB OBENASA,11,3,"3,67"
2012,"HERRERA BOXO, LAURA",UNB OBENASA,11,3,"3,67"
2012,"CRUZ LEBRATO, ANNA",RIVAS ECOPOLIS,14,4,"3,5"
2012,"PASCUA SUAREZ, MARÍA LUCILA",PERFUMERIAS AVENIDA,14,4,"3,5"
2012,"BERMEJO MORENO, CLARA SUSANA",RIVAS ECOPOLIS,14,4,"3,5"
2012,"FEASTER, ALISON",SPAR UNIGIRONA,13,4,"3,25"
2012,"GOMEZ IGUAL, ANNA",BEROIL - CIUDAD DE BURGOS,6,2,3
2012,"CUEVAS MEDIAVILLA, AITANA",BEROIL - CIUDAD DE BURGOS,6,2,3
2012,"REVUELTO SÁNCHEZ-AGUILERA, MARIA",UNB OBENASA,9,3,3
2012,"SARR, OUMOUL KHAIRY",SPAR UNIGIRONA,14,5,"2,8"
2012,"JORDANA BOFILL, NOEMI",SPAR UNIGIRONA,14,5,"2,8"
2012,"PARHAM, AJA DANIELLE",CADI - ICG SOFTWARE,11,4,"2,75"
2012,"MORRISON JARA, ZIOMARA ESKET",RIVAS ECOPOLIS,11,4,"2,75"
2012,"CARBO COLOMA, ANNA",SPAR UNIGIRONA,13,5,"2,6"
2012,"BRAVARD , CIERRA  NICHOLE",SPAR UNIGIRONA,13,5,"2,6"
2012,"SOTIRIOU , AIKATERINA",UNB OBENASA,7,3,"2,33"
2012,"BARTONOVA , KATERINA",CADI - ICG SOFTWARE,9,4,"2,25"
2012,"GARCIA TORRES, CRISTINA",CADI - ICG SOFTWARE,9,4,"2,25"
2012,"NICHOLLS GONZALEZ, LAURA",RIVAS ECOPOLIS,9,4,"2,25"
2012,"ASURMENDI VILLAVERDE, MARIA DEL CARMEN",UNB OBENASA,6,3,2
2012,"COVINGTON, ARHONDA",CADI - ICG SOFTWARE,31,4,"7,75"
2012,"MONROE, JACINTA LISETTE",SPAR UNIGIRONA,32,5,"6,4"
2012,"CHUMILLAS PERIS, BERTA",BEROIL - CIUDAD DE BURGOS,12,2,6
2012,"CURRIE , MONIQUE PAULETTE",PERFUMERIAS AVENIDA,23,4,"5,75"
2012,"HENRY, ANEIKA ANNA-KAY",RIVAS ECOPOLIS,22,4,"5,5"
2012,"WILLINGHAM, LE`COE LOUISE",PERFUMERIAS AVENIDA,20,4,5
2012,"ALLISON, RACHEL LINDSAY",BEROIL - CIUDAD DE BURGOS,5,1,5
2012,"TRAORE, ASTOU",CADI - ICG SOFTWARE,19,4,"4,75"
2012,"GIL COLLADO, LAURA",BEROIL - CIUDAD DE BURGOS,8,2,4
2012,"XARGAY CASADEMONT, MARTA",PERFUMERIAS AVENIDA,15,4,"3,75"
2012,"ARGÜELLO CUENCA, PATRICIA",UNB OBENASA,11,3,"3,67"
2012,"HERRERA BOXO, LAURA",UNB OBENASA,11,3,"3,67"
2012,"CRUZ LEBRATO, ANNA",RIVAS ECOPOLIS,14,4,"3,5"
2012,"PASCUA SUAREZ, MARÍA LUCILA",PERFUMERIAS AVENIDA,14,4,"3,5"
2012,"BERMEJO MORENO, CLARA SUSANA",RIVAS ECOPOLIS,14,4,"3,5"
2012,"FEASTER, ALISON",SPAR UNIGIRONA,13,4,"3,25"
2012,"GOMEZ IGUAL, ANNA",BEROIL - CIUDAD DE BURGOS,6,2,3
2012,"CUEVAS MEDIAVILLA, AITANA",BEROIL - CIUDAD DE BURGOS,6,2,3
2012,"REVUELTO SÁNCHEZ-AGUILERA, MARIA",UNB OBENASA,9,3,3
2012,"SARR, OUMOUL KHAIRY",SPAR UNIGIRONA,14,5,"2,8"
2012,"JORDANA BOFILL, NOEMI",SPAR UNIGIRONA,14,5,"2,8"
2012,"PARHAM, AJA DANIELLE",CADI - ICG SOFTWARE,11,4,"2,75"
2012,"MORRISON JARA, ZIOMARA ESKET",RIVAS ECOPOLIS,11,4,"2,75"
2012,"CARBO COLOMA, ANNA",SPAR UNIGIRONA,13,5,"2,6"
2012,"BRAVARD , CIERRA  NICHOLE",SPAR UNIGIRONA,13,5,"2,6"
2012,"SOTIRIOU , AIKATERINA",UNB OBENASA,7,3,"2,33"
2012,"BARTONOVA , KATERINA",CADI - ICG SOFTWARE,9,4,"2,25"
2012,"GARCIA TORRES, CRISTINA",CADI - ICG SOFTWARE,9,4,"2,25"
2012,"NICHOLLS GONZALEZ, LAURA",RIVAS ECOPOLIS,9,4,"2,25"
2012,"ASURMENDI VILLAVERDE, MARIA DEL CARMEN",UNB OBENASA,6,3,2
2011,"DE SOUZA MACHADO, ERIKA CRISTINA",PERFUMERIAS AVENIDA,36,4,9
2011,"ROBINSON, ANGELICA DANIELLE",GIRONA FC,15,2,"7,5"
2011,"WAUTERS, ANN",CIUDAD ROS CASARES VALENCIA,25,4,"6,25"
2011,"NICHOLLS GONZALEZ, LAURA",RIVAS ECOPOLIS,11,2,"5,5"
2011,"SARR, OUMOUL KHAIRY",GIRONA FC,9,2,"4,5"
2011,"CRUZ LEBRATO, ANNA",RIVAS ECOPOLIS,9,2,"4,5"
2011,"LYTTLE LYTTLE, SANCHO TRACY CONSTANCE",CIUDAD ROS CASARES VALENCIA,17,4,"4,25"
2011,"JACKSON, LAUREN",CIUDAD ROS CASARES VALENCIA,17,4,"4,25"
2011,"BONNER, DEWANNA TENISE",PERFUMERIAS AVENIDA,16,4,4
2011,"JONES, ASJHA",RIVAS ECOPOLIS,8,2,4
2011,"KRIVACEVIC, TIJANA",RIVAS ECOPOLIS,3,1,3
2011,"JORDANA BOFILL, NOEMI",GIRONA FC,6,2,3
2011,"XARGAY CASADEMONT, MARTA",PERFUMERIAS AVENIDA,12,4,3
2011,"PIRSIC, SANDRA",RIVAS ECOPOLIS,5,2,"2,5"
2011,"CARSON, ESSENCE",RIVAS ECOPOLIS,5,2,"2,5"
2011,"PALAU ALTES, LAIA",CIUDAD ROS CASARES VALENCIA,9,4,"2,25"
2011,"YACOUBOU, ISABELLE",CIUDAD ROS CASARES VALENCIA,9,4,"2,25"
2011,"VAJDA, ANNA",PERFUMERIAS AVENIDA,9,4,"2,25"
2011,"MURPHY, ESHAYA MARIE",CIUDAD ROS CASARES VALENCIA,8,4,2
2011,"MOORE, MAYA APRIL",CIUDAD ROS CASARES VALENCIA,6,3,2
2011,"THORBURN, SHONA LOUISE",GIRONA FC,4,2,2
2011,"ANTOJA ROVIRA, LAURA",PERFUMERIAS AVENIDA,7,4,"1,75"
2011,"DOMINGUEZ FERNANDEZ, SILVIA",CIUDAD ROS CASARES VALENCIA,7,4,"1,75"
2011,"KORSTINE, ILONA",PERFUMERIAS AVENIDA,6,4,"1,5"
2011,"BOU LLOVERAS, EVA",GIRONA FC,3,2,"1,5"
2011,"VEGA REBORA, GISELA VERONICA",GIRONA FC,3,2,"1,5"
2011,"BAHI BLANQUERA, GEORGINA",GIRONA FC,3,2,"1,5"
2011,"PASCUA SUAREZ, MARÍA LUCILA",PERFUMERIAS AVENIDA,4,3,"1,33"
2011,"VESELA, JANA",CIUDAD ROS CASARES VALENCIA,4,3,"1,33"
2011,"SANCHEZ FERNANDEZ, ISABEL",PERFUMERIAS AVENIDA,5,4,"1,25"
2011,"DE SOUZA MACHADO, ERIKA CRISTINA",PERFUMERIAS AVENIDA,36,4,9
2011,"ROBINSON, ANGELICA DANIELLE",GIRONA FC,15,2,"7,5"
2011,"WAUTERS, ANN",CIUDAD ROS CASARES VALENCIA,25,4,"6,25"
2011,"NICHOLLS GONZALEZ, LAURA",RIVAS ECOPOLIS,11,2,"5,5"
2011,"SARR, OUMOUL KHAIRY",GIRONA FC,9,2,"4,5"
2011,"CRUZ LEBRATO, ANNA",RIVAS ECOPOLIS,9,2,"4,5"
2011,"LYTTLE LYTTLE, SANCHO TRACY CONSTANCE",CIUDAD ROS CASARES VALENCIA,17,4,"4,25"
2011,"JACKSON, LAUREN",CIUDAD ROS CASARES VALENCIA,17,4,"4,25"
2011,"BONNER, DEWANNA TENISE",PERFUMERIAS AVENIDA,16,4,4
2011,"JONES, ASJHA",RIVAS ECOPOLIS,8,2,4
2011,"KRIVACEVIC, TIJANA",RIVAS ECOPOLIS,3,1,3
2011,"JORDANA BOFILL, NOEMI",GIRONA FC,6,2,3
2011,"XARGAY CASADEMONT, MARTA",PERFUMERIAS AVENIDA,12,4,3
2011,"PIRSIC, SANDRA",RIVAS ECOPOLIS,5,2,"2,5"
2011,"CARSON, ESSENCE",RIVAS ECOPOLIS,5,2,"2,5"
2011,"PALAU ALTES, LAIA",CIUDAD ROS CASARES VALENCIA,9,4,"2,25"
2011,"YACOUBOU, ISABELLE",CIUDAD ROS CASARES VALENCIA,9,4,"2,25"
2011,"VAJDA, ANNA",PERFUMERIAS AVENIDA,9,4,"2,25"
2011,"MURPHY, ESHAYA MARIE",CIUDAD ROS CASARES VALENCIA,8,4,2
2011,"MOORE, MAYA APRIL",CIUDAD ROS CASARES VALENCIA,6,3,2
2011,"THORBURN, SHONA LOUISE",GIRONA FC,4,2,2
2011,"ANTOJA ROVIRA, LAURA",PERFUMERIAS AVENIDA,7,4,"1,75"
2011,"DOMINGUEZ FERNANDEZ, SILVIA",CIUDAD ROS CASARES VALENCIA,7,4,"1,75"
2011,"KORSTINE, ILONA",PERFUMERIAS AVENIDA,6,4,"1,5"
2011,"BOU LLOVERAS, EVA",GIRONA FC,3,2,"1,5"
2011,"VEGA REBORA, GISELA VERONICA",GIRONA FC,3,2,"1,5"
2011,"BAHI BLANQUERA, GEORGINA",GIRONA FC,3,2,"1,5"
2011,"PASCUA SUAREZ, MARÍA LUCILA",PERFUMERIAS AVENIDA,4,3,"1,33"
2011,"VESELA, JANA",CIUDAD ROS CASARES VALENCIA,4,3,"1,33"
2011,"SANCHEZ FERNANDEZ, ISABEL",PERFUMERIAS AVENIDA,5,4,"1,25"
2010,"BONNER, DEWANNA TENISE",RIVAS ECOPOLIS,15,2,"7,5"
2010,"ANOSIKE, NIKOLIKA NONYELUM",CIUDAD ROS CASARES VALENCIA,14,2,7
2010,"LYTTLE LYTTLE, SANCHO TRACY CONSTANCE",PERFUMERIAS AVENIDA,12,2,6
2010,"DE SOUZA MACHADO, ERIKA CRISTINA",PERFUMERIAS AVENIDA,11,2,"5,5"
2010,"HENRY, ANEIKA ANNA-KAY",MANN FILTER ZARAGOZA,11,2,"5,5"
2010,"VESELA, JANA",CIUDAD ROS CASARES VALENCIA,5,1,5
2010,"DOUGLAS, KATHRYN",CIUDAD ROS CASARES VALENCIA,9,2,"4,5"
2010,"LIMA GARCIA, CINDY ORQUIDEA",CIUDAD ROS CASARES VALENCIA,8,2,4
2010,"MONTAÑANA GIMENO, ANNA",PERFUMERIAS AVENIDA,7,2,"3,5"
2010,"BRUNSON, REBEKKAH",CIUDAD ROS CASARES VALENCIA,7,2,"3,5"
2010,"VALDEMORO MADARIAGA, AMAYA",RIVAS ECOPOLIS,7,2,"3,5"
2010,"NICHOLLS GONZALEZ, LAURA",RIVAS ECOPOLIS,7,2,"3,5"
2010,"CASAS CARRERAS, QUERALT",MANN FILTER ZARAGOZA,6,2,3
2010,"PASCUA SUAREZ, MARÍA LUCILA",MANN FILTER ZARAGOZA,6,2,3
2010,"BROWN, KIESHA LINDSAY",MANN FILTER ZARAGOZA,6,2,3
2010,"TORRENS SALOM, ALBA",PERFUMERIAS AVENIDA,5,2,"2,5"
2010,"PARIS, COURTNEY LYNNE",RIVAS ECOPOLIS,5,2,"2,5"
2010,"PINA TOLOSA, MARIA",MANN FILTER ZARAGOZA,4,2,2
2010,"SNELL, BELINDA ROSE",PERFUMERIAS AVENIDA,4,2,2
2010,"DOMINGUEZ FERNANDEZ, SILVIA",PERFUMERIAS AVENIDA,4,2,2
2010,"FEASTER, ALISON",MANN FILTER ZARAGOZA,4,2,2
2010,"MONDT, ANKE DE",PERFUMERIAS AVENIDA,4,2,2
2010,"GIL COLLADO, LAURA",PERFUMERIAS AVENIDA,2,1,2
2010,"FERNANDEZ FARRES, MARTA",CIUDAD ROS CASARES VALENCIA,3,2,"1,5"
2010,"AGUILAR LOPEZ , ELISA",RIVAS ECOPOLIS,3,2,"1,5"
2010,"KRESOVIC, INES",MANN FILTER ZARAGOZA,3,2,"1,5"
2010,"CRUZ LEBRATO, ANNA",RIVAS ECOPOLIS,3,2,"1,5"
2010,"OUVIÑA MODREGO, CRISTINA",MANN FILTER ZARAGOZA,2,2,1
2010,"MARTINEZ PRAT, NURIA",CIUDAD ROS CASARES VALENCIA,2,2,1
2010,"BERMEJO MORENO, CLARA SUSANA",RIVAS ECOPOLIS,2,2,1
2010,"BONNER, DEWANNA TENISE",RIVAS ECOPOLIS,15,2,"7,5"
2010,"ANOSIKE, NIKOLIKA NONYELUM",CIUDAD ROS CASARES VALENCIA,14,2,7
2010,"LYTTLE LYTTLE, SANCHO TRACY CONSTANCE",PERFUMERIAS AVENIDA,12,2,6
2010,"DE SOUZA MACHADO, ERIKA CRISTINA",PERFUMERIAS AVENIDA,11,2,"5,5"
2010,"HENRY, ANEIKA ANNA-KAY",MANN FILTER ZARAGOZA,11,2,"5,5"
2010,"VESELA, JANA",CIUDAD ROS CASARES VALENCIA,5,1,5
2010,"DOUGLAS, KATHRYN",CIUDAD ROS CASARES VALENCIA,9,2,"4,5"
2010,"LIMA GARCIA, CINDY ORQUIDEA",CIUDAD ROS CASARES VALENCIA,8,2,4
2010,"MONTAÑANA GIMENO, ANNA",PERFUMERIAS AVENIDA,7,2,"3,5"
2010,"BRUNSON, REBEKKAH",CIUDAD ROS CASARES VALENCIA,7,2,"3,5"
2010,"VALDEMORO MADARIAGA, AMAYA",RIVAS ECOPOLIS,7,2,"3,5"
2010,"NICHOLLS GONZALEZ, LAURA",RIVAS ECOPOLIS,7,2,"3,5"
2010,"CASAS CARRERAS, QUERALT",MANN FILTER ZARAGOZA,6,2,3
2010,"PASCUA SUAREZ, MARÍA LUCILA",MANN FILTER ZARAGOZA,6,2,3
2010,"BROWN, KIESHA LINDSAY",MANN FILTER ZARAGOZA,6,2,3
2010,"TORRENS SALOM, ALBA",PERFUMERIAS AVENIDA,5,2,"2,5"
2010,"PARIS, COURTNEY LYNNE",RIVAS ECOPOLIS,5,2,"2,5"
2010,"PINA TOLOSA, MARIA",MANN FILTER ZARAGOZA,4,2,2
2010,"SNELL, BELINDA ROSE",PERFUMERIAS AVENIDA,4,2,2
2010,"DOMINGUEZ FERNANDEZ, SILVIA",PERFUMERIAS AVENIDA,4,2,2
2010,"FEASTER, ALISON",MANN FILTER ZARAGOZA,4,2,2
2010,"MONDT, ANKE DE",PERFUMERIAS AVENIDA,4,2,2
2010,"GIL COLLADO, LAURA",PERFUMERIAS AVENIDA,2,1,2
2010,"FERNANDEZ FARRES, MARTA",CIUDAD ROS CASARES VALENCIA,3,2,"1,5"
2010,"AGUILAR LOPEZ , ELISA",RIVAS ECOPOLIS,3,2,"1,5"
2010,"KRESOVIC, INES",MANN FILTER ZARAGOZA,3,2,"1,5"
2010,"CRUZ LEBRATO, ANNA",RIVAS ECOPOLIS,3,2,"1,5"
2010,"OUVIÑA MODREGO, CRISTINA",MANN FILTER ZARAGOZA,2,2,1
2010,"MARTINEZ PRAT, NURIA",CIUDAD ROS CASARES VALENCIA,2,2,1
2010,"BERMEJO MORENO, CLARA SUSANA",RIVAS ECOPOLIS,2,2,1
2009,"LYTTLE LYTTLE, SANCHO TRACY CONSTANCE",PERFUMERIAS AVENIDA,29,4,"7,25"
2009,"DE SOUZA MACHADO, ERIKA CRISTINA",CIUDAD ROS CASARES VALENCIA,26,4,"6,5"
2009,"PASCUA SUAREZ, MARÍA LUCILA",MANN FILTER ZARAGOZA,12,2,6
2009,"CRUZ LEBRATO, ANNA",RIVAS ECOPOLIS,11,2,"5,5"
2009,"LANGHORNE , CRYSTAL ALLISON",RIVAS ECOPOLIS,9,2,"4,5"
2009,"MILTON, DELISHA LACHELL",CIUDAD ROS CASARES VALENCIA,17,4,"4,25"
2009,"OUVIÑA MODREGO, CRISTINA",MANN FILTER ZARAGOZA,8,2,4
2009,"UJHELYI, PETRA",RIVAS ECOPOLIS,8,2,4
2009,"LIMA GARCIA, CINDY ORQUIDEA",CIUDAD ROS CASARES VALENCIA,4,1,4
2009,"TORRENS SALOM, ALBA",PERFUMERIAS AVENIDA,15,4,"3,75"
2009,"WILLINGHAM, LE`COE LOUISE",PERFUMERIAS AVENIDA,15,4,"3,75"
2009,"VESELA, JANA",CIUDAD ROS CASARES VALENCIA,15,4,"3,75"
2009,"DUBLJEVIC, JELENA",RIVAS ECOPOLIS,6,2,3
2009,"PALAU ALTES, LAIA",CIUDAD ROS CASARES VALENCIA,12,4,3
2009,"MONDT, ANKE DE",PERFUMERIAS AVENIDA,11,4,"2,75"
2009,"ROYO TORRES, MARIA ESTELA",MANN FILTER ZARAGOZA,5,2,"2,5"
2009,"SNELL, BELINDA ROSE",CIUDAD ROS CASARES VALENCIA,10,4,"2,5"
2009,"BERMEJO MORENO, CLARA SUSANA",RIVAS ECOPOLIS,5,2,"2,5"
2009,"AGUILAR LOPEZ , ELISA",CIUDAD ROS CASARES VALENCIA,9,4,"2,25"
2009,"DOMINGUEZ FERNANDEZ, SILVIA",PERFUMERIAS AVENIDA,9,4,"2,25"
2009,"FEASTER, ALISON",MANN FILTER ZARAGOZA,4,2,2
2009,"DA SILVA, KATIA",MANN FILTER ZARAGOZA,4,2,2
2009,"ABROMAITE, AGNE",MANN FILTER ZARAGOZA,4,2,2
2009,"DICKSON, JESSICA",MANN FILTER ZARAGOZA,4,2,2
2009,"MONTAÑANA GIMENO, ANNA",CIUDAD ROS CASARES VALENCIA,7,4,"1,75"
2009,"PODKOVALNIKOVA , OLGA",PERFUMERIAS AVENIDA,7,4,"1,75"
2009,"GOMEZ IGUAL, ANNA",MANN FILTER ZARAGOZA,3,2,"1,5"
2009,"STEN, TIINA IRENE",MANN FILTER ZARAGOZA,3,2,"1,5"
2009,"JOENS, CATHERINE ELISABETH",RIVAS ECOPOLIS,3,2,"1,5"
2009,"TORNIKIDOU TORNIKIDOU, ELENA",RIVAS ECOPOLIS,3,2,"1,5"
2009,"LYTTLE LYTTLE, SANCHO TRACY CONSTANCE",PERFUMERIAS AVENIDA,29,4,"7,25"
2009,"DE SOUZA MACHADO, ERIKA CRISTINA",CIUDAD ROS CASARES VALENCIA,26,4,"6,5"
2009,"PASCUA SUAREZ, MARÍA LUCILA",MANN FILTER ZARAGOZA,12,2,6
2009,"CRUZ LEBRATO, ANNA",RIVAS ECOPOLIS,11,2,"5,5"
2009,"LANGHORNE , CRYSTAL ALLISON",RIVAS ECOPOLIS,9,2,"4,5"
2009,"MILTON, DELISHA LACHELL",CIUDAD ROS CASARES VALENCIA,17,4,"4,25"
2009,"OUVIÑA MODREGO, CRISTINA",MANN FILTER ZARAGOZA,8,2,4
2009,"UJHELYI, PETRA",RIVAS ECOPOLIS,8,2,4
2009,"LIMA GARCIA, CINDY ORQUIDEA",CIUDAD ROS CASARES VALENCIA,4,1,4
2009,"TORRENS SALOM, ALBA",PERFUMERIAS AVENIDA,15,4,"3,75"
2009,"WILLINGHAM, LE`COE LOUISE",PERFUMERIAS AVENIDA,15,4,"3,75"
2009,"VESELA, JANA",CIUDAD ROS CASARES VALENCIA,15,4,"3,75"
2009,"DUBLJEVIC, JELENA",RIVAS ECOPOLIS,6,2,3
2009,"PALAU ALTES, LAIA",CIUDAD ROS CASARES VALENCIA,12,4,3
2009,"MONDT, ANKE DE",PERFUMERIAS AVENIDA,11,4,"2,75"
2009,"ROYO TORRES, MARIA ESTELA",MANN FILTER ZARAGOZA,5,2,"2,5"
2009,"SNELL, BELINDA ROSE",CIUDAD ROS CASARES VALENCIA,10,4,"2,5"
2009,"BERMEJO MORENO, CLARA SUSANA",RIVAS ECOPOLIS,5,2,"2,5"
2009,"AGUILAR LOPEZ , ELISA",CIUDAD ROS CASARES VALENCIA,9,4,"2,25"
2009,"DOMINGUEZ FERNANDEZ, SILVIA",PERFUMERIAS AVENIDA,9,4,"2,25"
2009,"FEASTER, ALISON",MANN FILTER ZARAGOZA,4,2,2
2009,"DA SILVA, KATIA",MANN FILTER ZARAGOZA,4,2,2
2009,"ABROMAITE, AGNE",MANN FILTER ZARAGOZA,4,2,2
2009,"DICKSON, JESSICA",MANN FILTER ZARAGOZA,4,2,2
2009,"MONTAÑANA GIMENO, ANNA",CIUDAD ROS CASARES VALENCIA,7,4,"1,75"
2009,"PODKOVALNIKOVA , OLGA",PERFUMERIAS AVENIDA,7,4,"1,75"
2009,"GOMEZ IGUAL, ANNA",MANN FILTER ZARAGOZA,3,2,"1,5"
2009,"STEN, TIINA IRENE",MANN FILTER ZARAGOZA,3,2,"1,5"
2009,"JOENS, CATHERINE ELISABETH",RIVAS ECOPOLIS,3,2,"1,5"
2009,"TORNIKIDOU TORNIKIDOU, ELENA",RIVAS ECOPOLIS,3,2,"1,5"
2008,"DE SOUZA MACHADO, ERIKA CRISTINA",CIUDAD ROS CASARES,31,4,"7,75"
2008,"SNOW, MICHELLE",PERFUMERIAS AVENIDA,34,5,"6,8"
2008,"DUBLJEVIC, JELENA",RIVAS ECÓPOLIS,18,3,6
2008,"WILLINGHAM, LE`COE LOUISE",PERFUMERIAS AVENIDA,25,5,5
2008,"MILTON, DELISHA LACHELL",CIUDAD ROS CASARES,17,4,"4,25"
2008,"VALDEMORO MADARIAGA, AMAYA",CIUDAD ROS CASARES,16,4,4
2008,"REVUELTO SÁNCHEZ-AGUILERA, MARIA",CLUB BALONCESTO FEVE SAN JOSE,8,2,4
2008,"UJHELYI, PETRA",RIVAS ECÓPOLIS,12,3,4
2008,"VESELA, JANA",CIUDAD ROS CASARES,16,4,4
2008,"PASCUA SUAREZ, MARÍA LUCILA",CLUB BALONCESTO FEVE SAN JOSE,7,2,"3,5"
2008,"RILEY, RUTH ELLEN",RIVAS ECÓPOLIS,9,3,3
2008,"MURPHY, ESHAYA MARIE",CLUB BALONCESTO FEVE SAN JOSE,6,2,3
2008,"MONDT, ANKE DE",PERFUMERIAS AVENIDA,14,5,"2,8"
2008,"AGUILAR LOPEZ , ELISA",CIUDAD ROS CASARES,11,4,"2,75"
2008,"BERMEJO MORENO, CLARA SUSANA",RIVAS ECÓPOLIS,8,3,"2,67"
2008,"PINA TOLOSA, MARIA",CLUB BALONCESTO FEVE SAN JOSE,5,2,"2,5"
2008,"ABALDE DIAZ, TAMARA",RIVAS ECÓPOLIS,7,3,"2,33"
2008,"MONTAÑANA GIMENO, ANNA",CIUDAD ROS CASARES,9,4,"2,25"
2008,"PALAU ALTES, LAIA",CIUDAD ROS CASARES,9,4,"2,25"
2008,"BUTLER, KIMBERLY JOY",CLUB BALONCESTO FEVE SAN JOSE,4,2,2
2008,"DOMINGUEZ FERNANDEZ, SILVIA",PERFUMERIAS AVENIDA,10,5,2
2008,"HODGES, RONEEKA RAYSHELL",RIVAS ECÓPOLIS,6,3,2
2008,"NAVARRETE TRUJILLO, MIREIA",PERFUMERIAS AVENIDA,4,2,2
2008,"SANCHEZ FERNANDEZ, ISABEL",PERFUMERIAS AVENIDA,10,5,2
2008,"BASKO , GUNTA",PERFUMERIAS AVENIDA,8,5,"1,6"
2008,"STAMPALIJA, PETRA",PERFUMERIAS AVENIDA,8,5,"1,6"
2008,"SEGUI CARLES, PAULA",CLUB BALONCESTO FEVE SAN JOSE,3,2,"1,5"
2008,"VECEROVA, IVANA",CIUDAD ROS CASARES,6,4,"1,5"
2008,"THORBURN, SHONA LOUISE",CLUB BALONCESTO FEVE SAN JOSE,3,2,"1,5"
2008,"CAMPS COLLELL, LAURA",RIVAS ECÓPOLIS,4,3,"1,33"
2008,"DE SOUZA MACHADO, ERIKA CRISTINA",CIUDAD ROS CASARES,31,4,"7,75"
2008,"SNOW, MICHELLE",PERFUMERIAS AVENIDA,34,5,"6,8"
2008,"DUBLJEVIC, JELENA",RIVAS ECÓPOLIS,18,3,6
2008,"WILLINGHAM, LE`COE LOUISE",PERFUMERIAS AVENIDA,25,5,5
2008,"MILTON, DELISHA LACHELL",CIUDAD ROS CASARES,17,4,"4,25"
2008,"VALDEMORO MADARIAGA, AMAYA",CIUDAD ROS CASARES,16,4,4
2008,"REVUELTO SÁNCHEZ-AGUILERA, MARIA",CLUB BALONCESTO FEVE SAN JOSE,8,2,4
2008,"UJHELYI, PETRA",RIVAS ECÓPOLIS,12,3,4
2008,"VESELA, JANA",CIUDAD ROS CASARES,16,4,4
2008,"PASCUA SUAREZ, MARÍA LUCILA",CLUB BALONCESTO FEVE SAN JOSE,7,2,"3,5"
2008,"RILEY, RUTH ELLEN",RIVAS ECÓPOLIS,9,3,3
2008,"MURPHY, ESHAYA MARIE",CLUB BALONCESTO FEVE SAN JOSE,6,2,3
2008,"MONDT, ANKE DE",PERFUMERIAS AVENIDA,14,5,"2,8"
2008,"AGUILAR LOPEZ , ELISA",CIUDAD ROS CASARES,11,4,"2,75"
2008,"BERMEJO MORENO, CLARA SUSANA",RIVAS ECÓPOLIS,8,3,"2,67"
2008,"PINA TOLOSA, MARIA",CLUB BALONCESTO FEVE SAN JOSE,5,2,"2,5"
2008,"ABALDE DIAZ, TAMARA",RIVAS ECÓPOLIS,7,3,"2,33"
2008,"MONTAÑANA GIMENO, ANNA",CIUDAD ROS CASARES,9,4,"2,25"
2008,"PALAU ALTES, LAIA",CIUDAD ROS CASARES,9,4,"2,25"
2008,"BUTLER, KIMBERLY JOY",CLUB BALONCESTO FEVE SAN JOSE,4,2,2
2008,"DOMINGUEZ FERNANDEZ, SILVIA",PERFUMERIAS AVENIDA,10,5,2
2008,"HODGES, RONEEKA RAYSHELL",RIVAS ECÓPOLIS,6,3,2
2008,"NAVARRETE TRUJILLO, MIREIA",PERFUMERIAS AVENIDA,4,2,2
2008,"SANCHEZ FERNANDEZ, ISABEL",PERFUMERIAS AVENIDA,10,5,2
2008,"BASKO , GUNTA",PERFUMERIAS AVENIDA,8,5,"1,6"
2008,"STAMPALIJA, PETRA",PERFUMERIAS AVENIDA,8,5,"1,6"
2008,"SEGUI CARLES, PAULA",CLUB BALONCESTO FEVE SAN JOSE,3,2,"1,5"
2008,"VECEROVA, IVANA",CIUDAD ROS CASARES,6,4,"1,5"
2008,"THORBURN, SHONA LOUISE",CLUB BALONCESTO FEVE SAN JOSE,3,2,"1,5"
2008,"CAMPS COLLELL, LAURA",RIVAS ECÓPOLIS,4,3,"1,33"
2007,"DE SOUZA MACHADO, ERIKA CRISTINA",CIUDAD ROS CASARES VALENCIA,39,5,"7,8"
2007,"LYTTLE LYTTLE, SANCHO TRACY CONSTANCE",EBE PROMOCIONES SANTA EULALIA,22,3,"7,33"
2007,"MONTAÑANA GIMENO, ANNA",PERFUMERIAS AVENIDA,26,6,"4,33"
2007,"PAGE, LINDA A. MURRIEL",CLUB BALONCESTO SAN JOSE,8,2,4
2007,"MATIC , IVANKA",PERFUMERIAS AVENIDA,21,6,"3,5"
2007,"DOUGLAS, KATHRYN",CIUDAD ROS CASARES VALENCIA,17,5,"3,4"
2007,"MILTON, DELISHA LACHELL",CIUDAD ROS CASARES VALENCIA,17,5,"3,4"
2007,"TORNIKIDOU TORNIKIDOU, ELENA",CIUDAD ROS CASARES VALENCIA,15,5,3
2007,"BATTLE , ASHLEY MICHELLE",CLUB BALONCESTO SAN JOSE,6,2,3
2007,"BERMEJO MORENO, CLARA SUSANA",PERFUMERIAS AVENIDA,18,6,3
2007,"LIMA GARCIA, CINDY ORQUIDEA",CLUB BALONCESTO SAN JOSE,6,2,3
2007,"SANTOS DE OLIVEIRA, ALESSANDRA",PERFUMERIAS AVENIDA,6,2,3
2007,"MONDT, ANKE DE",PERFUMERIAS AVENIDA,17,6,"2,83"
2007,"FERRAGUT CASTILLO, MARINA",CIUDAD ROS CASARES VALENCIA,14,5,"2,8"
2007,"THORBURN, SHONA LOUISE",EBE PROMOCIONES SANTA EULALIA,8,3,"2,67"
2007,"NAVARRO SALLES, LAURA",EBE PROMOCIONES SANTA EULALIA,8,3,"2,67"
2007,"SEGUI CARLES, PAULA",CLUB BALONCESTO SAN JOSE,5,2,"2,5"
2007,"RASMUSSEN, KRISTEN",EBE PROMOCIONES SANTA EULALIA,7,3,"2,33"
2007,"COHEN, LIRON",CLUB BALONCESTO SAN JOSE,4,2,2
2007,"PONS MOLINA, INGRID",EBE PROMOCIONES SANTA EULALIA,5,3,"1,67"
2007,"SANCHEZ FERNANDEZ, ISABEL",PERFUMERIAS AVENIDA,10,6,"1,67"
2007,"PALAU ALTES, LAIA",CIUDAD ROS CASARES VALENCIA,8,5,"1,6"
2007,"MALTSI, EVANTHIA",CIUDAD ROS CASARES VALENCIA,8,5,"1,6"
2007,"DOMINGUEZ FERNANDEZ, SILVIA",PERFUMERIAS AVENIDA,9,6,"1,5"
2007,"REID, TRACY LASHAWN",PERFUMERIAS AVENIDA,9,6,"1,5"
2007,"LILJESTRAND, THYRA LINNEA",EBE PROMOCIONES SANTA EULALIA,4,3,"1,33"
2007,"AGUILAR LOPEZ , ELISA",CIUDAD ROS CASARES VALENCIA,6,5,"1,2"
2007,"PASCUA SUAREZ, MARÍA LUCILA",CLUB BALONCESTO SAN JOSE,2,2,1
2007,"FEASTER, ALISON",CLUB BALONCESTO SAN JOSE,2,2,1
2007,"NAVARRETE TRUJILLO, MIREIA",EBE PROMOCIONES SANTA EULALIA,3,3,1
2007,"DE SOUZA MACHADO, ERIKA CRISTINA",CIUDAD ROS CASARES VALENCIA,39,5,"7,8"
2007,"LYTTLE LYTTLE, SANCHO TRACY CONSTANCE",EBE PROMOCIONES SANTA EULALIA,22,3,"7,33"
2007,"MONTAÑANA GIMENO, ANNA",PERFUMERIAS AVENIDA,26,6,"4,33"
2007,"PAGE, LINDA A. MURRIEL",CLUB BALONCESTO SAN JOSE,8,2,4
2007,"MATIC , IVANKA",PERFUMERIAS AVENIDA,21,6,"3,5"
2007,"DOUGLAS, KATHRYN",CIUDAD ROS CASARES VALENCIA,17,5,"3,4"
2007,"MILTON, DELISHA LACHELL",CIUDAD ROS CASARES VALENCIA,17,5,"3,4"
2007,"TORNIKIDOU TORNIKIDOU, ELENA",CIUDAD ROS CASARES VALENCIA,15,5,3
2007,"BATTLE , ASHLEY MICHELLE",CLUB BALONCESTO SAN JOSE,6,2,3
2007,"BERMEJO MORENO, CLARA SUSANA",PERFUMERIAS AVENIDA,18,6,3
2007,"LIMA GARCIA, CINDY ORQUIDEA",CLUB BALONCESTO SAN JOSE,6,2,3
2007,"SANTOS DE OLIVEIRA, ALESSANDRA",PERFUMERIAS AVENIDA,6,2,3
2007,"MONDT, ANKE DE",PERFUMERIAS AVENIDA,17,6,"2,83"
2007,"FERRAGUT CASTILLO, MARINA",CIUDAD ROS CASARES VALENCIA,14,5,"2,8"
2007,"THORBURN, SHONA LOUISE",EBE PROMOCIONES SANTA EULALIA,8,3,"2,67"
2007,"NAVARRO SALLES, LAURA",EBE PROMOCIONES SANTA EULALIA,8,3,"2,67"
2007,"SEGUI CARLES, PAULA",CLUB BALONCESTO SAN JOSE,5,2,"2,5"
2007,"RASMUSSEN, KRISTEN",EBE PROMOCIONES SANTA EULALIA,7,3,"2,33"
2007,"COHEN, LIRON",CLUB BALONCESTO SAN JOSE,4,2,2
2007,"PONS MOLINA, INGRID",EBE PROMOCIONES SANTA EULALIA,5,3,"1,67"
2007,"SANCHEZ FERNANDEZ, ISABEL",PERFUMERIAS AVENIDA,10,6,"1,67"
2007,"PALAU ALTES, LAIA",CIUDAD ROS CASARES VALENCIA,8,5,"1,6"
2007,"MALTSI, EVANTHIA",CIUDAD ROS CASARES VALENCIA,8,5,"1,6"
2007,"DOMINGUEZ FERNANDEZ, SILVIA",PERFUMERIAS AVENIDA,9,6,"1,5"
2007,"REID, TRACY LASHAWN",PERFUMERIAS AVENIDA,9,6,"1,5"
2007,"LILJESTRAND, THYRA LINNEA",EBE PROMOCIONES SANTA EULALIA,4,3,"1,33"
2007,"AGUILAR LOPEZ , ELISA",CIUDAD ROS CASARES VALENCIA,6,5,"1,2"
2007,"PASCUA SUAREZ, MARÍA LUCILA",CLUB BALONCESTO SAN JOSE,2,2,1
2007,"FEASTER, ALISON",CLUB BALONCESTO SAN JOSE,2,2,1
2007,"NAVARRETE TRUJILLO, MIREIA",EBE PROMOCIONES SANTA EULALIA,3,3,1
2006,"PAGE, LINDA A. MURRIEL",HONDARRIBIA - IRÚN,21,2,"10,5"
2006,"WYCKOFF, BROOKE ELIZABETH",GRAN CANARIA,16,2,8
2006,"UJHELYI, PETRA",ARRANZ-JOPISA BURGOS,27,4,"6,75"
2006,"MILTON, DELISHA LACHELL",CIUDAD ROS CASARES VALENCIA,65,10,"6,5"
2006,"PASCUA SUAREZ, MARÍA LUCILA",ACIS INCOSA LEON,13,2,"6,5"
2006,"MUJANOVIC, RAZIJA",HONDARRIBIA - IRÚN,13,2,"6,5"
2006,"ROVIRA RODRIGUEZ, MARIA DEL MAR",ACIS INCOSA LEON,12,2,6
2006,"SCHUMACHER, KELLY MARIE",UNIVERSITAT DE BARCELONA - F.C. BARCELONA,30,5,6
2006,"REID, TRACY LASHAWN",ACIS INCOSA LEON,11,2,"5,5"
2006,"WILLIAMS, ADRIAN DENISE",PERFUMERIAS AVENIDA,46,9,"5,11"
2006,"ZURRO ALFONSO, MARTA",ARRANZ-JOPISA BURGOS,20,4,5
2006,"TUUKKANEN, TARU TELLERVO",EXTRUGASA,10,2,5
2006,"CASTRO MARQUES, IZIANE",HONDARRIBIA - IRÚN,10,2,5
2006,"POWELL, NICOLE KRISTEN",PERFUMERIAS AVENIDA,42,9,"4,67"
2006,"BATTLE , ASHLEY MICHELLE",GRAN CANARIA,9,2,"4,5"
2006,"PONS MOLINA, INGRID",UNIVERSITAT DE BARCELONA - F.C. BARCELONA,20,5,4
2006,"TORNIKIDOU TORNIKIDOU, ELENA",CIUDAD ROS CASARES VALENCIA,40,10,4
2006,"DA SILVA SANTOS, KELLY",ACIS INCOSA LEON,8,2,4
2006,"DE SOUZA MACHADO, ERIKA CRISTINA",CIUDAD ROS CASARES VALENCIA,39,10,"3,9"
2006,"DYDEK, MARGO",CIUDAD ROS CASARES VALENCIA,35,10,"3,5"
2006,"AGUILAR LOPEZ , ELISA",CIUDAD ROS CASARES VALENCIA,30,10,3
2006,"ABROMAITE, AGNE",EXTRUGASA,6,2,3
2006,"BERMEJO MORENO, CLARA SUSANA",PERFUMERIAS AVENIDA,25,9,"2,78"
2006,"CRUZ LEBRATO, ANNA",ARRANZ-JOPISA BURGOS,11,4,"2,75"
2006,"DENTI MUNTANE, AINA",GRAN CANARIA,5,2,"2,5"
2006,"MONTESDEOCA LOPEZ, EVA",GRAN CANARIA,5,2,"2,5"
2006,"CIOCAN, PAULA CRISTINA",ARRANZ-JOPISA BURGOS,10,4,"2,5"
2006,"ARDON, LESLIE",EXTRUGASA,5,2,"2,5"
2006,"SANCHEZ FERNANDEZ, ISABEL",ACIS INCOSA LEON,5,2,"2,5"
2006,"PALAU ALTES, LAIA",CIUDAD ROS CASARES VALENCIA,25,10,"2,5"
2006,"GULAK, PATRYCJA ANNA",ACIS INCOSA LEON,2,2,1
2006,"GRANDE FLORES, LAURA",GRAN CANARIA,2,2,1
2006,"BLANCO BERNAL, SONIA",ARRANZ-JOPISA BURGOS,4,4,1
2006,"ASURMENDI VILLAVERDE, MARIA DEL CARMEN",ARRANZ-JOPISA BURGOS,3,4,"0,75"
2006,"PIRSIC, SANDRA",UNIVERSITAT DE BARCELONA - F.C. BARCELONA,3,4,"0,75"
2006,"REVILLA FERNANDEZ, LETICIA",ARRANZ-JOPISA BURGOS,2,3,"0,67"
2006,"HERRERA AREVALO, MIRIAM",EXTRUGASA,1,2,"0,5"
2006,"QUINTERO CASTELLANO, THANIA",HONDARRIBIA - IRÚN,1,2,"0,5"
2006,"HAJDUNE CSASZAR, ANDREA",HONDARRIBIA - IRÚN,1,2,"0,5"
2006,"KNEZEVIC, ADRIJANA",PERFUMERIAS AVENIDA,1,4,"0,25"
2006,"JORDANA BOFILL, NOEMI",CIUDAD ROS CASARES VALENCIA,1,9,"0,11"
2006,"GULAK, PATRYCJA ANNA",ACIS INCOSA LEON,2,2,1
2006,"GRANDE FLORES, LAURA",GRAN CANARIA,2,2,1
2006,"BLANCO BERNAL, SONIA",ARRANZ-JOPISA BURGOS,4,4,1
2006,"ASURMENDI VILLAVERDE, MARIA DEL CARMEN",ARRANZ-JOPISA BURGOS,3,4,"0,75"
2006,"PIRSIC, SANDRA",UNIVERSITAT DE BARCELONA - F.C. BARCELONA,3,4,"0,75"
2006,"REVILLA FERNANDEZ, LETICIA",ARRANZ-JOPISA BURGOS,2,3,"0,67"
2006,"HERRERA AREVALO, MIRIAM",EXTRUGASA,1,2,"0,5"
2006,"QUINTERO CASTELLANO, THANIA",HONDARRIBIA - IRÚN,1,2,"0,5"
2006,"HAJDUNE CSASZAR, ANDREA",HONDARRIBIA - IRÚN,1,2,"0,5"
2006,"KNEZEVIC, ADRIJANA",PERFUMERIAS AVENIDA,1,4,"0,25"
2006,"JORDANA BOFILL, NOEMI",CIUDAD ROS CASARES VALENCIA,1,9,"0,11"
2005,"ROVIRA RODRIGUEZ, MARIA DEL MAR",ACIS INCOSA LEON,5,2,"2,5"
2005,"MONDT, ANKE DE",ARRANZ - JOPISA BURGOS,5,2,"2,5"
2005,"MONTAÑANA GIMENO, ANNA",ROS CASARES VALENCIA,2,1,2
2005,"SANCHEZ FERNANDEZ, ISABEL",ACIS INCOSA LEON,4,2,2
2005,"DEYAERT, NELE M.J.",ARRANZ - JOPISA BURGOS,4,2,2
2005,"TORNIKIDOU TORNIKIDOU, ELENA",PERFUMERIAS AVENIDA,4,2,2
2005,"MUJANOVIC, RAZIJA",UNIVERSITAT DE BARCELONA - F.C. BARCELONA,4,2,2
2005,"MARCOS BENITO, BLANCA",PERFUMERIAS AVENIDA,4,2,2
2005,"ALONSO DIEGO, MARIA JOSE",ARRANZ - JOPISA BURGOS,4,2,2
2005,"HAJDUNE CSASZAR, ANDREA",HONDARRIBIA - IRÚN,4,2,2
2005,"GRANDE FLORES, LAURA",CAJACANARIAS,3,2,"1,5"
2005,"ALAMO GONZALEZ, ELENA",CAJACANARIAS,3,2,"1,5"
2005,"ANTON LOPEZ, MONTSERRAT",USP CEU - ADECCO ESTUDIANTES,3,2,"1,5"
2005,"PEREZ CAPARROS, ROSA",USP CEU - ADECCO ESTUDIANTES,2,2,1
2005,"TOMOVA, MILENA MITKOVA",PERFUMERIAS AVENIDA,2,2,1
2005,"YGUERAVIDE VIANA, SANDRA",ARRANZ - JOPISA BURGOS,2,2,1
2005,"DA SILVA, KATIA",PERFUMERIAS AVENIDA,2,2,1
2005,"DYDEK, MARTA KRYSTYNA",USP CEU - ADECCO ESTUDIANTES,2,2,1
2005,"CRUZ LEBRATO, ANNA",ARRANZ - JOPISA BURGOS,2,2,1
2005,"QUINTERO CASTELLANO, THANIA",HONDARRIBIA - IRÚN,2,2,1
2005,"NAVARRETE TRUJILLO, MIREIA",ARRANZ - JOPISA BURGOS,2,2,1
2005,"VUKICEVIC, MILENA",UNIVERSITAT DE BARCELONA - F.C. BARCELONA,1,1,1
2005,"FERNANDEZ FARRES, MARTA",UNIVERSITAT DE BARCELONA - F.C. BARCELONA,1,2,"0,5"
2005,"SANTOS LUZ, HELEN CRISTINA",UNIVERSITAT DE BARCELONA - F.C. BARCELONA,1,2,"0,5"
2005,"BLACE, BOZENA",UNIVERSITAT DE BARCELONA - F.C. BARCELONA,1,2,"0,5"
2005,"HILL, JOANNE KAY",USP CEU - ADECCO ESTUDIANTES,1,2,"0,5"
2005,"GALLEGO VICARIO, SANDRA",UNIVERSITAT DE BARCELONA - F.C. BARCELONA,1,2,"0,5"
2005,"ARDON, LESLIE",ACIS INCOSA LEON,1,2,"0,5"
2005,"DELGADO DIAZ-GUEMES, RAQUEL",HONDARRIBIA - IRÚN,1,2,"0,5"
2005,"ROVIRA RODRIGUEZ, MARIA DEL MAR",ACIS INCOSA LEON,5,2,"2,5"
2005,"MONDT, ANKE DE",ARRANZ - JOPISA BURGOS,5,2,"2,5"
2005,"MONTAÑANA GIMENO, ANNA",ROS CASARES VALENCIA,2,1,2
2005,"SANCHEZ FERNANDEZ, ISABEL",ACIS INCOSA LEON,4,2,2
2005,"DEYAERT, NELE M.J.",ARRANZ - JOPISA BURGOS,4,2,2
2005,"TORNIKIDOU TORNIKIDOU, ELENA",PERFUMERIAS AVENIDA,4,2,2
2005,"MUJANOVIC, RAZIJA",UNIVERSITAT DE BARCELONA - F.C. BARCELONA,4,2,2
2005,"MARCOS BENITO, BLANCA",PERFUMERIAS AVENIDA,4,2,2
2005,"ALONSO DIEGO, MARIA JOSE",ARRANZ - JOPISA BURGOS,4,2,2
2005,"HAJDUNE CSASZAR, ANDREA",HONDARRIBIA - IRÚN,4,2,2
2005,"GRANDE FLORES, LAURA",CAJACANARIAS,3,2,"1,5"
2005,"ALAMO GONZALEZ, ELENA",CAJACANARIAS,3,2,"1,5"
2005,"ANTON LOPEZ, MONTSERRAT",USP CEU - ADECCO ESTUDIANTES,3,2,"1,5"
2005,"PEREZ CAPARROS, ROSA",USP CEU - ADECCO ESTUDIANTES,2,2,1
2005,"TOMOVA, MILENA MITKOVA",PERFUMERIAS AVENIDA,2,2,1
2005,"YGUERAVIDE VIANA, SANDRA",ARRANZ - JOPISA BURGOS,2,2,1
2005,"DA SILVA, KATIA",PERFUMERIAS AVENIDA,2,2,1
2005,"DYDEK, MARTA KRYSTYNA",USP CEU - ADECCO ESTUDIANTES,2,2,1
2005,"CRUZ LEBRATO, ANNA",ARRANZ - JOPISA BURGOS,2,2,1
2005,"QUINTERO CASTELLANO, THANIA",HONDARRIBIA - IRÚN,2,2,1
2005,"NAVARRETE TRUJILLO, MIREIA",ARRANZ - JOPISA BURGOS,2,2,1
2005,"VUKICEVIC, MILENA",UNIVERSITAT DE BARCELONA - F.C. BARCELONA,1,1,1
2005,"FERNANDEZ FARRES, MARTA",UNIVERSITAT DE BARCELONA - F.C. BARCELONA,1,2,"0,5"
2005,"SANTOS LUZ, HELEN CRISTINA",UNIVERSITAT DE BARCELONA - F.C. BARCELONA,1,2,"0,5"
2005,"BLACE, BOZENA",UNIVERSITAT DE BARCELONA - F.C. BARCELONA,1,2,"0,5"
2005,"HILL, JOANNE KAY",USP CEU - ADECCO ESTUDIANTES,1,2,"0,5"
2005,"GALLEGO VICARIO, SANDRA",UNIVERSITAT DE BARCELONA - F.C. BARCELONA,1,2,"0,5"
2005,"ARDON, LESLIE",ACIS INCOSA LEON,1,2,"0,5"
2005,"DELGADO DIAZ-GUEMES, RAQUEL",HONDARRIBIA - IRÚN,1,2,"0,5"
2004,"STARBIRD, CATHARINE EVELYN",USP CEU - ADECCO ESTUDIANTES,102,26,"3,92"
2004,"TUUKKANEN, TARU TELLERVO",MANN FILTER ZARAGOZA,102,26,"3,92"
2004,"WHITMORE, TAMIKA LACHAN",PERFUMERIAS AVENIDA,82,21,"3,9"
2004,"MALTSI, EVANTHIA",REAL CLUB CELTA VIGOURBAN,98,26,"3,77"
2004,"POLLINI, CATARINA",ROS CASARES VALENCIA,63,17,"3,71"
2004,"LIMA GARCIA, CINDY ORQUIDEA",REAL CLUB CELTA VIGOURBAN,85,23,"3,7"
2004,"KIRETA, SONJA",ROS CASARES VALENCIA,62,17,"3,65"
2004,"DONAIRE MALAGELADA, ELSA",ARRANZ - JOPISA BURGOS,92,26,"3,54"
2004,"HERMOUET, EMMANUELLE",PERFUMERIAS AVENIDA,86,25,"3,44"
2004,"CAMPS COLLELL, LAURA",PERFUMERIAS AVENIDA,82,24,"3,42"
2004,"PELAEZ SAN GIL, LOURDES",HONDARRIBIA - IRÚN,85,25,"3,4"
2004,"TUURE, KAISA MARKETTA",YAYA MARIA BREOGAN,87,26,"3,35"
2004,"MARTINEZ PRAT, NURIA",PERFUMERIAS AVENIDA,87,26,"3,35"
2004,"PONS MOLINA, INGRID",UNIVERSITAT DE BARCELONA - F.C. BARCELONA,86,26,"3,31"
2004,"TEMNIK, KATJA",C.B. PUIG D`EN VALLS SANTA EULALIA,86,26,"3,31"
2004,"MORALES MARTIN, SILVIA",C.B. PUIG D`EN VALLS SANTA EULALIA,79,24,"3,29"
2004,"MONDT, ANKE DE",EXTRUGASA,81,26,"3,12"
2004,"FERNANDEZ FARRES, MARTA",UNIVERSITAT DE BARCELONA - F.C. BARCELONA,78,25,"3,12"
2004,"VAN MALDEREN, LAURENCE",ACIS-SUFI LEON,40,13,"3,08"
2004,"BLANCO BERNAL, SONIA",USP CEU - ADECCO ESTUDIANTES,80,26,"3,08"
2004,"GOMEZ NOVO, MARIA ARANZAZU",C.B. PUIG D`EN VALLS SANTA EULALIA,45,15,3
2004,"GARCIA PIÑERO, MARIA BEGOÑA",HONDARRIBIA - IRÚN,78,26,3
2004,"CANTERO OSTOS, CRISTINA",REAL CLUB CELTA VIGOURBAN,65,22,"2,95"
2004,"BOONEN, DANA MONIQUE LOUIS",EXTRUGASA,76,26,"2,92"
2004,"MANDACHE, SIMINA ANDRA",EXTRUGASA,38,13,"2,92"
2004,"REVUELTO SÁNCHEZ-AGUILERA, MARIA",REAL CLUB CELTA VIGOURBAN,75,26,"2,88"
2004,"DOMINGUEZ FERNANDEZ, SILVIA",USP CEU - ADECCO ESTUDIANTES,72,25,"2,88"
2004,"HILL, JOANNE KAY",ACIS-SUFI LEON,74,26,"2,85"
2004,"DEYAERT, NELE M.J.",ARRANZ - JOPISA BURGOS,73,26,"2,81"
2004,"ALAMO GONZALEZ, ELENA",CAJACANARIAS,67,24,"2,79"
2004,"JOENS, CATHERINE ELISABETH",C.B. PUIG D`EN VALLS SANTA EULALIA,36,13,"2,77"
2004,"BERMEJO MORENO, CLARA SUSANA",MANN FILTER ZARAGOZA,72,26,"2,77"
2004,"BORGES DOS REIS, SONIA",YAYA MARIA BREOGAN,34,13,"2,62"
2004,"DAPO, AMRA",MOTIVA REAL CANOE N.C.,33,13,"2,54"
2004,"PALOMARES VALIENTE, PAULA",MOTIVA REAL CANOE N.C.,66,26,"2,54"
2004,"LEWIS, TYNESHA",ACIS-SUFI LEON,33,13,"2,54"
2004,"GOMEZ IGUAL, ANNA",C.B. PUIG D`EN VALLS SANTA EULALIA,65,26,"2,5"
2004,"FORNS ESCUDE, NURIA",USP CEU - ADECCO ESTUDIANTES,62,25,"2,48"
2004,"ALONSO DIEGO, MARIA JOSE",ARRANZ - JOPISA BURGOS,49,20,"2,45"
2004,"MARTINEZ PRAT, ROSER",YAYA MARIA BREOGAN,34,14,"2,43"
2004,"KÜHN, KATHARINA CHARLOTTA",ACIS-SUFI LEON,63,26,"2,42"
2004,"GRANDE FLORES, LAURA",CAJACANARIAS,59,25,"2,36"
2004,"GARCÍA SALINERO, LAURA",MOTIVA REAL CANOE N.C.,58,25,"2,32"
2004,"NAVARRETE TRUJILLO, MIREIA",MANN FILTER ZARAGOZA,54,24,"2,25"
2004,"AGUILAR LOPEZ , ELISA",ROS CASARES VALENCIA,58,26,"2,23"
2004,"SANTOS LUZ, HELEN CRISTINA",UNIVERSITAT DE BARCELONA - F.C. BARCELONA,58,26,"2,23"
2004,"BARLIN, NINA ELISABETH",YAYA MARIA BREOGAN,29,13,"2,23"
2004,"SALGADO SANCHEZ, IRENE",YAYA MARIA BREOGAN,52,24,"2,17"
2004,"SEGUI CARLES, PAULA",UNIVERSITAT DE BARCELONA - F.C. BARCELONA,51,24,"2,13"
2004,"PEREZ CAPARROS, ROSA",USP CEU - ADECCO ESTUDIANTES,53,26,"2,04"
2004,"ARDON, LESLIE",ACIS-SUFI LEON,26,13,2
2004,"IVEY, NIELE DEIRDRE",MANN FILTER ZARAGOZA,36,18,2
2004,"LLAMAS PAJUELO, MARIA NIEVES",PERFUMERIAS AVENIDA,39,20,"1,95"
2004,"VALERO CEBRIAN, PILAR",MANN FILTER ZARAGOZA,37,19,"1,95"
2004,"SÁNCHEZ LUJÁN, ROSAURA DEL CARMEN",ROS CASARES VALENCIA,50,26,"1,92"
2004,"HAJDUNE CSASZAR, ANDREA",HONDARRIBIA - IRÚN,46,25,"1,84"
2004,"GARCIA TORRES, CRISTINA",UNIVERSITAT DE BARCELONA - F.C. BARCELONA,45,25,"1,8"
2004,"VILLAR FERNANDEZ, IRIA",C.B. PUIG D`EN VALLS SANTA EULALIA,46,26,"1,77"
2004,"BROSOVSZKY, MONIKA IZABELLA",CAJACANARIAS,46,26,"1,77"
2004,"GALLEGO VICARIO, SANDRA",UNIVERSITAT DE BARCELONA - F.C. BARCELONA,37,23,"1,61"
2004,"DENTI MUNTANE, AINA",EXTRUGASA,32,21,"1,52"
2004,"BERTAL, GERALDINE MARIE ROSE",ARRANZ - JOPISA BURGOS,35,23,"1,52"
2004,"BERGERON, EMMANUELLE SARAH SOPHIE",ARRANZ - JOPISA BURGOS,33,23,"1,43"
2004,"GILABERT AVANTE, MONTSERRAT",EXTRUGASA,35,25,"1,4"
2004,"HERRERA AREVALO, MIRIAM",EXTRUGASA,31,23,"1,35"
2004,"ANTOJA ROVIRA, LAURA",UNIVERSITAT DE BARCELONA - F.C. BARCELONA,32,24,"1,33"
2004,"LAAKSONEN, JENNI JANITA",C.B. PUIG D`EN VALLS SANTA EULALIA,34,26,"1,31"
2004,"HERNANDEZ ESTEBAN, SILVIA",MOTIVA REAL CANOE N.C.,32,25,"1,28"
2004,"GARCIA MATA, GEMA",REAL CLUB CELTA VIGOURBAN,30,26,"1,15"
2004,"FERRER PEREZ, ESTELA ROSA",ACIS-SUFI LEON,24,21,"1,14"
2004,"GERMAN VELASCO, ICIAR",YAYA MARIA BREOGAN,26,23,"1,13"
2004,"ZIMERLE, ANNA",ROS CASARES VALENCIA,27,25,"1,08"
2004,"GINES GONZALEZ, MARTA",ARRANZ - JOPISA BURGOS,26,24,"1,08"
2004,"ANTON LOPEZ, MONTSERRAT",USP CEU - ADECCO ESTUDIANTES,25,24,"1,04"
2004,"GOMEZ FERREIROS, SARA",EXTRUGASA,27,26,"1,04"
2004,"MARTIN MERINO, BLANCA",YAYA MARIA BREOGAN,18,18,1
2004,"GOMEZ IGLESIAS, REGINA",EXTRUGASA,24,24,1
2004,"RAMIRO DIAZ, NURIA MARIA",ACIS-SUFI LEON,20,21,"0,95"
2004,"CRUZ LEBRATO, ANNA",UNIVERSITAT DE BARCELONA - F.C. BARCELONA,15,16,"0,94"
2004,"ALAÑA SEGURA, SHEILA",REAL CLUB CELTA VIGOURBAN,15,16,"0,94"
2004,"ARAMBURU GARAYALDE, LEIRE",HONDARRIBIA - IRÚN,22,25,"0,88"
2004,"SANCHEZ MUÑOZ, ALICIA",USP CEU - ADECCO ESTUDIANTES,17,20,"0,85"
2004,"BJORKLUND, JOHANNA HELENA",PERFUMERIAS AVENIDA,11,13,"0,85"
2004,"CASTRILLO VILLANUEVA, SARA",ACIS-SUFI LEON,17,20,"0,85"
2004,"JIMENEZ GALINDO, ANNA ISABEL",C.B. PUIG D`EN VALLS SANTA EULALIA,19,23,"0,83"
2004,"JORDANA BOFILL, NOEMI",ROS CASARES VALENCIA,20,26,"0,77"
2004,"DELGADO DIAZ-GUEMES, RAQUEL",HONDARRIBIA - IRÚN,18,25,"0,72"
2004,"PARDO VAZQUEZ, MARIA DEL CARMEN",USP CEU - ADECCO ESTUDIANTES,10,15,"0,67"
2004,"BARRANCO CASTILLO, ROSA MARIA",MANN FILTER ZARAGOZA,11,17,"0,65"
2004,"BOLEDA COLET, ANNA",ACIS-SUFI LEON,11,18,"0,61"
2004,"MARCOS BENITO, BLANCA",PERFUMERIAS AVENIDA,15,25,"0,6"
2004,"YGUERAVIDE VIANA, SANDRA",PERFUMERIAS AVENIDA,14,25,"0,56"
2004,"QUINTERO CASTELLANO, THANIA",HONDARRIBIA - IRÚN,12,24,"0,5"
2004,"ROYO TORRES, MARIA ESTELA",MANN FILTER ZARAGOZA,10,25,"0,4"
2004,"MARCOS BENITO, BLANCA",PERFUMERIAS AVENIDA,15,25,"0,6"
2004,"YGUERAVIDE VIANA, SANDRA",PERFUMERIAS AVENIDA,14,25,"0,56"
2004,"QUINTERO CASTELLANO, THANIA",HONDARRIBIA - IRÚN,12,24,"0,5"
2004,"ROYO TORRES, MARIA ESTELA",MANN FILTER ZARAGOZA,10,25,"0,4"
2003,"CEBRIAN SCHEURER, ELISABET",USP CEU - ADECCO ESTUDIANTES,22,2,11
2003,"PODRUG, EMILIJA",REAL CLUB CELTA BANCO SIMEON,12,2,6
2003,"CUNNINGHAN, DAVALYN",YAYA MARIA BREOGAN,29,5,"5,8"
2003,"---, MURRIEL",P.C. MENDIBIL,23,4,"5,75"
2003,"PASCUA SUAREZ, MARÍA LUCILA",MANN FILTER ZARAGOZA,11,2,"5,5"
2003,"VALDEMORO MADARIAGA, AMAYA",ROS CASARES VALENCIA,22,4,"5,5"
2003,"PALAU ALTES, LAIA",UNIVERSITAT DE BARCELONA - F.C. BARCELONA,22,4,"5,5"
2003,"CONGREAVES, ANDREA FIONA",UNIVERSITAT DE BARCELONA - F.C. BARCELONA,21,4,"5,25"
2003,"NOLAN, DEANNA NICOLE",MANN FILTER ZARAGOZA,10,2,5
2003,"HAMCHETOU, MAIGA",YAYA MARIA BREOGAN,25,5,5
2003,"FALLON, TRISHA NICOLE",ROS CASARES VALENCIA,20,4,5
2003,"TORNIKIDOU TORNIKIDOU, ELENA",P.C. MENDIBIL,19,4,"4,75"
2003,"DE SOUZA MACHADO, ERIKA CRISTINA",UNIVERSITAT DE BARCELONA - F.C. BARCELONA,18,4,"4,5"
2003,"TUURE, KAISA MARKETTA",YAYA MARIA BREOGAN,21,5,"4,2"
2003,"MAGLISCEAU, MICHELLE YVONNE",UNIVERSITAT DE BARCELONA - F.C. BARCELONA,15,4,"3,75"
2003,"FERRAGUT CASTILLO, MARINA",PERFUMERIAS AVENIDA,11,3,"3,67"
2003,"BLANCO BERNAL, SONIA",USP CEU - ADECCO ESTUDIANTES,7,2,"3,5"
2003,"WYCKOFF, BROOKE ELIZABETH",MANN FILTER ZARAGOZA,7,2,"3,5"
2003,"STOCKS, TAMARA CELESTE",P.C. MENDIBIL,14,4,"3,5"
2003,"TUUKKANEN, TARU TELLERVO",PERFUMERIAS AVENIDA,10,3,"3,33"
2003,"BERTHIEU, LUCCIENNE CLAUDINE",ROS CASARES VALENCIA,13,4,"3,25"
2003,"ZURRO ALFONSO, MARTA",MANN FILTER ZARAGOZA,6,2,3
2003,"LIMA GARCIA, CINDY ORQUIDEA",REAL CLUB CELTA BANCO SIMEON,6,2,3
2003,"PELAEZ SAN GIL, LOURDES",P.C. MENDIBIL,12,4,3
2003,"STARBIRD, CATHARINE EVELYN",USP CEU - ADECCO ESTUDIANTES,6,2,3
2003,"POLLINI, CATARINA",YAYA MARIA BREOGAN,14,5,"2,8"
2003,"HICKS, JESSIE IVETTE",ROS CASARES VALENCIA,11,4,"2,75"
2003,"PONS MOLINA, INGRID",ROS CASARES VALENCIA,11,4,"2,75"
2003,"AGUILAR LOPEZ , ELISA",ROS CASARES VALENCIA,11,4,"2,75"
2003,"CASTRO MARQUES, IZIANE",PERFUMERIAS AVENIDA,8,3,"2,67"
2003,"VIEIRA FREITAS, CARLA SOFIA",YAYA MARIA BREOGAN,2,5,"0,4"
2003,"GOMEZ IGLESIAS, REGINA",YAYA MARIA BREOGAN,2,5,"0,4"
2003,"QUINTERO CASTELLANO, THANIA",P.C. MENDIBIL,1,4,"0,25"
2003,"VIEIRA FREITAS, CARLA SOFIA",YAYA MARIA BREOGAN,2,5,"0,4"
2003,"GOMEZ IGLESIAS, REGINA",YAYA MARIA BREOGAN,2,5,"0,4"
2003,"QUINTERO CASTELLANO, THANIA",P.C. MENDIBIL,1,4,"0,25"
2002,"MIRCHANDANI VILLAR, LIDIA",ROS CASARES VALENCIA,1,4,"0,25"
2002,"MIRCHANDANI VILLAR, LIDIA",ROS CASARES VALENCIA,1,4,"0,25"
2002,"MIRCHANDANI VILLAR, LIDIA",ROS CASARES VALENCIA,1,4,"0,25"
2001,"MIRCHANDANI VILLAR, LIDIA",ROS CASARES VALENCIA,3,5,"0,6"
2001,"PIQUE SOLE, MERITXELL",CADI LA SEU D´URGELL,1,2,"0,5"
2001,"MONTESDEOCA LÓPEZ, EVA",CAJA RURAL DE CANARIAS,1,2,"0,5"
2001,"NAVARRETE TRUJILLO, MIREIA",REAL CLUB CELTA BANCO SIMEON,2,4,"0,5"
2001,"SECO SALVADOR, TERESA",FILTROS MANN ZARAGOZA,1,4,"0,25"
2001,"GESTEIRA FERNANDEZ, LIDIA",ROS CASARES VALENCIA,1,4,"0,25"
2001,"MIRCHANDANI VILLAR, LIDIA",ROS CASARES VALENCIA,3,5,"0,6"
2001,"PIQUE SOLE, MERITXELL",CADI LA SEU D´URGELL,1,2,"0,5"
2001,"MONTESDEOCA LÓPEZ, EVA",CAJA RURAL DE CANARIAS,1,2,"0,5"
2001,"NAVARRETE TRUJILLO, MIREIA",REAL CLUB CELTA BANCO SIMEON,2,4,"0,5"
2001,"SECO SALVADOR, TERESA",FILTROS MANN ZARAGOZA,1,4,"0,25"
2001,"GESTEIRA FERNANDEZ, LIDIA",ROS CASARES VALENCIA,1,4,"0,25"
2001,"MIRCHANDANI VILLAR, LIDIA",ROS CASARES VALENCIA,3,5,"0,6"
2001,"PIQUE SOLE, MERITXELL",CADI LA SEU D´URGELL,1,2,"0,5"
2001,"MONTESDEOCA LÓPEZ, EVA",CAJA RURAL DE CANARIAS,1,2,"0,5"
2001,"NAVARRETE TRUJILLO, MIREIA",REAL CLUB CELTA BANCO SIMEON,2,4,"0,5"
2001,"SECO SALVADOR, TERESA",FILTROS MANN ZARAGOZA,1,4,"0,25"
2001,"GESTEIRA FERNANDEZ, LIDIA",ROS CASARES VALENCIA,1,4,"0,25"
2000,"GALLEGO VICARIO, SANDRA",UNIVERSITAT DE BARCELONA,9,4,"2,25"
2000,"MIRCHANDANI VILLAR, LIDIA",UNIVERSITAT DE BARCELONA,9,4,"2,25"
2000,"MONTAÑANA GIMENO, ANNA",SALAMANCA HALCON VIAJES,4,2,2
2000,"---, SHANNON REGINA",ROS CASARES,10,5,2
2000,"---, ANKE",C.B.N.,4,2,2
2000,"GARCIA PIÑERO, MARIA BEGOÑA",ENSINO YAYA MARIA,9,5,"1,8"
2000,"ALONSO DIEGO, MARIA JOSE",B. CIUDAD DE BURGOS,5,3,"1,67"
2000,"LOPEZ VERDU, ALICIA",ROS CASARES,8,5,"1,6"
2000,"ZRNIC, JELENA",C.B.N.,3,2,"1,5"
2000,"ALVARADO FALCON, DAIZA MARTA",SANDRA GRAN CANARIA,3,2,"1,5"
2000,"---, LILLIA",C.B.N.,3,2,"1,5"
2000,"DONAIRE MALVELADA, ELSA",SALAMANCA HALCON VIAJES,3,2,"1,5"
2000,"JORDANA BOFILL, NOEMI",R.CLUB CELTA BANCO SIMEON,4,3,"1,33"
2000,"DELGADO DIAZ-GUEMES, RAQUEL",ROS CASARES,5,5,1
2000,"NAVARRETE TRUJILLO, MIREIA",R.CLUB CELTA BANCO SIMEON,3,3,1
2000,"DOMINGUEZ BERMEJO, DAVINIA",B. CIUDAD DE BURGOS,3,3,1
2000,"NAVARRO VIERA, MARIA GUADALUPE",SANDRA GRAN CANARIA,1,1,1
2000,"BEZOS MARTÍNEZ, EMMA",SALAMANCA HALCON VIAJES,2,2,1
2000,"PALAU ALTES, LAIA",UNIVERSITAT DE BARCELONA,4,4,1
2000,"GARCIA FERNANDEZ, BELEN",ENSINO YAYA MARIA,4,5,"0,8"
2000,"SEGUI CARLES, PAULA",UNIVERSITAT DE BARCELONA,3,4,"0,75"
2000,"GESTEIRA FERNANDEZ, LIDIA",ROS CASARES,2,3,"0,67"
2000,"PEREZ CAPARROS, ROSA",UNIVERSITAT DE BARCELONA,2,4,"0,5"
2000,"MARTINEZ ESPEJO, CARMEN",C.B.N.,1,2,"0,5"
2000,"REMIRO LEÓN, MARÍA",C.B.N.,1,2,"0,5"
2000,"BARRIOS PEINADO, NATALIA",B. CIUDAD DE BURGOS,1,3,"0,33"
2000,"GALLEGO VICARIO, SANDRA",UNIVERSITAT DE BARCELONA,9,4,"2,25"
2000,"MIRCHANDANI VILLAR, LIDIA",UNIVERSITAT DE BARCELONA,9,4,"2,25"
2000,"MONTAÑANA GIMENO, ANNA",SALAMANCA HALCON VIAJES,4,2,2
2000,"---, SHANNON REGINA",ROS CASARES,10,5,2
2000,"---, ANKE",C.B.N.,4,2,2
2000,"GARCIA PIÑERO, MARIA BEGOÑA",ENSINO YAYA MARIA,9,5,"1,8"
2000,"ALONSO DIEGO, MARIA JOSE",B. CIUDAD DE BURGOS,5,3,"1,67"
2000,"LOPEZ VERDU, ALICIA",ROS CASARES,8,5,"1,6"
2000,"ZRNIC, JELENA",C.B.N.,3,2,"1,5"
2000,"ALVARADO FALCON, DAIZA MARTA",SANDRA GRAN CANARIA,3,2,"1,5"
2000,"---, LILLIA",C.B.N.,3,2,"1,5"
2000,"DONAIRE MALVELADA, ELSA",SALAMANCA HALCON VIAJES,3,2,"1,5"
2000,"JORDANA BOFILL, NOEMI",R.CLUB CELTA BANCO SIMEON,4,3,"1,33"
2000,"DELGADO DIAZ-GUEMES, RAQUEL",ROS CASARES,5,5,1
2000,"NAVARRETE TRUJILLO, MIREIA",R.CLUB CELTA BANCO SIMEON,3,3,1
2000,"DOMINGUEZ BERMEJO, DAVINIA",B. CIUDAD DE BURGOS,3,3,1
2000,"NAVARRO VIERA, MARIA GUADALUPE",SANDRA GRAN CANARIA,1,1,1
2000,"BEZOS MARTÍNEZ, EMMA",SALAMANCA HALCON VIAJES,2,2,1
2000,"PALAU ALTES, LAIA",UNIVERSITAT DE BARCELONA,4,4,1
2000,"GARCIA FERNANDEZ, BELEN",ENSINO YAYA MARIA,4,5,"0,8"
2000,"SEGUI CARLES, PAULA",UNIVERSITAT DE BARCELONA,3,4,"0,75"
2000,"GESTEIRA FERNANDEZ, LIDIA",ROS CASARES,2,3,"0,67"
2000,"PEREZ CAPARROS, ROSA",UNIVERSITAT DE BARCELONA,2,4,"0,5"
2000,"MARTINEZ ESPEJO, CARMEN",C.B.N.,1,2,"0,5"
2000,"REMIRO LEÓN, MARÍA",C.B.N.,1,2,"0,5"
2000,"BARRIOS PEINADO, NATALIA",B. CIUDAD DE BURGOS,1,3,"0,33"
1999,"SARENAC, RANKICA",SANDRA GRAN CANARIA,16,2,8
1999,"CEBRIAN SCHEURER, ELISABET",R.CLUB CELTA BANCO SIMEON,13,2,"6,5"
1999,"JONKUTE, INGRIDA",C.D. ENSINO,13,2,"6,5"
1999,"GRANDE FLORES, LAURA",R.CLUB CELTA BANCO SIMEON,12,2,6
1999,"CRAWLEY, SILVIA YVONNE",C.D. ENSINO,10,2,5
1999,"---, ---",R.CLUB CELTA BANCO SIMEON,7,2,"3,5"
1999,"PONS MOLINA, INGRID",POPULAR BASQUET GODELLA,7,2,"3,5"
1999,"HICKS, JESSIE IVETTE",SANDRA GRAN CANARIA,7,2,"3,5"
1999,"DOBROVICA, ERIKA",R.CLUB CELTA BANCO SIMEON,7,2,"3,5"
1999,"FERRER PEREZ, ESTELA ROSA",SANDRA GRAN CANARIA,6,2,3
1999,"SANCHEZ ORTEGA, PALOMA",R.CLUB CELTA BANCO SIMEON,6,2,3
1999,"SÁNCHEZ LUJÁN, ROSAURA DEL CARMEN",SANDRA GRAN CANARIA,6,2,3
1999,"PELAEZ SAN GIL, LOURDES",SANDRA GRAN CANARIA,6,2,3
1999,"GARCIA PIÑERO, MARIA BEGOÑA",C.D. ENSINO,5,2,"2,5"
1999,"RODRIGUEZ TOLEDO, ORANDA",C.D. ENSINO,5,2,"2,5"
1999,"XANTAL SERRET, Mª DEL MAR",R.CLUB CELTA BANCO SIMEON,5,2,"2,5"
1999,"SANCHEZ FERNANDEZ, ISABEL",C.D. ENSINO,3,2,"1,5"
1999,"FERNANDEZ FARRES, MARTA",POPULAR BASQUET GODELLA,3,2,"1,5"
1999,"ANTONIKOVA, EVA",POPULAR BASQUET GODELLA,3,2,"1,5"
1999,"PADROS TORTADES, MARIA",POPULAR BASQUET GODELLA,1,1,1
1999,"JORDANA BOFILL, NOEMI",POPULAR BASQUET GODELLA,2,2,1
1999,"VILLAR FERNANDEZ, IRIA",R.CLUB CELTA BANCO SIMEON,1,1,1
1999,"NAVARRETE TRUJILLO, MIREIA",R.CLUB CELTA BANCO SIMEON,1,1,1
1999,"GESTEIRA FERNANDEZ, LIDIA",POPULAR BASQUET GODELLA,2,2,1
1999,"MONJE HERNANDEZ, BLANCA",C.D. ENSINO,1,2,"0,5"
1999,"BISETTI RODRIGUEZ, LUISA",R.CLUB CELTA BANCO SIMEON,1,2,"0,5"
1999,"---, MARIE",SANDRA GRAN CANARIA,1,2,"0,5"
1999,"DELGADO DIAZ-GUEMES, RAQUEL",POPULAR BASQUET GODELLA,1,2,"0,5"
1999,"MCNICHOL, JOY AILEEN",POPULAR BASQUET GODELLA,1,2,"0,5"
1999,"RAMIRO DIAZ, NURIA MARIA",C.D. ENSINO,1,2,"0,5"
1998,"MELVIN, CHASITY MONIQUE",CELTA BANCO SIMEON,27,3,9
1998,"VALDEMORO MADARIAGA, AMAYA",SALAMANCA HALCON VIAJES,19,3,"6,33"
1998,"GRANDE FLORES, LAURA",CELTA BANCO SIMEON,17,3,"5,67"
1998,"CEBRIAN SCHEURER, ELISABET",CELTA BANCO SIMEON,17,3,"5,67"
1998,"JONKUTE, INGRIDA",CD ENSINO UNIVERSIDADE,16,3,"5,33"
1998,"GAMON HERNANDEZ, ASUNCION",SANDRA GRAN CANARIA,14,3,"4,67"
1998,"PELAEZ SAN GIL, LOURDES",SANDRA GRAN CANARIA,12,3,4
1998,"HICKS, JESSIE IVETTE",SANDRA GRAN CANARIA,12,3,4
1998,"MIRCHANDANI VILLAR, LIDIA",SANDRA GRAN CANARIA,11,3,"3,67"
1998,"PASCHAL, TOWANDA DENICE",SALAMANCA HALCON VIAJES,10,3,"3,33"
1998,"GARCIA PIÑERO, MARIA BEGOÑA",CD ENSINO UNIVERSIDADE,8,3,"2,67"
1998,"ARMENTA MONTEAGUDO, MARUXA",CD ENSINO UNIVERSIDADE,7,3,"2,33"
1998,"LLAMAS PAJUELO, MARIA NIEVES",SALAMANCA HALCON VIAJES,7,3,"2,33"
1998,"BEZOS MARTÍNEZ, EMMA",SALAMANCA HALCON VIAJES,6,3,2
1998,"SANCHEZ ORTEGA, PALOMA",CELTA BANCO SIMEON,5,3,"1,67"
1998,"GONZALEZ DIAZ, CARMEN",CELTA BANCO SIMEON,5,3,"1,67"
1998,"XANTAL SERRET, Mª DEL MAR",CELTA BANCO SIMEON,5,3,"1,67"
1998,"SÁNCHEZ LUJÁN, ROSAURA DEL CARMEN",SANDRA GRAN CANARIA,5,3,"1,67"
1998,"SANCHEZ FERNANDEZ, ISABEL",CD ENSINO UNIVERSIDADE,5,3,"1,67"
1998,"SALVADOR VIÑOLAS, MERITXELL",SALAMANCA HALCON VIAJES,4,3,"1,33"
1998,"VILLAR FERNANDEZ, IRIA",CELTA BANCO SIMEON,4,3,"1,33"
1998,"DELGADO FERNANDEZ, CONCEPCION",CD ENSINO UNIVERSIDADE,4,3,"1,33"
1998,"URQUIJO ALAMO, PATRICIA",SANDRA GRAN CANARIA,1,1,1
1998,"HERNANDEZ ARENCIBIA, PATRICIA DEL PINO",SALAMANCA HALCON VIAJES,3,3,1
1998,"JUANES HERNANDEZ, YOLANDA",SALAMANCA HALCON VIAJES,3,3,1
1998,"MORIANA NADAL, PALOMA",SANDRA GRAN CANARIA,2,3,"0,67"
1998,"JUANES HERNANDEZ, SONIA",SALAMANCA HALCON VIAJES,1,2,"0,5"
1998,"QUINTERO CASTELLANO, THANIA",SANDRA GRAN CANARIA,1,3,"0,33"
1998,"VALERO CEBRIAN, PILAR",CELTA BANCO SIMEON,1,3,"0,33"
1997,"CEBRIAN SCHEURER, ELISABET",CE UNIVERSITARI,23,3,"7,67"
1997,"PONS MOLINA, INGRID",CE UNIVERSITARI,18,3,6
1997,"DYDEK, MARGO",POOL GETAFE,26,5,"5,2"
1997,"ZASSOULSKAYA, NATALIA",POOL GETAFE,26,5,"5,2"
1997,"JEKABSONE, ANDA",BANCO SIMEON,25,6,"4,17"
1997,"RODRIGUEZ TOLEDO, ORANDA",SANDRA GRAN CANARIA,8,2,4
1997,"---, HEIKE MARIA",POOL GETAFE,16,5,"3,2"
1997,"XANTAL SERRET, Mª DEL MAR",BANCO SIMEON,19,6,"3,17"
1997,"PELAEZ SAN GIL, LOURDES",SANDRA GRAN CANARIA,6,2,3
1997,"GRANDE FLORES, LAURA",BANCO SIMEON,18,6,3
1997,"ANULA ALAMEDA, NIEVES",POOL GETAFE,13,5,"2,6"
1997,"SÁNCHEZ LUJÁN, ROSAURA DEL CARMEN",SANDRA GRAN CANARIA,5,2,"2,5"
1997,"PALAU ALTES, LAIA",CE UNIVERSITARI,7,3,"2,33"
1997,"VALDEMORO MADARIAGA, AMAYA",POOL GETAFE,11,5,"2,2"
1997,"GAMON HERNANDEZ, ASUNCION",SANDRA GRAN CANARIA,4,2,2
1997,"SANCHEZ ORTEGA, PALOMA",BANCO SIMEON,12,6,2
1997,"VALERO CEBRIAN, PILAR",BANCO SIMEON,12,6,2
1997,"JACKSON, BRENETHA TRISE",POOL GETAFE,7,5,"1,4"
1997,"FONTS MATEO, NURIA",CE UNIVERSITARI,4,3,"1,33"
1997,"GALLEGO VICARIO, SANDRA",CE UNIVERSITARI,3,3,1
1997,"MONTESDEOCA LOPEZ, EVA",SANDRA GRAN CANARIA,1,1,1
1997,"MIRCHANDANI VILLAR, LIDIA",SANDRA GRAN CANARIA,2,2,1
1997,"ODEUS, ASA MARIANNE",POOL GETAFE,2,2,1
1997,"PEÑA LESMES, SANDRA",CE UNIVERSITARI,1,1,1
1997,"HEMERY, DEBBIE MICHELLE",POOL GETAFE,4,5,"0,8"
1997,"VILLAR FERNANDEZ, IRIA",BANCO SIMEON,3,6,"0,5"
1997,"GUERRA TALAVERA, TARINA MARIA",SANDRA GRAN CANARIA,1,2,"0,5"
1997,"KOSTIC, TANJA NATASA",POOL GETAFE,2,4,"0,5"
1997,"BISETTI RODRIGUEZ, LUISA",CE UNIVERSITARI,1,3,"0,33"
1997,"CANO MARTINEZ, LAURA",CE UNIVERSITARI,1,3,"0,33"
