Temporada,Jugador,Equipo,Tot,Part,Med
2024,"KONE , SIKA",PERFUMERIAS AVENIDA,7 / 7,4,100
2024,"MILLAN MODIA, BLANCA",BAXI FERROL,6 / 6,2,100
2024,"HRISTOVA, BORISLAVA",SPAR GIRONA,6 / 6,4,100
2024,"GIL COLLADO, LAURA",PERFUMERIAS AVENIDA,5 / 5,4,100
2024,"CRUZ LEBRATO, ANNA",CLUB JOVENTUT BADALONA,4 / 4,2,100
2024,"AYUSO BAGUR, AINA",HOZONO GLOBAL JAIRIS,4 / 4,2,100
2024,"PUEYO MELCHOR, HELENA",CASADEMONT ZARAGOZA,3 / 3,5,100
2024,"GRAY, RESHANDA JACQUETA",HOZONO GLOBAL JAIRIS,2 / 2,2,100
2024,"ATKINSON, TANAYA MECHELLE",CASADEMONT ZARAGOZA,2 / 2,1,100
2024,"LEKOVIC, MARIJA",PERFUMERIAS AVENIDA,2 / 2,2,100
2024,"DELAERE, ANTONIA LAURA A.",PERFUMERIAS AVENIDA,2 / 2,4,100
2024,"ELDEBRINK, FRIDA",HOZONO GLOBAL JAIRIS,2 / 2,2,100
2024,"ALEXANDER, KAYLA JANINE",VALENCIA B.C.,16 / 17,5,"94,12"
2024,"FIEBICH, LEONIE",VALENCIA B.C.,12 / 13,5,"92,31"
2024,"TURNER, YVONNE NICOLE",VALENCIA B.C.,11 / 12,5,"91,67"
2024,"TORRENS SALOM, ALBA",VALENCIA B.C.,8 / 9,5,"88,89"
2024,"MASSEY, BILLIE KIM",HOZONO GLOBAL JAIRIS,6 / 7,2,"85,71"
2024,"ORTIZ VIVES, MARIONA",CASADEMONT ZARAGOZA,15 / 18,5,"83,33"
2024,"FINGALL, NADIA ANGELIQUE",VALENCIA B.C.,5 / 6,5,"83,33"
2024,"CARTER, ARICA DERRIS",PERFUMERIAS AVENIDA,5 / 6,4,"83,33"
2024,"WHITTLE, MARENA JOSEPHINE",MOVISTAR ESTUDIANTES,5 / 6,2,"83,33"
2024,"MANÉ, MARIE",CASADEMONT ZARAGOZA,9 / 11,5,"81,82"
2024,"LUNDQUIST, KLARA MARIA SUSSANE",SPAR GIRONA,8 / 10,4,80
2024,"HEMPE, MERRIT RAMONA",CASADEMONT ZARAGOZA,14 / 18,5,"77,78"
2024,"MAWULI, STEPHANIE",CASADEMONT ZARAGOZA,17 / 22,5,"77,27"
2024,"HOLESINSKA, PETRA",HOZONO GLOBAL JAIRIS,6 / 8,2,75
2024,"MELIA, CLAIRE",BAXI FERROL,3 / 4,2,75
2024,"SANCHEZ RAMOS PEREDA, ALBA",BAXI FERROL,3 / 4,2,75
2024,"MAVUNGA, TAFADZWA STEPHANIE PAULA",VALENCIA B.C.,3 / 4,5,75
2024,"CARRERA QUINTANA, RAQUEL",VALENCIA B.C.,10 / 14,5,"71,43"
2024,"KONE , SIKA",PERFUMERIAS AVENIDA,7 / 7,4,100
2024,"MILLAN MODIA, BLANCA",BAXI FERROL,6 / 6,2,100
2024,"HRISTOVA, BORISLAVA",SPAR GIRONA,6 / 6,4,100
2024,"GIL COLLADO, LAURA",PERFUMERIAS AVENIDA,5 / 5,4,100
2024,"CRUZ LEBRATO, ANNA",CLUB JOVENTUT BADALONA,4 / 4,2,100
2024,"AYUSO BAGUR, AINA",HOZONO GLOBAL JAIRIS,4 / 4,2,100
2024,"PUEYO MELCHOR, HELENA",CASADEMONT ZARAGOZA,3 / 3,5,100
2024,"GRAY, RESHANDA JACQUETA",HOZONO GLOBAL JAIRIS,2 / 2,2,100
2024,"ATKINSON, TANAYA MECHELLE",CASADEMONT ZARAGOZA,2 / 2,1,100
2024,"LEKOVIC, MARIJA",PERFUMERIAS AVENIDA,2 / 2,2,100
2024,"DELAERE, ANTONIA LAURA A.",PERFUMERIAS AVENIDA,2 / 2,4,100
2024,"ELDEBRINK, FRIDA",HOZONO GLOBAL JAIRIS,2 / 2,2,100
2024,"ALEXANDER, KAYLA JANINE",VALENCIA B.C.,16 / 17,5,"94,12"
2024,"FIEBICH, LEONIE",VALENCIA B.C.,12 / 13,5,"92,31"
2024,"TURNER, YVONNE NICOLE",VALENCIA B.C.,11 / 12,5,"91,67"
2024,"TORRENS SALOM, ALBA",VALENCIA B.C.,8 / 9,5,"88,89"
2024,"MASSEY, BILLIE KIM",HOZONO GLOBAL JAIRIS,6 / 7,2,"85,71"
2024,"ORTIZ VIVES, MARIONA",CASADEMONT ZARAGOZA,15 / 18,5,"83,33"
2024,"FINGALL, NADIA ANGELIQUE",VALENCIA B.C.,5 / 6,5,"83,33"
2024,"CARTER, ARICA DERRIS",PERFUMERIAS AVENIDA,5 / 6,4,"83,33"
2024,"WHITTLE, MARENA JOSEPHINE",MOVISTAR ESTUDIANTES,5 / 6,2,"83,33"
2024,"MANÉ, MARIE",CASADEMONT ZARAGOZA,9 / 11,5,"81,82"
2024,"LUNDQUIST, KLARA MARIA SUSSANE",SPAR GIRONA,8 / 10,4,80
2024,"HEMPE, MERRIT RAMONA",CASADEMONT ZARAGOZA,14 / 18,5,"77,78"
2024,"MAWULI, STEPHANIE",CASADEMONT ZARAGOZA,17 / 22,5,"77,27"
2024,"HOLESINSKA, PETRA",HOZONO GLOBAL JAIRIS,6 / 8,2,75
2024,"MELIA, CLAIRE",BAXI FERROL,3 / 4,2,75
2024,"SANCHEZ RAMOS PEREDA, ALBA",BAXI FERROL,3 / 4,2,75
2024,"MAVUNGA, TAFADZWA STEPHANIE PAULA",VALENCIA B.C.,3 / 4,5,75
2024,"CARRERA QUINTANA, RAQUEL",VALENCIA B.C.,10 / 14,5,"71,43"
2023,"GIMENO MARTINEZ, VEGA",CASADEMONT ZARAGOZA,6 / 6,4,100
2023,"MESTRES RICART, GALA",BAXI FERROL,5 / 5,2,100
2023,"MAGARITY, REGAN AYLEEN",SPAR GIRONA,5 / 5,4,100
2023,"POSPÍŠILOVÁ, JULIE",BAXI FERROL,5 / 5,2,100
2023,"WHALEN, ERIN PATRICIA",IDK EUSKOTREN,4 / 4,2,100
2023,"DELAERE, ANTONIA LAURA A.",PERFUMERIAS AVENIDA,4 / 4,6,100
2023,"SELLAND, MYAH ALEXANDRA",BAXI FERROL,4 / 4,2,100
2023,"GERVASINI LACORZANA , AINHOA",CASADEMONT ZARAGOZA,3 / 3,4,100
2023,"HATAR, BERNADETT",PERFUMERIAS AVENIDA,3 / 3,6,100
2023,"MASSEY, BECKY ERNA",IDK EUSKOTREN,3 / 3,2,100
2023,"VILARO ARAGONES, ANDREA",PERFUMERIAS AVENIDA,2 / 2,6,100
2023,"ÇAKIR TURGUT, OLCAY",PERFUMERIAS AVENIDA,2 / 2,6,100
2023,"LOPEZ RODRIGUEZ, AINHOA",SPAR GIRONA,2 / 2,4,100
2023,"LABUCKIENE, GIEDRE",SPAR GIRONA,14 / 15,4,"93,33"
2023,"TOLO, MARIANNA",SPAR GIRONA,7 / 8,4,"87,5"
2023,"FIEBICH, LEONIE",CASADEMONT ZARAGOZA,12 / 14,4,"85,71"
2023,"ROMERO GONZALEZ, LETICIA",VALENCIA B.C.,6 / 7,6,"85,71"
2023,"DIALLO,  ZAINABE MYRIAM CHRISTELLE",CASADEMONT ZARAGOZA,5 / 6,4,"83,33"
2023,"CARTER, ARICA DERRIS",PERFUMERIAS AVENIDA,5 / 6,6,"83,33"
2023,"ERAUNCETAMURGIL AYESTARAN, MARIA",VALENCIA B.C.,5 / 6,5,"83,33"
2023,"SORIANO PEREZ, CLAUDIA",BAXI FERROL,5 / 6,2,"83,33"
2023,"CASAS CARRERAS, QUERALT",VALENCIA B.C.,5 / 6,6,"83,33"
2023,"RODRIGUEZ MANSO, LEONOR DEL PILAR",PERFUMERIAS AVENIDA,12 / 15,6,80
2023,"MAWULI, STEPHANIE",MOVISTAR ESTUDIANTES,8 / 10,2,80
2023,"GULICH, MARIE ISABELLE",VALENCIA B.C.,8 / 10,6,80
2023,"CAMILION CUCCARO, JUANA",MOVISTAR ESTUDIANTES,4 / 5,2,80
2023,"BERTSCH, MORGAN QUINN",SPAR GIRONA,4 / 5,4,80
2023,"GIL COLLADO, LAURA",PERFUMERIAS AVENIDA,15 / 19,6,"78,95"
2023,"KONE , SIKA",PERFUMERIAS AVENIDA,9 / 12,6,75
2023,"ORTIZ VIVES, MARIONA",CASADEMONT ZARAGOZA,6 / 8,4,75
2023,"MASSEY, BILLIE KIM",MOVISTAR ESTUDIANTES,0 / 2,2,0
2023,"GELDOF, SERENA LYNN PETRA",CASADEMONT ZARAGOZA,0 / 2,4,0
2023,"KONIG, AISLINN CHIA PI",HOZONO GLOBAL JAIRIS,0 / 2,2,0
2023,"MASSEY, BILLIE KIM",MOVISTAR ESTUDIANTES,0 / 2,2,0
2023,"GELDOF, SERENA LYNN PETRA",CASADEMONT ZARAGOZA,0 / 2,4,0
2023,"KONIG, AISLINN CHIA PI",HOZONO GLOBAL JAIRIS,0 / 2,2,0
2022,"FAM THIAM, AWA",VALENCIA B.C.,1 / 6,5,"16,67"
2022,"GOMES DA SILVA, SOFIA CAROLINA",LOINTEK GERNIKA BIZKAIA,0 / 2,2,0
2022,"FAM THIAM, AWA",VALENCIA B.C.,1 / 6,5,"16,67"
2022,"GOMES DA SILVA, SOFIA CAROLINA",LOINTEK GERNIKA BIZKAIA,0 / 2,2,0
2022,"FAM THIAM, AWA",VALENCIA B.C.,1 / 6,5,"16,67"
2022,"GOMES DA SILVA, SOFIA CAROLINA",LOINTEK GERNIKA BIZKAIA,0 / 2,2,0
2021,"PEREZ ARAUJO, MARIA",SPAR GIRONA,3 / 4,4,75
2021,"DRAMMEH, BINTA MOMMY DAISY",SPAR GIRONA,3 / 4,3,75
2021,"DE SANTIAGO OTERO, BEGOÑA",MOVISTAR ESTUDIANTES,3 / 4,2,75
2021,"ETXARRI MUNARRIZ, IRATI",CADI LA SEU,10 / 14,4,"71,43"
2021,"SAMUELSON, KARLIE ANNE",PERFUMERIAS AVENIDA,5 / 7,6,"71,43"
2021,"DOMINGUEZ FERNANDEZ, SILVIA",PERFUMERIAS AVENIDA,5 / 7,6,"71,43"
2021,"HOF, EMESE EVA",PERFUMERIAS AVENIDA,9 / 13,6,"69,23"
2021,"SALVADORES ALVAREZ, ANGELA",VALENCIA B.C.,10 / 15,6,"66,67"
2021,"GINZO ARANTES, PAULA",LOINTEK GERNIKA BIZKAIA,4 / 6,2,"66,67"
2021,"STRAUTMANE, PAULA",CADI LA SEU,4 / 6,4,"66,67"
2021,"VILARO ARAGONES, ANDREA",PERFUMERIAS AVENIDA,5 / 8,6,"62,5"
2021,"TRAHAN DAVIS, CELESTE",VALENCIA B.C.,9 / 15,6,60
2021,"BURKE, KENNEDY VALENTINE",SPAR GIRONA,4 / 7,4,"57,14"
2021,"REISINGEROVA , JULIA SUSSANE",SPAR GIRONA,10 / 18,4,"55,56"
2021,"GULICH, MARIE ISABELLE",VALENCIA B.C.,6 / 11,6,"54,55"
2021,"ROUNDTREE, MARGARET YVETTE",LOINTEK GERNIKA BIZKAIA,2 / 4,2,50
2021,"CRUZ LEBRATO, ANNA",CASADEMONT ZARAGOZA,2 / 4,2,50
2021,"DIAZ CASTELLANO, YURENA",IDK EUSKOTREN,1 / 2,2,50
2021,"LLORENTE, VICTORIA",MOVISTAR ESTUDIANTES,1 / 2,2,50
2021,"CORNELIUS, LAURA",IDK EUSKOTREN,1 / 2,2,50
2021,"LUKACOVICOVA, KLAUDIA",CADI LA SEU,1 / 2,4,50
2021,"FASOULA, MARIA EMMANOUELA",PERFUMERIAS AVENIDA,7 / 15,6,"46,67"
2021,"CARRERA QUINTANA, RAQUEL",VALENCIA B.C.,5 / 15,6,"33,33"
2021,"PUJOL LLUCH, ARIADNA",CADI LA SEU,1 / 4,4,25
2021,"HEMPE, MERRIT RAMONA",CASADEMONT ZARAGOZA,1 / 4,2,25
2021,"PALAU ALTES, LAIA",SPAR GIRONA,1 / 4,4,25
2021,"CASAS CARRERAS, QUERALT",VALENCIA B.C.,1 / 8,6,"12,5"
2021,"FINGALL, NADIA ANGELIQUE",MOVISTAR ESTUDIANTES,0 / 2,2,0
2021,"PEREZ ARAUJO, MARIA",SPAR GIRONA,3 / 4,4,75
2021,"DRAMMEH, BINTA MOMMY DAISY",SPAR GIRONA,3 / 4,3,75
2021,"DE SANTIAGO OTERO, BEGOÑA",MOVISTAR ESTUDIANTES,3 / 4,2,75
2021,"ETXARRI MUNARRIZ, IRATI",CADI LA SEU,10 / 14,4,"71,43"
2021,"SAMUELSON, KARLIE ANNE",PERFUMERIAS AVENIDA,5 / 7,6,"71,43"
2021,"DOMINGUEZ FERNANDEZ, SILVIA",PERFUMERIAS AVENIDA,5 / 7,6,"71,43"
2021,"HOF, EMESE EVA",PERFUMERIAS AVENIDA,9 / 13,6,"69,23"
2021,"SALVADORES ALVAREZ, ANGELA",VALENCIA B.C.,10 / 15,6,"66,67"
2021,"GINZO ARANTES, PAULA",LOINTEK GERNIKA BIZKAIA,4 / 6,2,"66,67"
2021,"STRAUTMANE, PAULA",CADI LA SEU,4 / 6,4,"66,67"
2021,"VILARO ARAGONES, ANDREA",PERFUMERIAS AVENIDA,5 / 8,6,"62,5"
2021,"TRAHAN DAVIS, CELESTE",VALENCIA B.C.,9 / 15,6,60
2021,"BURKE, KENNEDY VALENTINE",SPAR GIRONA,4 / 7,4,"57,14"
2021,"REISINGEROVA , JULIA SUSSANE",SPAR GIRONA,10 / 18,4,"55,56"
2021,"GULICH, MARIE ISABELLE",VALENCIA B.C.,6 / 11,6,"54,55"
2021,"ROUNDTREE, MARGARET YVETTE",LOINTEK GERNIKA BIZKAIA,2 / 4,2,50
2021,"CRUZ LEBRATO, ANNA",CASADEMONT ZARAGOZA,2 / 4,2,50
2021,"DIAZ CASTELLANO, YURENA",IDK EUSKOTREN,1 / 2,2,50
2021,"LLORENTE, VICTORIA",MOVISTAR ESTUDIANTES,1 / 2,2,50
2021,"CORNELIUS, LAURA",IDK EUSKOTREN,1 / 2,2,50
2021,"LUKACOVICOVA, KLAUDIA",CADI LA SEU,1 / 2,4,50
2021,"FASOULA, MARIA EMMANOUELA",PERFUMERIAS AVENIDA,7 / 15,6,"46,67"
2021,"CARRERA QUINTANA, RAQUEL",VALENCIA B.C.,5 / 15,6,"33,33"
2021,"PUJOL LLUCH, ARIADNA",CADI LA SEU,1 / 4,4,25
2021,"HEMPE, MERRIT RAMONA",CASADEMONT ZARAGOZA,1 / 4,2,25
2021,"PALAU ALTES, LAIA",SPAR GIRONA,1 / 4,4,25
2021,"CASAS CARRERAS, QUERALT",VALENCIA B.C.,1 / 8,6,"12,5"
2021,"FINGALL, NADIA ANGELIQUE",MOVISTAR ESTUDIANTES,0 / 2,2,0
2020,"HOF, EMESE EVA",PERFUMERIAS AVENIDA,7 / 9,7,"77,78"
2020,"ATKINSON, TANAYA MECHELLE",CIUDAD DE LA LAGUNA TENERIFE,9 / 12,2,75
2020,"OMA GIRALT, HELENA",DURÁN MAQUINARIA ENSINO,3 / 4,2,75
2020,"MILIC, NIKOLINA",PERFUMERIAS AVENIDA,8 / 11,7,"72,73"
2020,"ALARIE, ISABELLA AUGUSTINE",PERFUMERIAS AVENIDA,5 / 7,7,"71,43"
2020,"GOMES COLHADO, NADIA",LOINTEK GERNIKA BIZKAIA,4 / 6,4,"66,67"
2020,"ELDEBRINK, FRIDA",SPAR GIRONA,2 / 3,4,"66,67"
2020,"BETTENCOURT CORREIA, MARIA JOAO",CIUDAD DE LA LAGUNA TENERIFE,2 / 3,2,"66,67"
2020,"CAZORLA MEDINA, MARIA TERESA",PERFUMERIAS AVENIDA,2 / 3,5,"66,67"
2020,"OUVIÑA MODREGO, CRISTINA",VALENCIA B.C.,7 / 11,7,"63,64"
2020,"FALL, SOKHNA ADJI",SPAR GRAN CANARIA,5 / 8,2,"62,5"
2020,"TAYLOR, SPARKLE SHEANNA",SPAR GRAN CANARIA,6 / 10,2,60
2020,"REISINGEROVA , JULIA SUSSANE",SPAR GIRONA,6 / 11,4,"54,55"
2020,"CARRERA QUINTANA, RAQUEL",VALENCIA B.C.,7 / 13,7,"53,85"
2020,"GULICH, MARIE ISABELLE",VALENCIA B.C.,8 / 15,7,"53,33"
2020,"LABUCKIENE, GIEDRE",SPAR GIRONA,4 / 8,4,50
2020,"ROUNDTREE, MARGARET YVETTE",LOINTEK GERNIKA BIZKAIA,3 / 6,4,50
2020,"GOMES DA SILVA, SOFIA CAROLINA",MOVISTAR ESTUDIANTES,3 / 6,2,50
2020,"ABDI, FARHIYA",CIUDAD DE LA LAGUNA TENERIFE,3 / 6,2,50
2020,"FERRARI CALABRO, PAOLA ANDREA",SPAR GIRONA,3 / 6,4,50
2020,"GIL COLLADO, LAURA",VALENCIA B.C.,2 / 4,3,50
2020,"KONE , SIKA",SPAR GRAN CANARIA,2 / 4,2,50
2020,"RAMAN, JANA GEORGES R",MOVISTAR ESTUDIANTES,1 / 2,2,50
2020,"BURANI, AGOSTINA PAOLA",MOVISTAR ESTUDIANTES,1 / 2,2,50
2020,"FASOULA, MARIA EMMANOUELA",CIUDAD DE LA LAGUNA TENERIFE,4 / 9,2,"44,44"
2020,"CASAS CARRERAS, QUERALT",VALENCIA B.C.,4 / 10,6,40
2020,"N'DIAYE, DJENEBA",SPAR GRAN CANARIA,2 / 5,2,40
2020,"GINZO ARANTES, PAULA",LOINTEK GERNIKA BIZKAIA,2 / 6,4,"33,33"
2020,"BRITO HERNANDEZ, CARLA",SPAR GRAN CANARIA,0 / 2,2,0
2020,"JAMES, KAI AFI GNOZI NONI",SPAR GRAN CANARIA,0 / 2,2,0
2020,"ALBERDI LARRUCEA, MARTA",LOINTEK GERNIKA BIZKAIA,0 / 2,2,0
2020,"ALBERDI LARRUCEA, MARTA",LOINTEK GERNIKA BIZKAIA,0 / 2,2,0
2019,"ELONU, ADAORA NNENNA",SPAR CITYLIFT GIRONA,3 / 6,3,50
2019,"MOORE, TINARA NICOLE",CADI LA SEU,2 / 4,1,50
2019,"NYINGIFA, ATONYE JENNIFER",DURÁN MAQUINARIA ENSINO,2 / 4,1,50
2019,"CARRERA QUINTANA, RAQUEL",RPK ARASKI,2 / 4,2,50
2019,"REISINGEROVA , JULIA SUSSANE",VALENCIA B.C.,2 / 4,2,50
2019,"VAN DEN ADEL, NATALIE ISABELLE",RPK ARASKI,2 / 4,2,50
2019,"DIETRICK, BLAKE JULIA",LOINTEK GERNIKA BIZKAIA,2 / 4,1,50
2019,"MARTINEZ PRAT, NURIA",SPAR CITYLIFT GIRONA,2 / 4,3,50
2019,"PIERRE LOUIS, VIONISE ARON'S",CIUDAD DE LA LAGUNA TENERIFE,1 / 2,1,50
2019,"ETXARRI MUNARRIZ, IRATI",CADI LA SEU,1 / 2,1,50
2019,"BROWN , JOY ALEXIS",VALENCIA B.C.,1 / 2,2,50
2019,"ATKINSON, TANAYA MECHELLE",CIUDAD DE LA LAGUNA TENERIFE,1 / 2,1,50
2019,"ARIZTIMUÑO LOPEZ , ITZIAR",LOINTEK GERNIKA BIZKAIA,1 / 2,1,50
2019,"TRAORE, ASTOU",CIUDAD DE LA LAGUNA TENERIFE,1 / 2,1,50
2019,"ARROJO JIMENEZ, MARIA BELEN",LOINTEK GERNIKA BIZKAIA,1 / 2,1,50
2019,"MILIC, NIKOLINA",LOINTEK GERNIKA BIZKAIA,5 / 11,1,"45,45"
2019,"CASAS CARRERAS, QUERALT",VALENCIA B.C.,2 / 6,2,"33,33"
2019,"MILLER, CHERIN BRITANY",DURÁN MAQUINARIA ENSINO,2 / 6,1,"33,33"
2019,"RAMAN, JANA GEORGES R",VALENCIA B.C.,1 / 3,2,"33,33"
2019,"ABALDE DIAZ, TAMARA",VALENCIA B.C.,2 / 7,2,"28,57"
2019,"PEREZ ARAUJO, MARIA",SPAR CITYLIFT GIRONA,1 / 4,3,25
2019,"CAZORLA MEDINA, MARIA TERESA",PERFUMERIAS AVENIDA,0 / 2,3,0
2019,"ELONU, ADAORA NNENNA",SPAR CITYLIFT GIRONA,3 / 6,3,50
2019,"MOORE, TINARA NICOLE",CADI LA SEU,2 / 4,1,50
2019,"NYINGIFA, ATONYE JENNIFER",DURÁN MAQUINARIA ENSINO,2 / 4,1,50
2019,"CARRERA QUINTANA, RAQUEL",RPK ARASKI,2 / 4,2,50
2019,"REISINGEROVA , JULIA SUSSANE",VALENCIA B.C.,2 / 4,2,50
2019,"VAN DEN ADEL, NATALIE ISABELLE",RPK ARASKI,2 / 4,2,50
2019,"DIETRICK, BLAKE JULIA",LOINTEK GERNIKA BIZKAIA,2 / 4,1,50
2019,"MARTINEZ PRAT, NURIA",SPAR CITYLIFT GIRONA,2 / 4,3,50
2019,"PIERRE LOUIS, VIONISE ARON'S",CIUDAD DE LA LAGUNA TENERIFE,1 / 2,1,50
2019,"ETXARRI MUNARRIZ, IRATI",CADI LA SEU,1 / 2,1,50
2019,"BROWN , JOY ALEXIS",VALENCIA B.C.,1 / 2,2,50
2019,"ATKINSON, TANAYA MECHELLE",CIUDAD DE LA LAGUNA TENERIFE,1 / 2,1,50
2019,"ARIZTIMUÑO LOPEZ , ITZIAR",LOINTEK GERNIKA BIZKAIA,1 / 2,1,50
2019,"TRAORE, ASTOU",CIUDAD DE LA LAGUNA TENERIFE,1 / 2,1,50
2019,"ARROJO JIMENEZ, MARIA BELEN",LOINTEK GERNIKA BIZKAIA,1 / 2,1,50
2019,"MILIC, NIKOLINA",LOINTEK GERNIKA BIZKAIA,5 / 11,1,"45,45"
2019,"CASAS CARRERAS, QUERALT",VALENCIA B.C.,2 / 6,2,"33,33"
2019,"MILLER, CHERIN BRITANY",DURÁN MAQUINARIA ENSINO,2 / 6,1,"33,33"
2019,"RAMAN, JANA GEORGES R",VALENCIA B.C.,1 / 3,2,"33,33"
2019,"ABALDE DIAZ, TAMARA",VALENCIA B.C.,2 / 7,2,"28,57"
2019,"PEREZ ARAUJO, MARIA",SPAR CITYLIFT GIRONA,1 / 4,3,25
2019,"CAZORLA MEDINA, MARIA TERESA",PERFUMERIAS AVENIDA,0 / 2,3,0
2018,"GARCIA URLEZAGA, IZASKUN",RPK ARASKI,3 / 4,2,75
2018,"WESTBELD, KATHRYN ELIZABETH",IDK GIPUZKOA,3 / 4,3,75
2018,"ABALDE DIAZ, TAMARA",VALENCIA B.C.,8 / 11,5,"72,73"
2018,"SARR, OUMOUL KHAIRY",IDK GIPUZKOA,5 / 7,3,"71,43"
2018,"PUJOL LLUCH, ARIADNA",CADI LA SEU,5 / 7,5,"71,43"
2018,"LOYD, JEWELL BLESSING",PERFUMERIAS AVENIDA,7 / 10,6,70
2018,"HEMPE, MERRIT RAMONA",CADI LA SEU,7 / 10,5,70
2018,"BAHI BLANQUERA, GEORGINA",CADI LA SEU,7 / 10,5,70
2018,"PALAU ALTES, LAIA",SPAR CITYLIFT GIRONA,7 / 10,6,70
2018,"BUCH ROSELL, ROSO",SPAR CITYLIFT GIRONA,4 / 6,6,"66,67"
2018,"ERAUNCETAMURGIL AYESTARAN, MARIA",IDK GIPUZKOA,2 / 3,3,"66,67"
2018,"VAN DEN ADEL, NATALIE ISABELLE",RPK ARASKI,2 / 3,2,"66,67"
2018,"PARDO HERVIAS, LAURA",RPK ARASKI,2 / 3,2,"66,67"
2018,"PIERRE LOUIS, VIONISE ARON'S",SPAR CITYLIFT GIRONA,14 / 23,5,"60,87"
2018,"GIMENO MARTINEZ, VEGA",MANN-FILTER CASABLANCA,6 / 10,2,60
2018,"DIEZ FERNANDEZ, NAIARA",LOINTEK GERNIKA BIZKAIA,3 / 5,3,60
2018,"URBANIAK -DORNSTAUDER, QUINN  ASIA",MANN-FILTER CASABLANCA,3 / 5,2,60
2018,"BEREZHYNSKA, VALERIYA",LOINTEK GERNIKA BIZKAIA,3 / 5,3,60
2018,"ETXARRI MUNARRIZ, IRATI",CADI LA SEU,7 / 12,5,"58,33"
2018,"DOMINGUEZ FERNANDEZ, SILVIA",PERFUMERIAS AVENIDA,4 / 7,6,"57,14"
2018,"DE SOUZA MACHADO, ERIKA CRISTINA",PERFUMERIAS AVENIDA,6 / 11,6,"54,55"
2018,"ELDEBRINK, ELIN",PERFUMERIAS AVENIDA,6 / 11,6,"54,55"
2018,"GOMEZ IGUAL, ANNA",VALENCIA B.C.,6 / 12,5,50
2018,"MOORE, TINARA NICOLE",VALENCIA B.C.,2 / 4,5,50
2018,"MAZIONYTE, GINTARE",LOINTEK GERNIKA BIZKAIA,1 / 2,3,50
2018,"SANCHEZ MARRUFO, BEATRIZ",SPAR CITYLIFT GIRONA,1 / 2,5,50
2018,"ROBINSON, ANGELICA DANIELLE",PERFUMERIAS AVENIDA,3 / 7,6,"42,86"
2018,"TIRERA, MEIYA",VALENCIA B.C.,2 / 6,5,"33,33"
2018,"MONTOLIU MATIAS, MARTA",MANN-FILTER CASABLANCA,1 / 3,2,"33,33"
2018,"GIVENS , KRISI TIJANA",PERFUMERIAS AVENIDA,3 / 10,6,30
2018,"ASURMENDI VILLAVERDE, MARIA DEL CARMEN",PERFUMERIAS AVENIDA,1 / 4,6,25
2018,"ROUNDTREE, MARGARET YVETTE",LOINTEK GERNIKA BIZKAIA,0 / 4,3,0
2018,"DRAMMEH, BINTA MOMMY DAISY",RPK ARASKI,0 / 2,1,0
2018,"ASURMENDI VILLAVERDE, MARIA DEL CARMEN",PERFUMERIAS AVENIDA,1 / 4,6,25
2018,"ROUNDTREE, MARGARET YVETTE",LOINTEK GERNIKA BIZKAIA,0 / 4,3,0
2018,"DRAMMEH, BINTA MOMMY DAISY",RPK ARASKI,0 / 2,1,0
2017,"GOMES COLHADO, NADIA",SPAR CITYLIFT GIRONA,48 / 71,25,"67,61"
2017,"LIZARAZU HERRERA, MARINA",QUESOS EL PASTOR,46 / 70,26,"65,71"
2017,"GOMEZ IGUAL, ANNA",LOINTEK GERNIKA BIZKAIA,33 / 52,25,"63,46"
2017,"BROWN , JOY ALEXIS",NISSAN  AL-QÁZERES EXTREMADURA,55 / 91,26,"60,44"
2017,"ALLEYNE, JILLIAN CHANTEL",IDK GIPUZKOA,33 / 57,22,"57,89"
2017,"PEREZ ARAUJO, MARIA",STAR CENTER-UNI FERROL,44 / 83,26,"53,01"
2017,"CALDWELL , TALIA ADAIAH",LOINTEK GERNIKA BIZKAIA,44 / 85,19,"51,76"
2017,"GOMES COLHADO, NADIA",SPAR CITYLIFT GIRONA,48 / 71,25,"67,61"
2017,"LIZARAZU HERRERA, MARINA",QUESOS EL PASTOR,46 / 70,26,"65,71"
2017,"GOMEZ IGUAL, ANNA",LOINTEK GERNIKA BIZKAIA,33 / 52,25,"63,46"
2017,"BROWN , JOY ALEXIS",NISSAN  AL-QÁZERES EXTREMADURA,55 / 91,26,"60,44"
2017,"ALLEYNE, JILLIAN CHANTEL",IDK GIPUZKOA,33 / 57,22,"57,89"
2017,"PEREZ ARAUJO, MARIA",STAR CENTER-UNI FERROL,44 / 83,26,"53,01"
2017,"CALDWELL , TALIA ADAIAH",LOINTEK GERNIKA BIZKAIA,44 / 85,19,"51,76"
2016,"ETXARRI MUNARRIZ, IRATI",LACTURALE ARASKI,2 / 4,4,50
2016,"ASURMENDI VILLAVERDE, MARIA DEL CARMEN",LOINTEK GERNIKA BIZKAIA,2 / 4,2,50
2016,"VEGA REBORA, GISELA VERONICA",LACTURALE ARASKI,2 / 4,4,50
2016,"LLORENTE, VICTORIA",LOINTEK GERNIKA BIZKAIA,1 / 2,2,50
2016,"MOKANGO, CHANEL MODIRI",LOINTEK GERNIKA BIZKAIA,1 / 2,2,50
2016,"SARR, OUMOUL KHAIRY",IDK GIPUZKOA,1 / 2,3,50
2016,"GONZALEZ DUARTE , LARA",IDK GIPUZKOA,1 / 2,2,50
2016,"ARMSTRONG, ANNE MARIE",LOINTEK GERNIKA BIZKAIA,1 / 2,2,50
2016,"GOMES COLHADO, NADIA",IDK GIPUZKOA,3 / 7,3,"42,86"
2016,"GARCIA URLEZAGA, IZASKUN",LOINTEK GERNIKA BIZKAIA,1 / 3,2,"33,33"
2016,"OCETE CASTILLO, GABRIELA",IDK GIPUZKOA,0 / 4,3,0
2016,"ETXARRI MUNARRIZ, IRATI",LACTURALE ARASKI,2 / 4,4,50
2016,"ASURMENDI VILLAVERDE, MARIA DEL CARMEN",LOINTEK GERNIKA BIZKAIA,2 / 4,2,50
2016,"VEGA REBORA, GISELA VERONICA",LACTURALE ARASKI,2 / 4,4,50
2016,"LLORENTE, VICTORIA",LOINTEK GERNIKA BIZKAIA,1 / 2,2,50
2016,"MOKANGO, CHANEL MODIRI",LOINTEK GERNIKA BIZKAIA,1 / 2,2,50
2016,"SARR, OUMOUL KHAIRY",IDK GIPUZKOA,1 / 2,3,50
2016,"GONZALEZ DUARTE , LARA",IDK GIPUZKOA,1 / 2,2,50
2016,"ARMSTRONG, ANNE MARIE",LOINTEK GERNIKA BIZKAIA,1 / 2,2,50
2016,"GOMES COLHADO, NADIA",IDK GIPUZKOA,3 / 7,3,"42,86"
2016,"GARCIA URLEZAGA, IZASKUN",LOINTEK GERNIKA BIZKAIA,1 / 3,2,"33,33"
2016,"OCETE CASTILLO, GABRIELA",IDK GIPUZKOA,0 / 4,3,0
2015,"GEMELOS, JACQUELINE ANN",PERFUMERIAS AVENIDA,3 / 3,5,100
2015,"BUCH ROSELL, ROSO",C.B. CONQUERO HUELVA WAGEN,2 / 2,2,100
2015,"DE SA CASTRO NEVES, CATARINA",C.B. CONQUERO HUELVA WAGEN,2 / 2,2,100
2015,"KUKTIENE, VITA",SPAR CITYLIFT GIRONA,2 / 2,5,100
2015,"ELONU, ADAORA NNENNA",C.B. CONQUERO HUELVA WAGEN,16 / 17,2,"94,12"
2015,"FERRARI CALABRO, PAOLA ANDREA",MANN-FILTER,8 / 9,2,"88,89"
2015,"ZLATANOVA, JAKLIN",MANN-FILTER,6 / 7,2,"85,71"
2015,"MARGINEAN , GABRIELA",PERFUMERIAS AVENIDA,8 / 10,5,80
2015,"BEARD, ALANA MONIQUE",PERFUMERIAS AVENIDA,8 / 10,5,80
2015,"LO SYLLA, NOGAYE",MANN-FILTER,4 / 5,2,80
2015,"KOBRYN , EWELINA KATARZYNA",PERFUMERIAS AVENIDA,4 / 5,5,80
2015,"DOMINGUEZ FERNANDEZ, SILVIA",PERFUMERIAS AVENIDA,5 / 7,5,"71,43"
2015,"GIVENS , KRISI TIJANA",SPAR CITYLIFT GIRONA,19 / 28,5,"67,86"
2015,"COULIBALY, NAIGNOUMA",SPAR CITYLIFT GIRONA,12 / 18,5,"66,67"
2015,"GIDDEN, VANESSA NICOLE",PERFUMERIAS AVENIDA,4 / 6,3,"66,67"
2015,"ASURMENDI VILLAVERDE, MARIA DEL CARMEN",PERFUMERIAS AVENIDA,4 / 6,5,"66,67"
2015,"KNEZEVIC, ADRIJANA",SPAR CITYLIFT GIRONA,2 / 3,5,"66,67"
2015,"OCETE CASTILLO, GABRIELA",MANN-FILTER,5 / 8,2,"62,5"
2015,"IBEKWE, IFUNANYA DEBBIE",SPAR CITYLIFT GIRONA,4 / 7,2,"57,14"
2015,"NDOUR, ASTOU BARRO",PERFUMERIAS AVENIDA,8 / 15,5,"53,33"
2015,"VITOLA, KRISTINE",PERFUMERIAS AVENIDA,3 / 6,4,50
2015,"TRAORE, AYA",C.B. CONQUERO HUELVA WAGEN,1 / 2,2,50
2015,"JORDANA BOFILL, NOEMI",SPAR CITYLIFT GIRONA,6 / 13,5,"46,15"
2015,"SPANOU, ARTEMIS",SPAR CITYLIFT GIRONA,2 / 6,5,"33,33"
2015,"PASCUA SUAREZ, MARÍA LUCILA",MANN-FILTER,2 / 6,2,"33,33"
2015,"RODRIGUEZ MANSO, LEONOR DEL PILAR",PERFUMERIAS AVENIDA,1 / 6,5,"16,67"
2015,"CALDWELL , TALIA ADAIAH",C.B. CONQUERO HUELVA WAGEN,0 / 2,1,0
2014,"BAHI BLANQUERA, GEORGINA",CADI LA SEU,7 / 7,3,100
2014,"FERRARI CALABRO, PAOLA ANDREA",PERFUMERIAS AVENIDA,2 / 2,5,100
2014,"MONTAÑANA GIMENO, ANNA",PERFUMERIAS AVENIDA,2 / 2,1,100
2014,"XARGAY CASADEMONT, MARTA",PERFUMERIAS AVENIDA,19 / 20,5,95
2014,"ELONU, ADAORA NNENNA",C.B. CONQUERO HUELVA WAGEN,8 / 9,2,"88,89"
2014,"REZAN, MARIJA",PERFUMERIAS AVENIDA,13 / 15,5,"86,67"
2014,"GIDDEN, VANESSA NICOLE",SPAR CITYLIFT GIRONA,17 / 20,4,85
2014,"HIND, BEN ABDELKADER",CADI LA SEU,11 / 13,3,"84,62"
2014,"JORDANA BOFILL, NOEMI",SPAR CITYLIFT GIRONA,6 / 8,4,75
2014,"MADU, NDIDI AWELE",CADI LA SEU,3 / 4,3,75
2014,"PEREZ TORRES, TANIA",CADI LA SEU,3 / 4,3,75
2014,"ROBINSON, ANGELICA DANIELLE",PERFUMERIAS AVENIDA,9 / 13,5,"69,23"
2014,"GIL COLLADO, LAURA",CADI LA SEU,12 / 18,3,"66,67"
2014,"DAVIS , CHELSEA MARIA",C.B. CONQUERO HUELVA WAGEN,4 / 6,2,"66,67"
2014,"KUKTIENE, VITA",SPAR CITYLIFT GIRONA,2 / 3,4,"66,67"
2014,"ASURMENDI VILLAVERDE, MARIA DEL CARMEN",C.B. CONQUERO HUELVA WAGEN,2 / 3,2,"66,67"
2014,"IBEKWE, IFUNANYA DEBBIE",SPAR CITYLIFT GIRONA,10 / 18,4,"55,56"
2014,"CHAMBERS, BRITTANY MARIE",SPAR CITYLIFT GIRONA,6 / 11,4,"54,55"
2014,"BLE, DOUKOLE VANESSA",PERFUMERIAS AVENIDA,3 / 6,5,50
2014,"PARHAM, AJA DANIELLE",C.B. CONQUERO HUELVA WAGEN,3 / 6,2,50
2014,"RODRIGUEZ MANSO, LEONOR DEL PILAR",PERFUMERIAS AVENIDA,2 / 4,5,50
2014,"BABKINA, ELINA",SPAR CITYLIFT GIRONA,2 / 4,4,50
2014,"TANNER, TYRESE LA SHAY",CADI LA SEU,4 / 10,3,40
2014,"SUAREZ UTRERO, ANA MARIA",CADI LA SEU,2 / 6,3,"33,33"
2014,"FERNANDEZ FARRES, MARTA",PERFUMERIAS AVENIDA,2 / 7,5,"28,57"
2014,"ABALDE DIAZ, TAMARA",PERFUMERIAS AVENIDA,1 / 4,3,25
2013,"RODRIGUEZ MANSO, LEONOR DEL PILAR",PERFUMERIAS AVENIDA,4 / 4,5,100
2013,"HASSELL, JASMINE",RIVAS ECOPOLIS,4 / 4,5,100
2013,"GOMEZ IGUAL, ANNA",EMBUTIDOS PAJARIEL BEMBIBRE PD,4 / 4,3,100
2013,"NDOYE, BINETA",GRAN CANARIA 2014,4 / 4,3,100
2013,"DAVIS , CHELSEA MARIA",GRAN CANARIA 2014,3 / 3,3,100
2013,"XARGAY CASADEMONT, MARTA",PERFUMERIAS AVENIDA,3 / 3,5,100
2013,"MONGOMO CARVALLO, MARIA CONCEPCIÓN",GRAN CANARIA 2014,2 / 2,3,100
2013,"FERNANDEZ FARRES, MARTA",PERFUMERIAS AVENIDA,2 / 2,5,100
2013,"PETEVA, DANIELA ROSENOVA",EMBUTIDOS PAJARIEL BEMBIBRE PD,2 / 2,3,100
2013,"CABRERA ARGUELLO, PATRICIA",GRAN CANARIA 2014,2 / 2,3,100
2013,"OCETE CASTILLO, GABRIELA",RIVAS ECOPOLIS,5 / 6,5,"83,33"
2013,"NICHOLLS GONZALEZ, LAURA",RIVAS ECOPOLIS,9 / 11,5,"81,82"
2013,"MURPHY, ESHAYA MARIE",PERFUMERIAS AVENIDA,11 / 14,5,"78,57"
2013,"ELDEBRINK, FRIDA",RIVAS ECOPOLIS,11 / 14,5,"78,57"
2013,"CHAMBERS, BRITTANY MARIE",GRAN CANARIA 2014,7 / 9,3,"77,78"
2013,"ALLISON, RACHEL LINDSAY",RIVAS ECOPOLIS,3 / 4,5,75
2013,"BERMEJO MORENO, CLARA SUSANA",RIVAS ECOPOLIS,3 / 4,5,75
2013,"HALVARSSON , LOUICE",RIVAS ECOPOLIS,5 / 7,5,"71,43"
2013,"DENNETT, MELISSA LOUISE",EMBUTIDOS PAJARIEL BEMBIBRE PD,5 / 7,3,"71,43"
2013,"DIAZ CASTELLANO, YURENA",GRAN CANARIA 2014,5 / 7,3,"71,43"
2013,"ROBINSON, ANGELICA DANIELLE",PERFUMERIAS AVENIDA,14 / 20,5,70
2013,"NDOUR, ASTOU BARRO",GRAN CANARIA 2014,8 / 12,3,"66,67"
2013,"BUCH ROSELL, ROSO",EMBUTIDOS PAJARIEL BEMBIBRE PD,6 / 12,3,50
2013,"GIMENO MARTINEZ, VEGA",RIVAS ECOPOLIS,4 / 8,3,50
2013,"MONTENEGRO SANTANA, RITA ESTHER",EMBUTIDOS PAJARIEL BEMBIBRE PD,3 / 6,3,50
2013,"CISSE, MARIEME",GRAN CANARIA 2014,1 / 2,1,50
2013,"O'REILLY, ORLA",EMBUTIDOS PAJARIEL BEMBIBRE PD,1 / 2,3,50
2013,"LIEPKALNE, DITA",EMBUTIDOS PAJARIEL BEMBIBRE PD,2 / 5,3,40
2013,"REZAN, MARIJA",PERFUMERIAS AVENIDA,2 / 6,5,"33,33"
2013,"CASAS CARRERAS, QUERALT",RIVAS ECOPOLIS,1 / 4,5,25
2012,"BRAVARD , CIERRA  NICHOLE",SPAR UNIGIRONA,12 / 12,5,100
2012,"REVUELTO SÁNCHEZ-AGUILERA, MARIA",UNB OBENASA,8 / 8,3,100
2012,"CRUZ LEBRATO, ANNA",RIVAS ECOPOLIS,7 / 7,4,100
2012,"GOMEZ IGUAL, ANNA",BEROIL - CIUDAD DE BURGOS,7 / 7,2,100
2012,"GOMEZ FERREIROS, SARA",UNB OBENASA,6 / 6,3,100
2012,"KURASOVA, OLEKSANDRA",RIVAS ECOPOLIS,5 / 5,4,100
2012,"ORAVCOVA, ANDREA",CADI - ICG SOFTWARE,5 / 5,4,100
2012,"SOTIRIOU , AIKATERINA",UNB OBENASA,5 / 5,3,100
2012,"CUEVAS MEDIAVILLA, AITANA",BEROIL - CIUDAD DE BURGOS,4 / 4,2,100
2012,"HENRY, ANEIKA ANNA-KAY",RIVAS ECOPOLIS,3 / 3,4,100
2012,"ARGÜELLO CUENCA, PATRICIA",UNB OBENASA,3 / 3,3,100
2012,"GIL COLLADO, LAURA",BEROIL - CIUDAD DE BURGOS,3 / 3,2,100
2012,"GOMEZ IGLESIAS, REGINA",BEROIL - CIUDAD DE BURGOS,2 / 2,2,100
2012,"BOU LLOVERAS, EVA",SPAR UNIGIRONA,2 / 2,5,100
2012,"PASCUA SUAREZ, MARÍA LUCILA",PERFUMERIAS AVENIDA,2 / 2,4,100
2012,"NIEDOLA, SABINE",CADI - ICG SOFTWARE,2 / 2,4,100
2012,"DIEZ FERNANDEZ, NAIARA",UNB OBENASA,2 / 2,3,100
2012,"MORRISON JARA, ZIOMARA ESKET",RIVAS ECOPOLIS,13 / 14,4,"92,86"
2012,"PARHAM, AJA DANIELLE",CADI - ICG SOFTWARE,8 / 9,4,"88,89"
2012,"BARTONOVA , KATERINA",CADI - ICG SOFTWARE,7 / 8,4,"87,5"
2012,"XARGAY CASADEMONT, MARTA",PERFUMERIAS AVENIDA,7 / 8,4,"87,5"
2012,"CURRIE , MONIQUE PAULETTE",PERFUMERIAS AVENIDA,18 / 21,4,"85,71"
2012,"ASURMENDI VILLAVERDE, MARIA DEL CARMEN",UNB OBENASA,12 / 14,3,"85,71"
2012,"BELD , MYRTHE BRIGIT MARIA",SPAR UNIGIRONA,6 / 7,5,"85,71"
2012,"CHUMILLAS PERIS, BERTA",BEROIL - CIUDAD DE BURGOS,5 / 6,2,"83,33"
2012,"MONROE, JACINTA LISETTE",SPAR UNIGIRONA,14 / 17,5,"82,35"
2012,"COVINGTON, ARHONDA",CADI - ICG SOFTWARE,8 / 10,4,80
2012,"SULCIUTE, EGLE",PERFUMERIAS AVENIDA,6 / 8,4,75
2012,"FREIXANET VIEJO, JAEL",SPAR UNIGIRONA,3 / 4,5,75
2012,"TRAORE, ASTOU",CADI - ICG SOFTWARE,14 / 19,4,"73,68"
2012,"BRAVARD , CIERRA  NICHOLE",SPAR UNIGIRONA,12 / 12,5,100
2012,"REVUELTO SÁNCHEZ-AGUILERA, MARIA",UNB OBENASA,8 / 8,3,100
2012,"CRUZ LEBRATO, ANNA",RIVAS ECOPOLIS,7 / 7,4,100
2012,"GOMEZ IGUAL, ANNA",BEROIL - CIUDAD DE BURGOS,7 / 7,2,100
2012,"GOMEZ FERREIROS, SARA",UNB OBENASA,6 / 6,3,100
2012,"KURASOVA, OLEKSANDRA",RIVAS ECOPOLIS,5 / 5,4,100
2012,"ORAVCOVA, ANDREA",CADI - ICG SOFTWARE,5 / 5,4,100
2012,"SOTIRIOU , AIKATERINA",UNB OBENASA,5 / 5,3,100
2012,"CUEVAS MEDIAVILLA, AITANA",BEROIL - CIUDAD DE BURGOS,4 / 4,2,100
2012,"HENRY, ANEIKA ANNA-KAY",RIVAS ECOPOLIS,3 / 3,4,100
2012,"ARGÜELLO CUENCA, PATRICIA",UNB OBENASA,3 / 3,3,100
2012,"GIL COLLADO, LAURA",BEROIL - CIUDAD DE BURGOS,3 / 3,2,100
2012,"GOMEZ IGLESIAS, REGINA",BEROIL - CIUDAD DE BURGOS,2 / 2,2,100
2012,"BOU LLOVERAS, EVA",SPAR UNIGIRONA,2 / 2,5,100
2012,"PASCUA SUAREZ, MARÍA LUCILA",PERFUMERIAS AVENIDA,2 / 2,4,100
2012,"NIEDOLA, SABINE",CADI - ICG SOFTWARE,2 / 2,4,100
2012,"DIEZ FERNANDEZ, NAIARA",UNB OBENASA,2 / 2,3,100
2012,"MORRISON JARA, ZIOMARA ESKET",RIVAS ECOPOLIS,13 / 14,4,"92,86"
2012,"PARHAM, AJA DANIELLE",CADI - ICG SOFTWARE,8 / 9,4,"88,89"
2012,"BARTONOVA , KATERINA",CADI - ICG SOFTWARE,7 / 8,4,"87,5"
2012,"XARGAY CASADEMONT, MARTA",PERFUMERIAS AVENIDA,7 / 8,4,"87,5"
2012,"CURRIE , MONIQUE PAULETTE",PERFUMERIAS AVENIDA,18 / 21,4,"85,71"
2012,"ASURMENDI VILLAVERDE, MARIA DEL CARMEN",UNB OBENASA,12 / 14,3,"85,71"
2012,"BELD , MYRTHE BRIGIT MARIA",SPAR UNIGIRONA,6 / 7,5,"85,71"
2012,"CHUMILLAS PERIS, BERTA",BEROIL - CIUDAD DE BURGOS,5 / 6,2,"83,33"
2012,"MONROE, JACINTA LISETTE",SPAR UNIGIRONA,14 / 17,5,"82,35"
2012,"COVINGTON, ARHONDA",CADI - ICG SOFTWARE,8 / 10,4,80
2012,"SULCIUTE, EGLE",PERFUMERIAS AVENIDA,6 / 8,4,75
2012,"FREIXANET VIEJO, JAEL",SPAR UNIGIRONA,3 / 4,5,75
2012,"TRAORE, ASTOU",CADI - ICG SOFTWARE,14 / 19,4,"73,68"
2011,"SARR, OUMOUL KHAIRY",GIRONA FC,6 / 6,2,100
2011,"YACOUBOU, ISABELLE",CIUDAD ROS CASARES VALENCIA,4 / 4,4,100
2011,"FEASTER, ALISON",PERFUMERIAS AVENIDA,2 / 2,4,100
2011,"PIRSIC, SANDRA",RIVAS ECOPOLIS,2 / 2,2,100
2011,"JONES, ASJHA",RIVAS ECOPOLIS,2 / 2,2,100
2011,"GIMENO MARTINEZ, VEGA",RIVAS ECOPOLIS,2 / 2,2,100
2011,"PALAU ALTES, LAIA",CIUDAD ROS CASARES VALENCIA,2 / 2,4,100
2011,"VALDEMORO MADARIAGA, AMAYA",RIVAS ECOPOLIS,2 / 2,2,100
2011,"XARGAY CASADEMONT, MARTA",PERFUMERIAS AVENIDA,9 / 10,4,90
2011,"WAUTERS, ANN",CIUDAD ROS CASARES VALENCIA,8 / 9,4,"88,89"
2011,"JACKSON, LAUREN",CIUDAD ROS CASARES VALENCIA,7 / 8,4,"87,5"
2011,"MOORE, MAYA APRIL",CIUDAD ROS CASARES VALENCIA,7 / 8,3,"87,5"
2011,"MURPHY, ESHAYA MARIE",CIUDAD ROS CASARES VALENCIA,6 / 7,4,"85,71"
2011,"JORDANA BOFILL, NOEMI",GIRONA FC,6 / 7,2,"85,71"
2011,"BONNER, DEWANNA TENISE",PERFUMERIAS AVENIDA,15 / 18,4,"83,33"
2011,"AGUILAR LOPEZ , ELISA",RIVAS ECOPOLIS,5 / 6,2,"83,33"
2011,"RUANO ORIOLA, OLGA",GIRONA FC,5 / 6,2,"83,33"
2011,"FERNANDEZ FARRES, MARTA",PERFUMERIAS AVENIDA,4 / 5,4,80
2011,"LYTTLE LYTTLE, SANCHO TRACY CONSTANCE",CIUDAD ROS CASARES VALENCIA,3 / 4,4,75
2011,"DE SOUZA MACHADO, ERIKA CRISTINA",PERFUMERIAS AVENIDA,11 / 15,4,"73,33"
2011,"DOMINGUEZ FERNANDEZ, SILVIA",CIUDAD ROS CASARES VALENCIA,6 / 9,4,"66,67"
2011,"KORSTINE, ILONA",PERFUMERIAS AVENIDA,7 / 11,4,"63,64"
2011,"THORBURN, SHONA LOUISE",GIRONA FC,4 / 7,2,"57,14"
2011,"ROBINSON, ANGELICA DANIELLE",GIRONA FC,4 / 7,2,"57,14"
2011,"CRUZ LEBRATO, ANNA",RIVAS ECOPOLIS,3 / 6,2,50
2011,"SANCHEZ FERNANDEZ, ISABEL",PERFUMERIAS AVENIDA,2 / 4,4,50
2011,"ANTOJA ROVIRA, LAURA",PERFUMERIAS AVENIDA,2 / 4,4,50
2011,"VAJDA, ANNA",PERFUMERIAS AVENIDA,1 / 2,4,50
2011,"NICHOLLS GONZALEZ, LAURA",RIVAS ECOPOLIS,1 / 2,2,50
2011,"BOU LLOVERAS, EVA",GIRONA FC,1 / 2,2,50
2011,"SARR, OUMOUL KHAIRY",GIRONA FC,6 / 6,2,100
2011,"YACOUBOU, ISABELLE",CIUDAD ROS CASARES VALENCIA,4 / 4,4,100
2011,"FEASTER, ALISON",PERFUMERIAS AVENIDA,2 / 2,4,100
2011,"PIRSIC, SANDRA",RIVAS ECOPOLIS,2 / 2,2,100
2011,"JONES, ASJHA",RIVAS ECOPOLIS,2 / 2,2,100
2011,"GIMENO MARTINEZ, VEGA",RIVAS ECOPOLIS,2 / 2,2,100
2011,"PALAU ALTES, LAIA",CIUDAD ROS CASARES VALENCIA,2 / 2,4,100
2011,"VALDEMORO MADARIAGA, AMAYA",RIVAS ECOPOLIS,2 / 2,2,100
2011,"XARGAY CASADEMONT, MARTA",PERFUMERIAS AVENIDA,9 / 10,4,90
2011,"WAUTERS, ANN",CIUDAD ROS CASARES VALENCIA,8 / 9,4,"88,89"
2011,"JACKSON, LAUREN",CIUDAD ROS CASARES VALENCIA,7 / 8,4,"87,5"
2011,"MOORE, MAYA APRIL",CIUDAD ROS CASARES VALENCIA,7 / 8,3,"87,5"
2011,"MURPHY, ESHAYA MARIE",CIUDAD ROS CASARES VALENCIA,6 / 7,4,"85,71"
2011,"JORDANA BOFILL, NOEMI",GIRONA FC,6 / 7,2,"85,71"
2011,"BONNER, DEWANNA TENISE",PERFUMERIAS AVENIDA,15 / 18,4,"83,33"
2011,"AGUILAR LOPEZ , ELISA",RIVAS ECOPOLIS,5 / 6,2,"83,33"
2011,"RUANO ORIOLA, OLGA",GIRONA FC,5 / 6,2,"83,33"
2011,"FERNANDEZ FARRES, MARTA",PERFUMERIAS AVENIDA,4 / 5,4,80
2011,"LYTTLE LYTTLE, SANCHO TRACY CONSTANCE",CIUDAD ROS CASARES VALENCIA,3 / 4,4,75
2011,"DE SOUZA MACHADO, ERIKA CRISTINA",PERFUMERIAS AVENIDA,11 / 15,4,"73,33"
2011,"DOMINGUEZ FERNANDEZ, SILVIA",CIUDAD ROS CASARES VALENCIA,6 / 9,4,"66,67"
2011,"KORSTINE, ILONA",PERFUMERIAS AVENIDA,7 / 11,4,"63,64"
2011,"THORBURN, SHONA LOUISE",GIRONA FC,4 / 7,2,"57,14"
2011,"ROBINSON, ANGELICA DANIELLE",GIRONA FC,4 / 7,2,"57,14"
2011,"CRUZ LEBRATO, ANNA",RIVAS ECOPOLIS,3 / 6,2,50
2011,"SANCHEZ FERNANDEZ, ISABEL",PERFUMERIAS AVENIDA,2 / 4,4,50
2011,"ANTOJA ROVIRA, LAURA",PERFUMERIAS AVENIDA,2 / 4,4,50
2011,"VAJDA, ANNA",PERFUMERIAS AVENIDA,1 / 2,4,50
2011,"NICHOLLS GONZALEZ, LAURA",RIVAS ECOPOLIS,1 / 2,2,50
2011,"BOU LLOVERAS, EVA",GIRONA FC,1 / 2,2,50
2010,"MONTAÑANA GIMENO, ANNA",PERFUMERIAS AVENIDA,4 / 4,2,100
2010,"PARIS, COURTNEY LYNNE",RIVAS ECOPOLIS,3 / 3,2,100
2010,"CASAS CARRERAS, QUERALT",MANN FILTER ZARAGOZA,2 / 2,2,100
2010,"ZLATANOVA, JAKLIN",MANN FILTER ZARAGOZA,2 / 2,2,100
2010,"AGUILAR LOPEZ , ELISA",RIVAS ECOPOLIS,2 / 2,2,100
2010,"FEASTER, ALISON",MANN FILTER ZARAGOZA,2 / 2,2,100
2010,"VESELA, JANA",CIUDAD ROS CASARES VALENCIA,2 / 2,1,100
2010,"LAWSON, EDWIGE",CIUDAD ROS CASARES VALENCIA,2 / 2,2,100
2010,"CRUZ LEBRATO, ANNA",RIVAS ECOPOLIS,2 / 2,2,100
2010,"ROYO TORRES, MARIA ESTELA",MANN FILTER ZARAGOZA,2 / 2,2,100
2010,"MONDT, ANKE DE",PERFUMERIAS AVENIDA,7 / 8,2,"87,5"
2010,"LIMA GARCIA, CINDY ORQUIDEA",CIUDAD ROS CASARES VALENCIA,6 / 7,2,"85,71"
2010,"PINA TOLOSA, MARIA",MANN FILTER ZARAGOZA,5 / 6,2,"83,33"
2010,"MARTINEZ PRAT, NURIA",CIUDAD ROS CASARES VALENCIA,5 / 6,2,"83,33"
2010,"ANOSIKE, NIKOLIKA NONYELUM",CIUDAD ROS CASARES VALENCIA,9 / 11,2,"81,82"
2010,"KRESOVIC, INES",MANN FILTER ZARAGOZA,3 / 4,2,75
2010,"DE SOUZA MACHADO, ERIKA CRISTINA",PERFUMERIAS AVENIDA,3 / 4,2,75
2010,"LYTTLE LYTTLE, SANCHO TRACY CONSTANCE",PERFUMERIAS AVENIDA,5 / 7,2,"71,43"
2010,"BRUNSON, REBEKKAH",CIUDAD ROS CASARES VALENCIA,5 / 7,2,"71,43"
2010,"BONNER, DEWANNA TENISE",RIVAS ECOPOLIS,3 / 6,2,50
2010,"DOMINGUEZ FERNANDEZ, SILVIA",PERFUMERIAS AVENIDA,2 / 4,2,50
2010,"PASCUA SUAREZ, MARÍA LUCILA",MANN FILTER ZARAGOZA,1 / 2,2,50
2010,"BERMEJO MORENO, CLARA SUSANA",RIVAS ECOPOLIS,1 / 2,2,50
2010,"DOUGLAS, KATHRYN",CIUDAD ROS CASARES VALENCIA,5 / 11,2,"45,45"
2010,"FERNANDEZ FARRES, MARTA",CIUDAD ROS CASARES VALENCIA,3 / 8,2,"37,5"
2009,"PASCUA SUAREZ, MARÍA LUCILA",MANN FILTER ZARAGOZA,7 / 7,2,100
2009,"FEASTER, ALISON",MANN FILTER ZARAGOZA,4 / 4,2,100
2009,"AGUILAR LOPEZ , ELISA",CIUDAD ROS CASARES VALENCIA,3 / 3,4,100
2009,"DRLJACA, LJUBICA",CIUDAD ROS CASARES VALENCIA,2 / 2,2,100
2009,"SNELL, BELINDA ROSE",CIUDAD ROS CASARES VALENCIA,11 / 12,4,"91,67"
2009,"MONDT, ANKE DE",PERFUMERIAS AVENIDA,5 / 6,4,"83,33"
2009,"MILTON, DELISHA LACHELL",CIUDAD ROS CASARES VALENCIA,15 / 19,4,"78,95"
2009,"VALDEMORO MADARIAGA, AMAYA",CIUDAD ROS CASARES VALENCIA,7 / 9,4,"77,78"
2009,"LANGHORNE , CRYSTAL ALLISON",RIVAS ECOPOLIS,7 / 9,2,"77,78"
2009,"CRUZ LEBRATO, ANNA",RIVAS ECOPOLIS,7 / 9,2,"77,78"
2009,"ABROMAITE, AGNE",MANN FILTER ZARAGOZA,3 / 4,2,75
2009,"MONTAÑANA GIMENO, ANNA",CIUDAD ROS CASARES VALENCIA,3 / 4,4,75
2009,"PODKOVALNIKOVA , OLGA",PERFUMERIAS AVENIDA,3 / 4,4,75
2009,"TORRENS SALOM, ALBA",PERFUMERIAS AVENIDA,8 / 11,4,"72,73"
2009,"VESELA, JANA",CIUDAD ROS CASARES VALENCIA,7 / 10,4,70
2009,"SANCHEZ FERNANDEZ, ISABEL",PERFUMERIAS AVENIDA,7 / 10,4,70
2009,"LYTTLE LYTTLE, SANCHO TRACY CONSTANCE",PERFUMERIAS AVENIDA,14 / 21,4,"66,67"
2009,"DOMINGUEZ FERNANDEZ, SILVIA",PERFUMERIAS AVENIDA,8 / 12,4,"66,67"
2009,"STEN, TIINA IRENE",MANN FILTER ZARAGOZA,4 / 6,2,"66,67"
2009,"DUBLJEVIC, JELENA",RIVAS ECOPOLIS,2 / 3,2,"66,67"
2009,"BERMEJO MORENO, CLARA SUSANA",RIVAS ECOPOLIS,2 / 3,2,"66,67"
2009,"DA SILVA, KATIA",MANN FILTER ZARAGOZA,2 / 4,2,50
2009,"DICKSON, JESSICA",MANN FILTER ZARAGOZA,1 / 2,2,50
2009,"XARGAY CASADEMONT, MARTA",PERFUMERIAS AVENIDA,1 / 2,4,50
2009,"OUVIÑA MODREGO, CRISTINA",MANN FILTER ZARAGOZA,1 / 2,2,50
2009,"WILLINGHAM, LE`COE LOUISE",PERFUMERIAS AVENIDA,4 / 9,4,"44,44"
2009,"DE SOUZA MACHADO, ERIKA CRISTINA",CIUDAD ROS CASARES VALENCIA,5 / 17,4,"29,41"
2009,"PALAU ALTES, LAIA",CIUDAD ROS CASARES VALENCIA,2 / 7,4,"28,57"
2008,"WIGGINS, CANDICE DANA",CIUDAD ROS CASARES,14 / 14,4,100
2008,"DUBLJEVIC, JELENA",RIVAS ECÓPOLIS,8 / 8,3,100
2008,"PASCUA SUAREZ, MARÍA LUCILA",CB FEVE SAN JOSÉ,4 / 4,2,100
2008,"MONDT, ANKE DE",PERFUMERIAS AVENIDA,4 / 4,5,100
2008,"MURPHY, ESHAYA MARIE",CB FEVE SAN JOSÉ,4 / 4,2,100
2008,"ARGÜELLO CUENCA, PATRICIA",CB FEVE SAN JOSÉ,2 / 2,2,100
2008,"TORNIKIDOU TORNIKIDOU, ELENA",CIUDAD ROS CASARES,2 / 2,2,100
2008,"HODGES, RONEEKA RAYSHELL",RIVAS ECÓPOLIS,13 / 14,3,"92,86"
2008,"BASKO , GUNTA",PERFUMERIAS AVENIDA,9 / 10,5,90
2008,"SANCHEZ FERNANDEZ, ISABEL",PERFUMERIAS AVENIDA,12 / 14,5,"85,71"
2008,"VALDEMORO MADARIAGA, AMAYA",CIUDAD ROS CASARES,12 / 14,4,"85,71"
2008,"MILTON, DELISHA LACHELL",CIUDAD ROS CASARES,11 / 13,4,"84,62"
2008,"PINA TOLOSA, MARIA",CB FEVE SAN JOSÉ,5 / 6,2,"83,33"
2008,"MONTAÑANA GIMENO, ANNA",CIUDAD ROS CASARES,5 / 6,4,"83,33"
2008,"SNOW, MICHELLE",PERFUMERIAS AVENIDA,12 / 16,5,75
2008,"ABALDE DIAZ, TAMARA",RIVAS ECÓPOLIS,3 / 4,3,75
2008,"DOMINGUEZ FERNANDEZ, SILVIA",PERFUMERIAS AVENIDA,3 / 4,5,75
2008,"RILEY, RUTH ELLEN",RIVAS ECÓPOLIS,3 / 4,3,75
2008,"WILLINGHAM, LE`COE LOUISE",PERFUMERIAS AVENIDA,11 / 15,5,"73,33"
2008,"ROVIRA RODRIGUEZ, MARIA DEL MAR",PERFUMERIAS AVENIDA,7 / 10,5,70
2008,"PALAU ALTES, LAIA",CIUDAD ROS CASARES,4 / 6,4,"66,67"
2008,"THORBURN, SHONA LOUISE",CB FEVE SAN JOSÉ,4 / 6,2,"66,67"
2008,"REVUELTO SÁNCHEZ-AGUILERA, MARIA",CB FEVE SAN JOSÉ,4 / 6,2,"66,67"
2008,"DE SOUZA MACHADO, ERIKA CRISTINA",CIUDAD ROS CASARES,4 / 7,4,"57,14"
2008,"BERMEJO MORENO, CLARA SUSANA",RIVAS ECÓPOLIS,4 / 7,3,"57,14"
2008,"VESELA, JANA",CIUDAD ROS CASARES,4 / 8,4,50
2008,"STAMPALIJA, PETRA",PERFUMERIAS AVENIDA,3 / 6,5,50
2008,"UJHELYI, PETRA",RIVAS ECÓPOLIS,1 / 2,3,50
2008,"LIMA GARCIA, CINDY ORQUIDEA",CB FEVE SAN JOSÉ,1 / 3,2,"33,33"
2007,"AGUILAR LOPEZ , ELISA",C. ROS CASARES VALENCIA,8 / 8,5,100
2007,"MILTON, DELISHA LACHELL",C. ROS CASARES VALENCIA,6 / 6,5,100
2007,"MORALES MARTIN, SILVIA",EBE PROMOCIONES SANTA EULALIAI,6 / 6,3,100
2007,"THORBURN, SHONA LOUISE",EBE PROMOCIONES SANTA EULALIAI,5 / 5,3,100
2007,"PONS MOLINA, INGRID",EBE PROMOCIONES SANTA EULALIAI,4 / 4,3,100
2007,"FERRAGUT CASTILLO, MARINA",C. ROS CASARES VALENCIA,4 / 4,5,100
2007,"FEASTER, ALISON",CLUB BALONCESTO SAN JOSÉ,4 / 4,2,100
2007,"JORDANA BOFILL, NOEMI",C. ROS CASARES VALENCIA,4 / 4,4,100
2007,"REID, TRACY LASHAWN",PERFUMERIAS AVENIDA,3 / 3,6,100
2007,"DOMINGUEZ FERNANDEZ, SILVIA",PERFUMERIAS AVENIDA,2 / 2,6,100
2007,"REVUELTO SÁNCHEZ-AGUILERA, MARIA",CLUB BALONCESTO SAN JOSÉ,2 / 2,2,100
2007,"TORNIKIDOU TORNIKIDOU, ELENA",C. ROS CASARES VALENCIA,11 / 12,5,"91,67"
2007,"MONTAÑANA GIMENO, ANNA",PERFUMERIAS AVENIDA,26 / 30,6,"86,67"
2007,"MONDT, ANKE DE",PERFUMERIAS AVENIDA,13 / 15,6,"86,67"
2007,"DE SOUZA MACHADO, ERIKA CRISTINA",C. ROS CASARES VALENCIA,12 / 14,5,"85,71"
2007,"LILJESTRAND, THYRA LINNEA",EBE PROMOCIONES SANTA EULALIAI,5 / 6,3,"83,33"
2007,"MATIC , IVANKA",PERFUMERIAS AVENIDA,19 / 23,6,"82,61"
2007,"SANCHEZ FERNANDEZ, ISABEL",PERFUMERIAS AVENIDA,13 / 17,6,"76,47"
2007,"MALTSI, EVANTHIA",C. ROS CASARES VALENCIA,3 / 4,5,75
2007,"LYTTLE LYTTLE, SANCHO TRACY CONSTANCE",EBE PROMOCIONES SANTA EULALIAI,5 / 7,3,"71,43"
2007,"DOUGLAS, KATHRYN",C. ROS CASARES VALENCIA,11 / 16,5,"68,75"
2007,"PAGE, LINDA A. MURRIEL",CLUB BALONCESTO SAN JOSÉ,4 / 6,2,"66,67"
2007,"LIMA GARCIA, CINDY ORQUIDEA",CLUB BALONCESTO SAN JOSÉ,2 / 3,2,"66,67"
2007,"BERMEJO MORENO, CLARA SUSANA",PERFUMERIAS AVENIDA,11 / 18,6,"61,11"
2007,"COHEN, LIRON",CLUB BALONCESTO SAN JOSÉ,4 / 7,2,"57,14"
2007,"ALAÑA SEGURA, SHEILA",PERFUMERIAS AVENIDA,2 / 4,6,50
2007,"SANTOS DE OLIVEIRA, ALESSANDRA",PERFUMERIAS AVENIDA,1 / 2,2,50
2007,"BATTLE , ASHLEY MICHELLE",CLUB BALONCESTO SAN JOSÉ,1 / 2,2,50
2007,"NAVARRO SALLES, LAURA",EBE PROMOCIONES SANTA EULALIAI,1 / 2,3,50
2007,"SEGUI CARLES, PAULA",CLUB BALONCESTO SAN JOSÉ,1 / 2,2,50
2007,"AGUILAR LOPEZ , ELISA",C. ROS CASARES VALENCIA,8 / 8,5,100
2007,"MILTON, DELISHA LACHELL",C. ROS CASARES VALENCIA,6 / 6,5,100
2007,"MORALES MARTIN, SILVIA",EBE PROMOCIONES SANTA EULALIAI,6 / 6,3,100
2007,"THORBURN, SHONA LOUISE",EBE PROMOCIONES SANTA EULALIAI,5 / 5,3,100
2007,"PONS MOLINA, INGRID",EBE PROMOCIONES SANTA EULALIAI,4 / 4,3,100
2007,"FERRAGUT CASTILLO, MARINA",C. ROS CASARES VALENCIA,4 / 4,5,100
2007,"FEASTER, ALISON",CLUB BALONCESTO SAN JOSÉ,4 / 4,2,100
2007,"JORDANA BOFILL, NOEMI",C. ROS CASARES VALENCIA,4 / 4,4,100
2007,"REID, TRACY LASHAWN",PERFUMERIAS AVENIDA,3 / 3,6,100
2007,"DOMINGUEZ FERNANDEZ, SILVIA",PERFUMERIAS AVENIDA,2 / 2,6,100
2007,"REVUELTO SÁNCHEZ-AGUILERA, MARIA",CLUB BALONCESTO SAN JOSÉ,2 / 2,2,100
2007,"TORNIKIDOU TORNIKIDOU, ELENA",C. ROS CASARES VALENCIA,11 / 12,5,"91,67"
2007,"MONTAÑANA GIMENO, ANNA",PERFUMERIAS AVENIDA,26 / 30,6,"86,67"
2007,"MONDT, ANKE DE",PERFUMERIAS AVENIDA,13 / 15,6,"86,67"
2007,"DE SOUZA MACHADO, ERIKA CRISTINA",C. ROS CASARES VALENCIA,12 / 14,5,"85,71"
2007,"LILJESTRAND, THYRA LINNEA",EBE PROMOCIONES SANTA EULALIAI,5 / 6,3,"83,33"
2007,"MATIC , IVANKA",PERFUMERIAS AVENIDA,19 / 23,6,"82,61"
2007,"SANCHEZ FERNANDEZ, ISABEL",PERFUMERIAS AVENIDA,13 / 17,6,"76,47"
2007,"MALTSI, EVANTHIA",C. ROS CASARES VALENCIA,3 / 4,5,75
2007,"LYTTLE LYTTLE, SANCHO TRACY CONSTANCE",EBE PROMOCIONES SANTA EULALIAI,5 / 7,3,"71,43"
2007,"DOUGLAS, KATHRYN",C. ROS CASARES VALENCIA,11 / 16,5,"68,75"
2007,"PAGE, LINDA A. MURRIEL",CLUB BALONCESTO SAN JOSÉ,4 / 6,2,"66,67"
2007,"LIMA GARCIA, CINDY ORQUIDEA",CLUB BALONCESTO SAN JOSÉ,2 / 3,2,"66,67"
2007,"BERMEJO MORENO, CLARA SUSANA",PERFUMERIAS AVENIDA,11 / 18,6,"61,11"
2007,"COHEN, LIRON",CLUB BALONCESTO SAN JOSÉ,4 / 7,2,"57,14"
2007,"ALAÑA SEGURA, SHEILA",PERFUMERIAS AVENIDA,2 / 4,6,50
2007,"SANTOS DE OLIVEIRA, ALESSANDRA",PERFUMERIAS AVENIDA,1 / 2,2,50
2007,"BATTLE , ASHLEY MICHELLE",CLUB BALONCESTO SAN JOSÉ,1 / 2,2,50
2007,"NAVARRO SALLES, LAURA",EBE PROMOCIONES SANTA EULALIAI,1 / 2,3,50
2007,"SEGUI CARLES, PAULA",CLUB BALONCESTO SAN JOSÉ,1 / 2,2,50
2006,"SANCHEZ FERNANDEZ, ISABEL",ACIS INCOSA LEON,14 / 14,2,100
2006,"ROVIRA RODRIGUEZ, MARIA DEL MAR",ACIS INCOSA LEON,8 / 8,2,100
2006,"ALAMO GONZALEZ, ELENA",GRAN CANARIA,6 / 6,2,100
2006,"MONDT, ANKE DE",ARRANZ-JOPISA BURGOS,5 / 5,4,100
2006,"FEASTER, ALISON",C. ROS CASARES VALENCIA,4 / 4,10,100
2006,"CRUZ LEBRATO, ANNA",ARRANZ-JOPISA BURGOS,4 / 4,4,100
2006,"CAMPS COLLELL, LAURA",PERFUMERIAS AVENIDA,3 / 3,9,100
2006,"PONS MOLINA, INGRID",UB F.C BARCELONA,2 / 2,5,100
2006,"REVILLA FERNANDEZ, LETICIA",ARRANZ-JOPISA BURGOS,2 / 2,3,100
2006,"PIRSIC, SANDRA",UB F.C BARCELONA,2 / 2,4,100
2006,"GALLEGO VICARIO, SANDRA",UB F.C BARCELONA,2 / 2,5,100
2006,"ASURMENDI VILLAVERDE, MARIA DEL CARMEN",ARRANZ-JOPISA BURGOS,2 / 2,4,100
2006,"AGUILAR LOPEZ , ELISA",C. ROS CASARES VALENCIA,26 / 28,10,"92,86"
2006,"POWELL, NICOLE KRISTEN",PERFUMERIAS AVENIDA,38 / 41,9,"92,68"
2006,"MONTAÑANA GIMENO, ANNA",PERFUMERIAS AVENIDA,22 / 24,9,"91,67"
2006,"TUUKKANEN, TARU TELLERVO",EXTRUGASA,10 / 11,2,"90,91"
2006,"FERNANDEZ FARRES, MARTA",UB F.C BARCELONA,27 / 31,5,"87,1"
2006,"PAGE, LINDA A. MURRIEL",HONDARRIBIA-IRÚN,5 / 6,2,"83,33"
2006,"FERRAGUT CASTILLO, MARINA",C. ROS CASARES VALENCIA,5 / 6,10,"83,33"
2006,"PETROVIC, SONJA",UB F.C BARCELONA,5 / 6,5,"83,33"
2006,"WILLIAMS, ADRIAN DENISE",PERFUMERIAS AVENIDA,19 / 23,9,"82,61"
2006,"DOMINGUEZ FERNANDEZ, SILVIA",PERFUMERIAS AVENIDA,19 / 23,9,"82,61"
2006,"CASTRO MARQUES, IZIANE",HONDARRIBIA-IRÚN,15 / 19,2,"78,95"
2006,"MILTON, DELISHA LACHELL",C. ROS CASARES VALENCIA,14 / 18,10,"77,78"
2006,"TORNIKIDOU TORNIKIDOU, ELENA",C. ROS CASARES VALENCIA,17 / 22,10,"77,27"
2006,"MUJANOVIC, RAZIJA",HONDARRIBIA-IRÚN,6 / 8,2,75
2006,"HILL, JOANNE KAY",EXTRUGASA,6 / 8,2,75
2006,"HAJDUNE CSASZAR, ANDREA",HONDARRIBIA-IRÚN,3 / 4,2,75
2006,"PASCUA SUAREZ, MARÍA LUCILA",ACIS INCOSA LEON,3 / 4,2,75
2006,"GOMEZ FERREIROS, SARA",EXTRUGASA,3 / 4,2,75
2006,"REID, TRACY LASHAWN",ACIS INCOSA LEON,0 / 2,2,0
2006,"DENTI MUNTANE, AINA",GRAN CANARIA,0 / 2,2,0
2006,"REID, TRACY LASHAWN",ACIS INCOSA LEON,0 / 2,2,0
2006,"DENTI MUNTANE, AINA",GRAN CANARIA,0 / 2,2,0
2005,"FERRAGUT CASTILLO, MARINA",HONDARRIBIA-IRÚN,5 / 9,2,"55,56"
2005,"ANDREWS, JAMILAH JOHNS",CAJACANARIAS,3 / 6,2,50
2005,"ANTON LOPEZ, MONTSERRAT",USP CEU - ADECCO ESTUDIANTES,2 / 4,2,50
2005,"PINA TOLOSA, MARIA",USP CEU - ADECCO ESTUDIANTES,1 / 2,2,50
2005,"VUKICEVIC, MILENA",UB F.C BARCELONA,1 / 2,1,50
2005,"PASCUA SUAREZ, MARÍA LUCILA",ACIS INCOSA LEON,1 / 2,2,50
2005,"MC WILLIAMS, TAJ MADONA",PERFUMERIAS AVENIDA,4 / 9,2,"44,44"
2005,"DE SOUZA MACHADO, ERIKA CRISTINA",UB F.C BARCELONA,4 / 12,2,"33,33"
2005,"REID, TRACY LASHAWN",ACIS INCOSA LEON,2 / 6,2,"33,33"
2005,"JORDANA BOFILL, NOEMI",ROS CASARES VALENCIA,1 / 3,2,"33,33"
2005,"CRUZ LEBRATO, ANNA",ARRANZ-JOPISA BURGOS,1 / 3,2,"33,33"
2005,"MAYES, TIFFANI MONIQUE",CAJACANARIAS,2 / 7,2,"28,57"
2005,"MONTESDEOCA LOPEZ, EVA",CAJACANARIAS,0 / 2,2,0
2005,"FERRAGUT CASTILLO, MARINA",HONDARRIBIA-IRÚN,5 / 9,2,"55,56"
2005,"ANDREWS, JAMILAH JOHNS",CAJACANARIAS,3 / 6,2,50
2005,"ANTON LOPEZ, MONTSERRAT",USP CEU - ADECCO ESTUDIANTES,2 / 4,2,50
2005,"PINA TOLOSA, MARIA",USP CEU - ADECCO ESTUDIANTES,1 / 2,2,50
2005,"VUKICEVIC, MILENA",UB F.C BARCELONA,1 / 2,1,50
2005,"PASCUA SUAREZ, MARÍA LUCILA",ACIS INCOSA LEON,1 / 2,2,50
2005,"MC WILLIAMS, TAJ MADONA",PERFUMERIAS AVENIDA,4 / 9,2,"44,44"
2005,"DE SOUZA MACHADO, ERIKA CRISTINA",UB F.C BARCELONA,4 / 12,2,"33,33"
2005,"REID, TRACY LASHAWN",ACIS INCOSA LEON,2 / 6,2,"33,33"
2005,"JORDANA BOFILL, NOEMI",ROS CASARES VALENCIA,1 / 3,2,"33,33"
2005,"CRUZ LEBRATO, ANNA",ARRANZ-JOPISA BURGOS,1 / 3,2,"33,33"
2005,"MAYES, TIFFANI MONIQUE",CAJACANARIAS,2 / 7,2,"28,57"
2005,"MONTESDEOCA LOPEZ, EVA",CAJACANARIAS,0 / 2,2,0
2004,"ALAMO GONZALEZ, ELENA",CAJACANARIAS,39 / 60,24,65
2004,"NIEUWVEEN, MARLOUS",CAJACANARIAS,55 / 85,26,"64,71"
2004,"SAREGKOU, POLYMNIA",HONDARRIBIA - IRÚN,83 / 132,26,"62,88"
2004,"BROWN, EDWINA LYNN",MOTIVA REAL CANOE N.C.,44 / 70,13,"62,86"
2004,"BATKOVIC, SUZY ROSE",ROS CASARES VALENCIA,40 / 64,20,"62,5"
2004,"KIRETA, SONJA",ROS CASARES VALENCIA,71 / 114,17,"62,28"
2004,"CANTERO OSTOS, CRISTINA",REAL CLUB CELTA VIGOURBAN,41 / 68,22,"60,29"
2004,"GOMEZ IGUAL, ANNA",C.B. PUIG D`EN VALLS SANTA EUL,36 / 60,26,60
2004,"COKER, MONIQUE",EXTRUGASA,80 / 135,24,"59,26"
2004,"DE SOUZA SOBRAL, LEILA",REAL CLUB CELTA VIGOURBAN,61 / 109,26,"55,96"
2004,"TEMNIK, KATJA",C.B. PUIG D`EN VALLS SANTA EUL,30 / 54,26,"55,56"
2004,"ALEXANDER, MARTE",CAJACANARIAS,47 / 85,13,"55,29"
2004,"BERMEJO MORENO, CLARA SUSANA",MANN FILTER ZARAGOZA,35 / 64,26,"54,69"
2004,"MONTESDEOCA LOPEZ, EVA",CAJACANARIAS,20 / 62,26,"32,26"
2004,"ALAMO GONZALEZ, ELENA",CAJACANARIAS,39 / 60,24,65
2004,"NIEUWVEEN, MARLOUS",CAJACANARIAS,55 / 85,26,"64,71"
2004,"SAREGKOU, POLYMNIA",HONDARRIBIA - IRÚN,83 / 132,26,"62,88"
2004,"BROWN, EDWINA LYNN",MOTIVA REAL CANOE N.C.,44 / 70,13,"62,86"
2004,"BATKOVIC, SUZY ROSE",ROS CASARES VALENCIA,40 / 64,20,"62,5"
2004,"KIRETA, SONJA",ROS CASARES VALENCIA,71 / 114,17,"62,28"
2004,"CANTERO OSTOS, CRISTINA",REAL CLUB CELTA VIGOURBAN,41 / 68,22,"60,29"
2004,"GOMEZ IGUAL, ANNA",C.B. PUIG D`EN VALLS SANTA EUL,36 / 60,26,60
2004,"COKER, MONIQUE",EXTRUGASA,80 / 135,24,"59,26"
2004,"DE SOUZA SOBRAL, LEILA",REAL CLUB CELTA VIGOURBAN,61 / 109,26,"55,96"
2004,"TEMNIK, KATJA",C.B. PUIG D`EN VALLS SANTA EUL,30 / 54,26,"55,56"
2004,"ALEXANDER, MARTE",CAJACANARIAS,47 / 85,13,"55,29"
2004,"BERMEJO MORENO, CLARA SUSANA",MANN FILTER ZARAGOZA,35 / 64,26,"54,69"
2004,"MONTESDEOCA LOPEZ, EVA",CAJACANARIAS,20 / 62,26,"32,26"
2003,"PODRUG, EMILIJA",REAL CLUB CELTA BANCO SIMEON,3 / 4,2,75
2003,"GOMEZ IGLESIAS, REGINA",YAYA MARIA BREOGAN,11 / 15,5,"73,33"
2003,"FERNANDEZ FARRES, MARTA",ROS CASARES VALENCIA,11 / 15,4,"73,33"
2003,"ZURRO ALFONSO, MARTA",MANN FILTER ZARAGOZA,5 / 7,2,"71,43"
2003,"SALGADO SANCHEZ, IRENE",YAYA MARIA BREOGAN,7 / 10,5,70
2003,"POLLINI, CATARINA",YAYA MARIA BREOGAN,7 / 10,5,70
2003,"MAGLISCEAU, MICHELLE YVONNE",UNIVERSITAT DE BARCELONA - F.C,7 / 10,4,70
2003,"BERTHIEU, LUCCIENNE CLAUDINE",ROS CASARES VALENCIA,11 / 16,4,"68,75"
2003,"GARCIA PIÑERO, MARIA BEGOÑA",MANN FILTER ZARAGOZA,4 / 6,2,"66,67"
2003,"PONS MOLINA, INGRID",ROS CASARES VALENCIA,4 / 6,4,"66,67"
2003,"VALDEMORO MADARIAGA, AMAYA",ROS CASARES VALENCIA,2 / 3,4,"66,67"
2003,"HICKS, JESSIE IVETTE",ROS CASARES VALENCIA,2 / 3,4,"66,67"
2003,"PASCUA SUAREZ, MARÍA LUCILA",MANN FILTER ZARAGOZA,2 / 3,2,"66,67"
2003,"DELGADO DIAZ-GUEMES, RAQUEL",P.C. MENDIBIL,2 / 3,4,"66,67"
2003,"NOLAN, DEANNA NICOLE",MANN FILTER ZARAGOZA,2 / 3,2,"66,67"
2003,"REID, TRACY LASHAWN",UNIVERSITAT DE BARCELONA - F.C,3 / 6,3,50
2003,"TUURE, KAISA MARKETTA",YAYA MARIA BREOGAN,3 / 6,5,50
2003,"LOPEZ FERNANDEZ, MARIA PAZ",YAYA MARIA BREOGAN,2 / 4,5,50
2003,"GARCIA MATA, GEMA",REAL CLUB CELTA BANCO SIMEON,1 / 2,2,50
2003,"PRIETO RODRÍGUEZ, PAOLA",PERFUMERIAS AVENIDA,1 / 2,1,50
2003,"JUANES HERNANDEZ, YOLANDA",PERFUMERIAS AVENIDA,1 / 2,2,50
2003,"JORDANA BOFILL, NOEMI",REAL CLUB CELTA BANCO SIMEON,1 / 2,2,50
2003,"FERRAGUT CASTILLO, MARINA",PERFUMERIAS AVENIDA,3 / 7,3,"42,86"
2003,"MARTINEZ PRAT, ROSER",USP CEU - ADECCO ESTUDIANTES,0 / 3,2,0
2003,"PODRUG, EMILIJA",REAL CLUB CELTA BANCO SIMEON,3 / 4,2,75
2003,"GOMEZ IGLESIAS, REGINA",YAYA MARIA BREOGAN,11 / 15,5,"73,33"
2003,"FERNANDEZ FARRES, MARTA",ROS CASARES VALENCIA,11 / 15,4,"73,33"
2003,"ZURRO ALFONSO, MARTA",MANN FILTER ZARAGOZA,5 / 7,2,"71,43"
2003,"SALGADO SANCHEZ, IRENE",YAYA MARIA BREOGAN,7 / 10,5,70
2003,"POLLINI, CATARINA",YAYA MARIA BREOGAN,7 / 10,5,70
2003,"MAGLISCEAU, MICHELLE YVONNE",UNIVERSITAT DE BARCELONA - F.C,7 / 10,4,70
2003,"BERTHIEU, LUCCIENNE CLAUDINE",ROS CASARES VALENCIA,11 / 16,4,"68,75"
2003,"GARCIA PIÑERO, MARIA BEGOÑA",MANN FILTER ZARAGOZA,4 / 6,2,"66,67"
2003,"PONS MOLINA, INGRID",ROS CASARES VALENCIA,4 / 6,4,"66,67"
2003,"VALDEMORO MADARIAGA, AMAYA",ROS CASARES VALENCIA,2 / 3,4,"66,67"
2003,"HICKS, JESSIE IVETTE",ROS CASARES VALENCIA,2 / 3,4,"66,67"
2003,"PASCUA SUAREZ, MARÍA LUCILA",MANN FILTER ZARAGOZA,2 / 3,2,"66,67"
2003,"DELGADO DIAZ-GUEMES, RAQUEL",P.C. MENDIBIL,2 / 3,4,"66,67"
2003,"NOLAN, DEANNA NICOLE",MANN FILTER ZARAGOZA,2 / 3,2,"66,67"
2003,"REID, TRACY LASHAWN",UNIVERSITAT DE BARCELONA - F.C,3 / 6,3,50
2003,"TUURE, KAISA MARKETTA",YAYA MARIA BREOGAN,3 / 6,5,50
2003,"LOPEZ FERNANDEZ, MARIA PAZ",YAYA MARIA BREOGAN,2 / 4,5,50
2003,"GARCIA MATA, GEMA",REAL CLUB CELTA BANCO SIMEON,1 / 2,2,50
2003,"PRIETO RODRÍGUEZ, PAOLA",PERFUMERIAS AVENIDA,1 / 2,1,50
2003,"JUANES HERNANDEZ, YOLANDA",PERFUMERIAS AVENIDA,1 / 2,2,50
2003,"JORDANA BOFILL, NOEMI",REAL CLUB CELTA BANCO SIMEON,1 / 2,2,50
2003,"FERRAGUT CASTILLO, MARINA",PERFUMERIAS AVENIDA,3 / 7,3,"42,86"
2003,"MARTINEZ PRAT, ROSER",USP CEU - ADECCO ESTUDIANTES,0 / 3,2,0
2002,"DONAPHIN, BETHANY CAMILLE",CAJA RURAL DE CANARIAS,9 / 14,4,"64,29"
2002,"MAGLISCEAU, MICHELLE YVONNE",C.B. CIUDAD DE BURGOS,7 / 11,2,"63,64"
2002,"KIRETA, SONJA",REAL CLUB CELTA BANCO SIMEON,7 / 11,2,"63,64"
2002,"PELAEZ SAN GIL, LOURDES",CAJA RURAL DE CANARIAS,5 / 8,4,"62,5"
2002,"HLEDE, KORALJKA",PERFUMERIAS AVENIDA,3 / 5,2,60
2002,"PALAU ALTES, LAIA",UNIVERSITAT DE BARCELONA - F.C,4 / 7,4,"57,14"
2002,"JOHNSON, SHANNON REGINA",PERFUMERIAS AVENIDA,7 / 13,2,"53,85"
2002,"VALDEMORO MADARIAGA, AMAYA",ROS CASARES VALENCIA,7 / 14,4,50
2002,"FALLON, TRISHA NICOLE",ROS CASARES VALENCIA,3 / 6,4,50
2002,"SMITH, TANGELA NICOLE",ROS CASARES VALENCIA,3 / 6,4,50
2002,"ROVIRA RODRIGUEZ, MARIA DEL MAR",CAJA RURAL DE CANARIAS,2 / 4,4,50
2002,"QUINTERO CASTELLANO, THANIA",CAJA RURAL DE CANARIAS,1 / 2,3,50
2002,"WHITTLE, JENNY",C.B. CIUDAD DE BURGOS,1 / 2,2,50
2002,"CHRISTOFORAKIS, ATHENA",PERFUMERIAS AVENIDA,1 / 2,2,50
2002,"ALAMO GONZALEZ, ELENA MARIA",CAJA RURAL DE CANARIAS,1 / 2,2,50
2002,"LIMA GARCIA, CINDY ORQUIDEA",REAL CLUB CELTA BANCO SIMEON,4 / 9,2,"44,44"
2002,"PONS MOLINA, INGRID",ROS CASARES VALENCIA,5 / 15,4,"33,33"
2002,"---, POLIMIA",C.B. PUIG D`EN VALLS SANTA EUL,1 / 5,2,20
2002,"DONAPHIN, BETHANY CAMILLE",CAJA RURAL DE CANARIAS,9 / 14,4,"64,29"
2002,"MAGLISCEAU, MICHELLE YVONNE",C.B. CIUDAD DE BURGOS,7 / 11,2,"63,64"
2002,"KIRETA, SONJA",REAL CLUB CELTA BANCO SIMEON,7 / 11,2,"63,64"
2002,"PELAEZ SAN GIL, LOURDES",CAJA RURAL DE CANARIAS,5 / 8,4,"62,5"
2002,"HLEDE, KORALJKA",PERFUMERIAS AVENIDA,3 / 5,2,60
2002,"PALAU ALTES, LAIA",UNIVERSITAT DE BARCELONA - F.C,4 / 7,4,"57,14"
2002,"JOHNSON, SHANNON REGINA",PERFUMERIAS AVENIDA,7 / 13,2,"53,85"
2002,"VALDEMORO MADARIAGA, AMAYA",ROS CASARES VALENCIA,7 / 14,4,50
2002,"FALLON, TRISHA NICOLE",ROS CASARES VALENCIA,3 / 6,4,50
2002,"SMITH, TANGELA NICOLE",ROS CASARES VALENCIA,3 / 6,4,50
2002,"ROVIRA RODRIGUEZ, MARIA DEL MAR",CAJA RURAL DE CANARIAS,2 / 4,4,50
2002,"QUINTERO CASTELLANO, THANIA",CAJA RURAL DE CANARIAS,1 / 2,3,50
2002,"WHITTLE, JENNY",C.B. CIUDAD DE BURGOS,1 / 2,2,50
2002,"CHRISTOFORAKIS, ATHENA",PERFUMERIAS AVENIDA,1 / 2,2,50
2002,"ALAMO GONZALEZ, ELENA MARIA",CAJA RURAL DE CANARIAS,1 / 2,2,50
2002,"LIMA GARCIA, CINDY ORQUIDEA",REAL CLUB CELTA BANCO SIMEON,4 / 9,2,"44,44"
2002,"PONS MOLINA, INGRID",ROS CASARES VALENCIA,5 / 15,4,"33,33"
2002,"---, POLIMIA",C.B. PUIG D`EN VALLS SANTA EUL,1 / 5,2,20
2001,"CANTERO OSTOS, CRISTINA",FILTROS MANN ZARAGOZA,9 / 14,5,"64,29"
2001,"ANTOJA ROVIRA, LAURA",CADI LA SEU D´URGELL,7 / 11,2,"63,64"
2001,"HODGES, DALE",CADI LA SEU D´URGELL,5 / 8,2,"62,5"
2001,"AGUILAR LOPEZ , ELISA",CAJA RURAL DE CANARIAS,5 / 8,3,"62,5"
2001,"VALERO CEBRIAN, PILAR",REAL CLUB CELTA BANCO SIMEON,6 / 10,5,60
2001,"MARTÍNEZ PRAT, NÚRIA",UNIVERSITAT DE BARCELONA B.F.,3 / 5,4,60
2001,"GRANDE FLORES, LAURA",REAL CLUB CELTA BANCO SIMEON,16 / 27,5,"59,26"
2001,"WHITMORE, TAMIKA LACHAN",CAJA RURAL DE CANARIAS,11 / 19,3,"57,89"
2001,"DAS NEVES, CLAUDIA MARIA",HALCON VIAJES,7 / 13,2,"53,85"
2001,"PONS MOLINA, INGRID",ROS CASARES VALENCIA,3 / 6,5,50
2001,"CRAWFORD, SHALA",CADI LA SEU D´URGELL,2 / 4,2,50
2001,"ASKAMP, MARLIES",ROS CASARES VALENCIA,2 / 4,5,50
2001,"OWENS, SHANTIA AYONNA",CAJA RURAL DE CANARIAS,2 / 4,3,50
2001,"POLLINI, CATARINA",YAYA MARIA BREOGAN,2 / 4,2,50
2001,"LLAMAS PAJUELO, MARIA NIEVES",HALCON VIAJES,1 / 2,2,50
2001,"MONTESDEOCA LÓPEZ, EVA",CAJA RURAL DE CANARIAS,1 / 2,2,50
2001,"MORENO MELIAN, ARMINDA",HALCON VIAJES,1 / 2,2,50
2001,"PASCUA SUAREZ, MARÍA LUCILA",FILTROS MANN ZARAGOZA,1 / 2,5,50
2001,"FUNES MARTINEZ, CRISTINA",CADI LA SEU D´URGELL,1 / 2,1,50
2001,"PALAU ALTES, LAIA",UNIVERSITAT DE BARCELONA B.F.,1 / 2,4,50
2001,"CEBRIAN SCHEURER, ELISABET",UNIVERSITAT DE BARCELONA B.F.,4 / 11,4,"36,36"
2001,"PAGE, LINDA A. MURRIEL",ROS CASARES VALENCIA,2 / 6,5,"33,33"
2001,"DA SILVA, KATIA",FILTROS MANN ZARAGOZA,3 / 10,5,30
2001,"VILLAR FERNANDEZ, IRIA",REAL CLUB CELTA BANCO SIMEON,1 / 4,5,25
2001,"BOONEN, DANA MONIQUE LOUIS",ROS CASARES VALENCIA,0 / 2,3,0
2001,"CANTERO OSTOS, CRISTINA",FILTROS MANN ZARAGOZA,9 / 14,5,"64,29"
2001,"ANTOJA ROVIRA, LAURA",CADI LA SEU D´URGELL,7 / 11,2,"63,64"
2001,"HODGES, DALE",CADI LA SEU D´URGELL,5 / 8,2,"62,5"
2001,"AGUILAR LOPEZ , ELISA",CAJA RURAL DE CANARIAS,5 / 8,3,"62,5"
2001,"VALERO CEBRIAN, PILAR",REAL CLUB CELTA BANCO SIMEON,6 / 10,5,60
2001,"MARTÍNEZ PRAT, NÚRIA",UNIVERSITAT DE BARCELONA B.F.,3 / 5,4,60
2001,"GRANDE FLORES, LAURA",REAL CLUB CELTA BANCO SIMEON,16 / 27,5,"59,26"
2001,"WHITMORE, TAMIKA LACHAN",CAJA RURAL DE CANARIAS,11 / 19,3,"57,89"
2001,"DAS NEVES, CLAUDIA MARIA",HALCON VIAJES,7 / 13,2,"53,85"
2001,"PONS MOLINA, INGRID",ROS CASARES VALENCIA,3 / 6,5,50
2001,"CRAWFORD, SHALA",CADI LA SEU D´URGELL,2 / 4,2,50
2001,"ASKAMP, MARLIES",ROS CASARES VALENCIA,2 / 4,5,50
2001,"OWENS, SHANTIA AYONNA",CAJA RURAL DE CANARIAS,2 / 4,3,50
2001,"POLLINI, CATARINA",YAYA MARIA BREOGAN,2 / 4,2,50
2001,"LLAMAS PAJUELO, MARIA NIEVES",HALCON VIAJES,1 / 2,2,50
2001,"MONTESDEOCA LÓPEZ, EVA",CAJA RURAL DE CANARIAS,1 / 2,2,50
2001,"MORENO MELIAN, ARMINDA",HALCON VIAJES,1 / 2,2,50
2001,"PASCUA SUAREZ, MARÍA LUCILA",FILTROS MANN ZARAGOZA,1 / 2,5,50
2001,"FUNES MARTINEZ, CRISTINA",CADI LA SEU D´URGELL,1 / 2,1,50
2001,"PALAU ALTES, LAIA",UNIVERSITAT DE BARCELONA B.F.,1 / 2,4,50
2001,"CEBRIAN SCHEURER, ELISABET",UNIVERSITAT DE BARCELONA B.F.,4 / 11,4,"36,36"
2001,"PAGE, LINDA A. MURRIEL",ROS CASARES VALENCIA,2 / 6,5,"33,33"
2001,"DA SILVA, KATIA",FILTROS MANN ZARAGOZA,3 / 10,5,30
2001,"VILLAR FERNANDEZ, IRIA",REAL CLUB CELTA BANCO SIMEON,1 / 4,5,25
2001,"BOONEN, DANA MONIQUE LOUIS",ROS CASARES VALENCIA,0 / 2,3,0
2000,"CEBRIAN SCHEURER, ELISABET",UNIVERSITAT DE BARCELONA,15 / 21,4,"71,43"
2000,"ZURRO ALFONSO, MARTA",B. CIUDAD DE BURGOS,12 / 17,3,"70,59"
2000,"BEZOS MARTÍNEZ, EMMA",SALAMANCA HALCON VIAJES,4 / 6,2,"66,67"
2000,"LLAMAS PAJUELO, MARIA NIEVES",SALAMANCA HALCON VIAJES,4 / 6,2,"66,67"
2000,"REQUENA GIL, MARIA",ROS CASARES,2 / 3,2,"66,67"
2000,"POLLINI, CATARINA",ENSINO YAYA MARIA,13 / 20,5,65
2000,"MIRCHANDANI VILLAR, LIDIA",UNIVERSITAT DE BARCELONA,9 / 14,4,"64,29"
2000,"MUJANOVIC, RAZIJA",R.CLUB CELTA BANCO SIMEON,9 / 14,3,"64,29"
2000,"JONKUTE, INGRIDA",R.CLUB CELTA BANCO SIMEON,9 / 14,3,"64,29"
2000,"---, MICHELLE",C.B.N.,6 / 10,2,60
2000,"---, LILLIA",C.B.N.,10 / 17,2,"58,82"
2000,"GARCIA PIÑERO, MARIA BEGOÑA",ENSINO YAYA MARIA,7 / 12,5,"58,33"
2000,"FERRAGUT CASTILLO, MARINA",ROS CASARES,7 / 12,5,"58,33"
2000,"PELAEZ SAN GIL, LOURDES",SANDRA GRAN CANARIA,3 / 6,2,50
2000,"---, JULIA",SALAMANCA HALCON VIAJES,2 / 4,2,50
2000,"PALAU ALTES, LAIA",UNIVERSITAT DE BARCELONA,1 / 2,4,50
2000,"AGUILAR LOPEZ , ELISA",SALAMANCA HALCON VIAJES,1 / 2,2,50
2000,"CEBRIAN SCHEURER, ELISABET",UNIVERSITAT DE BARCELONA,15 / 21,4,"71,43"
2000,"ZURRO ALFONSO, MARTA",B. CIUDAD DE BURGOS,12 / 17,3,"70,59"
2000,"BEZOS MARTÍNEZ, EMMA",SALAMANCA HALCON VIAJES,4 / 6,2,"66,67"
2000,"LLAMAS PAJUELO, MARIA NIEVES",SALAMANCA HALCON VIAJES,4 / 6,2,"66,67"
2000,"REQUENA GIL, MARIA",ROS CASARES,2 / 3,2,"66,67"
2000,"POLLINI, CATARINA",ENSINO YAYA MARIA,13 / 20,5,65
2000,"MIRCHANDANI VILLAR, LIDIA",UNIVERSITAT DE BARCELONA,9 / 14,4,"64,29"
2000,"MUJANOVIC, RAZIJA",R.CLUB CELTA BANCO SIMEON,9 / 14,3,"64,29"
2000,"JONKUTE, INGRIDA",R.CLUB CELTA BANCO SIMEON,9 / 14,3,"64,29"
2000,"---, MICHELLE",C.B.N.,6 / 10,2,60
2000,"---, LILLIA",C.B.N.,10 / 17,2,"58,82"
2000,"GARCIA PIÑERO, MARIA BEGOÑA",ENSINO YAYA MARIA,7 / 12,5,"58,33"
2000,"FERRAGUT CASTILLO, MARINA",ROS CASARES,7 / 12,5,"58,33"
2000,"PELAEZ SAN GIL, LOURDES",SANDRA GRAN CANARIA,3 / 6,2,50
2000,"---, JULIA",SALAMANCA HALCON VIAJES,2 / 4,2,50
2000,"PALAU ALTES, LAIA",UNIVERSITAT DE BARCELONA,1 / 2,4,50
2000,"AGUILAR LOPEZ , ELISA",SALAMANCA HALCON VIAJES,1 / 2,2,50
1999,"NAVARRETE TRUJILLO, MIREIA",R.CLUB CELTA BANCO SIMEON,6 / 6,1,100
1999,"SÁNCHEZ LUJÁN, ROSAURA DEL CARMEN",SANDRA GRAN CANARIA,4 / 4,2,100
1999,"FERNANDEZ FARRES, MARTA",POPULAR BASQUET GODELLA,4 / 4,2,100
1999,"XANTAL SERRET, Mª DEL MAR",R.CLUB CELTA BANCO SIMEON,3 / 3,2,100
1999,"URQUIJO ALAMO, PATRICIA",SANDRA GRAN CANARIA,2 / 2,1,100
1999,"CEBRIAN SCHEURER, ELISABET",R.CLUB CELTA BANCO SIMEON,2 / 2,2,100
1999,"PELAEZ SAN GIL, LOURDES",SANDRA GRAN CANARIA,9 / 10,2,90
1999,"VALERO CEBRIAN, PILAR",R.CLUB CELTA BANCO SIMEON,14 / 16,2,"87,5"
1999,"ANTONIKOVA, EVA",POPULAR BASQUET GODELLA,6 / 7,2,"85,71"
1999,"SANCHEZ FERNANDEZ, ISABEL",C.D. ENSINO,5 / 6,2,"83,33"
1999,"CRAWLEY, SILVIA YVONNE",C.D. ENSINO,8 / 10,2,80
1999,"FERRER PEREZ, ESTELA ROSA",SANDRA GRAN CANARIA,8 / 10,2,80
1999,"MORIANA NADAL, PALOMA",SANDRA GRAN CANARIA,4 / 5,2,80
1999,"GRANDE FLORES, LAURA",R.CLUB CELTA BANCO SIMEON,9 / 12,2,75
1999,"GARCIA PIÑERO, MARIA BEGOÑA",C.D. ENSINO,6 / 8,2,75
1999,"SANCHEZ ORTEGA, PALOMA",R.CLUB CELTA BANCO SIMEON,4 / 6,2,"66,67"
1999,"JONKUTE, INGRIDA",C.D. ENSINO,7 / 11,2,"63,64"
1999,"DOBROVICA, ERIKA",R.CLUB CELTA BANCO SIMEON,5 / 8,2,"62,5"
1999,"SARENAC, RANKICA",SANDRA GRAN CANARIA,5 / 8,2,"62,5"
1999,"PONS MOLINA, INGRID",POPULAR BASQUET GODELLA,8 / 14,2,"57,14"
1999,"RAMIRO DIAZ, NURIA MARIA",C.D. ENSINO,1 / 2,2,50
1999,"MONTESDEOCA LOPEZ, EVA",SANDRA GRAN CANARIA,1 / 2,1,50
1999,"MONJE HERNANDEZ, BLANCA",C.D. ENSINO,1 / 2,2,50
1999,"---, MARIE",SANDRA GRAN CANARIA,2 / 5,2,40
1999,"GESTEIRA FERNANDEZ, LIDIA",POPULAR BASQUET GODELLA,3 / 8,2,"37,5"
1999,"NAVARRO VIERA, YASMINA",SANDRA GRAN CANARIA,1 / 3,1,"33,33"
1999,"BISETTI RODRIGUEZ, LUISA",R.CLUB CELTA BANCO SIMEON,1 / 4,2,25
1999,"HICKS, JESSIE IVETTE",SANDRA GRAN CANARIA,1 / 4,2,25
1999,"DELGADO DIAZ-GUEMES, RAQUEL",POPULAR BASQUET GODELLA,0 / 2,2,0
1998,"PELAEZ SAN GIL, LOURDES",SANDRA G. CANARIA,6 / 6,3,100
1998,"SANCHEZ ORTEGA, PALOMA",BANCO SIMEON,2 / 2,3,100
1998,"SANCHEZ FERNANDEZ, ISABEL",ENSINO,15 / 17,3,"88,24"
1998,"GARCIA PIÑERO, MARIA BEGOÑA",ENSINO,18 / 21,3,"85,71"
1998,"VALERO CEBRIAN, PILAR",BANCO SIMEON,6 / 7,3,"85,71"
1998,"DELGADO FERNANDEZ, CONCEPCION",ENSINO,6 / 7,3,"85,71"
1998,"GRANDE FLORES, LAURA",BANCO SIMEON,10 / 12,3,"83,33"
1998,"JUANES HERNANDEZ, YOLANDA",HALCON VIAJES,5 / 6,3,"83,33"
1998,"SÁNCHEZ LUJÁN, ROSAURA DEL CARMEN",SANDRA G. CANARIA,16 / 20,3,80
1998,"GAMON HERNANDEZ, ASUNCION",SANDRA G. CANARIA,8 / 10,3,80
1998,"PASCHAL, TOWANDA DENICE",HALCON VIAJES,4 / 5,3,80
1998,"MIRCHANDANI VILLAR, LIDIA",SANDRA G. CANARIA,7 / 9,3,"77,78"
1998,"JONKUTE, INGRIDA",ENSINO,21 / 28,3,75
1998,"MELVIN, CHASITY MONIQUE",BANCO SIMEON,9 / 12,3,75
1998,"LLAMAS PAJUELO, MARIA NIEVES",HALCON VIAJES,6 / 8,3,75
1998,"VALDEMORO MADARIAGA, AMAYA",HALCON VIAJES,22 / 31,3,"70,97"
1998,"GONZALEZ DIAZ, CARMEN",BANCO SIMEON,7 / 10,3,70
1998,"HERNANDEZ ARENCIBIA, PATRICIA DEL PINO",HALCON VIAJES,4 / 6,3,"66,67"
1998,"CEBRIAN SCHEURER, ELISABET",BANCO SIMEON,2 / 3,3,"66,67"
1998,"ARMENTA MONTEAGUDO, MARUXA",ENSINO,9 / 14,3,"64,29"
1998,"BEZOS MARTÍNEZ, EMMA",HALCON VIAJES,7 / 12,3,"58,33"
1998,"HICKS, JESSIE IVETTE",SANDRA G. CANARIA,11 / 22,3,50
1998,"MORIANA NADAL, PALOMA",SANDRA G. CANARIA,1 / 2,3,50
1998,"QUINTERO CASTELLANO, THANIA",SANDRA G. CANARIA,1 / 2,3,50
1998,"MERILLAS LOPEZ, ELSA",ENSINO,0 / 2,2,0
1997,"ALAMO GONZALEZ, ELENA",SANDRA G. CANARIA,6 / 6,2,100
1997,"JACKSON, BRENETHA TRISE",POOL GETAFE,4 / 4,5,100
1997,"MIRCHANDANI VILLAR, LIDIA",SANDRA G. CANARIA,2 / 2,2,100
1997,"VALERO CEBRIAN, PILAR",BANCO SIMEON,18 / 19,6,"94,74"
1997,"JEKABSONE, ANDA",BANCO SIMEON,13 / 14,6,"92,86"
1997,"CEBRIAN SCHEURER, ELISABET",UNIVERSITARI,24 / 26,3,"92,31"
1997,"PELAEZ SAN GIL, LOURDES",SANDRA G. CANARIA,7 / 8,2,"87,5"
1997,"SANCHEZ ORTEGA, PALOMA",BANCO SIMEON,11 / 13,6,"84,62"
1997,"HEMERY, DEBBIE MICHELLE",POOL GETAFE,5 / 6,5,"83,33"
1997,"GAMON HERNANDEZ, ASUNCION",SANDRA G. CANARIA,5 / 6,2,"83,33"
1997,"DYDEK, MARGO",POOL GETAFE,22 / 27,5,"81,48"
1997,"ANULA ALAMEDA, NIEVES",POOL GETAFE,15 / 20,5,75
1997,"PALAU ALTES, LAIA",UNIVERSITARI,3 / 4,3,75
1997,"VALDEMORO MADARIAGA, AMAYA",POOL GETAFE,17 / 23,5,"73,91"
1997,"RODRIGUEZ TOLEDO, ORANDA",SANDRA G. CANARIA,7 / 10,2,70
1997,"SÁNCHEZ LUJÁN, ROSAURA DEL CARMEN",SANDRA G. CANARIA,7 / 10,2,70
1997,"GRANDE FLORES, LAURA",BANCO SIMEON,18 / 26,6,"69,23"
1997,"---, HEIKE MARIA",POOL GETAFE,8 / 12,5,"66,67"
1997,"XANTAL SERRET, Mª DEL MAR",BANCO SIMEON,11 / 18,6,"61,11"
1997,"ZASSOULSKAYA, NATALIA",POOL GETAFE,8 / 14,5,"57,14"
1997,"PONS MOLINA, INGRID",UNIVERSITARI,4 / 8,3,50
1997,"FONTS MATEO, NURIA",UNIVERSITARI,3 / 6,3,50
1997,"GALLEGO VICARIO, SANDRA",UNIVERSITARI,2 / 4,3,50
1997,"CANO MARTINEZ, LAURA",UNIVERSITARI,1 / 2,3,50
1997,"GUERRA TALAVERA, TARINA MARIA",SANDRA G. CANARIA,1 / 2,2,50
1997,"BISETTI RODRIGUEZ, LUISA",UNIVERSITARI,3 / 7,3,"42,86"
1997,"KOSTIC, TANJA NATASA",POOL GETAFE,1 / 4,4,25
1997,"VILLAR FERNANDEZ, IRIA",BANCO SIMEON,0 / 2,6,0
1997,"MORIANA NADAL, PALOMA",SANDRA G. CANARIA,0 / 2,2,0
