Temporada,Jugador,Equipo,Tot,Part,Med
2024,"POSPÍŠILOVÁ, JULIE",BAXI FERROL,3,2,"1,5"
2024,"CANELLA RODRIGUEZ, MARTA",SPAR GIRONA,5,4,"1,25"
2024,"FASOULA, MARIA EMMANOUELA",PERFUMERIAS AVENIDA,2,2,1
2024,"BERTSCH, MORGAN QUINN",HOZONO GLOBAL JAIRIS,1,1,1
2024,"GELDOF, SERENA LYNN PETRA",CLUB JOVENTUT BADALONA,2,2,1
2024,"SANTIBAÑEZ HERRERO, INES",CLUB JOVENTUT BADALONA,2,2,1
2024,"HEMPE, MERRIT RAMONA",CASADEMONT ZARAGOZA,4,5,"0,8"
2024,"DELAERE, ANTONIA LAURA A.",PERFUMERIAS AVENIDA,3,4,"0,75"
2024,"ALEXANDER, KAYLA JANINE",VALENCIA B.C.,3,5,"0,6"
2024,"FINGALL, NADIA ANGELIQUE",VALENCIA B.C.,3,5,"0,6"
2024,"KONE , SIKA",PERFUMERIAS AVENIDA,2,4,"0,5"
2024,"DEMBELE, GNERE ALIMA",CLUB JOVENTUT BADALONA,1,2,"0,5"
2024,"BANASZAK, LILIANA ALEKSANDRA",MOVISTAR ESTUDIANTES,1,2,"0,5"
2024,"COULIBALY, MARIAM ALOU",CLUB JOVENTUT BADALONA,1,2,"0,5"
2024,"BUHNER, FRIEDA MIZZI",MOVISTAR ESTUDIANTES,1,2,"0,5"
2024,"FIEBICH, LEONIE",VALENCIA B.C.,2,5,"0,4"
2024,"PUEYO MELCHOR, HELENA",CASADEMONT ZARAGOZA,2,5,"0,4"
2024,"MAVUNGA, TAFADZWA STEPHANIE PAULA",VALENCIA B.C.,2,5,"0,4"
2024,"TORRENS SALOM, ALBA",VALENCIA B.C.,2,5,"0,4"
2024,"ROMERO GONZALEZ, LETICIA",VALENCIA B.C.,1,3,"0,33"
2024,"GIL COLLADO, LAURA",PERFUMERIAS AVENIDA,1,4,"0,25"
2024,"MARTIN CARRION, IYANA",PERFUMERIAS AVENIDA,1,4,"0,25"
2024,"IAGUPOVA, ALINA",VALENCIA B.C.,1,4,"0,25"
2024,"FLOREZ GETINO, ALICIA",VALENCIA B.C.,1,5,"0,2"
2024,"CARRERA QUINTANA, RAQUEL",VALENCIA B.C.,1,5,"0,2"
2024,"MANÉ, MARIE",CASADEMONT ZARAGOZA,1,5,"0,2"
2024,"TURNER, YVONNE NICOLE",VALENCIA B.C.,1,5,"0,2"
2024,"ORTIZ VIVES, MARIONA",CASADEMONT ZARAGOZA,1,5,"0,2"
2024,"MAWULI, STEPHANIE",CASADEMONT ZARAGOZA,1,5,"0,2"
2023,"MAWULI, STEPHANIE",MOVISTAR ESTUDIANTES,2,2,1
2023,"MAGARITY, REGAN AYLEEN",SPAR GIRONA,3,4,"0,75"
2023,"BERTSCH, MORGAN QUINN",SPAR GIRONA,3,4,"0,75"
2023,"ORTIZ VIVES, MARIONA",CASADEMONT ZARAGOZA,2,4,"0,5"
2023,"JUNIO MBULITO, IRIS",IDK EUSKOTREN,1,2,"0,5"
2023,"POSPÍŠILOVÁ, JULIE",BAXI FERROL,1,2,"0,5"
2023,"WHALEN, ERIN PATRICIA",IDK EUSKOTREN,1,2,"0,5"
2023,"GULICH, MARIE ISABELLE",VALENCIA B.C.,3,6,"0,5"
2023,"MASSEY, BILLIE KIM",MOVISTAR ESTUDIANTES,1,2,"0,5"
2023,"FINGALL, NADIA ANGELIQUE",VALENCIA B.C.,3,6,"0,5"
2023,"KALIN, MARIANNE FANNY",BAXI FERROL,1,2,"0,5"
2023,"ERAUNCETAMURGIL AYESTARAN, MARIA",VALENCIA B.C.,2,5,"0,4"
2023,"HATAR, BERNADETT",PERFUMERIAS AVENIDA,2,6,"0,33"
2023,"TOLO, MARIANNA",SPAR GIRONA,1,4,"0,25"
2023,"HERMOSA MONREAL, NEREA",CASADEMONT ZARAGOZA,1,4,"0,25"
2023,"DIALLO,  ZAINABE MYRIAM CHRISTELLE",CASADEMONT ZARAGOZA,1,4,"0,25"
2023,"ROMERO GONZALEZ, LETICIA",VALENCIA B.C.,1,6,"0,17"
2023,"PRINCE , ALEXIS SADE",PERFUMERIAS AVENIDA,1,6,"0,17"
2023,"GINZO ARANTES, PAULA",VALENCIA B.C.,1,6,"0,17"
2023,"OUVIÑA MODREGO, CRISTINA",VALENCIA B.C.,1,6,"0,17"
2023,"HEMPE, MERRIT RAMONA",VALENCIA B.C.,1,6,"0,17"
2023,"CARTER, ARICA DERRIS",PERFUMERIAS AVENIDA,1,6,"0,17"
2023,"KONE , SIKA",PERFUMERIAS AVENIDA,1,6,"0,17"
2023,"GIL COLLADO, LAURA",PERFUMERIAS AVENIDA,1,6,"0,17"
2022,"TOLO, MARIANNA",SPAR GIRONA,2,1,2
2022,"COX, LAUREN ELIZABETH",VALENCIA B.C.,8,6,"1,33"
2022,"HAMBLIN, RUTH ELIZABETH",BARÇA CBS,5,4,"1,25"
2022,"ERAUNCETAMURGIL AYESTARAN, MARIA",MOVISTAR ESTUDIANTES,2,2,1
2022,"GULICH, MARIE ISABELLE",VALENCIA B.C.,4,6,"0,67"
2022,"LABUCKIENE, GIEDRE",SPAR GIRONA,1,2,"0,5"
2022,"CARRERA QUINTANA, RAQUEL",VALENCIA B.C.,3,6,"0,5"
2022,"FIEBICH, LEONIE",CASADEMONT ZARAGOZA,1,2,"0,5"
2022,"MOLLENHAUER, ALEXANDRA JOY",MOVISTAR ESTUDIANTES,1,2,"0,5"
2022,"BURDICK, CASSIDIE CIERRA",VALENCIA B.C.,3,6,"0,5"
2022,"OUVIÑA MODREGO, CRISTINA",VALENCIA B.C.,2,6,"0,33"
2022,"REISINGEROVA , JULIA SUSSANE",PERFUMERIAS AVENIDA,2,6,"0,33"
2022,"ONYENWERE, MICHAELA NNE",PERFUMERIAS AVENIDA,1,4,"0,25"
2022,"GELDOF, SERENA LYNN PETRA",CASADEMONT ZARAGOZA,1,4,"0,25"
2022,"GUERRERO ALCANTARA, CAROLINA",BARÇA CBS,1,4,"0,25"
2022,"ORTIZ VIVES, MARIONA",CASADEMONT ZARAGOZA,1,4,"0,25"
2022,"GRANDE PARDO, CARMEN",CASADEMONT ZARAGOZA,1,4,"0,25"
2022,"CARLETON, BRIDGET ELIZABETH",PERFUMERIAS AVENIDA,1,5,"0,2"
2022,"PRINCE , ALEXIS SADE",PERFUMERIAS AVENIDA,1,6,"0,17"
2022,"FASOULA, MARIA EMMANOUELA",PERFUMERIAS AVENIDA,1,6,"0,17"
2021,"FINGALL, NADIA ANGELIQUE",MOVISTAR ESTUDIANTES,3,2,"1,5"
2021,"ALLEN, REBECCA",VALENCIA B.C.,7,6,"1,17"
2021,"COULIBALY, MARIAM ALOU",IDK EUSKOTREN,2,2,1
2021,"COX, LAUREN ELIZABETH",IDK EUSKOTREN,2,2,1
2021,"PEREZ ARAUJO, MARIA",SPAR GIRONA,3,4,"0,75"
2021,"REISINGEROVA , JULIA SUSSANE",SPAR GIRONA,3,4,"0,75"
2021,"GULICH, MARIE ISABELLE",VALENCIA B.C.,4,6,"0,67"
2021,"LABUCKIENE, GIEDRE",SPAR GIRONA,2,4,"0,5"
2021,"GINZO ARANTES, PAULA",LOINTEK GERNIKA BIZKAIA,1,2,"0,5"
2021,"DELAERE, ANTONIA LAURA A.",CASADEMONT ZARAGOZA,1,2,"0,5"
2021,"BUCH ROSELL, ROSO",LOINTEK GERNIKA BIZKAIA,1,2,"0,5"
2021,"HEMPE, MERRIT RAMONA",CASADEMONT ZARAGOZA,1,2,"0,5"
2021,"TUNSTULL, JEWEL JOYCE DIAMNOD",CADI LA SEU,2,4,"0,5"
2021,"GONZALEZ DUARTE , LARA",CASADEMONT ZARAGOZA,1,2,"0,5"
2021,"CARRERA QUINTANA, RAQUEL",VALENCIA B.C.,3,6,"0,5"
2021,"ROMERO GONZALEZ, LETICIA",VALENCIA B.C.,2,6,"0,33"
2021,"DRAMMEH, BINTA MOMMY DAISY",SPAR GIRONA,1,3,"0,33"
2021,"ELONU, ADAORA NNENNA",PERFUMERIAS AVENIDA,2,6,"0,33"
2021,"LUKACOVICOVA, KLAUDIA",CADI LA SEU,1,4,"0,25"
2021,"BURKE, KENNEDY VALENTINE",SPAR GIRONA,1,4,"0,25"
2021,"PALAU ALTES, LAIA",SPAR GIRONA,1,4,"0,25"
2021,"MENDY , MAGALI",SPAR GIRONA,1,4,"0,25"
2021,"SAMUELSON, KATIE LOU",PERFUMERIAS AVENIDA,1,6,"0,17"
2021,"FASOULA, MARIA EMMANOUELA",PERFUMERIAS AVENIDA,1,6,"0,17"
2021,"COPPER, KAHLEAH LAFEESA BUTLER",PERFUMERIAS AVENIDA,1,6,"0,17"
2021,"VILARO ARAGONES, ANDREA",PERFUMERIAS AVENIDA,1,6,"0,17"
2021,"HOF, EMESE EVA",PERFUMERIAS AVENIDA,1,6,"0,17"
2021,"TRAHAN DAVIS, CELESTE",VALENCIA B.C.,1,6,"0,17"
2020,"LO SYLLA, NOGAYE",LOINTEK GERNIKA BIZKAIA,2,3,"0,67"
2020,"GULICH, MARIE ISABELLE",VALENCIA B.C.,4,7,"0,57"
2020,"ALARIE, ISABELLA AUGUSTINE",PERFUMERIAS AVENIDA,4,7,"0,57"
2020,"CARTER, ARICA DERRIS",MOVISTAR ESTUDIANTES,1,2,"0,5"
2020,"JAMES, KAI AFI GNOZI NONI",SPAR GRAN CANARIA,1,2,"0,5"
2020,"RAMAN, JANA GEORGES R",MOVISTAR ESTUDIANTES,1,2,"0,5"
2020,"BURANI, AGOSTINA PAOLA",MOVISTAR ESTUDIANTES,1,2,"0,5"
2020,"CARRERA QUINTANA, RAQUEL",VALENCIA B.C.,3,7,"0,43"
2020,"GIL COLLADO, LAURA",VALENCIA B.C.,1,3,"0,33"
2020,"DIALLO DIENG , UMO DIALLO",PERFUMERIAS AVENIDA,1,3,"0,33"
2020,"ALLEN, REBECCA",VALENCIA B.C.,2,7,"0,29"
2020,"HOF, EMESE EVA",PERFUMERIAS AVENIDA,2,7,"0,29"
2020,"REISINGEROVA , JULIA SUSSANE",SPAR GIRONA,1,4,"0,25"
2020,"GOMES COLHADO, NADIA",LOINTEK GERNIKA BIZKAIA,1,4,"0,25"
2020,"ARROJO JIMENEZ, MARIA BELEN",LOINTEK GERNIKA BIZKAIA,1,4,"0,25"
2020,"CAZORLA MEDINA, MARIA TERESA",PERFUMERIAS AVENIDA,1,5,"0,2"
2020,"CASAS CARRERAS, QUERALT",VALENCIA B.C.,1,6,"0,17"
2020,"SAMUELSON, KATIE LOU",PERFUMERIAS AVENIDA,1,7,"0,14"
2020,"MILIC, NIKOLINA",PERFUMERIAS AVENIDA,1,7,"0,14"
2019,"FAGBENLE, TEMITOPE TITILOLA",PERFUMERIAS AVENIDA,5,3,"1,67"
2019,"BARBEE, SHACOBIA SHAUNTE",RPK ARASKI,2,2,1
2019,"MILIC, NIKOLINA",LOINTEK GERNIKA BIZKAIA,1,1,1
2019,"SEDA, TAMARA ADELAIDE JOSE CAMACHO",RPK ARASKI,2,2,1
2019,"PIERRE LOUIS, VIONISE ARON'S",CIUDAD DE LA LAGUNA TENERIFE,1,1,1
2019,"CARRERA QUINTANA, RAQUEL",RPK ARASKI,2,2,1
2019,"VASIC, SONJA",SPAR CITYLIFT GIRONA,2,3,"0,67"
2019,"GIL COLLADO, LAURA",PERFUMERIAS AVENIDA,2,3,"0,67"
2019,"MENDY , MAGALI",SPAR CITYLIFT GIRONA,2,3,"0,67"
2019,"BROWN , JOY ALEXIS",VALENCIA B.C.,1,2,"0,5"
2019,"GOMEZ IGUAL, ANNA",VALENCIA B.C.,1,2,"0,5"
2019,"REISINGEROVA , JULIA SUSSANE",VALENCIA B.C.,1,2,"0,5"
2019,"VILARO ARAGONES, ANDREA",PERFUMERIAS AVENIDA,1,3,"0,33"
2019,"HOF, EMESE EVA",PERFUMERIAS AVENIDA,1,3,"0,33"
2019,"VITOLA, KRISTINE",PERFUMERIAS AVENIDA,1,3,"0,33"
2019,"PEREZ ARAUJO, MARIA",SPAR CITYLIFT GIRONA,1,3,"0,33"
2019,"XARGAY CASADEMONT, MARTA",SPAR CITYLIFT GIRONA,1,3,"0,33"
2019,"ELONU, ADAORA NNENNA",SPAR CITYLIFT GIRONA,1,3,"0,33"
2018,"URBANIAK -DORNSTAUDER, QUINN  ASIA",MANN-FILTER CASABLANCA,2,2,1
2018,"SARR, OUMOUL KHAIRY",IDK GIPUZKOA,3,3,1
2018,"NYSTROM, ELLEN ADINA",IDK GIPUZKOA,3,3,1
2018,"HAMPTON, KEISHA LAVON",SPAR CITYLIFT GIRONA,5,6,"0,83"
2018,"ABALDE DIAZ, TAMARA",VALENCIA B.C.,4,5,"0,8"
2018,"ETXARRI MUNARRIZ, IRATI",CADI LA SEU,4,5,"0,8"
2018,"BEREZHYNSKA, VALERIYA",LOINTEK GERNIKA BIZKAIA,2,3,"0,67"
2018,"ROBINSON, ANGELICA DANIELLE",PERFUMERIAS AVENIDA,4,6,"0,67"
2018,"PIERRE LOUIS, VIONISE ARON'S",SPAR CITYLIFT GIRONA,3,5,"0,6"
2018,"WILLIAMS, GABRIELLE LISA",SPAR CITYLIFT GIRONA,3,6,"0,5"
2018,"ELONU, ADAORA NNENNA",PERFUMERIAS AVENIDA,3,6,"0,5"
2018,"HERNANDEZ ORTIZ, ZOE",MANN-FILTER CASABLANCA,1,2,"0,5"
2018,"VAN DEN ADEL, NATALIE ISABELLE",RPK ARASKI,1,2,"0,5"
2018,"LOYD, JEWELL BLESSING",PERFUMERIAS AVENIDA,2,6,"0,33"
2018,"GIL COLLADO, LAURA",PERFUMERIAS AVENIDA,2,6,"0,33"
2018,"OMA GIRALT, HELENA",SPAR CITYLIFT GIRONA,2,6,"0,33"
2018,"REISINGEROVA , JULIA SUSSANE",SPAR CITYLIFT GIRONA,2,6,"0,33"
2018,"DE SOUZA MACHADO, ERIKA CRISTINA",PERFUMERIAS AVENIDA,2,6,"0,33"
2018,"PASCUA SUAREZ, MARÍA LUCILA",LOINTEK GERNIKA BIZKAIA,1,3,"0,33"
2018,"WILLIAMS, COURTNEY MONAE",LOINTEK GERNIKA BIZKAIA,1,3,"0,33"
2018,"ERAUNCETAMURGIL AYESTARAN, MARIA",IDK GIPUZKOA,1,3,"0,33"
2018,"ARROJO JIMENEZ, MARIA BELEN",PERFUMERIAS AVENIDA,1,4,"0,25"
2018,"HEMPE, MERRIT RAMONA",CADI LA SEU,1,5,"0,2"
2018,"DIAZ CASTELLANO, YURENA",CADI LA SEU,1,5,"0,2"
2018,"TIRERA, MEIYA",VALENCIA B.C.,1,5,"0,2"
2018,"BAHI BLANQUERA, GEORGINA",CADI LA SEU,1,5,"0,2"
2018,"VILARO ARAGONES, ANDREA",CADI LA SEU,1,5,"0,2"
2018,"MARTINEZ PRAT, NURIA",SPAR CITYLIFT GIRONA,1,6,"0,17"
2018,"BUCH ROSELL, ROSO",SPAR CITYLIFT GIRONA,1,6,"0,17"
2018,"DONGUE, LEIA TANIA DO BASTIAO",SPAR CITYLIFT GIRONA,1,6,"0,17"
2017,"GIDDEN, VANESSA NICOLE",CAMPUS PROMETE LF1,24,19,"1,26"
2017,"NDOYE, BINETA",EMBUTIDOS PAJARIEL BEMBIBRE PD,24,22,"1,09"
2017,"ALMINAITE, KRISITINA",SPAR CITYLIFT GIRONA,27,26,"1,04"
2017,"PEREZ ARAUJO, MARIA",STAR CENTER-UNI FERROL,24,26,"0,92"
2017,"GOMES COLHADO, NADIA",SPAR CITYLIFT GIRONA,21,25,"0,84"
2017,"FORSTER, JULIA CHRISTINE",LACTURALE ART ARASKI,20,26,"0,77"
2017,"DE SOUZA MACHADO, ERIKA CRISTINA",PERFUMERIAS AVENIDA,14,22,"0,64"
2017,"LO SYLLA, NOGAYE",CADI LA SEU,16,25,"0,64"
2017,"REISINGEROVA , JULIA SUSSANE",SNATT´S FEMENÍ SANT ADRIÁ,12,19,"0,63"
2017,"ROBINSON, ANGELICA DANIELLE",PERFUMERIAS AVENIDA,12,23,"0,52"
2017,"ELONU, ADAORA NNENNA",PERFUMERIAS AVENIDA,13,26,"0,5"
2017,"NICHOLLS GONZALEZ, LAURA",PERFUMERIAS AVENIDA,12,24,"0,5"
2017,"GINZO ARANTES, PAULA",MOVISTAR ESTUDIANTES,12,25,"0,48"
2017,"GIL COLLADO, LAURA",PERFUMERIAS AVENIDA,9,19,"0,47"
2017,"JOVANOVIC, MILICA",CAMPUS PROMETE LF1,9,19,"0,47"
2017,"QUEVEDO CAÑIZARES, LAURA",NISSAN  AL-QÁZERES EXTREMADURA,6,13,"0,46"
2017,"ABALDE DIAZ, TAMARA",MANN-FILTER,12,26,"0,46"
2017,"PRINCE , ALEXIS SADE",STAR CENTER-UNI FERROL,11,26,"0,42"
2017,"BARBEE, SHACOBIA SHAUNTE",MANN-FILTER,11,26,"0,42"
2017,"RAMIREZ, CAITLYN BROOK",CADI LA SEU,10,25,"0,4"
2017,"JENKINS, ALISIA LA´JEWEL CHARLESNEIA",QUESOS EL PASTOR,7,18,"0,39"
2017,"ETXARRI MUNARRIZ, IRATI",LACTURALE ART ARASKI,10,26,"0,38"
2017,"BROWN , JOY ALEXIS",NISSAN  AL-QÁZERES EXTREMADURA,10,26,"0,38"
2017,"BOGICEVIC, NINA",MOVISTAR ESTUDIANTES,8,21,"0,38"
2017,"ALLEYNE, JILLIAN CHANTEL",IDK GIPUZKOA,8,22,"0,36"
2017,"WEAVER, LYNDRA SHAJUAN",IDK GIPUZKOA,9,26,"0,35"
2017,"PASCUA SUAREZ, MARÍA LUCILA",MANN-FILTER,9,26,"0,35"
2017,"SARR, OUMOUL KHAIRY",IDK GIPUZKOA,9,26,"0,35"
2017,"FORASTE GALOBARDES, MIRIAM",NISSAN  AL-QÁZERES EXTREMADURA,8,26,"0,31"
2017,"EVANS, SHANTE MARIE",SPAR CITYLIFT GIRONA,8,26,"0,31"
2017,"PINA TOLOSA, MARIA",LOINTEK GERNIKA BIZKAIA,3,26,"0,12"
2017,"DIALLO DIENG , UMO DIALLO",LACTURALE ART ARASKI,3,26,"0,12"
2017,"RAMOS DO NASCIMENTO, CARLA MARISA",NISSAN  AL-QÁZERES EXTREMADURA,2,19,"0,11"
2017,"KNIGHT, LESLIE FAYE",CAMPUS PROMETE LF1,2,21,"0,1"
2017,"VAN DEN ADEL, NATALIE ISABELLE",LACTURALE ART ARASKI,2,21,"0,1"
2017,"HALL , PRECIOUS TANZIE KYTRONIA",CAMPUS PROMETE LF1,2,20,"0,1"
2017,"IPARRAGUIRRE ALUSTIZA, SARA",IDK GIPUZKOA,2,20,"0,1"
2017,"ALDALUR SOTO, ANE MIREN",LACTURALE ART ARASKI,2,26,"0,08"
2017,"GOMEZ IGUAL, ANNA",LOINTEK GERNIKA BIZKAIA,2,25,"0,08"
2017,"SANCHEZ MARRUFO, BEATRIZ",STAR CENTER-UNI FERROL,2,25,"0,08"
2017,"MOLINUEVO GARCIA, CRISTINA",LACTURALE ART ARASKI,2,24,"0,08"
2017,"ASTROM , ELLEN LOVISA",EMBUTIDOS PAJARIEL BEMBIBRE PD,2,26,"0,08"
2017,"LAHUERTA MENDOZA, IRENE",MANN-FILTER,2,26,"0,08"
2017,"LUCAS , ITALEE MALINA",IDK GIPUZKOA,1,13,"0,08"
2017,"SCOTT, JAMIE GRACE",STAR CENTER-UNI FERROL,2,26,"0,08"
2017,"GONZALEZ DUARTE , LARA",IDK GIPUZKOA,2,26,"0,08"
2017,"HERRERA BOXO, LAURA",CAMPUS PROMETE LF1,2,24,"0,08"
2017,"MARTINEZ PRAT, NURIA",SPAR CITYLIFT GIRONA,2,26,"0,08"
2017,"ADURIZ HERNANI, ONINTZA",IDK GIPUZKOA,2,26,"0,08"
2017,"SILVA SERRANO , ROSELIS CAROLINA",LACTURALE ART ARASKI,2,25,"0,08"
2017,"BUCH ROSELL, ROSO",SPAR CITYLIFT GIRONA,2,26,"0,08"
2017,"IVEZIC, JELENA",QUESOS EL PASTOR,1,18,"0,06"
2017,"VILA CABIRÓ, MIREIA",SNATT´S FEMENÍ SANT ADRIÁ,1,17,"0,06"
2017,"SELBY, SHAYANN RAQUEL",MOVISTAR ESTUDIANTES,1,18,"0,06"
2017,"PARDO HERVIAS, LAURA",LACTURALE ART ARASKI,1,22,"0,05"
2017,"ALSTON, AMERYST DANAE",LOINTEK GERNIKA BIZKAIA,1,26,"0,04"
2017,"VILARO ARAGONES, ANDREA",CADI LA SEU,1,25,"0,04"
2017,"KOVACEVIC, BOJANA",SNATT´S FEMENÍ SANT ADRIÁ,1,23,"0,04"
2017,"GARCIA PAUNERO, CELIA",QUESOS EL PASTOR,1,25,"0,04"
2017,"MENENDEZ ANTOLI, CELIA MARIA",MOVISTAR ESTUDIANTES,1,26,"0,04"
2017,"MOSS, DANDRA YUVETT",PERFUMERIAS AVENIDA,1,23,"0,04"
2017,"LLOBET CODERCH, ITZIAR",SNATT´S FEMENÍ SANT ADRIÁ,1,26,"0,04"
2017,"BRKIC, IVA",IDK GIPUZKOA,1,26,"0,04"
2017,"MOLINA PRADOS MARTIN BURO, JUANA MARIA",LOINTEK GERNIKA BIZKAIA,1,25,"0,04"
2017,"GIVENS , KRISI TIJANA",PERFUMERIAS AVENIDA,1,25,"0,04"
2017,"DELGADO PONTES, MARINA",STAR CENTER-UNI FERROL,1,26,"0,04"
2017,"LIZARAZU HERRERA, MARINA",QUESOS EL PASTOR,1,26,"0,04"
2017,"CLARET GILABERTE, MARTA",SNATT´S FEMENÍ SANT ADRIÁ,1,25,"0,04"
2017,"MONTOLIU MATIAS, MARTA",CADI LA SEU,1,26,"0,04"
2017,"VANDERWAL, RACHAEL  ANN",STAR CENTER-UNI FERROL,1,25,"0,04"
2017,"RICHARDS, SHEREESHA NATHESHA",CADI LA SEU,1,26,"0,04"
2017,"LAZARO CASTILLERO, YAIZA",LOINTEK GERNIKA BIZKAIA,1,23,"0,04"
2017,"DIAZ CASTELLANO, YURENA",CADI LA SEU,1,26,"0,04"
2017,"MOSS, DANDRA YUVETT",PERFUMERIAS AVENIDA,1,23,"0,04"
2017,"LLOBET CODERCH, ITZIAR",SNATT´S FEMENÍ SANT ADRIÁ,1,26,"0,04"
2017,"BRKIC, IVA",IDK GIPUZKOA,1,26,"0,04"
2017,"MOLINA PRADOS MARTIN BURO, JUANA MARIA",LOINTEK GERNIKA BIZKAIA,1,25,"0,04"
2017,"GIVENS , KRISI TIJANA",PERFUMERIAS AVENIDA,1,25,"0,04"
2017,"DELGADO PONTES, MARINA",STAR CENTER-UNI FERROL,1,26,"0,04"
2017,"LIZARAZU HERRERA, MARINA",QUESOS EL PASTOR,1,26,"0,04"
2017,"CLARET GILABERTE, MARTA",SNATT´S FEMENÍ SANT ADRIÁ,1,25,"0,04"
2017,"MONTOLIU MATIAS, MARTA",CADI LA SEU,1,26,"0,04"
2017,"VANDERWAL, RACHAEL  ANN",STAR CENTER-UNI FERROL,1,25,"0,04"
2017,"RICHARDS, SHEREESHA NATHESHA",CADI LA SEU,1,26,"0,04"
2017,"LAZARO CASTILLERO, YAIZA",LOINTEK GERNIKA BIZKAIA,1,23,"0,04"
2017,"DIAZ CASTELLANO, YURENA",CADI LA SEU,1,26,"0,04"
2016,"MOKANGO, CHANEL MODIRI",LOINTEK GERNIKA BIZKAIA,3,2,"1,5"
2016,"GIL COLLADO, LAURA",PERFUMERIAS AVENIDA,6,5,"1,2"
2016,"MTZ. DE ALEGRIA ARRUE, MARIA",LACTURALE ARASKI,1,1,1
2016,"DE SOUZA MACHADO, ERIKA CRISTINA",PERFUMERIAS AVENIDA,5,5,1
2016,"GOMES COLHADO, NADIA",IDK GIPUZKOA,3,3,1
2016,"BULGAK, ADUT ATEM",IDK GIPUZKOA,2,3,"0,67"
2016,"MILOVANOVIC, JELENA",PERFUMERIAS AVENIDA,3,5,"0,6"
2016,"COULIBALY, NAIGNOUMA",SPAR CITYLIFT GIRONA,3,5,"0,6"
2016,"ETXARRI MUNARRIZ, IRATI",LACTURALE ARASKI,2,4,"0,5"
2016,"ALMINAITE, KRISITINA",SPAR CITYLIFT GIRONA,1,2,"0,5"
2016,"PARDO HERVIAS, LAURA",LACTURALE ARASKI,2,4,"0,5"
2016,"PEREZ ARAUJO, MARIA",STAR CENTER-UNI FERROL,2,5,"0,4"
2016,"BARBEE, SHACOBIA SHAUNTE",STAR CENTER-UNI FERROL,2,5,"0,4"
2016,"ELONU, ADAORA NNENNA",PERFUMERIAS AVENIDA,2,5,"0,4"
2016,"CALVO DIAZ, ANA BEGOÑA",STAR CENTER-UNI FERROL,2,5,"0,4"
2016,"PETERS, HALEY MCCLOSKEY",SPAR CITYLIFT GIRONA,2,5,"0,4"
2016,"ADURIZ HERNANI, ONINTZA",IDK GIPUZKOA,1,3,"0,33"
2016,"OCETE CASTILLO, GABRIELA",IDK GIPUZKOA,1,3,"0,33"
2016,"SILVA SERRANO , ROSELIS CAROLINA",LACTURALE ARASKI,1,4,"0,25"
2016,"IBEKWE, IFUNANYA DEBBIE",SPAR CITYLIFT GIRONA,1,4,"0,25"
2016,"ALDALUR SOTO, ANE MIREN",LACTURALE ARASKI,1,4,"0,25"
2016,"SANCHEZ MARRUFO, BEATRIZ",STAR CENTER-UNI FERROL,1,5,"0,2"
2016,"BEARD, ALANA MONIQUE",PERFUMERIAS AVENIDA,1,5,"0,2"
2016,"SUAREZ UTRERO, ANA MARIA",STAR CENTER-UNI FERROL,1,5,"0,2"
2015,"NDOUR, ASTOU BARRO",PERFUMERIAS AVENIDA,7,5,"1,4"
2015,"CALDWELL , TALIA ADAIAH",C.B. CONQUERO HUELVA WAGEN,1,1,1
2015,"GIDDEN, VANESSA NICOLE",PERFUMERIAS AVENIDA,2,3,"0,67"
2015,"COULIBALY, NAIGNOUMA",SPAR CITYLIFT GIRONA,3,5,"0,6"
2015,"IBEKWE, IFUNANYA DEBBIE",SPAR CITYLIFT GIRONA,1,2,"0,5"
2015,"PETERS, HALEY MCCLOSKEY",C.B. CONQUERO HUELVA WAGEN,1,2,"0,5"
2015,"PASCUA SUAREZ, MARÍA LUCILA",MANN-FILTER,1,2,"0,5"
2015,"OCETE CASTILLO, GABRIELA",MANN-FILTER,1,2,"0,5"
2015,"ZLATANOVA, JAKLIN",MANN-FILTER,1,2,"0,5"
2015,"GEMELOS, JACQUELINE ANN",PERFUMERIAS AVENIDA,2,5,"0,4"
2015,"VITOLA, KRISTINE",PERFUMERIAS AVENIDA,1,4,"0,25"
2015,"GIVENS , KRISI TIJANA",SPAR CITYLIFT GIRONA,1,5,"0,2"
2015,"MARGINEAN , GABRIELA",PERFUMERIAS AVENIDA,1,5,"0,2"
2015,"SPANOU, ARTEMIS",SPAR CITYLIFT GIRONA,1,5,"0,2"
2015,"KOBRYN , EWELINA KATARZYNA",PERFUMERIAS AVENIDA,1,5,"0,2"
2014,"GIL COLLADO, LAURA",CADI LA SEU,6,3,2
2014,"PARHAM, AJA DANIELLE",C.B. CONQUERO HUELVA WAGEN,2,2,1
2014,"ROBINSON, ANGELICA DANIELLE",PERFUMERIAS AVENIDA,5,5,1
2014,"GIDDEN, VANESSA NICOLE",SPAR CITYLIFT GIRONA,4,4,1
2014,"IBEKWE, IFUNANYA DEBBIE",SPAR CITYLIFT GIRONA,3,4,"0,75"
2014,"FERNANDEZ FARRES, MARTA",PERFUMERIAS AVENIDA,3,5,"0,6"
2014,"ELONU, ADAORA NNENNA",C.B. CONQUERO HUELVA WAGEN,1,2,"0,5"
2014,"DAVIS , CHELSEA MARIA",C.B. CONQUERO HUELVA WAGEN,1,2,"0,5"
2014,"REZAN, MARIJA",PERFUMERIAS AVENIDA,2,5,"0,4"
2014,"ABALDE DIAZ, TAMARA",PERFUMERIAS AVENIDA,1,3,"0,33"
2014,"TANNER, TYRESE LA SHAY",CADI LA SEU,1,3,"0,33"
2014,"KUKTIENE, VITA",SPAR CITYLIFT GIRONA,1,4,"0,25"
2014,"ORTIZ VIVES, MARIONA",PERFUMERIAS AVENIDA,1,5,"0,2"
2014,"XARGAY CASADEMONT, MARTA",PERFUMERIAS AVENIDA,1,5,"0,2"
2013,"NICHOLLS GONZALEZ, LAURA",RIVAS ECOPOLIS,7,5,"1,4"
2013,"NDOUR, ASTOU BARRO",GRAN CANARIA 2014,4,3,"1,33"
2013,"ROBINSON, ANGELICA DANIELLE",PERFUMERIAS AVENIDA,5,5,1
2013,"HALVARSSON , LOUICE",RIVAS ECOPOLIS,5,5,1
2013,"REZAN, MARIJA",PERFUMERIAS AVENIDA,4,5,"0,8"
2013,"BUCH ROSELL, ROSO",EMBUTIDOS PAJARIEL BEMBIBRE PD,2,3,"0,67"
2013,"BERMEJO MORENO, CLARA SUSANA",RIVAS ECOPOLIS,3,5,"0,6"
2013,"THOMAS, KRYSTAL VICTORIA",PERFUMERIAS AVENIDA,3,5,"0,6"
2013,"XARGAY CASADEMONT, MARTA",PERFUMERIAS AVENIDA,2,5,"0,4"
2013,"GIMENO MARTINEZ, VEGA",RIVAS ECOPOLIS,1,3,"0,33"
2013,"NDOYE, BINETA",GRAN CANARIA 2014,1,3,"0,33"
2013,"MONTENEGRO SANTANA, RITA ESTHER",EMBUTIDOS PAJARIEL BEMBIBRE PD,1,3,"0,33"
2013,"DENNETT, MELISSA LOUISE",EMBUTIDOS PAJARIEL BEMBIBRE PD,1,3,"0,33"
2013,"ORTIZ VIVES, MARIONA",PERFUMERIAS AVENIDA,1,4,"0,25"
2013,"MURPHY, ESHAYA MARIE",PERFUMERIAS AVENIDA,1,5,"0,2"
2013,"FERNANDEZ FARRES, MARTA",PERFUMERIAS AVENIDA,1,5,"0,2"
2012,"MONROE, JACINTA LISETTE",SPAR UNIGIRONA,3,5,"0,6"
2012,"NICHOLLS GONZALEZ, LAURA",RIVAS ECOPOLIS,2,4,"0,5"
2012,"REZAN, MARIJA",PERFUMERIAS AVENIDA,2,4,"0,5"
2012,"SULCIUTE, EGLE",PERFUMERIAS AVENIDA,2,4,"0,5"
2012,"PASCUA SUAREZ, MARÍA LUCILA",PERFUMERIAS AVENIDA,2,4,"0,5"
2012,"VAJDA, ANNA",RIVAS ECOPOLIS,2,4,"0,5"
2012,"COVINGTON, ARHONDA",CADI - ICG SOFTWARE,2,4,"0,5"
2012,"HERRERA BOXO, LAURA",UNB OBENASA,1,3,"0,33"
2012,"PARHAM, AJA DANIELLE",CADI - ICG SOFTWARE,1,4,"0,25"
2012,"HENRY, ANEIKA ANNA-KAY",RIVAS ECOPOLIS,1,4,"0,25"
2012,"BAHI BLANQUERA, GEORGINA",CADI - ICG SOFTWARE,1,4,"0,25"
2012,"MORRISON JARA, ZIOMARA ESKET",RIVAS ECOPOLIS,1,4,"0,25"
2012,"XARGAY CASADEMONT, MARTA",PERFUMERIAS AVENIDA,1,4,"0,25"
2012,"BERMEJO MORENO, CLARA SUSANA",RIVAS ECOPOLIS,1,4,"0,25"
2012,"CRUZ LEBRATO, ANNA",RIVAS ECOPOLIS,1,4,"0,25"
2012,"WILLINGHAM, LE`COE LOUISE",PERFUMERIAS AVENIDA,1,4,"0,25"
2012,"FREIXANET VIEJO, JAEL",SPAR UNIGIRONA,1,5,"0,2"
2012,"BRAVARD , CIERRA  NICHOLE",SPAR UNIGIRONA,1,5,"0,2"
2012,"SARR, OUMOUL KHAIRY",SPAR UNIGIRONA,1,5,"0,2"
2011,"ROBINSON, ANGELICA DANIELLE",GIRONA FC,5,2,"2,5"
2011,"DE SOUZA MACHADO, ERIKA CRISTINA",PERFUMERIAS AVENIDA,5,4,"1,25"
2011,"NICHOLLS GONZALEZ, LAURA",RIVAS ECOPOLIS,2,2,1
2011,"KRIVACEVIC, TIJANA",RIVAS ECOPOLIS,1,1,1
2011,"PIRSIC, SANDRA",RIVAS ECOPOLIS,2,2,1
2011,"BONNER, DEWANNA TENISE",PERFUMERIAS AVENIDA,3,4,"0,75"
2011,"GARCIA MATA, GEMA",RIVAS ECOPOLIS,1,2,"0,5"
2011,"YACOUBOU, ISABELLE",CIUDAD ROS CASARES VALENCIA,2,4,"0,5"
2011,"JACKSON, LAUREN",CIUDAD ROS CASARES VALENCIA,2,4,"0,5"
2011,"CRUZ LEBRATO, ANNA",RIVAS ECOPOLIS,1,2,"0,5"
2011,"LYTTLE LYTTLE, SANCHO TRACY CONSTANCE",CIUDAD ROS CASARES VALENCIA,2,4,"0,5"
2011,"BAHI BLANQUERA, GEORGINA",GIRONA FC,1,2,"0,5"
2011,"MOORE, MAYA APRIL",CIUDAD ROS CASARES VALENCIA,1,3,"0,33"
2011,"PALAU ALTES, LAIA",CIUDAD ROS CASARES VALENCIA,1,4,"0,25"
2011,"SANCHEZ FERNANDEZ, ISABEL",PERFUMERIAS AVENIDA,1,4,"0,25"
2011,"DOMINGUEZ FERNANDEZ, SILVIA",CIUDAD ROS CASARES VALENCIA,1,4,"0,25"
2010,"ZLATANOVA, JAKLIN",MANN FILTER ZARAGOZA,3,2,"1,5"
2010,"VESELA, JANA",CIUDAD ROS CASARES VALENCIA,1,1,1
2010,"BRUNSON, REBEKKAH",CIUDAD ROS CASARES VALENCIA,2,2,1
2010,"DE SOUZA MACHADO, ERIKA CRISTINA",PERFUMERIAS AVENIDA,2,2,1
2010,"HENRY, ANEIKA ANNA-KAY",MANN FILTER ZARAGOZA,1,2,"0,5"
2010,"BONNER, DEWANNA TENISE",RIVAS ECOPOLIS,1,2,"0,5"
2010,"LIMA GARCIA, CINDY ORQUIDEA",CIUDAD ROS CASARES VALENCIA,1,2,"0,5"
2010,"DOUGLAS, KATHRYN",CIUDAD ROS CASARES VALENCIA,1,2,"0,5"
2010,"ANOSIKE, NIKOLIKA NONYELUM",CIUDAD ROS CASARES VALENCIA,1,2,"0,5"
2010,"PARIS, COURTNEY LYNNE",RIVAS ECOPOLIS,1,2,"0,5"
2010,"BERMEJO MORENO, CLARA SUSANA",RIVAS ECOPOLIS,1,2,"0,5"
2010,"NICHOLLS GONZALEZ, LAURA",RIVAS ECOPOLIS,1,2,"0,5"
2009,"DE SOUZA MACHADO, ERIKA CRISTINA",CIUDAD ROS CASARES VALENCIA,5,4,"1,25"
2009,"LIMA GARCIA, CINDY ORQUIDEA",CIUDAD ROS CASARES VALENCIA,1,1,1
2009,"CRUZ LEBRATO, ANNA",RIVAS ECOPOLIS,2,2,1
2009,"LYTTLE LYTTLE, SANCHO TRACY CONSTANCE",PERFUMERIAS AVENIDA,3,4,"0,75"
2009,"MONDT, ANKE DE",PERFUMERIAS AVENIDA,3,4,"0,75"
2009,"VESELA, JANA",CIUDAD ROS CASARES VALENCIA,2,4,"0,5"
2009,"FEASTER, ALISON",MANN FILTER ZARAGOZA,1,2,"0,5"
2009,"BERMEJO MORENO, CLARA SUSANA",RIVAS ECOPOLIS,1,2,"0,5"
2009,"DICKSON, JESSICA",MANN FILTER ZARAGOZA,1,2,"0,5"
2009,"HAJDUNE CSASZAR, ANDREA",RIVAS ECOPOLIS,1,2,"0,5"
2009,"DRLJACA, LJUBICA",CIUDAD ROS CASARES VALENCIA,1,2,"0,5"
2009,"ABROMAITE, AGNE",MANN FILTER ZARAGOZA,1,2,"0,5"
2009,"DUBLJEVIC, JELENA",RIVAS ECOPOLIS,1,2,"0,5"
2009,"UJHELYI, PETRA",RIVAS ECOPOLIS,1,2,"0,5"
2009,"WILLINGHAM, LE`COE LOUISE",PERFUMERIAS AVENIDA,1,4,"0,25"
2009,"MILTON, DELISHA LACHELL",CIUDAD ROS CASARES VALENCIA,1,4,"0,25"
2009,"TORRENS SALOM, ALBA",PERFUMERIAS AVENIDA,1,4,"0,25"
2009,"PODKOVALNIKOVA , OLGA",PERFUMERIAS AVENIDA,1,4,"0,25"
2009,"XARGAY CASADEMONT, MARTA",PERFUMERIAS AVENIDA,1,4,"0,25"
2008,"DE SOUZA MACHADO, ERIKA CRISTINA",CIUDAD ROS CASARES,10,4,"2,5"
2008,"RILEY, RUTH ELLEN",RIVAS ECÓPOLIS,5,3,"1,67"
2008,"SENRA PEREZ, SUSANA",RIVAS ECÓPOLIS,1,1,1
2008,"SNOW, MICHELLE",PERFUMERIAS AVENIDA,4,5,"0,8"
2008,"MURPHY, ESHAYA MARIE",CB FEVE SAN JOSÉ,1,2,"0,5"
2008,"NAVARRETE TRUJILLO, MIREIA",PERFUMERIAS AVENIDA,1,2,"0,5"
2008,"DUBLJEVIC, JELENA",RIVAS ECÓPOLIS,1,3,"0,33"
2008,"VALDEMORO MADARIAGA, AMAYA",CIUDAD ROS CASARES,1,4,"0,25"
2008,"PALAU ALTES, LAIA",CIUDAD ROS CASARES,1,4,"0,25"
2008,"MILTON, DELISHA LACHELL",CIUDAD ROS CASARES,1,4,"0,25"
2008,"VESELA, JANA",CIUDAD ROS CASARES,1,4,"0,25"
2008,"BASKO , GUNTA",PERFUMERIAS AVENIDA,1,5,"0,2"
2008,"SANCHEZ FERNANDEZ, ISABEL",PERFUMERIAS AVENIDA,1,5,"0,2"
2008,"WILLINGHAM, LE`COE LOUISE",PERFUMERIAS AVENIDA,1,5,"0,2"
2007,"DE SOUZA MACHADO, ERIKA CRISTINA",C. ROS CASARES VALENCIA,6,5,"1,2"
2007,"LIMA GARCIA, CINDY ORQUIDEA",CLUB BALONCESTO SAN JOSÉ,2,2,1
2007,"LYTTLE LYTTLE, SANCHO TRACY CONSTANCE",EBE PROMOCIONES SANTA EULALIAI,2,3,"0,67"
2007,"MILTON, DELISHA LACHELL",C. ROS CASARES VALENCIA,3,5,"0,6"
2007,"FEASTER, ALISON",CLUB BALONCESTO SAN JOSÉ,1,2,"0,5"
2007,"SANTOS DE OLIVEIRA, ALESSANDRA",PERFUMERIAS AVENIDA,1,2,"0,5"
2007,"REVUELTO SÁNCHEZ-AGUILERA, MARIA",CLUB BALONCESTO SAN JOSÉ,1,2,"0,5"
2007,"MATIC , IVANKA",PERFUMERIAS AVENIDA,3,6,"0,5"
2007,"PAGE, LINDA A. MURRIEL",CLUB BALONCESTO SAN JOSÉ,1,2,"0,5"
2007,"TORNIKIDOU TORNIKIDOU, ELENA",C. ROS CASARES VALENCIA,2,5,"0,4"
2007,"LILJESTRAND, THYRA LINNEA",EBE PROMOCIONES SANTA EULALIAI,1,3,"0,33"
2007,"BERMEJO MORENO, CLARA SUSANA",PERFUMERIAS AVENIDA,2,6,"0,33"
2007,"MALTSI, EVANTHIA",C. ROS CASARES VALENCIA,1,5,"0,2"
2007,"DOUGLAS, KATHRYN",C. ROS CASARES VALENCIA,1,5,"0,2"
2007,"MONTAÑANA GIMENO, ANNA",PERFUMERIAS AVENIDA,1,6,"0,17"
2007,"REID, TRACY LASHAWN",PERFUMERIAS AVENIDA,1,6,"0,17"
2007,"MONDT, ANKE DE",PERFUMERIAS AVENIDA,1,6,"0,17"
2006,"SCHUMACHER, KELLY MARIE",UB F.C BARCELONA,11,5,"2,2"
2006,"MUJANOVIC, RAZIJA",HONDARRIBIA-IRÚN,4,2,2
2006,"WYCKOFF, BROOKE ELIZABETH",GRAN CANARIA,4,2,2
2006,"DE SOUZA MACHADO, ERIKA CRISTINA",C. ROS CASARES VALENCIA,18,10,"1,8"
2006,"DYDEK, MARGO",C. ROS CASARES VALENCIA,13,10,"1,3"
2006,"FERNANDEZ FARRES, MARTA",UB F.C BARCELONA,5,5,1
2006,"ZURRO ALFONSO, MARTA",ARRANZ-JOPISA BURGOS,4,4,1
2006,"HAJDUNE CSASZAR, ANDREA",HONDARRIBIA-IRÚN,2,2,1
2006,"PASCUA SUAREZ, MARÍA LUCILA",ACIS INCOSA LEON,2,2,1
2006,"TAMANE, ZANE",UB F.C BARCELONA,4,5,"0,8"
2006,"UJHELYI, PETRA",ARRANZ-JOPISA BURGOS,3,4,"0,75"
2006,"ARDON, LESLIE",EXTRUGASA,1,2,"0,5"
2006,"BLANCO BERNAL, SONIA",ARRANZ-JOPISA BURGOS,2,4,"0,5"
2006,"PAGE, LINDA A. MURRIEL",HONDARRIBIA-IRÚN,1,2,"0,5"
2006,"MILTON, DELISHA LACHELL",C. ROS CASARES VALENCIA,5,10,"0,5"
2006,"GOMEZ SANDO, GERTRUDIS",EXTRUGASA,1,2,"0,5"
2006,"FEASTER, ALISON",C. ROS CASARES VALENCIA,3,10,"0,3"
2006,"VILLAR FERNANDEZ, IRIA",ARRANZ-JOPISA BURGOS,1,4,"0,25"
2006,"WILLIAMS, ADRIAN DENISE",PERFUMERIAS AVENIDA,2,9,"0,22"
2006,"FERRAGUT CASTILLO, MARINA",C. ROS CASARES VALENCIA,2,10,"0,2"
2006,"AGUILAR LOPEZ , ELISA",C. ROS CASARES VALENCIA,2,10,"0,2"
2006,"PONS MOLINA, INGRID",UB F.C BARCELONA,1,5,"0,2"
2006,"TORNIKIDOU TORNIKIDOU, ELENA",C. ROS CASARES VALENCIA,2,10,"0,2"
2006,"WECKER, KENDRA RENEE",UB F.C BARCELONA,1,5,"0,2"
2006,"BERMEJO MORENO, CLARA SUSANA",PERFUMERIAS AVENIDA,1,9,"0,11"
2006,"PALAU ALTES, LAIA",C. ROS CASARES VALENCIA,1,10,"0,1"
2005,"HOLDSCLAW, CHAMIQUE SHAUNTA",ROS CASARES VALENCIA,5,2,"2,5"
2005,"MC WILLIAMS, TAJ MADONA",PERFUMERIAS AVENIDA,3,2,"1,5"
2005,"DE SOUZA MACHADO, ERIKA CRISTINA",UB F.C BARCELONA,3,2,"1,5"
2005,"PASCUA SUAREZ, MARÍA LUCILA",ACIS INCOSA LEON,2,2,1
2005,"TILLIS, ICISS",ACIS INCOSA LEON,2,2,1
2005,"BENNINGFIELD, JENNIFER ANN",ARRANZ-JOPISA BURGOS,2,2,1
2005,"SCHUMACHER, KELLY MARIE",PERFUMERIAS AVENIDA,2,2,1
2005,"TORNIKIDOU TORNIKIDOU, ELENA",PERFUMERIAS AVENIDA,1,2,"0,5"
2005,"MONTESDEOCA LOPEZ, EVA",CAJACANARIAS,1,2,"0,5"
2005,"VILLAR FERNANDEZ, IRIA",ARRANZ-JOPISA BURGOS,1,2,"0,5"
2005,"MAYES, TIFFANI MONIQUE",CAJACANARIAS,1,2,"0,5"
2005,"FERNANDEZ FARRES, MARTA",UB F.C BARCELONA,1,2,"0,5"
2005,"ROVIRA RODRIGUEZ, MARIA DEL MAR",ACIS INCOSA LEON,1,2,"0,5"
2004,"HAYDEN, VANESSA",PERFUMERIAS AVENIDA,48,13,"3,69"
2004,"DE SOUZA MACHADO, ERIKA CRISTINA",UNIVERSITAT DE BARCELONA - F.C,40,23,"1,74"
2004,"KIRETA, SONJA",ROS CASARES VALENCIA,22,17,"1,29"
2004,"CEBRIAN SCHEURER, ELISABET",UNIVERSITAT DE BARCELONA - F.C,29,26,"1,12"
2004,"WYCKOFF, BROOKE ELIZABETH",YAYA MARIA BREOGAN,13,13,1
2004,"COKER, MONIQUE",EXTRUGASA,22,24,"0,92"
2004,"ALEXANDER, MARTE",CAJACANARIAS,11,13,"0,85"
2004,"BOONEN, DANA MONIQUE LOUIS",EXTRUGASA,19,26,"0,73"
2004,"BENNINGFIELD, JENNIFER ANN",USP CEU - ADECCO ESTUDIANTES,18,26,"0,69"
2004,"TEMNIK, KATJA",C.B. PUIG D`EN VALLS SANTA EUL,18,26,"0,69"
2004,"BLANCO BERNAL, SONIA",USP CEU - ADECCO ESTUDIANTES,17,26,"0,65"
2004,"VALDEMORO MADARIAGA, AMAYA",ROS CASARES VALENCIA,14,22,"0,64"
2004,"DONAIRE MALAGELADA, ELSA",ARRANZ - JOPISA BURGOS,16,26,"0,62"
2004,"VAN MALDEREN, LAURENCE",ACIS-SUFI LEON,8,13,"0,62"
2004,"FERNANDEZ FARRES, MARTA",UNIVERSITAT DE BARCELONA - F.C,15,25,"0,6"
2004,"TUUKKANEN, TARU TELLERVO",MANN FILTER ZARAGOZA,15,26,"0,58"
2004,"WHITMORE, TAMIKA LACHAN",PERFUMERIAS AVENIDA,12,21,"0,57"
2004,"BATKOVIC, SUZY ROSE",ROS CASARES VALENCIA,11,20,"0,55"
2004,"TORNIKIDOU TORNIKIDOU, ELENA",HONDARRIBIA - IRÚN,13,25,"0,52"
2004,"RASMUSSEN, KRISTEN",MANN FILTER ZARAGOZA,12,25,"0,48"
2004,"PASCUA SUAREZ, MARÍA LUCILA",MANN FILTER ZARAGOZA,12,26,"0,46"
2004,"POLLINI, CATARINA",ROS CASARES VALENCIA,7,17,"0,41"
2004,"PELAEZ SAN GIL, LOURDES",HONDARRIBIA - IRÚN,10,25,"0,4"
2004,"CARTER, AMISHA LOLINA",MOTIVA REAL CANOE N.C.,5,13,"0,38"
2004,"DE SOUZA SOBRAL, LEILA",REAL CLUB CELTA VIGOURBAN,10,26,"0,38"
2004,"DIJON, SANDRA MARCELLE",C.B. PUIG D`EN VALLS SANTA EUL,9,24,"0,38"
2004,"BORGES DOS REIS, SONIA",YAYA MARIA BREOGAN,5,13,"0,38"
2004,"HAMCHETOU, MAIGA",YAYA MARIA BREOGAN,8,24,"0,33"
2004,"CANTERO OSTOS, CRISTINA",REAL CLUB CELTA VIGOURBAN,7,22,"0,32"
2004,"STARBIRD, CATHARINE EVELYN",USP CEU - ADECCO ESTUDIANTES,8,26,"0,31"
2004,"GOMEZ NOVO, MARIA ARANZAZU",C.B. PUIG D`EN VALLS SANTA EUL,2,15,"0,13"
2004,"BERMEJO MORENO, CLARA SUSANA",MANN FILTER ZARAGOZA,3,26,"0,12"
2004,"HERMOUET, EMMANUELLE",PERFUMERIAS AVENIDA,3,25,"0,12"
2004,"MALTSI, EVANTHIA",REAL CLUB CELTA VIGOURBAN,3,26,"0,12"
2004,"PONS MOLINA, INGRID",UNIVERSITAT DE BARCELONA - F.C,3,26,"0,12"
2004,"XANTAL SERRET, Mª DEL MAR",CAJACANARIAS,3,26,"0,12"
2004,"BROSOVSZKY, MONIKA IZABELLA",CAJACANARIAS,3,26,"0,12"
2004,"IVEY, NIELE DEIRDRE",MANN FILTER ZARAGOZA,2,18,"0,11"
2004,"VALERO CEBRIAN, PILAR",MANN FILTER ZARAGOZA,2,19,"0,11"
2004,"BERGERON, EMMANUELLE SARAH SOPHIE",ARRANZ - JOPISA BURGOS,2,23,"0,09"
2004,"GALLEGO VICARIO, SANDRA",UNIVERSITAT DE BARCELONA - F.C,2,23,"0,09"
2004,"DAPO, AMRA",MOTIVA REAL CANOE N.C.,1,13,"0,08"
2004,"GOMEZ IGUAL, ANNA",C.B. PUIG D`EN VALLS SANTA EUL,2,26,"0,08"
2004,"ZIMERLE, ANNA",ROS CASARES VALENCIA,2,25,"0,08"
2004,"CUNNINGHAN, DAVALYN",YAYA MARIA BREOGAN,1,13,"0,08"
2004,"HILL, JOANNE KAY",ACIS-SUFI LEON,2,26,"0,08"
2004,"GRANDE FLORES, LAURA",CAJACANARIAS,2,25,"0,08"
2004,"GINES GONZALEZ, MARTA",ARRANZ - JOPISA BURGOS,2,24,"0,08"
2004,"BARLIN, NINA ELISABETH",YAYA MARIA BREOGAN,1,13,"0,08"
2004,"GOMEZ IGLESIAS, REGINA",EXTRUGASA,2,24,"0,08"
2004,"PEREZ CAPARROS, ROSA",USP CEU - ADECCO ESTUDIANTES,2,26,"0,08"
2004,"DOMINGUEZ FERNANDEZ, SILVIA",USP CEU - ADECCO ESTUDIANTES,2,25,"0,08"
2004,"QUINTERO CASTELLANO, THANIA",HONDARRIBIA - IRÚN,2,24,"0,08"
2004,"PARDO VAZQUEZ, MARIA DEL CARMEN",USP CEU - ADECCO ESTUDIANTES,1,15,"0,07"
2004,"MARTINEZ PRAT, ROSER",YAYA MARIA BREOGAN,1,14,"0,07"
2004,"CRUZ LEBRATO, ANNA",UNIVERSITAT DE BARCELONA - F.C,1,16,"0,06"
2004,"BARRANCO CASTILLO, ROSA MARIA",MANN FILTER ZARAGOZA,1,17,"0,06"
2004,"ALAÑA SEGURA, SHEILA",REAL CLUB CELTA VIGOURBAN,1,16,"0,06"
2004,"ALONSO DIEGO, MARIA JOSE",ARRANZ - JOPISA BURGOS,1,20,"0,05"
2004,"RAMIRO DIAZ, NURIA MARIA",ACIS-SUFI LEON,1,21,"0,05"
2004,"MARCOS BENITO, BLANCA",PERFUMERIAS AVENIDA,1,25,"0,04"
2004,"GARCIA MATA, GEMA",REAL CLUB CELTA VIGOURBAN,1,26,"0,04"
2004,"GERMAN VELASCO, ICIAR",YAYA MARIA BREOGAN,1,23,"0,04"
2004,"SALGADO SANCHEZ, IRENE",YAYA MARIA BREOGAN,1,24,"0,04"
2004,"ARAMBURU GARAYALDE, LEIRE",HONDARRIBIA - IRÚN,1,25,"0,04"
2004,"ROVIRA RODRIGUEZ, MARIA DEL MAR",ACIS-SUFI LEON,1,26,"0,04"
2004,"NAVARRETE TRUJILLO, MIREIA",MANN FILTER ZARAGOZA,1,24,"0,04"
2004,"PALOMARES VALIENTE, PAULA",MOTIVA REAL CANOE N.C.,1,26,"0,04"
2004,"SÁNCHEZ LUJÁN, ROSAURA DEL CARMEN",ROS CASARES VALENCIA,1,26,"0,04"
2004,"GOMEZ FERREIROS, SARA",EXTRUGASA,1,26,"0,04"
2004,"MARCOS BENITO, BLANCA",PERFUMERIAS AVENIDA,1,25,"0,04"
2004,"GARCIA MATA, GEMA",REAL CLUB CELTA VIGOURBAN,1,26,"0,04"
2004,"GERMAN VELASCO, ICIAR",YAYA MARIA BREOGAN,1,23,"0,04"
2004,"SALGADO SANCHEZ, IRENE",YAYA MARIA BREOGAN,1,24,"0,04"
2004,"ARAMBURU GARAYALDE, LEIRE",HONDARRIBIA - IRÚN,1,25,"0,04"
2004,"ROVIRA RODRIGUEZ, MARIA DEL MAR",ACIS-SUFI LEON,1,26,"0,04"
2004,"NAVARRETE TRUJILLO, MIREIA",MANN FILTER ZARAGOZA,1,24,"0,04"
2004,"PALOMARES VALIENTE, PAULA",MOTIVA REAL CANOE N.C.,1,26,"0,04"
2004,"SÁNCHEZ LUJÁN, ROSAURA DEL CARMEN",ROS CASARES VALENCIA,1,26,"0,04"
2004,"GOMEZ FERREIROS, SARA",EXTRUGASA,1,26,"0,04"
2003,"CEBRIAN SCHEURER, ELISABET",USP CEU - ADECCO ESTUDIANTES,3,2,"1,5"
2003,"DE SOUZA MACHADO, ERIKA CRISTINA",UNIVERSITAT DE BARCELONA - F.C,6,4,"1,5"
2003,"HICKS, JESSIE IVETTE",ROS CASARES VALENCIA,4,4,1
2003,"PASCUA SUAREZ, MARÍA LUCILA",MANN FILTER ZARAGOZA,2,2,1
2003,"CONGREAVES, ANDREA FIONA",UNIVERSITAT DE BARCELONA - F.C,4,4,1
2003,"ZURRO ALFONSO, MARTA",MANN FILTER ZARAGOZA,2,2,1
2003,"HAMCHETOU, MAIGA",YAYA MARIA BREOGAN,4,5,"0,8"
2003,"---, MURRIEL",P.C. MENDIBIL,3,4,"0,75"
2003,"FERRAGUT CASTILLO, MARINA",PERFUMERIAS AVENIDA,2,3,"0,67"
2003,"VALERO CEBRIAN, PILAR",MANN FILTER ZARAGOZA,1,2,"0,5"
2003,"WYCKOFF, BROOKE ELIZABETH",MANN FILTER ZARAGOZA,1,2,"0,5"
2003,"NOLAN, DEANNA NICOLE",MANN FILTER ZARAGOZA,1,2,"0,5"
2003,"STOCKS, TAMARA CELESTE",P.C. MENDIBIL,2,4,"0,5"
2003,"REVUELTO SÁNCHEZ-AGUILERA, MARIA",REAL CLUB CELTA BANCO SIMEON,1,2,"0,5"
2003,"POLLINI, CATARINA",YAYA MARIA BREOGAN,2,5,"0,4"
2003,"CASTRO MARQUES, IZIANE",PERFUMERIAS AVENIDA,1,3,"0,33"
2003,"GOUREEVA, JULIA",PERFUMERIAS AVENIDA,1,3,"0,33"
2003,"DAPO, AMRA",PERFUMERIAS AVENIDA,1,3,"0,33"
2003,"FALLON, TRISHA NICOLE",ROS CASARES VALENCIA,1,4,"0,25"
2003,"VALDEMORO MADARIAGA, AMAYA",ROS CASARES VALENCIA,1,4,"0,25"
2003,"BERTHIEU, LUCCIENNE CLAUDINE",ROS CASARES VALENCIA,1,4,"0,25"
2003,"TUURE, KAISA MARKETTA",YAYA MARIA BREOGAN,1,5,"0,2"
2003,"CUNNINGHAN, DAVALYN",YAYA MARIA BREOGAN,1,5,"0,2"
2003,"SALGADO SANCHEZ, IRENE",YAYA MARIA BREOGAN,1,5,"0,2"
2003,"GOMEZ IGLESIAS, REGINA",YAYA MARIA BREOGAN,1,5,"0,2"
2002,"WHITTLE, JENNY",C.B. CIUDAD DE BURGOS,5,2,"2,5"
2002,"RILEY, RUTH ELLEN",ROS CASARES VALENCIA,9,4,"2,25"
2002,"GOUREEVA, JULIA",PERFUMERIAS AVENIDA,4,2,2
2002,"KIRETA, SONJA",REAL CLUB CELTA BANCO SIMEON,3,2,"1,5"
2002,"MUJANOVIC, RAZIJA",UNIVERSITAT DE BARCELONA - F.C,4,4,1
2002,"---, POLIMIA",C.B. PUIG D`EN VALLS SANTA EUL,2,2,1
2002,"PASCUA SUAREZ, MARÍA LUCILA",FILTROS MANN ZARAGOZA,3,4,"0,75"
2002,"ERB, SUMMER ELISABETH",CAJA RURAL DE CANARIAS,3,4,"0,75"
2002,"DONAPHIN, BETHANY CAMILLE",CAJA RURAL DE CANARIAS,3,4,"0,75"
2002,"QUINTERO CASTELLANO, THANIA",CAJA RURAL DE CANARIAS,2,3,"0,67"
2002,"MC WILLIAMS, TAJ MADONA",C.B. PUIG D`EN VALLS SANTA EUL,1,2,"0,5"
2002,"PELAEZ SAN GIL, LOURDES",CAJA RURAL DE CANARIAS,2,4,"0,5"
2002,"VALDEMORO MADARIAGA, AMAYA",ROS CASARES VALENCIA,2,4,"0,5"
2002,"SANCHEZ FERNANDEZ, ISABEL",UNIVERSITAT DE BARCELONA - F.C,2,4,"0,5"
2002,"LIMA GARCIA, CINDY ORQUIDEA",REAL CLUB CELTA BANCO SIMEON,1,2,"0,5"
2002,"REVUELTO SÁNCHEZ-AGUILERA, MARIA",REAL CLUB CELTA BANCO SIMEON,1,2,"0,5"
2002,"FERNANDEZ FARRES, MARTA",ROS CASARES VALENCIA,1,4,"0,25"
2002,"---, ELENA",FILTROS MANN ZARAGOZA,1,4,"0,25"
2002,"SEGUI CARLES, PAULA",UNIVERSITAT DE BARCELONA - F.C,1,4,"0,25"
2002,"MARTINEZ PRAT, NURIA",UNIVERSITAT DE BARCELONA - F.C,1,4,"0,25"
2002,"SMITH, TANGELA NICOLE",ROS CASARES VALENCIA,1,4,"0,25"
2002,"PALMER, WENDY",FILTROS MANN ZARAGOZA,1,4,"0,25"
2001,"GOUREEVA, JULIA",HALCON VIAJES,4,2,2
2001,"MULDERS, SUSANNE",UNIVERSITAT DE BARCELONA B.F.,1,1,1
2001,"FUNES MARTINEZ, CRISTINA",CADI LA SEU D´URGELL,1,1,1
2001,"---, IZIANE CASTRO MARQUEZ",YAYA MARIA BREOGAN,2,2,1
2001,"---, ELENA",FILTROS MANN ZARAGOZA,4,5,"0,8"
2001,"LONGIN, KORANA",UNIVERSITAT DE BARCELONA B.F.,3,4,"0,75"
2001,"CEBRIAN SCHEURER, ELISABET",UNIVERSITAT DE BARCELONA B.F.,3,4,"0,75"
2001,"OWENS, SHANTIA AYONNA",CAJA RURAL DE CANARIAS,2,3,"0,67"
2001,"WHITMORE, TAMIKA LACHAN",CAJA RURAL DE CANARIAS,2,3,"0,67"
2001,"KHOUDACHOVA, ELENA",REAL CLUB CELTA BANCO SIMEON,3,5,"0,6"
2001,"PAGE, LINDA A. MURRIEL",ROS CASARES VALENCIA,3,5,"0,6"
2001,"GRANDE FLORES, LAURA",REAL CLUB CELTA BANCO SIMEON,3,5,"0,6"
2001,"JOHNSON, SHANNON REGINA",ROS CASARES VALENCIA,3,5,"0,6"
2001,"MUJANOVIC, RAZIJA",REAL CLUB CELTA BANCO SIMEON,3,5,"0,6"
2001,"RODIONOVA, SVITLANA",YAYA MARIA BREOGAN,1,2,"0,5"
2001,"ANULA ALAMEDA, NIEVES",UNIVERSITAT DE BARCELONA B.F.,2,4,"0,5"
2001,"HODGES, DALE",CADI LA SEU D´URGELL,1,2,"0,5"
2001,"CRAWFORD, SHALA",CADI LA SEU D´URGELL,1,2,"0,5"
2001,"ASKAMP, MARLIES",ROS CASARES VALENCIA,2,5,"0,4"
2001,"VALDEMORO MADARIAGA, AMAYA",ROS CASARES VALENCIA,2,5,"0,4"
2001,"PALAU ALTES, LAIA",UNIVERSITAT DE BARCELONA B.F.,1,4,"0,25"
2001,"VALERO CEBRIAN, PILAR",REAL CLUB CELTA BANCO SIMEON,1,5,"0,2"
2001,"PONS MOLINA, INGRID",ROS CASARES VALENCIA,1,5,"0,2"
2001,"VILLAR FERNANDEZ, IRIA",REAL CLUB CELTA BANCO SIMEON,1,5,"0,2"
2001,"FERRAGUT CASTILLO, MARINA",FILTROS MANN ZARAGOZA,1,5,"0,2"
2000,"---, JULIA",SALAMANCA HALCON VIAJES,4,2,2
2000,"CEBRIAN SCHEURER, ELISABET",UNIVERSITAT DE BARCELONA,7,4,"1,75"
2000,"POLLINI, CATARINA",ENSINO YAYA MARIA,8,5,"1,6"
2000,"LONGIN, KORANA",UNIVERSITAT DE BARCELONA,5,4,"1,25"
2000,"ZURRO ALFONSO, MARTA",B. CIUDAD DE BURGOS,3,3,1
2000,"ERB, SUMMER ELISABETH",SANDRA GRAN CANARIA,2,2,1
2000,"NAVARRO VIERA, MARIA GUADALUPE",SANDRA GRAN CANARIA,1,1,1
2000,"GILLON, JENNER",SANDRA GRAN CANARIA,2,2,1
2000,"MUJANOVIC, RAZIJA",R.CLUB CELTA BANCO SIMEON,3,3,1
2000,"---, ---",ROS CASARES,2,2,1
2000,"---, ELENA",UNIVERSITAT DE BARCELONA,3,4,"0,75"
2000,"FERNANDEZ FARRES, MARTA",ROS CASARES,3,5,"0,6"
2000,"---, KELLY ANNE",C.B.N.,1,2,"0,5"
2000,"---, LILLIA",C.B.N.,1,2,"0,5"
2000,"SÁNCHEZ LUJÁN, ROSAURA DEL CARMEN",SANDRA GRAN CANARIA,1,2,"0,5"
2000,"ZRNIC, JELENA",C.B.N.,1,2,"0,5"
2000,"---, ANKE",C.B.N.,1,2,"0,5"
2000,"---, MICHELLE",C.B.N.,1,2,"0,5"
2000,"MARTINEZ ESPEJO, CARMEN",C.B.N.,1,2,"0,5"
2000,"PONS MOLINA, INGRID",ROS CASARES,2,5,"0,4"
2000,"LOPEZ VERDU, ALICIA",ROS CASARES,2,5,"0,4"
2000,"JONKUTE, INGRIDA",R.CLUB CELTA BANCO SIMEON,1,3,"0,33"
2000,"MIRCHANDANI VILLAR, LIDIA",UNIVERSITAT DE BARCELONA,1,4,"0,25"
2000,"---, SHANNON REGINA",ROS CASARES,1,5,"0,2"
2000,"SANCHEZ FERNANDEZ, ISABEL",ENSINO YAYA MARIA,1,5,"0,2"
2000,"---, RANKICA",ROS CASARES,1,5,"0,2"
2000,"ANULA ALAMEDA, NIEVES",ROS CASARES,1,5,"0,2"
1999,"FERNANDEZ FARRES, MARTA",POPULAR BASQUET GODELLA,3,2,"1,5"
1999,"PONS MOLINA, INGRID",POPULAR BASQUET GODELLA,2,2,1
1999,"CRAWLEY, SILVIA YVONNE",C.D. ENSINO,2,2,1
1999,"SÁNCHEZ LUJÁN, ROSAURA DEL CARMEN",SANDRA GRAN CANARIA,2,2,1
1999,"SARENAC, RANKICA",SANDRA GRAN CANARIA,1,2,"0,5"
1999,"MCNICHOL, JOY AILEEN",POPULAR BASQUET GODELLA,1,2,"0,5"
1999,"JORDANA BOFILL, NOEMI",POPULAR BASQUET GODELLA,1,2,"0,5"
1999,"DELGADO FERNANDEZ, CONCEPCION",C.D. ENSINO,1,2,"0,5"
1998,"JONKUTE, INGRIDA",ENSINO,5,3,"1,67"
1998,"MELVIN, CHASITY MONIQUE",BANCO SIMEON,4,3,"1,33"
1998,"PELAEZ SAN GIL, LOURDES",SANDRA G. CANARIA,4,3,"1,33"
1998,"CEBRIAN SCHEURER, ELISABET",BANCO SIMEON,3,3,1
1998,"HERNANDEZ ARENCIBIA, PATRICIA DEL PINO",HALCON VIAJES,2,3,"0,67"
1998,"JUANES HERNANDEZ, SONIA",HALCON VIAJES,1,2,"0,5"
1998,"SÁNCHEZ LUJÁN, ROSAURA DEL CARMEN",SANDRA G. CANARIA,1,3,"0,33"
1998,"BEZOS MARTÍNEZ, EMMA",HALCON VIAJES,1,3,"0,33"
1998,"SANCHEZ FERNANDEZ, ISABEL",ENSINO,1,3,"0,33"
1998,"HICKS, JESSIE IVETTE",SANDRA G. CANARIA,1,3,"0,33"
1998,"VALDEMORO MADARIAGA, AMAYA",HALCON VIAJES,1,3,"0,33"
1998,"SALVADOR VIÑOLAS, MERITXELL",HALCON VIAJES,1,3,"0,33"
1998,"JUANES HERNANDEZ, YOLANDA",HALCON VIAJES,1,3,"0,33"
1997,"DYDEK, MARGO",POOL GETAFE,8,5,"1,6"
1997,"ZASSOULSKAYA, NATALIA",POOL GETAFE,4,5,"0,8"
1997,"CEBRIAN SCHEURER, ELISABET",UNIVERSITARI,2,3,"0,67"
1997,"---, HEIKE MARIA",POOL GETAFE,3,5,"0,6"
1997,"VALERO CEBRIAN, PILAR",BANCO SIMEON,3,6,"0,5"
1997,"HEMERY, DEBBIE MICHELLE",POOL GETAFE,2,5,"0,4"
1997,"FONTS MATEO, NURIA",UNIVERSITARI,1,3,"0,33"
1997,"JEKABSONE, ANDA",BANCO SIMEON,2,6,"0,33"
1997,"KOSTIC, TANJA NATASA",POOL GETAFE,1,4,"0,25"
1997,"VALDEMORO MADARIAGA, AMAYA",POOL GETAFE,1,5,"0,2"
1997,"GRANDE FLORES, LAURA",BANCO SIMEON,1,6,"0,17"
1997,"VILLAR FERNANDEZ, IRIA",BANCO SIMEON,1,6,"0,17"
