Temporada,Jugador,Equipo,Tot,Part,Med
2024,"ORTIZ VIVES, MARIONA",CASADEMONT ZARAGOZA,28,5,"5,6"
2024,"RAMETTE, ELISE CLAUDINE",CLUB JOVENTUT BADALONA,11,2,"5,5"
2024,"AYUSO BAGUR, AINA",HOZONO GLOBAL JAIRIS,11,2,"5,5"
2024,"IAGUPOVA, ALINA",VALENCIA B.C.,21,4,"5,25"
2024,"CRUZ LEBRATO, ANNA",CLUB JOVENTUT BADALONA,9,2,"4,5"
2024,"GIL COLLADO, LAURA",PERFUMERIAS AVENIDA,16,4,4
2024,"TURNER, YVONNE NICOLE",VALENCIA B.C.,20,5,4
2024,"FIEBICH, LEONIE",VALENCIA B.C.,18,5,"3,6"
2024,"SANTIBAÑEZ HERRERO, INES",CLUB JOVENTUT BADALONA,7,2,"3,5"
2024,"PIERA FLO, LAURA",CLUB JOVENTUT BADALONA,7,2,"3,5"
2024,"YGUERAVIDE VIANA, SANDRA",SPAR GIRONA,14,4,"3,5"
2024,"LUNDQUIST, KLARA MARIA SUSSANE",SPAR GIRONA,12,4,3
2024,"ATKINSON, TANAYA MECHELLE",CASADEMONT ZARAGOZA,3,1,3
2024,"WHITTLE, MARENA JOSEPHINE",MOVISTAR ESTUDIANTES,6,2,3
2024,"POSPÍŠILOVÁ, JULIE",BAXI FERROL,6,2,3
2024,"MELIA, CLAIRE",BAXI FERROL,6,2,3
2024,"TOPUZOVIC, KRISTINA",MOVISTAR ESTUDIANTES,3,1,3
2024,"ROMERO GONZALEZ, LETICIA",VALENCIA B.C.,8,3,"2,67"
2024,"TORRENS SALOM, ALBA",VALENCIA B.C.,13,5,"2,6"
2024,"LATORRE ALCANTARA, ISABEL",MOVISTAR ESTUDIANTES,5,2,"2,5"
2024,"MARTIN CARRION, IYANA",PERFUMERIAS AVENIDA,10,4,"2,5"
2024,"MESTRES RICART, GALA",BAXI FERROL,5,2,"2,5"
2024,"HRISTOVA, BORISLAVA",SPAR GIRONA,9,4,"2,25"
2024,"CANELLA RODRIGUEZ, MARTA",SPAR GIRONA,9,4,"2,25"
2024,"DOMINGUEZ FERNANDEZ, SILVIA",PERFUMERIAS AVENIDA,9,4,"2,25"
2024,"PUEYO MELCHOR, HELENA",CASADEMONT ZARAGOZA,11,5,"2,2"
2024,"SALVADORES ALVAREZ, ANGELA",MOVISTAR ESTUDIANTES,4,2,2
2024,"HOLESINSKA, PETRA",HOZONO GLOBAL JAIRIS,4,2,2
2024,"FLORES COSTA, LAIA",CASADEMONT ZARAGOZA,10,5,2
2024,"VILARO ARAGONES, ANDREA",PERFUMERIAS AVENIDA,7,4,"1,75"
2024,"BURA, PATRICIA",MOVISTAR ESTUDIANTES,1,2,"0,5"
2024,"GUERRERO ALCANTARA, CAROLINA",SPAR GIRONA,2,4,"0,5"
2024,"DEMBELE, GNERE ALIMA",CLUB JOVENTUT BADALONA,1,2,"0,5"
2024,"GELDOF, SERENA LYNN PETRA",CLUB JOVENTUT BADALONA,1,2,"0,5"
2024,"DEMBELE TRAORE, MAMA",VALENCIA B.C.,2,5,"0,4"
2024,"EVANS, SHANTE MARIE",CASADEMONT ZARAGOZA,2,5,"0,4"
2024,"MAVUNGA, TAFADZWA STEPHANIE PAULA",VALENCIA B.C.,2,5,"0,4"
2024,"KONE , SIKA",PERFUMERIAS AVENIDA,1,4,"0,25"
2024,"BURA, PATRICIA",MOVISTAR ESTUDIANTES,1,2,"0,5"
2024,"GUERRERO ALCANTARA, CAROLINA",SPAR GIRONA,2,4,"0,5"
2024,"DEMBELE, GNERE ALIMA",CLUB JOVENTUT BADALONA,1,2,"0,5"
2024,"GELDOF, SERENA LYNN PETRA",CLUB JOVENTUT BADALONA,1,2,"0,5"
2024,"DEMBELE TRAORE, MAMA",VALENCIA B.C.,2,5,"0,4"
2024,"EVANS, SHANTE MARIE",CASADEMONT ZARAGOZA,2,5,"0,4"
2024,"MAVUNGA, TAFADZWA STEPHANIE PAULA",VALENCIA B.C.,2,5,"0,4"
2024,"KONE , SIKA",PERFUMERIAS AVENIDA,1,4,"0,25"
2023,"REMBISZEWSKA, AMALIA",HOZONO GLOBAL JAIRIS,1,2,"0,5"
2023,"GOMEZ FERNANDEZ, MARTA",BAXI FERROL,1,2,"0,5"
2023,"MASSEY, BILLIE KIM",MOVISTAR ESTUDIANTES,1,2,"0,5"
2023,"WHALEN, ERIN PATRICIA",IDK EUSKOTREN,1,2,"0,5"
2023,"ERAUNCETAMURGIL AYESTARAN, MARIA",VALENCIA B.C.,2,5,"0,4"
2023,"PARRA, FAUSTINE LAURE CLEMENCE",SPAR GIRONA,1,3,"0,33"
2023,"GELDOF, SERENA LYNN PETRA",CASADEMONT ZARAGOZA,1,4,"0,25"
2023,"KONE , SIKA",PERFUMERIAS AVENIDA,1,6,"0,17"
2023,"REMBISZEWSKA, AMALIA",HOZONO GLOBAL JAIRIS,1,2,"0,5"
2023,"GOMEZ FERNANDEZ, MARTA",BAXI FERROL,1,2,"0,5"
2023,"MASSEY, BILLIE KIM",MOVISTAR ESTUDIANTES,1,2,"0,5"
2023,"WHALEN, ERIN PATRICIA",IDK EUSKOTREN,1,2,"0,5"
2023,"ERAUNCETAMURGIL AYESTARAN, MARIA",VALENCIA B.C.,2,5,"0,4"
2023,"PARRA, FAUSTINE LAURE CLEMENCE",SPAR GIRONA,1,3,"0,33"
2023,"GELDOF, SERENA LYNN PETRA",CASADEMONT ZARAGOZA,1,4,"0,25"
2023,"KONE , SIKA",PERFUMERIAS AVENIDA,1,6,"0,17"
2023,"REMBISZEWSKA, AMALIA",HOZONO GLOBAL JAIRIS,1,2,"0,5"
2023,"GOMEZ FERNANDEZ, MARTA",BAXI FERROL,1,2,"0,5"
2023,"MASSEY, BILLIE KIM",MOVISTAR ESTUDIANTES,1,2,"0,5"
2023,"WHALEN, ERIN PATRICIA",IDK EUSKOTREN,1,2,"0,5"
2023,"ERAUNCETAMURGIL AYESTARAN, MARIA",VALENCIA B.C.,2,5,"0,4"
2023,"PARRA, FAUSTINE LAURE CLEMENCE",SPAR GIRONA,1,3,"0,33"
2023,"GELDOF, SERENA LYNN PETRA",CASADEMONT ZARAGOZA,1,4,"0,25"
2023,"KONE , SIKA",PERFUMERIAS AVENIDA,1,6,"0,17"
2022,"MIRCHEVA, VIKTORIA VLADIMIROVNA",BARÇA CBS,2,4,"0,5"
2022,"ARIZTIMUÑO LOPEZ , ITZIAR",LOINTEK GERNIKA BIZKAIA,1,2,"0,5"
2022,"RAVENTOS ROIG, LAIA",CADI LA SEU,1,2,"0,5"
2022,"CONDE DURAN, ITSASO",MOVISTAR ESTUDIANTES,1,2,"0,5"
2022,"BUENAVIDA ESTEVEZ, ELENA",VALENCIA B.C.,2,5,"0,4"
2022,"NOGIC, JOVANA",PERFUMERIAS AVENIDA,2,5,"0,4"
2022,"REISINGEROVA , JULIA SUSSANE",PERFUMERIAS AVENIDA,2,6,"0,33"
2022,"HAMBLIN, RUTH ELIZABETH",BARÇA CBS,1,4,"0,25"
2022,"GELDOF, SERENA LYNN PETRA",CASADEMONT ZARAGOZA,1,4,"0,25"
2022,"RUEDA CHONI, JULIA MARIA",BARÇA CBS,1,4,"0,25"
2022,"FAM THIAM, AWA",VALENCIA B.C.,1,5,"0,2"
2022,"MIRCHEVA, VIKTORIA VLADIMIROVNA",BARÇA CBS,2,4,"0,5"
2022,"ARIZTIMUÑO LOPEZ , ITZIAR",LOINTEK GERNIKA BIZKAIA,1,2,"0,5"
2022,"RAVENTOS ROIG, LAIA",CADI LA SEU,1,2,"0,5"
2022,"CONDE DURAN, ITSASO",MOVISTAR ESTUDIANTES,1,2,"0,5"
2022,"BUENAVIDA ESTEVEZ, ELENA",VALENCIA B.C.,2,5,"0,4"
2022,"NOGIC, JOVANA",PERFUMERIAS AVENIDA,2,5,"0,4"
2022,"REISINGEROVA , JULIA SUSSANE",PERFUMERIAS AVENIDA,2,6,"0,33"
2022,"HAMBLIN, RUTH ELIZABETH",BARÇA CBS,1,4,"0,25"
2022,"GELDOF, SERENA LYNN PETRA",CASADEMONT ZARAGOZA,1,4,"0,25"
2022,"RUEDA CHONI, JULIA MARIA",BARÇA CBS,1,4,"0,25"
2022,"FAM THIAM, AWA",VALENCIA B.C.,1,5,"0,2"
2022,"MIRCHEVA, VIKTORIA VLADIMIROVNA",BARÇA CBS,2,4,"0,5"
2022,"ARIZTIMUÑO LOPEZ , ITZIAR",LOINTEK GERNIKA BIZKAIA,1,2,"0,5"
2022,"RAVENTOS ROIG, LAIA",CADI LA SEU,1,2,"0,5"
2022,"CONDE DURAN, ITSASO",MOVISTAR ESTUDIANTES,1,2,"0,5"
2022,"BUENAVIDA ESTEVEZ, ELENA",VALENCIA B.C.,2,5,"0,4"
2022,"NOGIC, JOVANA",PERFUMERIAS AVENIDA,2,5,"0,4"
2022,"REISINGEROVA , JULIA SUSSANE",PERFUMERIAS AVENIDA,2,6,"0,33"
2022,"HAMBLIN, RUTH ELIZABETH",BARÇA CBS,1,4,"0,25"
2022,"GELDOF, SERENA LYNN PETRA",CASADEMONT ZARAGOZA,1,4,"0,25"
2022,"RUEDA CHONI, JULIA MARIA",BARÇA CBS,1,4,"0,25"
2022,"FAM THIAM, AWA",VALENCIA B.C.,1,5,"0,2"
2021,"PUJOL LLUCH, ARIADNA",CADI LA SEU,1,4,"0,25"
2021,"MENDY , MAGALI",SPAR GIRONA,1,4,"0,25"
2021,"ETXARRI MUNARRIZ, IRATI",CADI LA SEU,1,4,"0,25"
2021,"REISINGEROVA , JULIA SUSSANE",SPAR GIRONA,1,4,"0,25"
2021,"VILARO ARAGONES, ANDREA",PERFUMERIAS AVENIDA,1,6,"0,17"
2021,"GULICH, MARIE ISABELLE",VALENCIA B.C.,1,6,"0,17"
2021,"PUJOL LLUCH, ARIADNA",CADI LA SEU,1,4,"0,25"
2021,"MENDY , MAGALI",SPAR GIRONA,1,4,"0,25"
2021,"ETXARRI MUNARRIZ, IRATI",CADI LA SEU,1,4,"0,25"
2021,"REISINGEROVA , JULIA SUSSANE",SPAR GIRONA,1,4,"0,25"
2021,"VILARO ARAGONES, ANDREA",PERFUMERIAS AVENIDA,1,6,"0,17"
2021,"GULICH, MARIE ISABELLE",VALENCIA B.C.,1,6,"0,17"
2021,"PUJOL LLUCH, ARIADNA",CADI LA SEU,1,4,"0,25"
2021,"MENDY , MAGALI",SPAR GIRONA,1,4,"0,25"
2021,"ETXARRI MUNARRIZ, IRATI",CADI LA SEU,1,4,"0,25"
2021,"REISINGEROVA , JULIA SUSSANE",SPAR GIRONA,1,4,"0,25"
2021,"VILARO ARAGONES, ANDREA",PERFUMERIAS AVENIDA,1,6,"0,17"
2021,"GULICH, MARIE ISABELLE",VALENCIA B.C.,1,6,"0,17"
2020,"RAMAN, JANA GEORGES R",MOVISTAR ESTUDIANTES,1,2,"0,5"
2020,"JAMES, KAI AFI GNOZI NONI",SPAR GRAN CANARIA,1,2,"0,5"
2020,"BETTENCOURT CORREIA, MARIA JOAO",CIUDAD DE LA LAGUNA TENERIFE,1,2,"0,5"
2020,"SAMUELSON, KARLIE ANNE",PERFUMERIAS AVENIDA,3,7,"0,43"
2020,"JUSKAITE, LAURA",VALENCIA B.C.,2,7,"0,29"
2020,"IVANOVIC, MILICA",LOINTEK GERNIKA BIZKAIA,1,4,"0,25"
2020,"ELONU, ADAORA NNENNA",SPAR GIRONA,1,4,"0,25"
2020,"RAMAN, JANA GEORGES R",MOVISTAR ESTUDIANTES,1,2,"0,5"
2020,"JAMES, KAI AFI GNOZI NONI",SPAR GRAN CANARIA,1,2,"0,5"
2020,"BETTENCOURT CORREIA, MARIA JOAO",CIUDAD DE LA LAGUNA TENERIFE,1,2,"0,5"
2020,"SAMUELSON, KARLIE ANNE",PERFUMERIAS AVENIDA,3,7,"0,43"
2020,"JUSKAITE, LAURA",VALENCIA B.C.,2,7,"0,29"
2020,"IVANOVIC, MILICA",LOINTEK GERNIKA BIZKAIA,1,4,"0,25"
2020,"ELONU, ADAORA NNENNA",SPAR GIRONA,1,4,"0,25"
2020,"RAMAN, JANA GEORGES R",MOVISTAR ESTUDIANTES,1,2,"0,5"
2020,"JAMES, KAI AFI GNOZI NONI",SPAR GRAN CANARIA,1,2,"0,5"
2020,"BETTENCOURT CORREIA, MARIA JOAO",CIUDAD DE LA LAGUNA TENERIFE,1,2,"0,5"
2020,"SAMUELSON, KARLIE ANNE",PERFUMERIAS AVENIDA,3,7,"0,43"
2020,"JUSKAITE, LAURA",VALENCIA B.C.,2,7,"0,29"
2020,"IVANOVIC, MILICA",LOINTEK GERNIKA BIZKAIA,1,4,"0,25"
2020,"ELONU, ADAORA NNENNA",SPAR GIRONA,1,4,"0,25"
2019,"PARDO HERVIAS, LAURA",RPK ARASKI,3,2,"1,5"
2019,"QUEVEDO CAÑIZARES, LAURA",RPK ARASKI,3,2,"1,5"
2019,"BISHOP, ABBY KATE",SPAR CITYLIFT GIRONA,4,3,"1,33"
2019,"BUCH ROSELL, ROSO",VALENCIA B.C.,2,2,1
2019,"RICHARDS, SHEREESHA NATHESHA",DURÁN MAQUINARIA ENSINO,1,1,1
2019,"DINKINS, BRITTANY",DURÁN MAQUINARIA ENSINO,1,1,1
2019,"LO SYLLA, NOGAYE",LOINTEK GERNIKA BIZKAIA,1,1,1
2019,"BAHI BLANQUERA, GEORGINA",CADI LA SEU,1,1,1
2019,"PEDRALS BARRIOS, CRISTINA",CIUDAD DE LA LAGUNA TENERIFE,1,1,1
2019,"BROWN , JOY ALEXIS",VALENCIA B.C.,2,2,1
2019,"LOYD, KALIS HELENA",DURÁN MAQUINARIA ENSINO,1,1,1
2019,"ATKINSON, TANAYA MECHELLE",CIUDAD DE LA LAGUNA TENERIFE,1,1,1
2019,"COULIBALY, NAIGNOUMA",SPAR CITYLIFT GIRONA,3,3,1
2019,"GARCIA URLEZAGA, IZASKUN",RPK ARASKI,1,1,1
2019,"MOORE, TINARA NICOLE",CADI LA SEU,1,1,1
2019,"LOYD, JEWELL BLESSING",PERFUMERIAS AVENIDA,3,3,1
2019,"ARROJO JIMENEZ, MARIA BELEN",LOINTEK GERNIKA BIZKAIA,1,1,1
2019,"LOPEZ RODRIGUEZ, AINHOA",DURÁN MAQUINARIA ENSINO,1,1,1
2019,"BARBEE, SHACOBIA SHAUNTE",RPK ARASKI,2,2,1
2019,"VITOLA, KRISTINE",PERFUMERIAS AVENIDA,2,3,"0,67"
2019,"SAMUELSON, KARLIE ANNE",PERFUMERIAS AVENIDA,2,3,"0,67"
2019,"PARKS , ROBYN LASHAE",VALENCIA B.C.,1,2,"0,5"
2019,"SEDA, TAMARA ADELAIDE JOSE CAMACHO",RPK ARASKI,1,2,"0,5"
2019,"TIRERA, MEIYA",VALENCIA B.C.,1,2,"0,5"
2019,"HAYES, RENARA TIFFANY",PERFUMERIAS AVENIDA,1,3,"0,33"
2019,"MARTINEZ PRAT, NURIA",SPAR CITYLIFT GIRONA,1,3,"0,33"
2019,"HOF, EMESE EVA",PERFUMERIAS AVENIDA,1,3,"0,33"
2019,"PARDO HERVIAS, LAURA",RPK ARASKI,3,2,"1,5"
2019,"QUEVEDO CAÑIZARES, LAURA",RPK ARASKI,3,2,"1,5"
2019,"BISHOP, ABBY KATE",SPAR CITYLIFT GIRONA,4,3,"1,33"
2019,"BUCH ROSELL, ROSO",VALENCIA B.C.,2,2,1
2019,"RICHARDS, SHEREESHA NATHESHA",DURÁN MAQUINARIA ENSINO,1,1,1
2019,"DINKINS, BRITTANY",DURÁN MAQUINARIA ENSINO,1,1,1
2019,"LO SYLLA, NOGAYE",LOINTEK GERNIKA BIZKAIA,1,1,1
2019,"BAHI BLANQUERA, GEORGINA",CADI LA SEU,1,1,1
2019,"PEDRALS BARRIOS, CRISTINA",CIUDAD DE LA LAGUNA TENERIFE,1,1,1
2019,"BROWN , JOY ALEXIS",VALENCIA B.C.,2,2,1
2019,"LOYD, KALIS HELENA",DURÁN MAQUINARIA ENSINO,1,1,1
2019,"ATKINSON, TANAYA MECHELLE",CIUDAD DE LA LAGUNA TENERIFE,1,1,1
2019,"COULIBALY, NAIGNOUMA",SPAR CITYLIFT GIRONA,3,3,1
2019,"GARCIA URLEZAGA, IZASKUN",RPK ARASKI,1,1,1
2019,"MOORE, TINARA NICOLE",CADI LA SEU,1,1,1
2019,"LOYD, JEWELL BLESSING",PERFUMERIAS AVENIDA,3,3,1
2019,"ARROJO JIMENEZ, MARIA BELEN",LOINTEK GERNIKA BIZKAIA,1,1,1
2019,"LOPEZ RODRIGUEZ, AINHOA",DURÁN MAQUINARIA ENSINO,1,1,1
2019,"BARBEE, SHACOBIA SHAUNTE",RPK ARASKI,2,2,1
2019,"VITOLA, KRISTINE",PERFUMERIAS AVENIDA,2,3,"0,67"
2019,"SAMUELSON, KARLIE ANNE",PERFUMERIAS AVENIDA,2,3,"0,67"
2019,"PARKS , ROBYN LASHAE",VALENCIA B.C.,1,2,"0,5"
2019,"SEDA, TAMARA ADELAIDE JOSE CAMACHO",RPK ARASKI,1,2,"0,5"
2019,"TIRERA, MEIYA",VALENCIA B.C.,1,2,"0,5"
2019,"HAYES, RENARA TIFFANY",PERFUMERIAS AVENIDA,1,3,"0,33"
2019,"MARTINEZ PRAT, NURIA",SPAR CITYLIFT GIRONA,1,3,"0,33"
2019,"HOF, EMESE EVA",PERFUMERIAS AVENIDA,1,3,"0,33"
2018,"KRAKER, MEHRYN DONEGAN",CADI LA SEU,7,5,"1,4"
2018,"ELDEBRINK, ELIN",PERFUMERIAS AVENIDA,8,6,"1,33"
2018,"BEREZHYNSKA, VALERIYA",LOINTEK GERNIKA BIZKAIA,4,3,"1,33"
2018,"DE SOUZA MACHADO, ERIKA CRISTINA",PERFUMERIAS AVENIDA,8,6,"1,33"
2018,"NACICKAITE, KAMILE",LOINTEK GERNIKA BIZKAIA,4,3,"1,33"
2018,"BAHI BLANQUERA, GEORGINA",CADI LA SEU,6,5,"1,2"
2018,"BROWN , JOY ALEXIS",VALENCIA B.C.,6,5,"1,2"
2018,"URBANIAK -DORNSTAUDER, QUINN  ASIA",MANN-FILTER CASABLANCA,2,2,1
2018,"ETXARRI MUNARRIZ, IRATI",CADI LA SEU,5,5,1
2018,"ARIZTIMUÑO LOPEZ , ITZIAR",LOINTEK GERNIKA BIZKAIA,2,2,1
2018,"NYSTROM, ELLEN ADINA",IDK GIPUZKOA,3,3,1
2018,"BEDIA DELGADO, IZAR",RPK ARASKI,1,1,1
2018,"DIALLO DIENG , UMO DIALLO",RPK ARASKI,2,2,1
2018,"MONTOLIU MATIAS, MARTA",MANN-FILTER CASABLANCA,2,2,1
2018,"PASCUA SUAREZ, MARÍA LUCILA",LOINTEK GERNIKA BIZKAIA,3,3,1
2018,"HERNANDEZ ORTIZ, ZOE",MANN-FILTER CASABLANCA,2,2,1
2018,"ROBERSON, BRIANA ALBERTA",RPK ARASKI,2,2,1
2018,"REISINGEROVA , JULIA SUSSANE",SPAR CITYLIFT GIRONA,5,6,"0,83"
2018,"HEMPE, MERRIT RAMONA",CADI LA SEU,4,5,"0,8"
2018,"TIRERA, MEIYA",VALENCIA B.C.,4,5,"0,8"
2018,"PUJOL LLUCH, ARIADNA",CADI LA SEU,4,5,"0,8"
2018,"DIEZ FERNANDEZ, NAIARA",LOINTEK GERNIKA BIZKAIA,2,3,"0,67"
2018,"BUCH ROSELL, ROSO",SPAR CITYLIFT GIRONA,4,6,"0,67"
2018,"ERAUNCETAMURGIL AYESTARAN, MARIA",IDK GIPUZKOA,2,3,"0,67"
2018,"RICHARDS, SHEREESHA NATHESHA",CADI LA SEU,3,5,"0,6"
2018,"BETTENCOURT CORREIA, MARIA JOAO",VALENCIA B.C.,3,5,"0,6"
2018,"OMA GIRALT, HELENA",SPAR CITYLIFT GIRONA,3,6,"0,5"
2018,"ESTEBAS ARMAS, PAULA",RPK ARASKI,1,2,"0,5"
2018,"MOLINUEVO GARCIA, CRISTINA",RPK ARASKI,1,2,"0,5"
2018,"DONGUE, LEIA TANIA DO BASTIAO",SPAR CITYLIFT GIRONA,3,6,"0,5"
2018,"SANCHEZ MARRUFO, BEATRIZ",SPAR CITYLIFT GIRONA,2,5,"0,4"
2018,"MOORE, TINARA NICOLE",VALENCIA B.C.,2,5,"0,4"
2018,"SKLEPOWICZ, ZUZANNA IDA",CADI LA SEU,1,3,"0,33"
2018,"COTANO DE JUAN, REBECA",VALENCIA B.C.,1,3,"0,33"
2018,"ASURMENDI VILLAVERDE, MARIA DEL CARMEN",PERFUMERIAS AVENIDA,2,6,"0,33"
2018,"HAMPTON, KEISHA LAVON",SPAR CITYLIFT GIRONA,2,6,"0,33"
2018,"ELONU, ADAORA NNENNA",PERFUMERIAS AVENIDA,2,6,"0,33"
2018,"AIJANEN, MARIA ANNIINA",CADI LA SEU,1,4,"0,25"
2018,"ARROJO JIMENEZ, MARIA BELEN",PERFUMERIAS AVENIDA,1,4,"0,25"
2018,"PIERRE LOUIS, VIONISE ARON'S",SPAR CITYLIFT GIRONA,1,5,"0,2"
2018,"ROBINSON, ANGELICA DANIELLE",PERFUMERIAS AVENIDA,1,6,"0,17"
2018,"SANCHEZ MARRUFO, BEATRIZ",SPAR CITYLIFT GIRONA,2,5,"0,4"
2018,"MOORE, TINARA NICOLE",VALENCIA B.C.,2,5,"0,4"
2018,"SKLEPOWICZ, ZUZANNA IDA",CADI LA SEU,1,3,"0,33"
2018,"COTANO DE JUAN, REBECA",VALENCIA B.C.,1,3,"0,33"
2018,"ASURMENDI VILLAVERDE, MARIA DEL CARMEN",PERFUMERIAS AVENIDA,2,6,"0,33"
2018,"HAMPTON, KEISHA LAVON",SPAR CITYLIFT GIRONA,2,6,"0,33"
2018,"ELONU, ADAORA NNENNA",PERFUMERIAS AVENIDA,2,6,"0,33"
2018,"AIJANEN, MARIA ANNIINA",CADI LA SEU,1,4,"0,25"
2018,"ARROJO JIMENEZ, MARIA BELEN",PERFUMERIAS AVENIDA,1,4,"0,25"
2018,"PIERRE LOUIS, VIONISE ARON'S",SPAR CITYLIFT GIRONA,1,5,"0,2"
2018,"ROBINSON, ANGELICA DANIELLE",PERFUMERIAS AVENIDA,1,6,"0,17"
2017,"HALL , PRECIOUS TANZIE KYTRONIA",CAMPUS PROMETE LF1,25,20,"1,25"
2017,"COOPER, SHAYLA JONIQUE",NISSAN  AL-QÁZERES EXTREMADURA,20,16,"1,25"
2017,"LUCAS , ITALEE MALINA",IDK GIPUZKOA,16,13,"1,23"
2017,"CALDWELL , TALIA ADAIAH",LOINTEK GERNIKA BIZKAIA,23,19,"1,21"
2017,"PRINCE , ALEXIS SADE",STAR CENTER-UNI FERROL,31,26,"1,19"
2017,"VILA CABIRÓ, MIREIA",SNATT´S FEMENÍ SANT ADRIÁ,20,17,"1,18"
2017,"HURTADO OBIOLS, CRISTINA",SNATT´S FEMENÍ SANT ADRIÁ,27,23,"1,17"
2017,"BUTLER, BRIANNA",QUESOS EL PASTOR,30,26,"1,15"
2017,"ALLEYNE, JILLIAN CHANTEL",IDK GIPUZKOA,24,22,"1,09"
2017,"SAN ROMAN FLORES, IRENE",MOVISTAR ESTUDIANTES,28,26,"1,08"
2017,"WEAVER, LYNDRA SHAJUAN",IDK GIPUZKOA,28,26,"1,08"
2017,"ADURIZ HERNANI, ONINTZA",IDK GIPUZKOA,27,26,"1,04"
2017,"RAKOVIC , KRISTINA",EMBUTIDOS PAJARIEL BEMBIBRE PD,26,26,1
2017,"VAN DEN ADEL, NATALIE ISABELLE",LACTURALE ART ARASKI,21,21,1
2017,"HERRERA BOXO, LAURA",CAMPUS PROMETE LF1,22,24,"0,92"
2017,"PASCUA SUAREZ, MARÍA LUCILA",MANN-FILTER,24,26,"0,92"
2017,"DIEZ FERNANDEZ, NAIARA",LOINTEK GERNIKA BIZKAIA,24,26,"0,92"
2017,"AGIRRE MUÑOZ, ARRATE",LACTURALE ART ARASKI,21,23,"0,91"
2017,"KNIGHT, LESLIE FAYE",CAMPUS PROMETE LF1,19,21,"0,9"
2017,"PASIC, JOVANA",EMBUTIDOS PAJARIEL BEMBIBRE PD,22,25,"0,88"
2017,"DE SOUZA MACHADO, ERIKA CRISTINA",PERFUMERIAS AVENIDA,19,22,"0,86"
2017,"BOGICEVIC, NINA",MOVISTAR ESTUDIANTES,18,21,"0,86"
2017,"QUEVEDO CAÑIZARES, LAURA",NISSAN  AL-QÁZERES EXTREMADURA,11,13,"0,85"
2017,"MARTIN LLAVERIA, MARIONA",NISSAN  AL-QÁZERES EXTREMADURA,22,26,"0,85"
2017,"ABALDE DIAZ, TAMARA",MANN-FILTER,22,26,"0,85"
2017,"BAHI BLANQUERA, GEORGINA",CADI LA SEU,16,19,"0,84"
2017,"ROIG SOLER, LAURA",SPAR CITYLIFT GIRONA,13,16,"0,81"
2017,"GOMES DA SILVA, SOFIA CAROLINA",CAMPUS PROMETE LF1,21,26,"0,81"
2017,"LO SYLLA, NOGAYE",CADI LA SEU,20,25,"0,8"
2017,"LAHUERTA MENDOZA, IRENE",MANN-FILTER,20,26,"0,77"
2017,"HALL , PRECIOUS TANZIE KYTRONIA",CAMPUS PROMETE LF1,25,20,"1,25"
2017,"COOPER, SHAYLA JONIQUE",NISSAN  AL-QÁZERES EXTREMADURA,20,16,"1,25"
2017,"LUCAS , ITALEE MALINA",IDK GIPUZKOA,16,13,"1,23"
2017,"CALDWELL , TALIA ADAIAH",LOINTEK GERNIKA BIZKAIA,23,19,"1,21"
2017,"PRINCE , ALEXIS SADE",STAR CENTER-UNI FERROL,31,26,"1,19"
2017,"VILA CABIRÓ, MIREIA",SNATT´S FEMENÍ SANT ADRIÁ,20,17,"1,18"
2017,"HURTADO OBIOLS, CRISTINA",SNATT´S FEMENÍ SANT ADRIÁ,27,23,"1,17"
2017,"BUTLER, BRIANNA",QUESOS EL PASTOR,30,26,"1,15"
2017,"ALLEYNE, JILLIAN CHANTEL",IDK GIPUZKOA,24,22,"1,09"
2017,"SAN ROMAN FLORES, IRENE",MOVISTAR ESTUDIANTES,28,26,"1,08"
2017,"WEAVER, LYNDRA SHAJUAN",IDK GIPUZKOA,28,26,"1,08"
2017,"ADURIZ HERNANI, ONINTZA",IDK GIPUZKOA,27,26,"1,04"
2017,"RAKOVIC , KRISTINA",EMBUTIDOS PAJARIEL BEMBIBRE PD,26,26,1
2017,"VAN DEN ADEL, NATALIE ISABELLE",LACTURALE ART ARASKI,21,21,1
2017,"HERRERA BOXO, LAURA",CAMPUS PROMETE LF1,22,24,"0,92"
2017,"PASCUA SUAREZ, MARÍA LUCILA",MANN-FILTER,24,26,"0,92"
2017,"DIEZ FERNANDEZ, NAIARA",LOINTEK GERNIKA BIZKAIA,24,26,"0,92"
2017,"AGIRRE MUÑOZ, ARRATE",LACTURALE ART ARASKI,21,23,"0,91"
2017,"KNIGHT, LESLIE FAYE",CAMPUS PROMETE LF1,19,21,"0,9"
2017,"PASIC, JOVANA",EMBUTIDOS PAJARIEL BEMBIBRE PD,22,25,"0,88"
2017,"DE SOUZA MACHADO, ERIKA CRISTINA",PERFUMERIAS AVENIDA,19,22,"0,86"
2017,"BOGICEVIC, NINA",MOVISTAR ESTUDIANTES,18,21,"0,86"
2017,"QUEVEDO CAÑIZARES, LAURA",NISSAN  AL-QÁZERES EXTREMADURA,11,13,"0,85"
2017,"MARTIN LLAVERIA, MARIONA",NISSAN  AL-QÁZERES EXTREMADURA,22,26,"0,85"
2017,"ABALDE DIAZ, TAMARA",MANN-FILTER,22,26,"0,85"
2017,"BAHI BLANQUERA, GEORGINA",CADI LA SEU,16,19,"0,84"
2017,"ROIG SOLER, LAURA",SPAR CITYLIFT GIRONA,13,16,"0,81"
2017,"GOMES DA SILVA, SOFIA CAROLINA",CAMPUS PROMETE LF1,21,26,"0,81"
2017,"LO SYLLA, NOGAYE",CADI LA SEU,20,25,"0,8"
2017,"LAHUERTA MENDOZA, IRENE",MANN-FILTER,20,26,"0,77"
2017,"RAMIREZ, CAITLYN BROOK",CADI LA SEU,19,25,"0,76"
2017,"TUDANCA ACEDO, MARTA",LACTURALE ART ARASKI,14,19,"0,74"
2017,"PARDO HERVIAS, LAURA",LACTURALE ART ARASKI,16,22,"0,73"
2017,"TRAORE, ASTOU",SPAR CITYLIFT GIRONA,18,25,"0,72"
2017,"ALDALUR SOTO, ANE MIREN",LACTURALE ART ARASKI,18,26,"0,69"
2017,"DIALLO DIENG , UMO DIALLO",LACTURALE ART ARASKI,18,26,"0,69"
2017,"LOPEZ VIVES, HELENA",SNATT´S FEMENÍ SANT ADRIÁ,17,26,"0,65"
2017,"GOMES COLHADO, NADIA",SPAR CITYLIFT GIRONA,16,25,"0,64"
2017,"ASTROM , ELLEN LOVISA",EMBUTIDOS PAJARIEL BEMBIBRE PD,16,26,"0,62"
2017,"GARCIA PAUNERO, CELIA",QUESOS EL PASTOR,15,25,"0,6"
2017,"JENKINS, ALISIA LA´JEWEL CHARLESNEIA",QUESOS EL PASTOR,10,18,"0,56"
2017,"RODRIGUEZ NUÑEZ, CLARA",MOVISTAR ESTUDIANTES,12,22,"0,55"
2017,"IPARRAGUIRRE ALUSTIZA, SARA",IDK GIPUZKOA,11,20,"0,55"
2017,"CABRERA ARGUELLO, PATRICIA",STAR CENTER-UNI FERROL,14,26,"0,54"
2017,"KOVACEVIC, BOJANA",SNATT´S FEMENÍ SANT ADRIÁ,12,23,"0,52"
2017,"CALVO DIAZ, ANA BEGOÑA",STAR CENTER-UNI FERROL,13,26,"0,5"
2017,"RICHARDS, SHEREESHA NATHESHA",CADI LA SEU,13,26,"0,5"
2017,"CORRALES BOHOYO, ELENA",NISSAN  AL-QÁZERES EXTREMADURA,12,26,"0,46"
2017,"ALIAGA ROMERO, LAURA",EMBUTIDOS PAJARIEL BEMBIBRE PD,12,26,"0,46"
2017,"COULIBALY, MARIAM ALOU",SNATT´S FEMENÍ SANT ADRIÁ,12,26,"0,46"
2017,"FORASTE GALOBARDES, MIRIAM",NISSAN  AL-QÁZERES EXTREMADURA,12,26,"0,46"
2017,"VELASCO MARTIN, LAURA",MOVISTAR ESTUDIANTES,8,18,"0,44"
2017,"REISINGEROVA , JULIA SUSSANE",SNATT´S FEMENÍ SANT ADRIÁ,8,19,"0,42"
2017,"CLARET GILABERTE, MARTA",SNATT´S FEMENÍ SANT ADRIÁ,10,25,"0,4"
2017,"MAJSTOROVIC, ANJA",QUESOS EL PASTOR,8,22,"0,36"
2017,"GUSTAVSSON , ELIN JELENA",EMBUTIDOS PAJARIEL BEMBIBRE PD,9,26,"0,35"
2017,"LLOBET CODERCH, ITZIAR",SNATT´S FEMENÍ SANT ADRIÁ,9,26,"0,35"
2017,"MOLINUEVO GARCIA, CRISTINA",LACTURALE ART ARASKI,8,24,"0,33"
2017,"ETXARRI MUNARRIZ, IRATI",LACTURALE ART ARASKI,8,26,"0,31"
2017,"SOLER SUAREZ, PATRICIA",MOVISTAR ESTUDIANTES,6,22,"0,27"
2017,"ERAUNCETAMURGIL AYESTARAN, MARIA",IDK GIPUZKOA,5,20,"0,25"
2017,"ROMERO GARRIDO, MARÍA",NISSAN  AL-QÁZERES EXTREMADURA,4,16,"0,25"
2017,"RODRIGUEZ DOMINGUEZ, NATALIA",STAR CENTER-UNI FERROL,5,21,"0,24"
2017,"NDOYE, BINETA",EMBUTIDOS PAJARIEL BEMBIBRE PD,5,22,"0,23"
2017,"ESPARCIA OMEDAS, CAROLINA",MANN-FILTER,4,19,"0,21"
2017,"ALMINAITE, KRISITINA",SPAR CITYLIFT GIRONA,5,26,"0,19"
2017,"ROMERO GARRIDO, SILVIA",NISSAN  AL-QÁZERES EXTREMADURA,3,18,"0,17"
2017,"LAZARO CASTILLERO, YAIZA",LOINTEK GERNIKA BIZKAIA,4,23,"0,17"
2017,"ERAUNCETAMURGIL AYESTARAN, MARIA",IDK GIPUZKOA,5,20,"0,25"
2017,"ROMERO GARRIDO, MARÍA",NISSAN  AL-QÁZERES EXTREMADURA,4,16,"0,25"
2017,"RODRIGUEZ DOMINGUEZ, NATALIA",STAR CENTER-UNI FERROL,5,21,"0,24"
2017,"NDOYE, BINETA",EMBUTIDOS PAJARIEL BEMBIBRE PD,5,22,"0,23"
2017,"ESPARCIA OMEDAS, CAROLINA",MANN-FILTER,4,19,"0,21"
2017,"ALMINAITE, KRISITINA",SPAR CITYLIFT GIRONA,5,26,"0,19"
2017,"ROMERO GARRIDO, SILVIA",NISSAN  AL-QÁZERES EXTREMADURA,3,18,"0,17"
2017,"LAZARO CASTILLERO, YAIZA",LOINTEK GERNIKA BIZKAIA,4,23,"0,17"
2016,"OCETE CASTILLO, GABRIELA",IDK GIPUZKOA,15,3,5
2016,"DOMINGUEZ FERNANDEZ, SILVIA",PERFUMERIAS AVENIDA,21,5,"4,2"
2016,"JORDANA BOFILL, NOEMI",SPAR CITYLIFT GIRONA,21,5,"4,2"
2016,"ASURMENDI VILLAVERDE, MARIA DEL CARMEN",LOINTEK GERNIKA BIZKAIA,8,2,4
2016,"FERRARI CALABRO, PAOLA ANDREA",IDK GIPUZKOA,8,2,4
2016,"GONZALEZ DUARTE , LARA",IDK GIPUZKOA,7,2,"3,5"
2016,"SUAREZ UTRERO, ANA MARIA",STAR CENTER-UNI FERROL,16,5,"3,2"
2016,"GIVENS , KRISI TIJANA",PERFUMERIAS AVENIDA,16,5,"3,2"
2016,"BUCH ROSELL, ROSO",SPAR CITYLIFT GIRONA,15,5,3
2016,"SILVA SERRANO , ROSELIS CAROLINA",LACTURALE ARASKI,11,4,"2,75"
2016,"SANCHEZ MARRUFO, BEATRIZ",STAR CENTER-UNI FERROL,13,5,"2,6"
2016,"BARBEE, SHACOBIA SHAUNTE",STAR CENTER-UNI FERROL,13,5,"2,6"
2016,"MILOVANOVIC, JELENA",PERFUMERIAS AVENIDA,13,5,"2,6"
2016,"VELASCO MARTIN, LAURA",LACTURALE ARASKI,9,4,"2,25"
2016,"SARR, OUMOUL KHAIRY",IDK GIPUZKOA,6,3,2
2016,"LIÑEIRA, MARIA CECILIA",LACTURALE ARASKI,7,4,"1,75"
2016,"ROUNDTREE, MARGARET YVETTE",LACTURALE ARASKI,5,3,"1,67"
2016,"ADURIZ HERNANI, ONINTZA",IDK GIPUZKOA,5,3,"1,67"
2016,"RODRIGUEZ MANSO, LEONOR DEL PILAR",SPAR CITYLIFT GIRONA,8,5,"1,6"
2016,"COULIBALY, NAIGNOUMA",SPAR CITYLIFT GIRONA,8,5,"1,6"
2016,"PINA TOLOSA, MARIA",LOINTEK GERNIKA BIZKAIA,3,2,"1,5"
2016,"IBEKWE, IFUNANYA DEBBIE",SPAR CITYLIFT GIRONA,6,4,"1,5"
2016,"VEGA REBORA, GISELA VERONICA",LACTURALE ARASKI,6,4,"1,5"
2016,"PEREZ ARAUJO, MARIA",STAR CENTER-UNI FERROL,7,5,"1,4"
2016,"GOMES COLHADO, NADIA",IDK GIPUZKOA,4,3,"1,33"
2016,"SPANOU, ARTEMIS",SPAR CITYLIFT GIRONA,5,5,1
2016,"BULGAK, ADUT ATEM",IDK GIPUZKOA,3,3,1
2016,"ALMINAITE, KRISITINA",SPAR CITYLIFT GIRONA,2,2,1
2016,"PARDO HERVIAS, LAURA",LACTURALE ARASKI,4,4,1
2016,"SALVADORES ALVAREZ, ANGELA",PERFUMERIAS AVENIDA,2,2,1
2016,"OCETE CASTILLO, GABRIELA",IDK GIPUZKOA,15,3,5
2016,"DOMINGUEZ FERNANDEZ, SILVIA",PERFUMERIAS AVENIDA,21,5,"4,2"
2016,"JORDANA BOFILL, NOEMI",SPAR CITYLIFT GIRONA,21,5,"4,2"
2016,"ASURMENDI VILLAVERDE, MARIA DEL CARMEN",LOINTEK GERNIKA BIZKAIA,8,2,4
2016,"FERRARI CALABRO, PAOLA ANDREA",IDK GIPUZKOA,8,2,4
2016,"GONZALEZ DUARTE , LARA",IDK GIPUZKOA,7,2,"3,5"
2016,"SUAREZ UTRERO, ANA MARIA",STAR CENTER-UNI FERROL,16,5,"3,2"
2016,"GIVENS , KRISI TIJANA",PERFUMERIAS AVENIDA,16,5,"3,2"
2016,"BUCH ROSELL, ROSO",SPAR CITYLIFT GIRONA,15,5,3
2016,"SILVA SERRANO , ROSELIS CAROLINA",LACTURALE ARASKI,11,4,"2,75"
2016,"SANCHEZ MARRUFO, BEATRIZ",STAR CENTER-UNI FERROL,13,5,"2,6"
2016,"BARBEE, SHACOBIA SHAUNTE",STAR CENTER-UNI FERROL,13,5,"2,6"
2016,"MILOVANOVIC, JELENA",PERFUMERIAS AVENIDA,13,5,"2,6"
2016,"VELASCO MARTIN, LAURA",LACTURALE ARASKI,9,4,"2,25"
2016,"SARR, OUMOUL KHAIRY",IDK GIPUZKOA,6,3,2
2016,"LIÑEIRA, MARIA CECILIA",LACTURALE ARASKI,7,4,"1,75"
2016,"ROUNDTREE, MARGARET YVETTE",LACTURALE ARASKI,5,3,"1,67"
2016,"ADURIZ HERNANI, ONINTZA",IDK GIPUZKOA,5,3,"1,67"
2016,"RODRIGUEZ MANSO, LEONOR DEL PILAR",SPAR CITYLIFT GIRONA,8,5,"1,6"
2016,"COULIBALY, NAIGNOUMA",SPAR CITYLIFT GIRONA,8,5,"1,6"
2016,"PINA TOLOSA, MARIA",LOINTEK GERNIKA BIZKAIA,3,2,"1,5"
2016,"IBEKWE, IFUNANYA DEBBIE",SPAR CITYLIFT GIRONA,6,4,"1,5"
2016,"VEGA REBORA, GISELA VERONICA",LACTURALE ARASKI,6,4,"1,5"
2016,"PEREZ ARAUJO, MARIA",STAR CENTER-UNI FERROL,7,5,"1,4"
2016,"GOMES COLHADO, NADIA",IDK GIPUZKOA,4,3,"1,33"
2016,"SPANOU, ARTEMIS",SPAR CITYLIFT GIRONA,5,5,1
2016,"BULGAK, ADUT ATEM",IDK GIPUZKOA,3,3,1
2016,"ALMINAITE, KRISITINA",SPAR CITYLIFT GIRONA,2,2,1
2016,"PARDO HERVIAS, LAURA",LACTURALE ARASKI,4,4,1
2016,"SALVADORES ALVAREZ, ANGELA",PERFUMERIAS AVENIDA,2,2,1
2015,"DE SA CASTRO NEVES, CATARINA",C.B. CONQUERO HUELVA WAGEN,11,2,"5,5"
2015,"DOMINGUEZ FERNANDEZ, SILVIA",PERFUMERIAS AVENIDA,25,5,5
2015,"BUCH ROSELL, ROSO",C.B. CONQUERO HUELVA WAGEN,9,2,"4,5"
2015,"OCETE CASTILLO, GABRIELA",MANN-FILTER,9,2,"4,5"
2015,"JORDANA BOFILL, NOEMI",SPAR CITYLIFT GIRONA,20,5,4
2015,"FERRARI CALABRO, PAOLA ANDREA",MANN-FILTER,7,2,"3,5"
2015,"GEMELOS, JACQUELINE ANN",PERFUMERIAS AVENIDA,13,5,"2,6"
2015,"ASURMENDI VILLAVERDE, MARIA DEL CARMEN",PERFUMERIAS AVENIDA,11,5,"2,2"
2015,"RODRIGUEZ MANSO, LEONOR DEL PILAR",PERFUMERIAS AVENIDA,11,5,"2,2"
2015,"CALDWELL , TALIA ADAIAH",C.B. CONQUERO HUELVA WAGEN,2,1,2
2015,"BEARD, ALANA MONIQUE",PERFUMERIAS AVENIDA,10,5,2
2015,"PETERS, HALEY MCCLOSKEY",C.B. CONQUERO HUELVA WAGEN,4,2,2
2015,"KNEZEVIC, ADRIJANA",SPAR CITYLIFT GIRONA,8,5,"1,6"
2015,"SPANOU, ARTEMIS",SPAR CITYLIFT GIRONA,8,5,"1,6"
2015,"ESPARCIA OMEDAS, CAROLINA",MANN-FILTER,3,2,"1,5"
2015,"TRAORE, AYA",C.B. CONQUERO HUELVA WAGEN,3,2,"1,5"
2015,"IBEKWE, IFUNANYA DEBBIE",SPAR CITYLIFT GIRONA,3,2,"1,5"
2015,"GIVENS , KRISI TIJANA",SPAR CITYLIFT GIRONA,7,5,"1,4"
2015,"LUCAS , ITALEE MALINA",SPAR CITYLIFT GIRONA,7,5,"1,4"
2015,"MARGINEAN , GABRIELA",PERFUMERIAS AVENIDA,7,5,"1,4"
2015,"ELONU, ADAORA NNENNA",C.B. CONQUERO HUELVA WAGEN,2,2,1
2015,"COULIBALY, NAIGNOUMA",SPAR CITYLIFT GIRONA,5,5,1
2015,"PASCUA SUAREZ, MARÍA LUCILA",MANN-FILTER,2,2,1
2015,"KUKTIENE, VITA",SPAR CITYLIFT GIRONA,3,5,"0,6"
2015,"ZLATANOVA, JAKLIN",MANN-FILTER,1,2,"0,5"
2015,"KOBRYN , EWELINA KATARZYNA",PERFUMERIAS AVENIDA,2,5,"0,4"
2015,"GIDDEN, VANESSA NICOLE",PERFUMERIAS AVENIDA,1,3,"0,33"
2015,"VITOLA, KRISTINE",PERFUMERIAS AVENIDA,1,4,"0,25"
2014,"JORDANA BOFILL, NOEMI",SPAR CITYLIFT GIRONA,22,4,"5,5"
2014,"XARGAY CASADEMONT, MARTA",PERFUMERIAS AVENIDA,26,5,"5,2"
2014,"ASURMENDI VILLAVERDE, MARIA DEL CARMEN",C.B. CONQUERO HUELVA WAGEN,8,2,4
2014,"CHAMBERS, BRITTANY MARIE",SPAR CITYLIFT GIRONA,11,4,"2,75"
2014,"FERNANDEZ FARRES, MARTA",PERFUMERIAS AVENIDA,12,5,"2,4"
2014,"IBEKWE, IFUNANYA DEBBIE",SPAR CITYLIFT GIRONA,9,4,"2,25"
2014,"PASCUA SUAREZ, MARÍA LUCILA",C.B. CONQUERO HUELVA WAGEN,4,2,2
2014,"GIL COLLADO, LAURA",CADI LA SEU,6,3,2
2014,"SUAREZ UTRERO, ANA MARIA",CADI LA SEU,5,3,"1,67"
2014,"FERRARI CALABRO, PAOLA ANDREA",PERFUMERIAS AVENIDA,8,5,"1,6"
2014,"KUKTIENE, VITA",SPAR CITYLIFT GIRONA,6,4,"1,5"
2014,"ORTIZ VIVES, MARIONA",PERFUMERIAS AVENIDA,7,5,"1,4"
2014,"DE KLEIJN, MARLOU",CADI LA SEU,4,3,"1,33"
2014,"FREIXANET VIEJO, JAEL",SPAR CITYLIFT GIRONA,5,4,"1,25"
2014,"HIND, BEN ABDELKADER",CADI LA SEU,3,3,1
2014,"PINA TOLOSA, MARIA",C.B. CONQUERO HUELVA WAGEN,2,2,1
2014,"GIDDEN, VANESSA NICOLE",SPAR CITYLIFT GIRONA,4,4,1
2014,"PARHAM, AJA DANIELLE",C.B. CONQUERO HUELVA WAGEN,2,2,1
2014,"MADU, NDIDI AWELE",CADI LA SEU,3,3,1
2014,"BABKINA, ELINA",SPAR CITYLIFT GIRONA,3,4,"0,75"
2014,"BAHI BLANQUERA, GEORGINA",CADI LA SEU,2,3,"0,67"
2014,"ABALDE DIAZ, TAMARA",PERFUMERIAS AVENIDA,2,3,"0,67"
2014,"TANNER, TYRESE LA SHAY",CADI LA SEU,2,3,"0,67"
2014,"RODRIGUEZ MANSO, LEONOR DEL PILAR",PERFUMERIAS AVENIDA,3,5,"0,6"
2014,"REZAN, MARIJA",PERFUMERIAS AVENIDA,3,5,"0,6"
2014,"ELONU, ADAORA NNENNA",C.B. CONQUERO HUELVA WAGEN,1,2,"0,5"
2014,"MALLOU CEA, ARANTXA",C.B. CONQUERO HUELVA WAGEN,1,2,"0,5"
2014,"ROBINSON, ANGELICA DANIELLE",PERFUMERIAS AVENIDA,2,5,"0,4"
2014,"BLE, DOUKOLE VANESSA",PERFUMERIAS AVENIDA,2,5,"0,4"
2014,"PEREZ TORRES, TANIA",CADI LA SEU,1,3,"0,33"
2014,"JORDANA BOFILL, NOEMI",SPAR CITYLIFT GIRONA,22,4,"5,5"
2014,"XARGAY CASADEMONT, MARTA",PERFUMERIAS AVENIDA,26,5,"5,2"
2014,"ASURMENDI VILLAVERDE, MARIA DEL CARMEN",C.B. CONQUERO HUELVA WAGEN,8,2,4
2014,"CHAMBERS, BRITTANY MARIE",SPAR CITYLIFT GIRONA,11,4,"2,75"
2014,"FERNANDEZ FARRES, MARTA",PERFUMERIAS AVENIDA,12,5,"2,4"
2014,"IBEKWE, IFUNANYA DEBBIE",SPAR CITYLIFT GIRONA,9,4,"2,25"
2014,"PASCUA SUAREZ, MARÍA LUCILA",C.B. CONQUERO HUELVA WAGEN,4,2,2
2014,"GIL COLLADO, LAURA",CADI LA SEU,6,3,2
2014,"SUAREZ UTRERO, ANA MARIA",CADI LA SEU,5,3,"1,67"
2014,"FERRARI CALABRO, PAOLA ANDREA",PERFUMERIAS AVENIDA,8,5,"1,6"
2014,"KUKTIENE, VITA",SPAR CITYLIFT GIRONA,6,4,"1,5"
2014,"ORTIZ VIVES, MARIONA",PERFUMERIAS AVENIDA,7,5,"1,4"
2014,"DE KLEIJN, MARLOU",CADI LA SEU,4,3,"1,33"
2014,"FREIXANET VIEJO, JAEL",SPAR CITYLIFT GIRONA,5,4,"1,25"
2014,"HIND, BEN ABDELKADER",CADI LA SEU,3,3,1
2014,"PINA TOLOSA, MARIA",C.B. CONQUERO HUELVA WAGEN,2,2,1
2014,"GIDDEN, VANESSA NICOLE",SPAR CITYLIFT GIRONA,4,4,1
2014,"PARHAM, AJA DANIELLE",C.B. CONQUERO HUELVA WAGEN,2,2,1
2014,"MADU, NDIDI AWELE",CADI LA SEU,3,3,1
2014,"BABKINA, ELINA",SPAR CITYLIFT GIRONA,3,4,"0,75"
2014,"BAHI BLANQUERA, GEORGINA",CADI LA SEU,2,3,"0,67"
2014,"ABALDE DIAZ, TAMARA",PERFUMERIAS AVENIDA,2,3,"0,67"
2014,"TANNER, TYRESE LA SHAY",CADI LA SEU,2,3,"0,67"
2014,"RODRIGUEZ MANSO, LEONOR DEL PILAR",PERFUMERIAS AVENIDA,3,5,"0,6"
2014,"REZAN, MARIJA",PERFUMERIAS AVENIDA,3,5,"0,6"
2014,"ELONU, ADAORA NNENNA",C.B. CONQUERO HUELVA WAGEN,1,2,"0,5"
2014,"MALLOU CEA, ARANTXA",C.B. CONQUERO HUELVA WAGEN,1,2,"0,5"
2014,"ROBINSON, ANGELICA DANIELLE",PERFUMERIAS AVENIDA,2,5,"0,4"
2014,"BLE, DOUKOLE VANESSA",PERFUMERIAS AVENIDA,2,5,"0,4"
2014,"PEREZ TORRES, TANIA",CADI LA SEU,1,3,"0,33"
2013,"XARGAY CASADEMONT, MARTA",PERFUMERIAS AVENIDA,26,5,"5,2"
2013,"DIAZ CASTELLANO, YURENA",GRAN CANARIA 2014,15,3,5
2013,"ELDEBRINK, FRIDA",RIVAS ECOPOLIS,19,5,"3,8"
2013,"GOMEZ IGUAL, ANNA",EMBUTIDOS PAJARIEL BEMBIBRE PD,11,3,"3,67"
2013,"BUCH ROSELL, ROSO",EMBUTIDOS PAJARIEL BEMBIBRE PD,10,3,"3,33"
2013,"BERMEJO MORENO, CLARA SUSANA",RIVAS ECOPOLIS,14,5,"2,8"
2013,"OCETE CASTILLO, GABRIELA",RIVAS ECOPOLIS,10,5,2
2013,"RODRIGUEZ MANSO, LEONOR DEL PILAR",PERFUMERIAS AVENIDA,9,5,"1,8"
2013,"CASAS CARRERAS, QUERALT",RIVAS ECOPOLIS,9,5,"1,8"
2013,"MURPHY, ESHAYA MARIE",PERFUMERIAS AVENIDA,8,5,"1,6"
2013,"FERNANDEZ FARRES, MARTA",PERFUMERIAS AVENIDA,7,5,"1,4"
2013,"ROBINSON, ANGELICA DANIELLE",PERFUMERIAS AVENIDA,6,5,"1,2"
2013,"CABRERA ARGUELLO, PATRICIA",GRAN CANARIA 2014,3,3,1
2013,"MONTENEGRO SANTANA, RITA ESTHER",EMBUTIDOS PAJARIEL BEMBIBRE PD,3,3,1
2013,"MUHATE PEÑA, CECILIA",RIVAS ECOPOLIS,1,1,1
2013,"ALLISON, RACHEL LINDSAY",RIVAS ECOPOLIS,4,5,"0,8"
2013,"NICHOLLS GONZALEZ, LAURA",RIVAS ECOPOLIS,4,5,"0,8"
2013,"ORTIZ VIVES, MARIONA",PERFUMERIAS AVENIDA,3,4,"0,75"
2013,"CHAMBERS, BRITTANY MARIE",GRAN CANARIA 2014,2,3,"0,67"
2013,"MONGOMO CARVALLO, MARIA CONCEPCIÓN",GRAN CANARIA 2014,2,3,"0,67"
2013,"DAVIS , CHELSEA MARIA",GRAN CANARIA 2014,2,3,"0,67"
2013,"VIVAS SACRAMENTO, ELISABET",EMBUTIDOS PAJARIEL BEMBIBRE PD,2,3,"0,67"
2013,"LIEPKALNE, DITA",EMBUTIDOS PAJARIEL BEMBIBRE PD,2,3,"0,67"
2013,"REZAN, MARIJA",PERFUMERIAS AVENIDA,3,5,"0,6"
2013,"HASSELL, JASMINE",RIVAS ECOPOLIS,3,5,"0,6"
2013,"THOMAS, KRYSTAL VICTORIA",PERFUMERIAS AVENIDA,2,5,"0,4"
2013,"O'REILLY, ORLA",EMBUTIDOS PAJARIEL BEMBIBRE PD,1,3,"0,33"
2013,"ABALDE DIAZ, TAMARA",PERFUMERIAS AVENIDA,1,3,"0,33"
2013,"DENNETT, MELISSA LOUISE",EMBUTIDOS PAJARIEL BEMBIBRE PD,1,3,"0,33"
2013,"NDOYE, BINETA",GRAN CANARIA 2014,1,3,"0,33"
2012,"JORDANA BOFILL, NOEMI",SPAR UNIGIRONA,21,5,"4,2"
2012,"MONTAÑANA GIMENO, ANNA",PERFUMERIAS AVENIDA,3,1,3
2012,"BERMEJO MORENO, CLARA SUSANA",RIVAS ECOPOLIS,11,4,"2,75"
2012,"BARTONOVA , KATERINA",CADI - ICG SOFTWARE,11,4,"2,75"
2012,"XARGAY CASADEMONT, MARTA",PERFUMERIAS AVENIDA,10,4,"2,5"
2012,"REVUELTO SÁNCHEZ-AGUILERA, MARIA",UNB OBENASA,7,3,"2,33"
2012,"CASAS CARRERAS, QUERALT",RIVAS ECOPOLIS,9,4,"2,25"
2012,"GOMEZ IGUAL, ANNA",BEROIL - CIUDAD DE BURGOS,4,2,2
2012,"HONTI, KATALIN",RIVAS ECOPOLIS,8,4,2
2012,"CURRIE , MONIQUE PAULETTE",PERFUMERIAS AVENIDA,8,4,2
2012,"GARCIA TORRES, CRISTINA",CADI - ICG SOFTWARE,7,4,"1,75"
2012,"FEASTER, ALISON",SPAR UNIGIRONA,7,4,"1,75"
2012,"CHUMILLAS PERIS, BERTA",BEROIL - CIUDAD DE BURGOS,3,2,"1,5"
2012,"NICHOLLS GONZALEZ, LAURA",RIVAS ECOPOLIS,6,4,"1,5"
2012,"MARCOS BENITO, BLANCA",BEROIL - CIUDAD DE BURGOS,3,2,"1,5"
2012,"CARBO COLOMA, ANNA",SPAR UNIGIRONA,7,5,"1,4"
2012,"ASURMENDI VILLAVERDE, MARIA DEL CARMEN",UNB OBENASA,4,3,"1,33"
2012,"PARHAM, AJA DANIELLE",CADI - ICG SOFTWARE,5,4,"1,25"
2012,"TRAORE, ASTOU",CADI - ICG SOFTWARE,5,4,"1,25"
2012,"WILLINGHAM, LE`COE LOUISE",PERFUMERIAS AVENIDA,5,4,"1,25"
2012,"LLOBET CODERCH, ITZIAR",BEROIL - CIUDAD DE BURGOS,2,2,1
2012,"GOMEZ IGLESIAS, REGINA",BEROIL - CIUDAD DE BURGOS,2,2,1
2012,"VAJDA, ANNA",RIVAS ECOPOLIS,4,4,1
2012,"MORRISON JARA, ZIOMARA ESKET",RIVAS ECOPOLIS,4,4,1
2012,"COVINGTON, ARHONDA",CADI - ICG SOFTWARE,4,4,1
2012,"HENRY, ANEIKA ANNA-KAY",RIVAS ECOPOLIS,4,4,1
2012,"ROS CUTRINAS, ELIA",SPAR UNIGIRONA,1,1,1
2012,"ORAVCOVA, ANDREA",CADI - ICG SOFTWARE,4,4,1
2012,"BELD , MYRTHE BRIGIT MARIA",SPAR UNIGIRONA,5,5,1
2012,"SARR, OUMOUL KHAIRY",SPAR UNIGIRONA,4,5,"0,8"
2012,"JORDANA BOFILL, NOEMI",SPAR UNIGIRONA,21,5,"4,2"
2012,"MONTAÑANA GIMENO, ANNA",PERFUMERIAS AVENIDA,3,1,3
2012,"BERMEJO MORENO, CLARA SUSANA",RIVAS ECOPOLIS,11,4,"2,75"
2012,"BARTONOVA , KATERINA",CADI - ICG SOFTWARE,11,4,"2,75"
2012,"XARGAY CASADEMONT, MARTA",PERFUMERIAS AVENIDA,10,4,"2,5"
2012,"REVUELTO SÁNCHEZ-AGUILERA, MARIA",UNB OBENASA,7,3,"2,33"
2012,"CASAS CARRERAS, QUERALT",RIVAS ECOPOLIS,9,4,"2,25"
2012,"GOMEZ IGUAL, ANNA",BEROIL - CIUDAD DE BURGOS,4,2,2
2012,"HONTI, KATALIN",RIVAS ECOPOLIS,8,4,2
2012,"CURRIE , MONIQUE PAULETTE",PERFUMERIAS AVENIDA,8,4,2
2012,"GARCIA TORRES, CRISTINA",CADI - ICG SOFTWARE,7,4,"1,75"
2012,"FEASTER, ALISON",SPAR UNIGIRONA,7,4,"1,75"
2012,"CHUMILLAS PERIS, BERTA",BEROIL - CIUDAD DE BURGOS,3,2,"1,5"
2012,"NICHOLLS GONZALEZ, LAURA",RIVAS ECOPOLIS,6,4,"1,5"
2012,"MARCOS BENITO, BLANCA",BEROIL - CIUDAD DE BURGOS,3,2,"1,5"
2012,"CARBO COLOMA, ANNA",SPAR UNIGIRONA,7,5,"1,4"
2012,"ASURMENDI VILLAVERDE, MARIA DEL CARMEN",UNB OBENASA,4,3,"1,33"
2012,"PARHAM, AJA DANIELLE",CADI - ICG SOFTWARE,5,4,"1,25"
2012,"TRAORE, ASTOU",CADI - ICG SOFTWARE,5,4,"1,25"
2012,"WILLINGHAM, LE`COE LOUISE",PERFUMERIAS AVENIDA,5,4,"1,25"
2012,"LLOBET CODERCH, ITZIAR",BEROIL - CIUDAD DE BURGOS,2,2,1
2012,"GOMEZ IGLESIAS, REGINA",BEROIL - CIUDAD DE BURGOS,2,2,1
2012,"VAJDA, ANNA",RIVAS ECOPOLIS,4,4,1
2012,"MORRISON JARA, ZIOMARA ESKET",RIVAS ECOPOLIS,4,4,1
2012,"COVINGTON, ARHONDA",CADI - ICG SOFTWARE,4,4,1
2012,"HENRY, ANEIKA ANNA-KAY",RIVAS ECOPOLIS,4,4,1
2012,"ROS CUTRINAS, ELIA",SPAR UNIGIRONA,1,1,1
2012,"ORAVCOVA, ANDREA",CADI - ICG SOFTWARE,4,4,1
2012,"BELD , MYRTHE BRIGIT MARIA",SPAR UNIGIRONA,5,5,1
2012,"SARR, OUMOUL KHAIRY",SPAR UNIGIRONA,4,5,"0,8"
2011,"PALAU ALTES, LAIA",CIUDAD ROS CASARES VALENCIA,15,4,"3,75"
2011,"DOMINGUEZ FERNANDEZ, SILVIA",CIUDAD ROS CASARES VALENCIA,14,4,"3,5"
2011,"ANTOJA ROVIRA, LAURA",PERFUMERIAS AVENIDA,13,4,"3,25"
2011,"JORDANA BOFILL, NOEMI",GIRONA FC,6,2,3
2011,"XARGAY CASADEMONT, MARTA",PERFUMERIAS AVENIDA,12,4,3
2011,"FERNANDEZ FARRES, MARTA",PERFUMERIAS AVENIDA,11,4,"2,75"
2011,"AGUILAR LOPEZ , ELISA",RIVAS ECOPOLIS,5,2,"2,5"
2011,"MOORE, MAYA APRIL",CIUDAD ROS CASARES VALENCIA,7,3,"2,33"
2011,"THORBURN, SHONA LOUISE",GIRONA FC,4,2,2
2011,"WAUTERS, ANN",CIUDAD ROS CASARES VALENCIA,7,4,"1,75"
2011,"DE SOUZA MACHADO, ERIKA CRISTINA",PERFUMERIAS AVENIDA,6,4,"1,5"
2011,"CARSON, ESSENCE",RIVAS ECOPOLIS,3,2,"1,5"
2011,"VEGA REBORA, GISELA VERONICA",GIRONA FC,3,2,"1,5"
2011,"LYTTLE LYTTLE, SANCHO TRACY CONSTANCE",CIUDAD ROS CASARES VALENCIA,5,4,"1,25"
2011,"JACKSON, LAUREN",CIUDAD ROS CASARES VALENCIA,5,4,"1,25"
2011,"KRIVACEVIC, TIJANA",RIVAS ECOPOLIS,1,1,1
2011,"CRUZ LEBRATO, ANNA",RIVAS ECOPOLIS,2,2,1
2011,"MURPHY, ESHAYA MARIE",CIUDAD ROS CASARES VALENCIA,4,4,1
2011,"CARBO COLOMA, ANNA",GIRONA FC,2,2,1
2011,"JONES, ASJHA",RIVAS ECOPOLIS,2,2,1
2011,"BONNER, DEWANNA TENISE",PERFUMERIAS AVENIDA,3,4,"0,75"
2011,"VAJDA, ANNA",PERFUMERIAS AVENIDA,3,4,"0,75"
2011,"SANCHEZ FERNANDEZ, ISABEL",PERFUMERIAS AVENIDA,3,4,"0,75"
2011,"ROBINSON, ANGELICA DANIELLE",GIRONA FC,1,2,"0,5"
2011,"GIMENO MARTINEZ, VEGA",RIVAS ECOPOLIS,1,2,"0,5"
2011,"SARR, OUMOUL KHAIRY",GIRONA FC,1,2,"0,5"
2011,"KORSTINE, ILONA",PERFUMERIAS AVENIDA,2,4,"0,5"
2011,"GARCIA MATA, GEMA",RIVAS ECOPOLIS,1,2,"0,5"
2011,"PIRSIC, SANDRA",RIVAS ECOPOLIS,1,2,"0,5"
2011,"FREIXANET VIEJO, JAEL",PERFUMERIAS AVENIDA,1,3,"0,33"
2011,"PALAU ALTES, LAIA",CIUDAD ROS CASARES VALENCIA,15,4,"3,75"
2011,"DOMINGUEZ FERNANDEZ, SILVIA",CIUDAD ROS CASARES VALENCIA,14,4,"3,5"
2011,"ANTOJA ROVIRA, LAURA",PERFUMERIAS AVENIDA,13,4,"3,25"
2011,"JORDANA BOFILL, NOEMI",GIRONA FC,6,2,3
2011,"XARGAY CASADEMONT, MARTA",PERFUMERIAS AVENIDA,12,4,3
2011,"FERNANDEZ FARRES, MARTA",PERFUMERIAS AVENIDA,11,4,"2,75"
2011,"AGUILAR LOPEZ , ELISA",RIVAS ECOPOLIS,5,2,"2,5"
2011,"MOORE, MAYA APRIL",CIUDAD ROS CASARES VALENCIA,7,3,"2,33"
2011,"THORBURN, SHONA LOUISE",GIRONA FC,4,2,2
2011,"WAUTERS, ANN",CIUDAD ROS CASARES VALENCIA,7,4,"1,75"
2011,"DE SOUZA MACHADO, ERIKA CRISTINA",PERFUMERIAS AVENIDA,6,4,"1,5"
2011,"CARSON, ESSENCE",RIVAS ECOPOLIS,3,2,"1,5"
2011,"VEGA REBORA, GISELA VERONICA",GIRONA FC,3,2,"1,5"
2011,"LYTTLE LYTTLE, SANCHO TRACY CONSTANCE",CIUDAD ROS CASARES VALENCIA,5,4,"1,25"
2011,"JACKSON, LAUREN",CIUDAD ROS CASARES VALENCIA,5,4,"1,25"
2011,"KRIVACEVIC, TIJANA",RIVAS ECOPOLIS,1,1,1
2011,"CRUZ LEBRATO, ANNA",RIVAS ECOPOLIS,2,2,1
2011,"MURPHY, ESHAYA MARIE",CIUDAD ROS CASARES VALENCIA,4,4,1
2011,"CARBO COLOMA, ANNA",GIRONA FC,2,2,1
2011,"JONES, ASJHA",RIVAS ECOPOLIS,2,2,1
2011,"BONNER, DEWANNA TENISE",PERFUMERIAS AVENIDA,3,4,"0,75"
2011,"VAJDA, ANNA",PERFUMERIAS AVENIDA,3,4,"0,75"
2011,"SANCHEZ FERNANDEZ, ISABEL",PERFUMERIAS AVENIDA,3,4,"0,75"
2011,"ROBINSON, ANGELICA DANIELLE",GIRONA FC,1,2,"0,5"
2011,"GIMENO MARTINEZ, VEGA",RIVAS ECOPOLIS,1,2,"0,5"
2011,"SARR, OUMOUL KHAIRY",GIRONA FC,1,2,"0,5"
2011,"KORSTINE, ILONA",PERFUMERIAS AVENIDA,2,4,"0,5"
2011,"GARCIA MATA, GEMA",RIVAS ECOPOLIS,1,2,"0,5"
2011,"PIRSIC, SANDRA",RIVAS ECOPOLIS,1,2,"0,5"
2011,"FREIXANET VIEJO, JAEL",PERFUMERIAS AVENIDA,1,3,"0,33"
2010,"DOMINGUEZ FERNANDEZ, SILVIA",PERFUMERIAS AVENIDA,8,2,4
2010,"LYTTLE LYTTLE, SANCHO TRACY CONSTANCE",PERFUMERIAS AVENIDA,6,2,3
2010,"VALDEMORO MADARIAGA, AMAYA",RIVAS ECOPOLIS,6,2,3
2010,"PALAU ALTES, LAIA",CIUDAD ROS CASARES VALENCIA,6,2,3
2010,"OUVIÑA MODREGO, CRISTINA",MANN FILTER ZARAGOZA,5,2,"2,5"
2010,"BROWN, KIESHA LINDSAY",MANN FILTER ZARAGOZA,5,2,"2,5"
2010,"LAWSON, EDWIGE",CIUDAD ROS CASARES VALENCIA,5,2,"2,5"
2010,"TORRENS SALOM, ALBA",PERFUMERIAS AVENIDA,4,2,2
2010,"VESELA, JANA",CIUDAD ROS CASARES VALENCIA,2,1,2
2010,"DOUGLAS, KATHRYN",CIUDAD ROS CASARES VALENCIA,4,2,2
2010,"ANOSIKE, NIKOLIKA NONYELUM",CIUDAD ROS CASARES VALENCIA,4,2,2
2010,"ZLATANOVA, JAKLIN",MANN FILTER ZARAGOZA,4,2,2
2010,"MONDT, ANKE DE",PERFUMERIAS AVENIDA,4,2,2
2010,"BERMEJO MORENO, CLARA SUSANA",RIVAS ECOPOLIS,4,2,2
2010,"FERNANDEZ FARRES, MARTA",CIUDAD ROS CASARES VALENCIA,4,2,2
2010,"LIMA GARCIA, CINDY ORQUIDEA",CIUDAD ROS CASARES VALENCIA,3,2,"1,5"
2010,"CRUZ LEBRATO, ANNA",RIVAS ECOPOLIS,3,2,"1,5"
2010,"NICHOLLS GONZALEZ, LAURA",RIVAS ECOPOLIS,3,2,"1,5"
2010,"FEASTER, ALISON",MANN FILTER ZARAGOZA,2,2,1
2010,"ROYO TORRES, MARIA ESTELA",MANN FILTER ZARAGOZA,2,2,1
2010,"BONNER, DEWANNA TENISE",RIVAS ECOPOLIS,2,2,1
2010,"PASCUA SUAREZ, MARÍA LUCILA",MANN FILTER ZARAGOZA,2,2,1
2010,"MONTAÑANA GIMENO, ANNA",PERFUMERIAS AVENIDA,1,2,"0,5"
2010,"DE SOUZA MACHADO, ERIKA CRISTINA",PERFUMERIAS AVENIDA,1,2,"0,5"
2010,"GIMENO MARTINEZ, VEGA",RIVAS ECOPOLIS,1,2,"0,5"
2010,"AGUILAR LOPEZ , ELISA",RIVAS ECOPOLIS,1,2,"0,5"
2010,"MARTINEZ PRAT, NURIA",CIUDAD ROS CASARES VALENCIA,1,2,"0,5"
2010,"BRUNSON, REBEKKAH",CIUDAD ROS CASARES VALENCIA,1,2,"0,5"
2010,"PINA TOLOSA, MARIA",MANN FILTER ZARAGOZA,1,2,"0,5"
2010,"XARGAY CASADEMONT, MARTA",PERFUMERIAS AVENIDA,1,2,"0,5"
2010,"DOMINGUEZ FERNANDEZ, SILVIA",PERFUMERIAS AVENIDA,8,2,4
2010,"LYTTLE LYTTLE, SANCHO TRACY CONSTANCE",PERFUMERIAS AVENIDA,6,2,3
2010,"VALDEMORO MADARIAGA, AMAYA",RIVAS ECOPOLIS,6,2,3
2010,"PALAU ALTES, LAIA",CIUDAD ROS CASARES VALENCIA,6,2,3
2010,"OUVIÑA MODREGO, CRISTINA",MANN FILTER ZARAGOZA,5,2,"2,5"
2010,"BROWN, KIESHA LINDSAY",MANN FILTER ZARAGOZA,5,2,"2,5"
2010,"LAWSON, EDWIGE",CIUDAD ROS CASARES VALENCIA,5,2,"2,5"
2010,"TORRENS SALOM, ALBA",PERFUMERIAS AVENIDA,4,2,2
2010,"VESELA, JANA",CIUDAD ROS CASARES VALENCIA,2,1,2
2010,"DOUGLAS, KATHRYN",CIUDAD ROS CASARES VALENCIA,4,2,2
2010,"ANOSIKE, NIKOLIKA NONYELUM",CIUDAD ROS CASARES VALENCIA,4,2,2
2010,"ZLATANOVA, JAKLIN",MANN FILTER ZARAGOZA,4,2,2
2010,"MONDT, ANKE DE",PERFUMERIAS AVENIDA,4,2,2
2010,"BERMEJO MORENO, CLARA SUSANA",RIVAS ECOPOLIS,4,2,2
2010,"FERNANDEZ FARRES, MARTA",CIUDAD ROS CASARES VALENCIA,4,2,2
2010,"LIMA GARCIA, CINDY ORQUIDEA",CIUDAD ROS CASARES VALENCIA,3,2,"1,5"
2010,"CRUZ LEBRATO, ANNA",RIVAS ECOPOLIS,3,2,"1,5"
2010,"NICHOLLS GONZALEZ, LAURA",RIVAS ECOPOLIS,3,2,"1,5"
2010,"FEASTER, ALISON",MANN FILTER ZARAGOZA,2,2,1
2010,"ROYO TORRES, MARIA ESTELA",MANN FILTER ZARAGOZA,2,2,1
2010,"BONNER, DEWANNA TENISE",RIVAS ECOPOLIS,2,2,1
2010,"PASCUA SUAREZ, MARÍA LUCILA",MANN FILTER ZARAGOZA,2,2,1
2010,"MONTAÑANA GIMENO, ANNA",PERFUMERIAS AVENIDA,1,2,"0,5"
2010,"DE SOUZA MACHADO, ERIKA CRISTINA",PERFUMERIAS AVENIDA,1,2,"0,5"
2010,"GIMENO MARTINEZ, VEGA",RIVAS ECOPOLIS,1,2,"0,5"
2010,"AGUILAR LOPEZ , ELISA",RIVAS ECOPOLIS,1,2,"0,5"
2010,"MARTINEZ PRAT, NURIA",CIUDAD ROS CASARES VALENCIA,1,2,"0,5"
2010,"BRUNSON, REBEKKAH",CIUDAD ROS CASARES VALENCIA,1,2,"0,5"
2010,"PINA TOLOSA, MARIA",MANN FILTER ZARAGOZA,1,2,"0,5"
2010,"XARGAY CASADEMONT, MARTA",PERFUMERIAS AVENIDA,1,2,"0,5"
2009,"OUVIÑA MODREGO, CRISTINA",MANN FILTER ZARAGOZA,10,2,5
2009,"BERMEJO MORENO, CLARA SUSANA",RIVAS ECOPOLIS,10,2,5
2009,"PALAU ALTES, LAIA",CIUDAD ROS CASARES VALENCIA,17,4,"4,25"
2009,"SNELL, BELINDA ROSE",CIUDAD ROS CASARES VALENCIA,11,4,"2,75"
2009,"DUBLJEVIC, JELENA",RIVAS ECOPOLIS,4,2,2
2009,"MONTAÑANA GIMENO, ANNA",CIUDAD ROS CASARES VALENCIA,8,4,2
2009,"LYTTLE LYTTLE, SANCHO TRACY CONSTANCE",PERFUMERIAS AVENIDA,8,4,2
2009,"PALOMARES VALIENTE, PAULA",MANN FILTER ZARAGOZA,4,2,2
2009,"DOMINGUEZ FERNANDEZ, SILVIA",PERFUMERIAS AVENIDA,7,4,"1,75"
2009,"WILLINGHAM, LE`COE LOUISE",PERFUMERIAS AVENIDA,6,4,"1,5"
2009,"CRUZ LEBRATO, ANNA",RIVAS ECOPOLIS,3,2,"1,5"
2009,"LANGHORNE , CRYSTAL ALLISON",RIVAS ECOPOLIS,3,2,"1,5"
2009,"DICKSON, JESSICA",MANN FILTER ZARAGOZA,3,2,"1,5"
2009,"FEASTER, ALISON",MANN FILTER ZARAGOZA,3,2,"1,5"
2009,"AGUILAR LOPEZ , ELISA",CIUDAD ROS CASARES VALENCIA,6,4,"1,5"
2009,"MONDT, ANKE DE",PERFUMERIAS AVENIDA,5,4,"1,25"
2009,"MILTON, DELISHA LACHELL",CIUDAD ROS CASARES VALENCIA,5,4,"1,25"
2009,"PASCUA SUAREZ, MARÍA LUCILA",MANN FILTER ZARAGOZA,2,2,1
2009,"LIMA GARCIA, CINDY ORQUIDEA",CIUDAD ROS CASARES VALENCIA,1,1,1
2009,"GOMEZ IGUAL, ANNA",MANN FILTER ZARAGOZA,2,2,1
2009,"VALDEMORO MADARIAGA, AMAYA",CIUDAD ROS CASARES VALENCIA,3,4,"0,75"
2009,"XARGAY CASADEMONT, MARTA",PERFUMERIAS AVENIDA,3,4,"0,75"
2009,"TORRENS SALOM, ALBA",PERFUMERIAS AVENIDA,3,4,"0,75"
2009,"SANCHEZ FERNANDEZ, ISABEL",PERFUMERIAS AVENIDA,2,4,"0,5"
2009,"DA SILVA, KATIA",MANN FILTER ZARAGOZA,1,2,"0,5"
2009,"JOENS, CATHERINE ELISABETH",RIVAS ECOPOLIS,1,2,"0,5"
2009,"UJHELYI, PETRA",RIVAS ECOPOLIS,1,2,"0,5"
2009,"ABROMAITE, AGNE",MANN FILTER ZARAGOZA,1,2,"0,5"
2009,"DE SOUZA MACHADO, ERIKA CRISTINA",CIUDAD ROS CASARES VALENCIA,1,4,"0,25"
2009,"VESELA, JANA",CIUDAD ROS CASARES VALENCIA,1,4,"0,25"
2008,"BERMEJO MORENO, CLARA SUSANA",RIVAS ECÓPOLIS,17,3,"5,67"
2008,"THORBURN, SHONA LOUISE",CB FEVE SAN JOSÉ,6,2,3
2008,"ROVIRA RODRIGUEZ, MARIA DEL MAR",PERFUMERIAS AVENIDA,13,5,"2,6"
2008,"TORNIKIDOU TORNIKIDOU, ELENA",CIUDAD ROS CASARES,5,2,"2,5"
2008,"AGUILAR LOPEZ , ELISA",CIUDAD ROS CASARES,10,4,"2,5"
2008,"VALDEMORO MADARIAGA, AMAYA",CIUDAD ROS CASARES,10,4,"2,5"
2008,"DUBLJEVIC, JELENA",RIVAS ECÓPOLIS,7,3,"2,33"
2008,"PALAU ALTES, LAIA",CIUDAD ROS CASARES,8,4,2
2008,"REVUELTO SÁNCHEZ-AGUILERA, MARIA",CB FEVE SAN JOSÉ,4,2,2
2008,"BASKO , GUNTA",PERFUMERIAS AVENIDA,10,5,2
2008,"MURPHY, ESHAYA MARIE",CB FEVE SAN JOSÉ,4,2,2
2008,"CAMPS COLLELL, LAURA",RIVAS ECÓPOLIS,6,3,2
2008,"VESELA, JANA",CIUDAD ROS CASARES,8,4,2
2008,"MONTAÑANA GIMENO, ANNA",CIUDAD ROS CASARES,7,4,"1,75"
2008,"RILEY, RUTH ELLEN",RIVAS ECÓPOLIS,5,3,"1,67"
2008,"DOMINGUEZ FERNANDEZ, SILVIA",PERFUMERIAS AVENIDA,8,5,"1,6"
2008,"PEREZ CAPARROS, ROSA",CB FEVE SAN JOSÉ,3,2,"1,5"
2008,"WIGGINS, CANDICE DANA",CIUDAD ROS CASARES,6,4,"1,5"
2008,"BUTLER, KIMBERLY JOY",CB FEVE SAN JOSÉ,3,2,"1,5"
2008,"STAMPALIJA, PETRA",PERFUMERIAS AVENIDA,6,5,"1,2"
2008,"WILLINGHAM, LE`COE LOUISE",PERFUMERIAS AVENIDA,6,5,"1,2"
2008,"PASCUA SUAREZ, MARÍA LUCILA",CB FEVE SAN JOSÉ,2,2,1
2008,"MONDT, ANKE DE",PERFUMERIAS AVENIDA,5,5,1
2008,"UJHELYI, PETRA",RIVAS ECÓPOLIS,3,3,1
2008,"ARGÜELLO CUENCA, PATRICIA",CB FEVE SAN JOSÉ,2,2,1
2008,"SANCHEZ FERNANDEZ, ISABEL",PERFUMERIAS AVENIDA,4,5,"0,8"
2008,"SNOW, MICHELLE",PERFUMERIAS AVENIDA,4,5,"0,8"
2008,"ABALDE DIAZ, TAMARA",RIVAS ECÓPOLIS,2,3,"0,67"
2008,"NAVARRETE TRUJILLO, MIREIA",PERFUMERIAS AVENIDA,1,2,"0,5"
2008,"MILTON, DELISHA LACHELL",CIUDAD ROS CASARES,1,4,"0,25"
2008,"BERMEJO MORENO, CLARA SUSANA",RIVAS ECÓPOLIS,17,3,"5,67"
2008,"THORBURN, SHONA LOUISE",CB FEVE SAN JOSÉ,6,2,3
2008,"ROVIRA RODRIGUEZ, MARIA DEL MAR",PERFUMERIAS AVENIDA,13,5,"2,6"
2008,"TORNIKIDOU TORNIKIDOU, ELENA",CIUDAD ROS CASARES,5,2,"2,5"
2008,"AGUILAR LOPEZ , ELISA",CIUDAD ROS CASARES,10,4,"2,5"
2008,"VALDEMORO MADARIAGA, AMAYA",CIUDAD ROS CASARES,10,4,"2,5"
2008,"DUBLJEVIC, JELENA",RIVAS ECÓPOLIS,7,3,"2,33"
2008,"PALAU ALTES, LAIA",CIUDAD ROS CASARES,8,4,2
2008,"REVUELTO SÁNCHEZ-AGUILERA, MARIA",CB FEVE SAN JOSÉ,4,2,2
2008,"BASKO , GUNTA",PERFUMERIAS AVENIDA,10,5,2
2008,"MURPHY, ESHAYA MARIE",CB FEVE SAN JOSÉ,4,2,2
2008,"CAMPS COLLELL, LAURA",RIVAS ECÓPOLIS,6,3,2
2008,"VESELA, JANA",CIUDAD ROS CASARES,8,4,2
2008,"MONTAÑANA GIMENO, ANNA",CIUDAD ROS CASARES,7,4,"1,75"
2008,"RILEY, RUTH ELLEN",RIVAS ECÓPOLIS,5,3,"1,67"
2008,"DOMINGUEZ FERNANDEZ, SILVIA",PERFUMERIAS AVENIDA,8,5,"1,6"
2008,"PEREZ CAPARROS, ROSA",CB FEVE SAN JOSÉ,3,2,"1,5"
2008,"WIGGINS, CANDICE DANA",CIUDAD ROS CASARES,6,4,"1,5"
2008,"BUTLER, KIMBERLY JOY",CB FEVE SAN JOSÉ,3,2,"1,5"
2008,"STAMPALIJA, PETRA",PERFUMERIAS AVENIDA,6,5,"1,2"
2008,"WILLINGHAM, LE`COE LOUISE",PERFUMERIAS AVENIDA,6,5,"1,2"
2008,"PASCUA SUAREZ, MARÍA LUCILA",CB FEVE SAN JOSÉ,2,2,1
2008,"MONDT, ANKE DE",PERFUMERIAS AVENIDA,5,5,1
2008,"UJHELYI, PETRA",RIVAS ECÓPOLIS,3,3,1
2008,"ARGÜELLO CUENCA, PATRICIA",CB FEVE SAN JOSÉ,2,2,1
2008,"SANCHEZ FERNANDEZ, ISABEL",PERFUMERIAS AVENIDA,4,5,"0,8"
2008,"SNOW, MICHELLE",PERFUMERIAS AVENIDA,4,5,"0,8"
2008,"ABALDE DIAZ, TAMARA",RIVAS ECÓPOLIS,2,3,"0,67"
2008,"NAVARRETE TRUJILLO, MIREIA",PERFUMERIAS AVENIDA,1,2,"0,5"
2008,"MILTON, DELISHA LACHELL",CIUDAD ROS CASARES,1,4,"0,25"
2007,"COHEN, LIRON",CLUB BALONCESTO SAN JOSÉ,13,2,"6,5"
2007,"MORALES MARTIN, SILVIA",EBE PROMOCIONES SANTA EULALIAI,12,3,4
2007,"BERMEJO MORENO, CLARA SUSANA",PERFUMERIAS AVENIDA,20,6,"3,33"
2007,"AGUILAR LOPEZ , ELISA",C. ROS CASARES VALENCIA,14,5,"2,8"
2007,"DOUGLAS, KATHRYN",C. ROS CASARES VALENCIA,13,5,"2,6"
2007,"MONTAÑANA GIMENO, ANNA",PERFUMERIAS AVENIDA,15,6,"2,5"
2007,"PALAU ALTES, LAIA",C. ROS CASARES VALENCIA,12,5,"2,4"
2007,"PAGE, LINDA A. MURRIEL",CLUB BALONCESTO SAN JOSÉ,4,2,2
2007,"MALTSI, EVANTHIA",C. ROS CASARES VALENCIA,10,5,2
2007,"THORBURN, SHONA LOUISE",EBE PROMOCIONES SANTA EULALIAI,6,3,2
2007,"TORNIKIDOU TORNIKIDOU, ELENA",C. ROS CASARES VALENCIA,9,5,"1,8"
2007,"RASMUSSEN, KRISTEN",EBE PROMOCIONES SANTA EULALIAI,5,3,"1,67"
2007,"MONDT, ANKE DE",PERFUMERIAS AVENIDA,10,6,"1,67"
2007,"SANCHEZ FERNANDEZ, ISABEL",PERFUMERIAS AVENIDA,9,6,"1,5"
2007,"MILTON, DELISHA LACHELL",C. ROS CASARES VALENCIA,7,5,"1,4"
2007,"LYTTLE LYTTLE, SANCHO TRACY CONSTANCE",EBE PROMOCIONES SANTA EULALIAI,4,3,"1,33"
2007,"DOMINGUEZ FERNANDEZ, SILVIA",PERFUMERIAS AVENIDA,7,6,"1,17"
2007,"FEASTER, ALISON",CLUB BALONCESTO SAN JOSÉ,2,2,1
2007,"GOMEZ IGUAL, ANNA",CLUB BALONCESTO SAN JOSÉ,1,1,1
2007,"BATTLE , ASHLEY MICHELLE",CLUB BALONCESTO SAN JOSÉ,2,2,1
2007,"REID, TRACY LASHAWN",PERFUMERIAS AVENIDA,5,6,"0,83"
2007,"DE SOUZA MACHADO, ERIKA CRISTINA",C. ROS CASARES VALENCIA,4,5,"0,8"
2007,"JORDANA BOFILL, NOEMI",C. ROS CASARES VALENCIA,3,4,"0,75"
2007,"LILJESTRAND, THYRA LINNEA",EBE PROMOCIONES SANTA EULALIAI,2,3,"0,67"
2007,"NAVARRO SALLES, LAURA",EBE PROMOCIONES SANTA EULALIAI,2,3,"0,67"
2007,"FERRAGUT CASTILLO, MARINA",C. ROS CASARES VALENCIA,3,5,"0,6"
2007,"BJELICA, MILKA",C. ROS CASARES VALENCIA,1,2,"0,5"
2007,"SEGUI CARLES, PAULA",CLUB BALONCESTO SAN JOSÉ,1,2,"0,5"
2007,"SANTOS DE OLIVEIRA, ALESSANDRA",PERFUMERIAS AVENIDA,1,2,"0,5"
2007,"PASCUA SUAREZ, MARÍA LUCILA",CLUB BALONCESTO SAN JOSÉ,1,2,"0,5"
2007,"COHEN, LIRON",CLUB BALONCESTO SAN JOSÉ,13,2,"6,5"
2007,"MORALES MARTIN, SILVIA",EBE PROMOCIONES SANTA EULALIAI,12,3,4
2007,"BERMEJO MORENO, CLARA SUSANA",PERFUMERIAS AVENIDA,20,6,"3,33"
2007,"AGUILAR LOPEZ , ELISA",C. ROS CASARES VALENCIA,14,5,"2,8"
2007,"DOUGLAS, KATHRYN",C. ROS CASARES VALENCIA,13,5,"2,6"
2007,"MONTAÑANA GIMENO, ANNA",PERFUMERIAS AVENIDA,15,6,"2,5"
2007,"PALAU ALTES, LAIA",C. ROS CASARES VALENCIA,12,5,"2,4"
2007,"PAGE, LINDA A. MURRIEL",CLUB BALONCESTO SAN JOSÉ,4,2,2
2007,"MALTSI, EVANTHIA",C. ROS CASARES VALENCIA,10,5,2
2007,"THORBURN, SHONA LOUISE",EBE PROMOCIONES SANTA EULALIAI,6,3,2
2007,"TORNIKIDOU TORNIKIDOU, ELENA",C. ROS CASARES VALENCIA,9,5,"1,8"
2007,"RASMUSSEN, KRISTEN",EBE PROMOCIONES SANTA EULALIAI,5,3,"1,67"
2007,"MONDT, ANKE DE",PERFUMERIAS AVENIDA,10,6,"1,67"
2007,"SANCHEZ FERNANDEZ, ISABEL",PERFUMERIAS AVENIDA,9,6,"1,5"
2007,"MILTON, DELISHA LACHELL",C. ROS CASARES VALENCIA,7,5,"1,4"
2007,"LYTTLE LYTTLE, SANCHO TRACY CONSTANCE",EBE PROMOCIONES SANTA EULALIAI,4,3,"1,33"
2007,"DOMINGUEZ FERNANDEZ, SILVIA",PERFUMERIAS AVENIDA,7,6,"1,17"
2007,"FEASTER, ALISON",CLUB BALONCESTO SAN JOSÉ,2,2,1
2007,"GOMEZ IGUAL, ANNA",CLUB BALONCESTO SAN JOSÉ,1,1,1
2007,"BATTLE , ASHLEY MICHELLE",CLUB BALONCESTO SAN JOSÉ,2,2,1
2007,"REID, TRACY LASHAWN",PERFUMERIAS AVENIDA,5,6,"0,83"
2007,"DE SOUZA MACHADO, ERIKA CRISTINA",C. ROS CASARES VALENCIA,4,5,"0,8"
2007,"JORDANA BOFILL, NOEMI",C. ROS CASARES VALENCIA,3,4,"0,75"
2007,"LILJESTRAND, THYRA LINNEA",EBE PROMOCIONES SANTA EULALIAI,2,3,"0,67"
2007,"NAVARRO SALLES, LAURA",EBE PROMOCIONES SANTA EULALIAI,2,3,"0,67"
2007,"FERRAGUT CASTILLO, MARINA",C. ROS CASARES VALENCIA,3,5,"0,6"
2007,"BJELICA, MILKA",C. ROS CASARES VALENCIA,1,2,"0,5"
2007,"SEGUI CARLES, PAULA",CLUB BALONCESTO SAN JOSÉ,1,2,"0,5"
2007,"SANTOS DE OLIVEIRA, ALESSANDRA",PERFUMERIAS AVENIDA,1,2,"0,5"
2007,"PASCUA SUAREZ, MARÍA LUCILA",CLUB BALONCESTO SAN JOSÉ,1,2,"0,5"
2006,"AGUILAR LOPEZ , ELISA",C. ROS CASARES VALENCIA,44,10,"4,4"
2006,"FERNANDEZ FARRES, MARTA",UB F.C BARCELONA,21,5,"4,2"
2006,"DOMINGUEZ FERNANDEZ, SILVIA",PERFUMERIAS AVENIDA,32,9,"3,56"
2006,"ROVIRA RODRIGUEZ, MARIA DEL MAR",ACIS INCOSA LEON,7,2,"3,5"
2006,"CRUZ LEBRATO, ANNA",ARRANZ-JOPISA BURGOS,14,4,"3,5"
2006,"MUSOVIC, MILJANA",UB F.C BARCELONA,15,5,3
2006,"CIOCAN, PAULA CRISTINA",ARRANZ-JOPISA BURGOS,12,4,3
2006,"BERMEJO MORENO, CLARA SUSANA",PERFUMERIAS AVENIDA,24,9,"2,67"
2006,"POWELL, NICOLE KRISTEN",PERFUMERIAS AVENIDA,24,9,"2,67"
2006,"ALAMO GONZALEZ, ELENA",GRAN CANARIA,5,2,"2,5"
2006,"PALAU ALTES, LAIA",C. ROS CASARES VALENCIA,25,10,"2,5"
2006,"GRANDE FLORES, LAURA",GRAN CANARIA,5,2,"2,5"
2006,"ANTOJA ROVIRA, LAURA",HONDARRIBIA-IRÚN,5,2,"2,5"
2006,"PAGE, LINDA A. MURRIEL",HONDARRIBIA-IRÚN,5,2,"2,5"
2006,"TORNIKIDOU TORNIKIDOU, ELENA",C. ROS CASARES VALENCIA,22,10,"2,2"
2006,"MONDT, ANKE DE",ARRANZ-JOPISA BURGOS,8,4,2
2006,"MUJANOVIC, RAZIJA",HONDARRIBIA-IRÚN,4,2,2
2006,"PASCUA SUAREZ, MARÍA LUCILA",ACIS INCOSA LEON,4,2,2
2006,"GOMEZ FERREIROS, SARA",EXTRUGASA,4,2,2
2006,"PIIPARI, REETTA SINIKKA KARINE",EXTRUGASA,4,2,2
2006,"WYCKOFF, BROOKE ELIZABETH",GRAN CANARIA,4,2,2
2006,"UJHELYI, PETRA",ARRANZ-JOPISA BURGOS,7,4,"1,75"
2006,"ARDON, LESLIE",EXTRUGASA,3,2,"1,5"
2006,"BATTLE , ASHLEY MICHELLE",GRAN CANARIA,3,2,"1,5"
2006,"MILTON, DELISHA LACHELL",C. ROS CASARES VALENCIA,14,10,"1,4"
2006,"MONTAÑANA GIMENO, ANNA",PERFUMERIAS AVENIDA,12,9,"1,33"
2006,"ASURMENDI VILLAVERDE, MARIA DEL CARMEN",ARRANZ-JOPISA BURGOS,5,4,"1,25"
2006,"WECKER, KENDRA RENEE",UB F.C BARCELONA,6,5,"1,2"
2006,"PEREZ CAPARROS, ROSA",UB F.C BARCELONA,6,5,"1,2"
2006,"PONS MOLINA, INGRID",UB F.C BARCELONA,5,5,1
2006,"REVILLA FERNANDEZ, LETICIA",ARRANZ-JOPISA BURGOS,1,3,"0,33"
2006,"VILLAR FERNANDEZ, IRIA",ARRANZ-JOPISA BURGOS,1,4,"0,25"
2006,"KNEZEVIC, ADRIJANA",PERFUMERIAS AVENIDA,1,4,"0,25"
2006,"NNINDJEM, AGATHE RACHEL",PERFUMERIAS AVENIDA,1,9,"0,11"
2006,"JANSONE, LIENE",PERFUMERIAS AVENIDA,1,9,"0,11"
2006,"REVILLA FERNANDEZ, LETICIA",ARRANZ-JOPISA BURGOS,1,3,"0,33"
2006,"VILLAR FERNANDEZ, IRIA",ARRANZ-JOPISA BURGOS,1,4,"0,25"
2006,"KNEZEVIC, ADRIJANA",PERFUMERIAS AVENIDA,1,4,"0,25"
2006,"NNINDJEM, AGATHE RACHEL",PERFUMERIAS AVENIDA,1,9,"0,11"
2006,"JANSONE, LIENE",PERFUMERIAS AVENIDA,1,9,"0,11"
2005,"MONDT, ANKE DE",ARRANZ-JOPISA BURGOS,2,2,1
2005,"PODKOVALNIKOVA , OLGA",ROS CASARES VALENCIA,1,1,1
2005,"GRANDE FLORES, LAURA",CAJACANARIAS,2,2,1
2005,"ANTOJA ROVIRA, LAURA",UB F.C BARCELONA,2,2,1
2005,"ROVIRA RODRIGUEZ, MARIA DEL MAR",ACIS INCOSA LEON,2,2,1
2005,"DONAIRE MALAGELADA, ELSA",UB F.C BARCELONA,2,2,1
2005,"MAKSIMOVIC, JELENA",ACIS INCOSA LEON,2,2,1
2005,"VUKICEVIC, MILENA",UB F.C BARCELONA,1,1,1
2005,"SCHUMACHER, KELLY MARIE",PERFUMERIAS AVENIDA,2,2,1
2005,"DA SILVA, KATIA",PERFUMERIAS AVENIDA,2,2,1
2005,"ARDON, LESLIE",ACIS INCOSA LEON,2,2,1
2005,"PINA TOLOSA, MARIA",USP CEU - ADECCO ESTUDIANTES,2,2,1
2005,"MARCOS BENITO, BLANCA",PERFUMERIAS AVENIDA,1,2,"0,5"
2005,"BLACE, BOZENA",UB F.C BARCELONA,1,2,"0,5"
2005,"MUJANOVIC, RAZIJA",UB F.C BARCELONA,1,2,"0,5"
2005,"ANDREWS, JAMILAH JOHNS",CAJACANARIAS,1,2,"0,5"
2005,"TOMOVA, MILENA MITKOVA",PERFUMERIAS AVENIDA,1,2,"0,5"
2005,"PASCUA SUAREZ, MARÍA LUCILA",ACIS INCOSA LEON,1,2,"0,5"
2005,"PONS MOLINA, INGRID",UB F.C BARCELONA,1,2,"0,5"
2005,"PELAEZ SAN GIL, LOURDES",HONDARRIBIA-IRÚN,1,2,"0,5"
2005,"MAYES, TIFFANI MONIQUE",CAJACANARIAS,1,2,"0,5"
2005,"DELGADO DIAZ-GUEMES, RAQUEL",HONDARRIBIA-IRÚN,1,2,"0,5"
2005,"NAVARRETE TRUJILLO, MIREIA",ARRANZ-JOPISA BURGOS,1,2,"0,5"
2005,"FERRAGUT CASTILLO, MARINA",HONDARRIBIA-IRÚN,1,2,"0,5"
2005,"MONDT, ANKE DE",ARRANZ-JOPISA BURGOS,2,2,1
2005,"PODKOVALNIKOVA , OLGA",ROS CASARES VALENCIA,1,1,1
2005,"GRANDE FLORES, LAURA",CAJACANARIAS,2,2,1
2005,"ANTOJA ROVIRA, LAURA",UB F.C BARCELONA,2,2,1
2005,"ROVIRA RODRIGUEZ, MARIA DEL MAR",ACIS INCOSA LEON,2,2,1
2005,"DONAIRE MALAGELADA, ELSA",UB F.C BARCELONA,2,2,1
2005,"MAKSIMOVIC, JELENA",ACIS INCOSA LEON,2,2,1
2005,"VUKICEVIC, MILENA",UB F.C BARCELONA,1,1,1
2005,"SCHUMACHER, KELLY MARIE",PERFUMERIAS AVENIDA,2,2,1
2005,"DA SILVA, KATIA",PERFUMERIAS AVENIDA,2,2,1
2005,"ARDON, LESLIE",ACIS INCOSA LEON,2,2,1
2005,"PINA TOLOSA, MARIA",USP CEU - ADECCO ESTUDIANTES,2,2,1
2005,"MARCOS BENITO, BLANCA",PERFUMERIAS AVENIDA,1,2,"0,5"
2005,"BLACE, BOZENA",UB F.C BARCELONA,1,2,"0,5"
2005,"MUJANOVIC, RAZIJA",UB F.C BARCELONA,1,2,"0,5"
2005,"ANDREWS, JAMILAH JOHNS",CAJACANARIAS,1,2,"0,5"
2005,"TOMOVA, MILENA MITKOVA",PERFUMERIAS AVENIDA,1,2,"0,5"
2005,"PASCUA SUAREZ, MARÍA LUCILA",ACIS INCOSA LEON,1,2,"0,5"
2005,"PONS MOLINA, INGRID",UB F.C BARCELONA,1,2,"0,5"
2005,"PELAEZ SAN GIL, LOURDES",HONDARRIBIA-IRÚN,1,2,"0,5"
2005,"MAYES, TIFFANI MONIQUE",CAJACANARIAS,1,2,"0,5"
2005,"DELGADO DIAZ-GUEMES, RAQUEL",HONDARRIBIA-IRÚN,1,2,"0,5"
2005,"NAVARRETE TRUJILLO, MIREIA",ARRANZ-JOPISA BURGOS,1,2,"0,5"
2005,"FERRAGUT CASTILLO, MARINA",HONDARRIBIA-IRÚN,1,2,"0,5"
2004,"RASMUSSEN, KRISTEN",MANN FILTER ZARAGOZA,39,25,"1,56"
2004,"MONDT, ANKE DE",EXTRUGASA,39,26,"1,5"
2004,"GARCIA PIÑERO, MARIA BEGOÑA",HONDARRIBIA - IRÚN,39,26,"1,5"
2004,"GOMEZ NOVO, MARIA ARANZAZU",C.B. PUIG D`EN VALLS SANTA EUL,22,15,"1,47"
2004,"DAPO, AMRA",MOTIVA REAL CANOE N.C.,19,13,"1,46"
2004,"HILL, JOANNE KAY",ACIS-SUFI LEON,38,26,"1,46"
2004,"CAMPS COLLELL, LAURA",PERFUMERIAS AVENIDA,35,24,"1,46"
2004,"BROSOVSZKY, MONIKA IZABELLA",CAJACANARIAS,38,26,"1,46"
2004,"DEYAERT, NELE M.J.",ARRANZ - JOPISA BURGOS,38,26,"1,46"
2004,"SALGADO SANCHEZ, IRENE",YAYA MARIA BREOGAN,34,24,"1,42"
2004,"BLANCO BERNAL, SONIA",USP CEU - ADECCO ESTUDIANTES,36,26,"1,38"
2004,"WHITMORE, TAMIKA LACHAN",PERFUMERIAS AVENIDA,29,21,"1,38"
2004,"WYCKOFF, BROOKE ELIZABETH",YAYA MARIA BREOGAN,17,13,"1,31"
2004,"VAN MALDEREN, LAURENCE",ACIS-SUFI LEON,16,13,"1,23"
2004,"VALERO CEBRIAN, PILAR",MANN FILTER ZARAGOZA,23,19,"1,21"
2004,"SAREGKOU, POLYMNIA",HONDARRIBIA - IRÚN,30,26,"1,15"
2004,"GOMEZ IGLESIAS, REGINA",EXTRUGASA,27,24,"1,13"
2004,"STARBIRD, CATHARINE EVELYN",USP CEU - ADECCO ESTUDIANTES,29,26,"1,12"
2004,"KÜHN, KATHARINA CHARLOTTA",ACIS-SUFI LEON,29,26,"1,12"
2004,"XANTAL SERRET, Mª DEL MAR",CAJACANARIAS,29,26,"1,12"
2004,"GOMEZ FERREIROS, SARA",EXTRUGASA,29,26,"1,12"
2004,"DONAIRE MALAGELADA, ELSA",ARRANZ - JOPISA BURGOS,28,26,"1,08"
2004,"TUUKKANEN, TARU TELLERVO",MANN FILTER ZARAGOZA,28,26,"1,08"
2004,"JIMENEZ GALINDO, ANNA ISABEL",C.B. PUIG D`EN VALLS SANTA EUL,24,23,"1,04"
2004,"PEREZ CAPARROS, ROSA",USP CEU - ADECCO ESTUDIANTES,27,26,"1,04"
2004,"GARCIA TORRES, CRISTINA",UNIVERSITAT DE BARCELONA - F.C,25,25,1
2004,"HAYDEN, VANESSA",PERFUMERIAS AVENIDA,13,13,1
2004,"TEMNIK, KATJA",C.B. PUIG D`EN VALLS SANTA EUL,25,26,"0,96"
2004,"COKER, MONIQUE",EXTRUGASA,23,24,"0,96"
2004,"CASTRILLO VILLANUEVA, SARA",ACIS-SUFI LEON,19,20,"0,95"
2004,"JOENS, CATHERINE ELISABETH",C.B. PUIG D`EN VALLS SANTA EUL,12,13,"0,92"
2004,"CEBRIAN SCHEURER, ELISABET",UNIVERSITAT DE BARCELONA - F.C,24,26,"0,92"
2004,"ANTOJA ROVIRA, LAURA",UNIVERSITAT DE BARCELONA - F.C,22,24,"0,92"
2004,"BARLIN, NINA ELISABETH",YAYA MARIA BREOGAN,12,13,"0,92"
2004,"LEWIS, TYNESHA",ACIS-SUFI LEON,12,13,"0,92"
2004,"BERGERON, EMMANUELLE SARAH SOPHIE",ARRANZ - JOPISA BURGOS,20,23,"0,87"
2004,"PONS MOLINA, INGRID",UNIVERSITAT DE BARCELONA - F.C,22,26,"0,85"
2004,"FERRAGUT CASTILLO, MARINA",HONDARRIBIA - IRÚN,21,26,"0,81"
2004,"BOONEN, DANA MONIQUE LOUIS",EXTRUGASA,19,26,"0,73"
2004,"DE SOUZA SOBRAL, LEILA",REAL CLUB CELTA VIGOURBAN,19,26,"0,73"
2004,"POLLINI, CATARINA",ROS CASARES VALENCIA,12,17,"0,71"
2004,"LIMA GARCIA, CINDY ORQUIDEA",REAL CLUB CELTA VIGOURBAN,16,23,"0,7"
2004,"GERMAN VELASCO, ICIAR",YAYA MARIA BREOGAN,16,23,"0,7"
2004,"ZURRO ALFONSO, MARTA",MOTIVA REAL CANOE N.C.,18,26,"0,69"
2004,"FERRER PEREZ, ESTELA ROSA",ACIS-SUFI LEON,14,21,"0,67"
2004,"SANCHEZ MUÑOZ, ALICIA",USP CEU - ADECCO ESTUDIANTES,13,20,"0,65"
2004,"BENNINGFIELD, JENNIFER ANN",USP CEU - ADECCO ESTUDIANTES,17,26,"0,65"
2004,"REVUELTO SÁNCHEZ-AGUILERA, MARIA",REAL CLUB CELTA VIGOURBAN,17,26,"0,65"
2004,"ARDON, LESLIE",ACIS-SUFI LEON,8,13,"0,62"
2004,"DE SOUZA MACHADO, ERIKA CRISTINA",UNIVERSITAT DE BARCELONA - F.C,14,23,"0,61"
2004,"GILABERT AVANTE, MONTSERRAT",EXTRUGASA,15,25,"0,6"
2004,"GARCÍA SALINERO, LAURA",MOTIVA REAL CANOE N.C.,14,25,"0,56"
2004,"DELGADO DIAZ-GUEMES, RAQUEL",HONDARRIBIA - IRÚN,14,25,"0,56"
2004,"PASCUA SUAREZ, MARÍA LUCILA",MANN FILTER ZARAGOZA,14,26,"0,54"
2004,"DIJON, SANDRA MARCELLE",C.B. PUIG D`EN VALLS SANTA EUL,13,24,"0,54"
2004,"QUINTERO CASTELLANO, THANIA",HONDARRIBIA - IRÚN,12,24,"0,5"
2004,"MARCOS BENITO, BLANCA",PERFUMERIAS AVENIDA,12,25,"0,48"
2004,"ARAMBURU GARAYALDE, LEIRE",HONDARRIBIA - IRÚN,12,25,"0,48"
2004,"NNINDJEM, AGATHE RACHEL",ROS CASARES VALENCIA,6,13,"0,46"
2004,"CARTER, AMISHA LOLINA",MOTIVA REAL CANOE N.C.,6,13,"0,46"
2004,"FARRIS, BARBARA",PERFUMERIAS AVENIDA,6,13,"0,46"
2004,"CUNNINGHAN, DAVALYN",YAYA MARIA BREOGAN,6,13,"0,46"
2004,"TUURE, KAISA MARKETTA",YAYA MARIA BREOGAN,12,26,"0,46"
2004,"GINES GONZALEZ, MARTA",ARRANZ - JOPISA BURGOS,11,24,"0,46"
2004,"ANTON LOPEZ, MONTSERRAT",USP CEU - ADECCO ESTUDIANTES,11,24,"0,46"
2004,"MARTINEZ PRAT, ROSER",YAYA MARIA BREOGAN,6,14,"0,43"
2004,"KIRETA, SONJA",ROS CASARES VALENCIA,7,17,"0,41"
2004,"FORNS ESCUDE, NURIA",USP CEU - ADECCO ESTUDIANTES,10,25,"0,4"
2004,"YGUERAVIDE VIANA, SANDRA",PERFUMERIAS AVENIDA,10,25,"0,4"
2004,"NAVARRETE TRUJILLO, MIREIA",MANN FILTER ZARAGOZA,9,24,"0,38"
2004,"MANDACHE, SIMINA ANDRA",EXTRUGASA,5,13,"0,38"
2004,"SEGUI CARLES, PAULA",UNIVERSITAT DE BARCELONA - F.C,8,24,"0,33"
2004,"NNINDJEM, AGATHE RACHEL",ARRANZ - JOPISA BURGOS,4,13,"0,31"
2004,"MARCAUSKAITE, IVETA",ARRANZ - JOPISA BURGOS,4,13,"0,31"
2004,"ALEXANDER, MARTE",CAJACANARIAS,4,13,"0,31"
2004,"ALAÑA SEGURA, SHEILA",REAL CLUB CELTA VIGOURBAN,5,16,"0,31"
2004,"HAJDUNE CSASZAR, ANDREA",HONDARRIBIA - IRÚN,7,25,"0,28"
2004,"BOLEDA COLET, ANNA",ACIS-SUFI LEON,5,18,"0,28"
2004,"ROYO TORRES, MARIA ESTELA",MANN FILTER ZARAGOZA,7,25,"0,28"
2004,"VILLAR FERNANDEZ, IRIA",C.B. PUIG D`EN VALLS SANTA EUL,7,26,"0,27"
2004,"HERRERA AREVALO, MIRIAM",EXTRUGASA,6,23,"0,26"
2004,"CRUZ LEBRATO, ANNA",UNIVERSITAT DE BARCELONA - F.C,4,16,"0,25"
2004,"BJORKLUND, JOHANNA HELENA",PERFUMERIAS AVENIDA,3,13,"0,23"
2004,"NIEUWVEEN, MARLOUS",CAJACANARIAS,6,26,"0,23"
2004,"LLAMAS PAJUELO, MARIA NIEVES",PERFUMERIAS AVENIDA,4,20,"0,2"
2004,"MONTESDEOCA LOPEZ, EVA",CAJACANARIAS,5,26,"0,19"
2004,"LAAKSONEN, JENNI JANITA",C.B. PUIG D`EN VALLS SANTA EUL,5,26,"0,19"
2004,"RAMIRO DIAZ, NURIA MARIA",ACIS-SUFI LEON,4,21,"0,19"
2004,"BERTAL, GERALDINE MARIE ROSE",ARRANZ - JOPISA BURGOS,4,23,"0,17"
2004,"BORGES DOS REIS, SONIA",YAYA MARIA BREOGAN,2,13,"0,15"
2004,"DENTI MUNTANE, AINA",EXTRUGASA,3,21,"0,14"
2004,"PARDO VAZQUEZ, MARIA DEL CARMEN",USP CEU - ADECCO ESTUDIANTES,2,15,"0,13"
2004,"BARRANCO CASTILLO, ROSA MARIA",MANN FILTER ZARAGOZA,2,17,"0,12"
2004,"MARTIN MERINO, BLANCA",YAYA MARIA BREOGAN,1,18,"0,06"
2004,"DENTI MUNTANE, AINA",EXTRUGASA,3,21,"0,14"
2004,"PARDO VAZQUEZ, MARIA DEL CARMEN",USP CEU - ADECCO ESTUDIANTES,2,15,"0,13"
2004,"BARRANCO CASTILLO, ROSA MARIA",MANN FILTER ZARAGOZA,2,17,"0,12"
2004,"MARTIN MERINO, BLANCA",YAYA MARIA BREOGAN,1,18,"0,06"
2003,"MARTINEZ PRAT, NURIA",PERFUMERIAS AVENIDA,14,3,"4,67"
2003,"GARCIA PIÑERO, MARIA BEGOÑA",MANN FILTER ZARAGOZA,9,2,"4,5"
2003,"VALDEMORO MADARIAGA, AMAYA",ROS CASARES VALENCIA,18,4,"4,5"
2003,"GALLEGO VICARIO, SANDRA",UNIVERSITAT DE BARCELONA - F.C,17,4,"4,25"
2003,"AGUILAR LOPEZ , ELISA",ROS CASARES VALENCIA,16,4,4
2003,"PALAU ALTES, LAIA",UNIVERSITAT DE BARCELONA - F.C,16,4,4
2003,"NOLAN, DEANNA NICOLE",MANN FILTER ZARAGOZA,6,2,3
2003,"HERNANDEZ ESTEBAN, SILVIA",USP CEU - ADECCO ESTUDIANTES,6,2,3
2003,"HOLLAND CORN, KEDRA",ROS CASARES VALENCIA,12,4,3
2003,"PELAEZ SAN GIL, LOURDES",P.C. MENDIBIL,11,4,"2,75"
2003,"TORNIKIDOU TORNIKIDOU, ELENA",P.C. MENDIBIL,11,4,"2,75"
2003,"FERNANDEZ FARRES, MARTA",ROS CASARES VALENCIA,10,4,"2,5"
2003,"PALOMARES VALIENTE, PAULA",USP CEU - ADECCO ESTUDIANTES,5,2,"2,5"
2003,"CEBRIAN SCHEURER, ELISABET",USP CEU - ADECCO ESTUDIANTES,5,2,"2,5"
2003,"HAMCHETOU, MAIGA",YAYA MARIA BREOGAN,11,5,"2,2"
2003,"REVUELTO SÁNCHEZ-AGUILERA, MARIA",REAL CLUB CELTA BANCO SIMEON,4,2,2
2003,"DELGADO DIAZ-GUEMES, RAQUEL",P.C. MENDIBIL,8,4,2
2003,"CANTERO OSTOS, CRISTINA",REAL CLUB CELTA BANCO SIMEON,4,2,2
2003,"CARRERA PEREZ, ANDREA",REAL CLUB CELTA BANCO SIMEON,2,1,2
2003,"GOMEZ NOVO, MARIA ARANZAZU",YAYA MARIA BREOGAN,9,5,"1,8"
2003,"PODRUG, EMILIJA",REAL CLUB CELTA BANCO SIMEON,3,2,"1,5"
2003,"BERTHIEU, LUCCIENNE CLAUDINE",ROS CASARES VALENCIA,6,4,"1,5"
2003,"STARBIRD, CATHARINE EVELYN",USP CEU - ADECCO ESTUDIANTES,3,2,"1,5"
2003,"WYCKOFF, BROOKE ELIZABETH",MANN FILTER ZARAGOZA,3,2,"1,5"
2003,"---, MURRIEL",P.C. MENDIBIL,6,4,"1,5"
2003,"LOPEZ FERNANDEZ, MARIA PAZ",YAYA MARIA BREOGAN,7,5,"1,4"
2003,"DE SOUZA MACHADO, ERIKA CRISTINA",UNIVERSITAT DE BARCELONA - F.C,5,4,"1,25"
2003,"SANCHEZ FERNANDEZ, ISABEL",UNIVERSITAT DE BARCELONA - F.C,5,4,"1,25"
2003,"SALGADO SANCHEZ, IRENE",YAYA MARIA BREOGAN,6,5,"1,2"
2003,"JORDANA BOFILL, NOEMI",REAL CLUB CELTA BANCO SIMEON,2,2,1
2003,"MARTINEZ PRAT, NURIA",PERFUMERIAS AVENIDA,14,3,"4,67"
2003,"GARCIA PIÑERO, MARIA BEGOÑA",MANN FILTER ZARAGOZA,9,2,"4,5"
2003,"VALDEMORO MADARIAGA, AMAYA",ROS CASARES VALENCIA,18,4,"4,5"
2003,"GALLEGO VICARIO, SANDRA",UNIVERSITAT DE BARCELONA - F.C,17,4,"4,25"
2003,"AGUILAR LOPEZ , ELISA",ROS CASARES VALENCIA,16,4,4
2003,"PALAU ALTES, LAIA",UNIVERSITAT DE BARCELONA - F.C,16,4,4
2003,"NOLAN, DEANNA NICOLE",MANN FILTER ZARAGOZA,6,2,3
2003,"HERNANDEZ ESTEBAN, SILVIA",USP CEU - ADECCO ESTUDIANTES,6,2,3
2003,"HOLLAND CORN, KEDRA",ROS CASARES VALENCIA,12,4,3
2003,"PELAEZ SAN GIL, LOURDES",P.C. MENDIBIL,11,4,"2,75"
2003,"TORNIKIDOU TORNIKIDOU, ELENA",P.C. MENDIBIL,11,4,"2,75"
2003,"FERNANDEZ FARRES, MARTA",ROS CASARES VALENCIA,10,4,"2,5"
2003,"PALOMARES VALIENTE, PAULA",USP CEU - ADECCO ESTUDIANTES,5,2,"2,5"
2003,"CEBRIAN SCHEURER, ELISABET",USP CEU - ADECCO ESTUDIANTES,5,2,"2,5"
2003,"HAMCHETOU, MAIGA",YAYA MARIA BREOGAN,11,5,"2,2"
2003,"REVUELTO SÁNCHEZ-AGUILERA, MARIA",REAL CLUB CELTA BANCO SIMEON,4,2,2
2003,"DELGADO DIAZ-GUEMES, RAQUEL",P.C. MENDIBIL,8,4,2
2003,"CANTERO OSTOS, CRISTINA",REAL CLUB CELTA BANCO SIMEON,4,2,2
2003,"CARRERA PEREZ, ANDREA",REAL CLUB CELTA BANCO SIMEON,2,1,2
2003,"GOMEZ NOVO, MARIA ARANZAZU",YAYA MARIA BREOGAN,9,5,"1,8"
2003,"PODRUG, EMILIJA",REAL CLUB CELTA BANCO SIMEON,3,2,"1,5"
2003,"BERTHIEU, LUCCIENNE CLAUDINE",ROS CASARES VALENCIA,6,4,"1,5"
2003,"STARBIRD, CATHARINE EVELYN",USP CEU - ADECCO ESTUDIANTES,3,2,"1,5"
2003,"WYCKOFF, BROOKE ELIZABETH",MANN FILTER ZARAGOZA,3,2,"1,5"
2003,"---, MURRIEL",P.C. MENDIBIL,6,4,"1,5"
2003,"LOPEZ FERNANDEZ, MARIA PAZ",YAYA MARIA BREOGAN,7,5,"1,4"
2003,"DE SOUZA MACHADO, ERIKA CRISTINA",UNIVERSITAT DE BARCELONA - F.C,5,4,"1,25"
2003,"SANCHEZ FERNANDEZ, ISABEL",UNIVERSITAT DE BARCELONA - F.C,5,4,"1,25"
2003,"SALGADO SANCHEZ, IRENE",YAYA MARIA BREOGAN,6,5,"1,2"
2003,"JORDANA BOFILL, NOEMI",REAL CLUB CELTA BANCO SIMEON,2,2,1
2002,"ALAMO GONZALEZ, ELENA MARIA",CAJA RURAL DE CANARIAS,15,2,"7,5"
2002,"---, ELENA",FILTROS MANN ZARAGOZA,23,4,"5,75"
2002,"ALONSO DIEGO, MARIA JOSE",C.B. PUIG D`EN VALLS SANTA EUL,10,2,5
2002,"JOHNSON, SHANNON REGINA",PERFUMERIAS AVENIDA,10,2,5
2002,"ALAMO FALCON, MARIA ANGELES",CAJA RURAL DE CANARIAS,9,2,"4,5"
2002,"PALAU ALTES, LAIA",UNIVERSITAT DE BARCELONA - F.C,16,4,4
2002,"MARTINEZ PRAT, NURIA",UNIVERSITAT DE BARCELONA - F.C,15,4,"3,75"
2002,"GALLEGO VICARIO, SANDRA",FILTROS MANN ZARAGOZA,15,4,"3,75"
2002,"SÁNCHEZ LUJÁN, ROSAURA DEL CARMEN",CAJA RURAL DE CANARIAS,13,4,"3,25"
2002,"FERRAGUT CASTILLO, MARINA",FILTROS MANN ZARAGOZA,12,4,3
2002,"GRANDE FLORES, LAURA",C.B. CIUDAD DE BURGOS,6,2,3
2002,"HOLLAND CORN, KEDRA",UNIVERSITAT DE BARCELONA - F.C,11,4,"2,75"
2002,"CANTERO OSTOS, CRISTINA",REAL CLUB CELTA BANCO SIMEON,5,2,"2,5"
2002,"JORDANA BOFILL, NOEMI",REAL CLUB CELTA BANCO SIMEON,5,2,"2,5"
2002,"SANTOS LUZ, SILVIA ANDREA",C.B. PUIG D`EN VALLS SANTA EUL,5,2,"2,5"
2002,"AGUILAR LOPEZ , ELISA",ROS CASARES VALENCIA,9,4,"2,25"
2002,"SANTOS LUZ, HELEN CRISTINA",FILTROS MANN ZARAGOZA,9,4,"2,25"
2002,"MC WILLIAMS, TAJ MADONA",C.B. PUIG D`EN VALLS SANTA EUL,4,2,2
2002,"RILEY, RUTH ELLEN",ROS CASARES VALENCIA,8,4,2
2002,"VALDEMORO MADARIAGA, AMAYA",ROS CASARES VALENCIA,7,4,"1,75"
2002,"PELAEZ SAN GIL, LOURDES",CAJA RURAL DE CANARIAS,7,4,"1,75"
2002,"QUINTERO CASTELLANO, THANIA",CAJA RURAL DE CANARIAS,5,3,"1,67"
2002,"---, POLIMIA",C.B. PUIG D`EN VALLS SANTA EUL,3,2,"1,5"
2002,"PALMER, WENDY",FILTROS MANN ZARAGOZA,6,4,"1,5"
2002,"GESTEIRA FERNANDEZ, LIDIA",PERFUMERIAS AVENIDA,3,2,"1,5"
2002,"CONGREAVES, ANDREA FIONA",UNIVERSITAT DE BARCELONA - F.C,6,4,"1,5"
2002,"HLEDE, KORALJKA",PERFUMERIAS AVENIDA,3,2,"1,5"
2002,"XANTAL SERRET, Mª DEL MAR",C.B. CIUDAD DE BURGOS,3,2,"1,5"
2002,"VALERO CEBRIAN, PILAR",C.B. CIUDAD DE BURGOS,3,2,"1,5"
2002,"SANCHEZ FERNANDEZ, ISABEL",UNIVERSITAT DE BARCELONA - F.C,5,4,"1,25"
2002,"ALAMO GONZALEZ, ELENA MARIA",CAJA RURAL DE CANARIAS,15,2,"7,5"
2002,"---, ELENA",FILTROS MANN ZARAGOZA,23,4,"5,75"
2002,"ALONSO DIEGO, MARIA JOSE",C.B. PUIG D`EN VALLS SANTA EUL,10,2,5
2002,"JOHNSON, SHANNON REGINA",PERFUMERIAS AVENIDA,10,2,5
2002,"ALAMO FALCON, MARIA ANGELES",CAJA RURAL DE CANARIAS,9,2,"4,5"
2002,"PALAU ALTES, LAIA",UNIVERSITAT DE BARCELONA - F.C,16,4,4
2002,"MARTINEZ PRAT, NURIA",UNIVERSITAT DE BARCELONA - F.C,15,4,"3,75"
2002,"GALLEGO VICARIO, SANDRA",FILTROS MANN ZARAGOZA,15,4,"3,75"
2002,"SÁNCHEZ LUJÁN, ROSAURA DEL CARMEN",CAJA RURAL DE CANARIAS,13,4,"3,25"
2002,"FERRAGUT CASTILLO, MARINA",FILTROS MANN ZARAGOZA,12,4,3
2002,"GRANDE FLORES, LAURA",C.B. CIUDAD DE BURGOS,6,2,3
2002,"HOLLAND CORN, KEDRA",UNIVERSITAT DE BARCELONA - F.C,11,4,"2,75"
2002,"CANTERO OSTOS, CRISTINA",REAL CLUB CELTA BANCO SIMEON,5,2,"2,5"
2002,"JORDANA BOFILL, NOEMI",REAL CLUB CELTA BANCO SIMEON,5,2,"2,5"
2002,"SANTOS LUZ, SILVIA ANDREA",C.B. PUIG D`EN VALLS SANTA EUL,5,2,"2,5"
2002,"AGUILAR LOPEZ , ELISA",ROS CASARES VALENCIA,9,4,"2,25"
2002,"SANTOS LUZ, HELEN CRISTINA",FILTROS MANN ZARAGOZA,9,4,"2,25"
2002,"MC WILLIAMS, TAJ MADONA",C.B. PUIG D`EN VALLS SANTA EUL,4,2,2
2002,"RILEY, RUTH ELLEN",ROS CASARES VALENCIA,8,4,2
2002,"VALDEMORO MADARIAGA, AMAYA",ROS CASARES VALENCIA,7,4,"1,75"
2002,"PELAEZ SAN GIL, LOURDES",CAJA RURAL DE CANARIAS,7,4,"1,75"
2002,"QUINTERO CASTELLANO, THANIA",CAJA RURAL DE CANARIAS,5,3,"1,67"
2002,"---, POLIMIA",C.B. PUIG D`EN VALLS SANTA EUL,3,2,"1,5"
2002,"PALMER, WENDY",FILTROS MANN ZARAGOZA,6,4,"1,5"
2002,"GESTEIRA FERNANDEZ, LIDIA",PERFUMERIAS AVENIDA,3,2,"1,5"
2002,"CONGREAVES, ANDREA FIONA",UNIVERSITAT DE BARCELONA - F.C,6,4,"1,5"
2002,"HLEDE, KORALJKA",PERFUMERIAS AVENIDA,3,2,"1,5"
2002,"XANTAL SERRET, Mª DEL MAR",C.B. CIUDAD DE BURGOS,3,2,"1,5"
2002,"VALERO CEBRIAN, PILAR",C.B. CIUDAD DE BURGOS,3,2,"1,5"
2002,"SANCHEZ FERNANDEZ, ISABEL",UNIVERSITAT DE BARCELONA - F.C,5,4,"1,25"
2001,"---, ELENA",FILTROS MANN ZARAGOZA,21,5,"4,2"
2001,"HLEDE, KORALJKA",HALCON VIAJES,7,2,"3,5"
2001,"VALDEMORO MADARIAGA, AMAYA",ROS CASARES VALENCIA,16,5,"3,2"
2001,"GALLEGO VICARIO, SANDRA",FILTROS MANN ZARAGOZA,16,5,"3,2"
2001,"ANULA ALAMEDA, NIEVES",UNIVERSITAT DE BARCELONA B.F.,12,4,3
2001,"---, MARTA",ROS CASARES VALENCIA,14,5,"2,8"
2001,"DAS NEVES, CLAUDIA MARIA",HALCON VIAJES,5,2,"2,5"
2001,"JOHNSON, SHANNON REGINA",ROS CASARES VALENCIA,12,5,"2,4"
2001,"SÁNCHEZ LUJÁN, ROSAURA DEL CARMEN",CAJA RURAL DE CANARIAS,7,3,"2,33"
2001,"AGUILAR LOPEZ , ELISA",CAJA RURAL DE CANARIAS,7,3,"2,33"
2001,"GRANDE FLORES, LAURA",REAL CLUB CELTA BANCO SIMEON,11,5,"2,2"
2001,"ALVARO BASCUÑANA, ANA BELEN",UNIVERSITAT DE BARCELONA B.F.,8,4,2
2001,"BROWN, KIESHA LINDSAY",FILTROS MANN ZARAGOZA,6,3,2
2001,"MARTINEZ PRAT, ROSER",UNIVERSITAT DE BARCELONA B.F.,2,1,2
2001,"MORENO MELIAN, ARMINDA",HALCON VIAJES,4,2,2
2001,"XANTAL SERRET, Mª DEL MAR",REAL CLUB CELTA BANCO SIMEON,9,5,"1,8"
2001,"WHITMORE, TAMIKA LACHAN",CAJA RURAL DE CANARIAS,5,3,"1,67"
2001,"CONGREAVES, ANDREA FIONA",CAJA RURAL DE CANARIAS,5,3,"1,67"
2001,"FALLON, TRISHA NICOLE",ROS CASARES VALENCIA,8,5,"1,6"
2001,"PALAU ALTES, LAIA",UNIVERSITAT DE BARCELONA B.F.,6,4,"1,5"
2001,"LLAMAS PAJUELO, MARIA NIEVES",HALCON VIAJES,3,2,"1,5"
2001,"KHOUDACHOVA, ELENA",REAL CLUB CELTA BANCO SIMEON,7,5,"1,4"
2001,"MARTÍNEZ PRAT, NÚRIA",UNIVERSITAT DE BARCELONA B.F.,5,4,"1,25"
2001,"CANTERO VILCHES, VERO",CADI LA SEU D´URGELL,2,2,1
2001,"PONS MOLINA, INGRID",ROS CASARES VALENCIA,5,5,1
2001,"GARCIA PIÑERO, MARIA BEGOÑA",YAYA MARIA BREOGAN,2,2,1
2001,"GOODSON, ADRIENNE MAUREEN",UNIVERSITAT DE BARCELONA B.F.,4,4,1
2001,"JORDANA BOFILL, NOEMI",REAL CLUB CELTA BANCO SIMEON,5,5,1
2001,"CANTERO OSTOS, CRISTINA",FILTROS MANN ZARAGOZA,5,5,1
2001,"---, IZIANE CASTRO MARQUEZ",YAYA MARIA BREOGAN,2,2,1
2001,"---, ELENA",FILTROS MANN ZARAGOZA,21,5,"4,2"
2001,"HLEDE, KORALJKA",HALCON VIAJES,7,2,"3,5"
2001,"VALDEMORO MADARIAGA, AMAYA",ROS CASARES VALENCIA,16,5,"3,2"
2001,"GALLEGO VICARIO, SANDRA",FILTROS MANN ZARAGOZA,16,5,"3,2"
2001,"ANULA ALAMEDA, NIEVES",UNIVERSITAT DE BARCELONA B.F.,12,4,3
2001,"---, MARTA",ROS CASARES VALENCIA,14,5,"2,8"
2001,"DAS NEVES, CLAUDIA MARIA",HALCON VIAJES,5,2,"2,5"
2001,"JOHNSON, SHANNON REGINA",ROS CASARES VALENCIA,12,5,"2,4"
2001,"SÁNCHEZ LUJÁN, ROSAURA DEL CARMEN",CAJA RURAL DE CANARIAS,7,3,"2,33"
2001,"AGUILAR LOPEZ , ELISA",CAJA RURAL DE CANARIAS,7,3,"2,33"
2001,"GRANDE FLORES, LAURA",REAL CLUB CELTA BANCO SIMEON,11,5,"2,2"
2001,"ALVARO BASCUÑANA, ANA BELEN",UNIVERSITAT DE BARCELONA B.F.,8,4,2
2001,"BROWN, KIESHA LINDSAY",FILTROS MANN ZARAGOZA,6,3,2
2001,"MARTINEZ PRAT, ROSER",UNIVERSITAT DE BARCELONA B.F.,2,1,2
2001,"MORENO MELIAN, ARMINDA",HALCON VIAJES,4,2,2
2001,"XANTAL SERRET, Mª DEL MAR",REAL CLUB CELTA BANCO SIMEON,9,5,"1,8"
2001,"WHITMORE, TAMIKA LACHAN",CAJA RURAL DE CANARIAS,5,3,"1,67"
2001,"CONGREAVES, ANDREA FIONA",CAJA RURAL DE CANARIAS,5,3,"1,67"
2001,"FALLON, TRISHA NICOLE",ROS CASARES VALENCIA,8,5,"1,6"
2001,"PALAU ALTES, LAIA",UNIVERSITAT DE BARCELONA B.F.,6,4,"1,5"
2001,"LLAMAS PAJUELO, MARIA NIEVES",HALCON VIAJES,3,2,"1,5"
2001,"KHOUDACHOVA, ELENA",REAL CLUB CELTA BANCO SIMEON,7,5,"1,4"
2001,"MARTÍNEZ PRAT, NÚRIA",UNIVERSITAT DE BARCELONA B.F.,5,4,"1,25"
2001,"CANTERO VILCHES, VERO",CADI LA SEU D´URGELL,2,2,1
2001,"PONS MOLINA, INGRID",ROS CASARES VALENCIA,5,5,1
2001,"GARCIA PIÑERO, MARIA BEGOÑA",YAYA MARIA BREOGAN,2,2,1
2001,"GOODSON, ADRIENNE MAUREEN",UNIVERSITAT DE BARCELONA B.F.,4,4,1
2001,"JORDANA BOFILL, NOEMI",REAL CLUB CELTA BANCO SIMEON,5,5,1
2001,"CANTERO OSTOS, CRISTINA",FILTROS MANN ZARAGOZA,5,5,1
2001,"---, IZIANE CASTRO MARQUEZ",YAYA MARIA BREOGAN,2,2,1
2000,"PELAEZ SAN GIL, LOURDES",SANDRA GRAN CANARIA,8,2,4
2000,"ANULA ALAMEDA, NIEVES",ROS CASARES,17,5,"3,4"
2000,"MIRCHANDANI VILLAR, LIDIA",UNIVERSITAT DE BARCELONA,13,4,"3,25"
2000,"FERNANDEZ FARRES, MARTA",ROS CASARES,16,5,"3,2"
2000,"---, DESIRE",C.B.N.,3,1,3
2000,"VALDEMORO MADARIAGA, AMAYA",SALAMANCA HALCON VIAJES,6,2,3
2000,"SÁNCHEZ LUJÁN, ROSAURA DEL CARMEN",SANDRA GRAN CANARIA,6,2,3
2000,"ALONSO DIEGO, MARIA JOSE",B. CIUDAD DE BURGOS,9,3,3
2000,"REVUELTO SÁNCHEZ-AGUILERA, MARIA",B. CIUDAD DE BURGOS,9,3,3
2000,"---, SHANNON REGINA",ROS CASARES,15,5,3
2000,"GALLEGO VICARIO, SANDRA",UNIVERSITAT DE BARCELONA,12,4,3
2000,"DELGADO DIAZ-GUEMES, RAQUEL",ROS CASARES,14,5,"2,8"
2000,"---, ALISON",B. CIUDAD DE BURGOS,7,3,"2,33"
2000,"---, ELENA",UNIVERSITAT DE BARCELONA,9,4,"2,25"
2000,"POLLINI, CATARINA",ENSINO YAYA MARIA,11,5,"2,2"
2000,"---, MICHELLE",C.B.N.,4,2,2
2000,"CEBRIAN SCHEURER, ELISABET",UNIVERSITAT DE BARCELONA,8,4,2
2000,"REMIRO LEÓN, MARÍA",C.B.N.,4,2,2
2000,"GARCIA PIÑERO, MARIA BEGOÑA",ENSINO YAYA MARIA,10,5,2
2000,"AGUILAR LOPEZ , ELISA",SALAMANCA HALCON VIAJES,4,2,2
2000,"---, LILLIA",C.B.N.,4,2,2
2000,"---, KELLY ANNE",C.B.N.,3,2,"1,5"
2000,"---, JULIA",SALAMANCA HALCON VIAJES,3,2,"1,5"
2000,"LOPEZ VERDU, ALICIA",ROS CASARES,7,5,"1,4"
2000,"HOLLAND CORN, KEDRA",ENSINO YAYA MARIA,7,5,"1,4"
2000,"ZURRO ALFONSO, MARTA",B. CIUDAD DE BURGOS,4,3,"1,33"
2000,"FERRAGUT CASTILLO, MARINA",ROS CASARES,6,5,"1,2"
2000,"---, POLIMIA",B. CIUDAD DE BURGOS,3,3,1
2000,"PONS MOLINA, INGRID",ROS CASARES,5,5,1
2000,"---, RANKICA",ROS CASARES,5,5,1
2000,"PELAEZ SAN GIL, LOURDES",SANDRA GRAN CANARIA,8,2,4
2000,"ANULA ALAMEDA, NIEVES",ROS CASARES,17,5,"3,4"
2000,"MIRCHANDANI VILLAR, LIDIA",UNIVERSITAT DE BARCELONA,13,4,"3,25"
2000,"FERNANDEZ FARRES, MARTA",ROS CASARES,16,5,"3,2"
2000,"---, DESIRE",C.B.N.,3,1,3
2000,"VALDEMORO MADARIAGA, AMAYA",SALAMANCA HALCON VIAJES,6,2,3
2000,"SÁNCHEZ LUJÁN, ROSAURA DEL CARMEN",SANDRA GRAN CANARIA,6,2,3
2000,"ALONSO DIEGO, MARIA JOSE",B. CIUDAD DE BURGOS,9,3,3
2000,"REVUELTO SÁNCHEZ-AGUILERA, MARIA",B. CIUDAD DE BURGOS,9,3,3
2000,"---, SHANNON REGINA",ROS CASARES,15,5,3
2000,"GALLEGO VICARIO, SANDRA",UNIVERSITAT DE BARCELONA,12,4,3
2000,"DELGADO DIAZ-GUEMES, RAQUEL",ROS CASARES,14,5,"2,8"
2000,"---, ALISON",B. CIUDAD DE BURGOS,7,3,"2,33"
2000,"---, ELENA",UNIVERSITAT DE BARCELONA,9,4,"2,25"
2000,"POLLINI, CATARINA",ENSINO YAYA MARIA,11,5,"2,2"
2000,"---, MICHELLE",C.B.N.,4,2,2
2000,"CEBRIAN SCHEURER, ELISABET",UNIVERSITAT DE BARCELONA,8,4,2
2000,"REMIRO LEÓN, MARÍA",C.B.N.,4,2,2
2000,"GARCIA PIÑERO, MARIA BEGOÑA",ENSINO YAYA MARIA,10,5,2
2000,"AGUILAR LOPEZ , ELISA",SALAMANCA HALCON VIAJES,4,2,2
2000,"---, LILLIA",C.B.N.,4,2,2
2000,"---, KELLY ANNE",C.B.N.,3,2,"1,5"
2000,"---, JULIA",SALAMANCA HALCON VIAJES,3,2,"1,5"
2000,"LOPEZ VERDU, ALICIA",ROS CASARES,7,5,"1,4"
2000,"HOLLAND CORN, KEDRA",ENSINO YAYA MARIA,7,5,"1,4"
2000,"ZURRO ALFONSO, MARTA",B. CIUDAD DE BURGOS,4,3,"1,33"
2000,"FERRAGUT CASTILLO, MARINA",ROS CASARES,6,5,"1,2"
2000,"---, POLIMIA",B. CIUDAD DE BURGOS,3,3,1
2000,"PONS MOLINA, INGRID",ROS CASARES,5,5,1
2000,"---, RANKICA",ROS CASARES,5,5,1
1999,"CEBRIAN SCHEURER, ELISABET",R.CLUB CELTA BANCO SIMEON,5,2,"2,5"
1999,"PELAEZ SAN GIL, LOURDES",SANDRA GRAN CANARIA,5,2,"2,5"
1999,"SÁNCHEZ LUJÁN, ROSAURA DEL CARMEN",SANDRA GRAN CANARIA,4,2,2
1999,"GRANDE FLORES, LAURA",R.CLUB CELTA BANCO SIMEON,4,2,2
1999,"SARENAC, RANKICA",SANDRA GRAN CANARIA,3,2,"1,5"
1999,"SANCHEZ ORTEGA, PALOMA",R.CLUB CELTA BANCO SIMEON,3,2,"1,5"
1999,"DOBROVICA, ERIKA",R.CLUB CELTA BANCO SIMEON,3,2,"1,5"
1999,"GESTEIRA FERNANDEZ, LIDIA",POPULAR BASQUET GODELLA,3,2,"1,5"
1999,"ANTONIKOVA, EVA",POPULAR BASQUET GODELLA,2,2,1
1999,"DELGADO DIAZ-GUEMES, RAQUEL",POPULAR BASQUET GODELLA,2,2,1
1999,"MORIANA NADAL, PALOMA",SANDRA GRAN CANARIA,2,2,1
1999,"ALAMO GONZALEZ, ELENA",SANDRA GRAN CANARIA,1,1,1
1999,"MONTESDEOCA LOPEZ, EVA",SANDRA GRAN CANARIA,1,1,1
1999,"NAVARRO VIERA, YASMINA",SANDRA GRAN CANARIA,1,1,1
1999,"---, MARIE",SANDRA GRAN CANARIA,1,2,"0,5"
1999,"CRAWLEY, SILVIA YVONNE",C.D. ENSINO,1,2,"0,5"
1999,"LOPEZ VERDU, ALICIA",POPULAR BASQUET GODELLA,1,2,"0,5"
1999,"SANCHEZ FERNANDEZ, ISABEL",C.D. ENSINO,1,2,"0,5"
1999,"XANTAL SERRET, Mª DEL MAR",R.CLUB CELTA BANCO SIMEON,1,2,"0,5"
1999,"GARCIA PIÑERO, MARIA BEGOÑA",C.D. ENSINO,1,2,"0,5"
1999,"FERRER PEREZ, ESTELA ROSA",SANDRA GRAN CANARIA,1,2,"0,5"
1999,"ARMENTA MONTEAGUDO, MARUXA",C.D. ENSINO,1,2,"0,5"
1999,"JORDANA BOFILL, NOEMI",POPULAR BASQUET GODELLA,1,2,"0,5"
1999,"JONKUTE, INGRIDA",C.D. ENSINO,1,2,"0,5"
1999,"---, ---",R.CLUB CELTA BANCO SIMEON,1,2,"0,5"
1999,"VALERO CEBRIAN, PILAR",R.CLUB CELTA BANCO SIMEON,1,2,"0,5"
1998,"VALDEMORO MADARIAGA, AMAYA",HALCON VIAJES,9,3,3
1998,"SÁNCHEZ LUJÁN, ROSAURA DEL CARMEN",SANDRA G. CANARIA,7,3,"2,33"
1998,"MIRCHANDANI VILLAR, LIDIA",SANDRA G. CANARIA,7,3,"2,33"
1998,"HERNANDEZ ARENCIBIA, PATRICIA DEL PINO",HALCON VIAJES,6,3,2
1998,"GRANDE FLORES, LAURA",BANCO SIMEON,6,3,2
1998,"SANCHEZ FERNANDEZ, ISABEL",ENSINO,5,3,"1,67"
1998,"PELAEZ SAN GIL, LOURDES",SANDRA G. CANARIA,5,3,"1,67"
1998,"JUANES HERNANDEZ, YOLANDA",HALCON VIAJES,4,3,"1,33"
1998,"ARMENTA MONTEAGUDO, MARUXA",ENSINO,4,3,"1,33"
1998,"SALVADOR VIÑOLAS, MERITXELL",HALCON VIAJES,3,3,1
1998,"DELGADO FERNANDEZ, CONCEPCION",ENSINO,3,3,1
1998,"JONKUTE, INGRIDA",ENSINO,3,3,1
1998,"GAMON HERNANDEZ, ASUNCION",SANDRA G. CANARIA,3,3,1
1998,"BEZOS MARTÍNEZ, EMMA",HALCON VIAJES,3,3,1
1998,"XANTAL SERRET, Mª DEL MAR",BANCO SIMEON,3,3,1
1998,"GONZALEZ DIAZ, CARMEN",BANCO SIMEON,3,3,1
1998,"HICKS, JESSIE IVETTE",SANDRA G. CANARIA,3,3,1
1998,"GARCIA PIÑERO, MARIA BEGOÑA",ENSINO,2,3,"0,67"
1998,"LLAMAS PAJUELO, MARIA NIEVES",HALCON VIAJES,1,3,"0,33"
1998,"SANCHEZ ORTEGA, PALOMA",BANCO SIMEON,1,3,"0,33"
1998,"MELVIN, CHASITY MONIQUE",BANCO SIMEON,1,3,"0,33"
1998,"VILLAR FERNANDEZ, IRIA",BANCO SIMEON,1,3,"0,33"
1998,"PASCHAL, TOWANDA DENICE",HALCON VIAJES,1,3,"0,33"
1998,"MORIANA NADAL, PALOMA",SANDRA G. CANARIA,1,3,"0,33"
1997,"MIRCHANDANI VILLAR, LIDIA",SANDRA G. CANARIA,7,2,"3,5"
1997,"VALDEMORO MADARIAGA, AMAYA",POOL GETAFE,11,5,"2,2"
1997,"ANULA ALAMEDA, NIEVES",POOL GETAFE,9,5,"1,8"
1997,"ZASSOULSKAYA, NATALIA",POOL GETAFE,9,5,"1,8"
1997,"ALAMO GONZALEZ, ELENA",SANDRA G. CANARIA,3,2,"1,5"
1997,"SÁNCHEZ LUJÁN, ROSAURA DEL CARMEN",SANDRA G. CANARIA,3,2,"1,5"
1997,"GRANDE FLORES, LAURA",BANCO SIMEON,7,6,"1,17"
1997,"PALAU ALTES, LAIA",UNIVERSITARI,3,3,1
1997,"GAMON HERNANDEZ, ASUNCION",SANDRA G. CANARIA,2,2,1
1997,"DYDEK, MARGO",POOL GETAFE,5,5,1
1997,"VALERO CEBRIAN, PILAR",BANCO SIMEON,5,6,"0,83"
1997,"SANCHEZ ORTEGA, PALOMA",BANCO SIMEON,5,6,"0,83"
1997,"HEMERY, DEBBIE MICHELLE",POOL GETAFE,4,5,"0,8"
1997,"JACKSON, BRENETHA TRISE",POOL GETAFE,4,5,"0,8"
1997,"GALLEGO VICARIO, SANDRA",UNIVERSITARI,2,3,"0,67"
1997,"JEKABSONE, ANDA",BANCO SIMEON,4,6,"0,67"
1997,"---, HEIKE MARIA",POOL GETAFE,3,5,"0,6"
1997,"PELAEZ SAN GIL, LOURDES",SANDRA G. CANARIA,1,2,"0,5"
1997,"MORIANA NADAL, PALOMA",SANDRA G. CANARIA,1,2,"0,5"
1997,"XANTAL SERRET, Mª DEL MAR",BANCO SIMEON,3,6,"0,5"
1997,"RODRIGUEZ TOLEDO, ORANDA",SANDRA G. CANARIA,1,2,"0,5"
1997,"CANO MARTINEZ, LAURA",UNIVERSITARI,1,3,"0,33"
