Temporada,Jugador,Equipo,Tot,Part,Med
2024,"AYUSO BAGUR, AINA",HOZONO GLOBAL JAIRIS,49,2,"24,5"
2024,"KONE , SIKA",PERFUMERIAS AVENIDA,83,4,"20,75"
2024,"COULIBALY, MARIAM ALOU",CLUB JOVENTUT BADALONA,39,2,"19,5"
2024,"ALEXANDER, KAYLA JANINE",VALENCIA B.C.,89,5,"17,8"
2024,"CANELLA RODRIGUEZ, MARTA",SPAR GIRONA,71,4,"17,75"
2024,"FRASER, BRIANNA ASHAKI",CASADEMONT ZARAGOZA,35,2,"17,5"
2024,"DEMBELE, GNERE ALIMA",CLUB JOVENTUT BADALONA,34,2,17
2024,"ORTIZ VIVES, MARIONA",CASADEMONT ZARAGOZA,81,5,"16,2"
2024,"CARRERA QUINTANA, RAQUEL",VALENCIA B.C.,80,5,16
2024,"CAMILION CUCCARO, JUANA",MOVISTAR ESTUDIANTES,30,2,15
2024,"CRUZ LEBRATO, ANNA",CLUB JOVENTUT BADALONA,30,2,15
2024,"POSPÍŠILOVÁ, JULIE",BAXI FERROL,30,2,15
2024,"TOPUZOVIC, KRISTINA",MOVISTAR ESTUDIANTES,14,1,14
2024,"MILLAN MODIA, BLANCA",BAXI FERROL,28,2,14
2024,"WHITTLE, MARENA JOSEPHINE",MOVISTAR ESTUDIANTES,26,2,13
2024,"PIERRE LOUIS, VIONISE ARON'S",SPAR GIRONA,51,4,"12,75"
2024,"IAGUPOVA, ALINA",VALENCIA B.C.,51,4,"12,75"
2024,"MAWULI, STEPHANIE",CASADEMONT ZARAGOZA,63,5,"12,6"
2024,"HRISTOVA, BORISLAVA",SPAR GIRONA,50,4,"12,5"
2024,"HEMPE, MERRIT RAMONA",CASADEMONT ZARAGOZA,62,5,"12,4"
2024,"FIEBICH, LEONIE",VALENCIA B.C.,61,5,"12,2"
2024,"ATKINSON, TANAYA MECHELLE",CASADEMONT ZARAGOZA,12,1,12
2024,"LUNDQUIST, KLARA MARIA SUSSANE",SPAR GIRONA,45,4,"11,25"
2024,"PUEYO MELCHOR, HELENA",CASADEMONT ZARAGOZA,56,5,"11,2"
2024,"CARTER, ARICA DERRIS",PERFUMERIAS AVENIDA,44,4,11
2024,"TURNER, YVONNE NICOLE",VALENCIA B.C.,55,5,11
2024,"SANCHEZ RAMOS PEREDA, ALBA",BAXI FERROL,22,2,11
2024,"TORRENS SALOM, ALBA",VALENCIA B.C.,53,5,"10,6"
2024,"MARTIN CARRION, IYANA",PERFUMERIAS AVENIDA,40,4,10
2024,"FINGALL, NADIA ANGELIQUE",VALENCIA B.C.,45,5,9
2024,"BURA, PATRICIA",MOVISTAR ESTUDIANTES,6,2,3
2024,"GELDOF, SERENA LYNN PETRA",CLUB JOVENTUT BADALONA,6,2,3
2024,"GINZO ARANTES, PAULA",HOZONO GLOBAL JAIRIS,5,2,"2,5"
2024,"ALONSO DE ARMIÑO RIAÑO, GRACIA",MOVISTAR ESTUDIANTES,5,2,"2,5"
2024,"FLOREZ GETINO, ALICIA",VALENCIA B.C.,9,5,"1,8"
2024,"MATAIX GUILL, ANGELA",BAXI FERROL,3,2,"1,5"
2024,"MANÉ, MARIE",CASADEMONT ZARAGOZA,6,5,"1,2"
2024,"FASOULA, MARIA EMMANOUELA",PERFUMERIAS AVENIDA,2,2,1
2024,"LEKOVIC, MARIJA",PERFUMERIAS AVENIDA,2,2,1
2024,"SARAVIA LOGROÑO, PAULA",MOVISTAR ESTUDIANTES,2,2,1
2024,"DAVIS, JORI N.",BAXI FERROL,1,1,1
2024,"EVANS, SHANTE MARIE",CASADEMONT ZARAGOZA,4,5,"0,8"
2024,"JESPERSEN , MARIA STEEN",PERFUMERIAS AVENIDA,2,3,"0,67"
2024,"SALVADORES ALVAREZ, ANGELA",MOVISTAR ESTUDIANTES,1,2,"0,5"
2024,"DEMBELE TRAORE, MAMA",VALENCIA B.C.,-1,5,"-0,2"
2024,"JANKOVIC, MASA",PERFUMERIAS AVENIDA,-2,4,"-0,5"
2024,"LATORRE ALCANTARA, ISABEL",MOVISTAR ESTUDIANTES,-2,2,-1
2024,"RIBAS BOSCH, BERTA",SPAR GIRONA,-1,1,-1
2024,"VENNEMA, IRIS",CLUB JOVENTUT BADALONA,-5,2,"-2,5"
2024,"BURA, PATRICIA",MOVISTAR ESTUDIANTES,6,2,3
2024,"GELDOF, SERENA LYNN PETRA",CLUB JOVENTUT BADALONA,6,2,3
2024,"GINZO ARANTES, PAULA",HOZONO GLOBAL JAIRIS,5,2,"2,5"
2024,"ALONSO DE ARMIÑO RIAÑO, GRACIA",MOVISTAR ESTUDIANTES,5,2,"2,5"
2024,"FLOREZ GETINO, ALICIA",VALENCIA B.C.,9,5,"1,8"
2024,"MATAIX GUILL, ANGELA",BAXI FERROL,3,2,"1,5"
2024,"MANÉ, MARIE",CASADEMONT ZARAGOZA,6,5,"1,2"
2024,"FASOULA, MARIA EMMANOUELA",PERFUMERIAS AVENIDA,2,2,1
2024,"LEKOVIC, MARIJA",PERFUMERIAS AVENIDA,2,2,1
2024,"SARAVIA LOGROÑO, PAULA",MOVISTAR ESTUDIANTES,2,2,1
2024,"DAVIS, JORI N.",BAXI FERROL,1,1,1
2024,"EVANS, SHANTE MARIE",CASADEMONT ZARAGOZA,4,5,"0,8"
2024,"JESPERSEN , MARIA STEEN",PERFUMERIAS AVENIDA,2,3,"0,67"
2024,"SALVADORES ALVAREZ, ANGELA",MOVISTAR ESTUDIANTES,1,2,"0,5"
2024,"DEMBELE TRAORE, MAMA",VALENCIA B.C.,-1,5,"-0,2"
2024,"JANKOVIC, MASA",PERFUMERIAS AVENIDA,-2,4,"-0,5"
2024,"LATORRE ALCANTARA, ISABEL",MOVISTAR ESTUDIANTES,-2,2,-1
2024,"RIBAS BOSCH, BERTA",SPAR GIRONA,-1,1,-1
2024,"VENNEMA, IRIS",CLUB JOVENTUT BADALONA,-5,2,"-2,5"
2023,"HORVAT, CHANTEL ANAIS",HOZONO GLOBAL JAIRIS,5,2,"2,5"
2023,"MATAIX GUILL, ANGELA",BAXI FERROL,5,2,"2,5"
2023,"AIJANEN, MARIA ANNIINA",BAXI FERROL,5,2,"2,5"
2023,"HATAR, BERNADETT",PERFUMERIAS AVENIDA,14,6,"2,33"
2023,"MOLINA CONESA, CARMEN SOL",HOZONO GLOBAL JAIRIS,2,1,2
2023,"DE SANTIAGO OTERO, BEGOÑA",MOVISTAR ESTUDIANTES,4,2,2
2023,"GELDOF, SERENA LYNN PETRA",CASADEMONT ZARAGOZA,8,4,2
2023,"RODRIGUEZ ARRIBAS, LUCIA",PERFUMERIAS AVENIDA,4,2,2
2023,"KONIG, AISLINN CHIA PI",HOZONO GLOBAL JAIRIS,4,2,2
2023,"BUENAVIDA ESTEVEZ, ELENA",VALENCIA B.C.,11,6,"1,83"
2023,"REMBISZEWSKA, AMALIA",HOZONO GLOBAL JAIRIS,3,2,"1,5"
2023,"FEQUIERE, JESSICA",BAXI FERROL,3,2,"1,5"
2023,"GOMEZ FERNANDEZ, MARTA",BAXI FERROL,2,2,1
2023,"HERMOSA MONREAL, NEREA",CASADEMONT ZARAGOZA,3,4,"0,75"
2023,"TORRENS SALOM, ALBA",VALENCIA B.C.,3,4,"0,75"
2023,"POINTER, KHAYLA NICOLE",CASADEMONT ZARAGOZA,2,3,"0,67"
2023,"BETTENCOURT CORREIA, MARIA JOAO",HOZONO GLOBAL JAIRIS,-1,2,"-0,5"
2023,"DIAZ CASTELLANO, YURENA",IDK EUSKOTREN,-1,2,"-0,5"
2023,"FLOREZ GETINO, ALICIA",VALENCIA B.C.,-1,2,"-0,5"
2023,"CARGOL BERGA, AINA",SPAR GIRONA,-1,1,-1
2023,"RIBAS BOSCH, BERTA",SPAR GIRONA,-1,1,-1
2023,"NELSON, CHELSEA KEIANA",HOZONO GLOBAL JAIRIS,-3,2,"-1,5"
2023,"DJIU MORRO, NOA MARIA",VALENCIA B.C.,-2,1,-2
2023,"HORVAT, CHANTEL ANAIS",HOZONO GLOBAL JAIRIS,5,2,"2,5"
2023,"MATAIX GUILL, ANGELA",BAXI FERROL,5,2,"2,5"
2023,"AIJANEN, MARIA ANNIINA",BAXI FERROL,5,2,"2,5"
2023,"HATAR, BERNADETT",PERFUMERIAS AVENIDA,14,6,"2,33"
2023,"MOLINA CONESA, CARMEN SOL",HOZONO GLOBAL JAIRIS,2,1,2
2023,"DE SANTIAGO OTERO, BEGOÑA",MOVISTAR ESTUDIANTES,4,2,2
2023,"GELDOF, SERENA LYNN PETRA",CASADEMONT ZARAGOZA,8,4,2
2023,"RODRIGUEZ ARRIBAS, LUCIA",PERFUMERIAS AVENIDA,4,2,2
2023,"KONIG, AISLINN CHIA PI",HOZONO GLOBAL JAIRIS,4,2,2
2023,"BUENAVIDA ESTEVEZ, ELENA",VALENCIA B.C.,11,6,"1,83"
2023,"REMBISZEWSKA, AMALIA",HOZONO GLOBAL JAIRIS,3,2,"1,5"
2023,"FEQUIERE, JESSICA",BAXI FERROL,3,2,"1,5"
2023,"GOMEZ FERNANDEZ, MARTA",BAXI FERROL,2,2,1
2023,"HERMOSA MONREAL, NEREA",CASADEMONT ZARAGOZA,3,4,"0,75"
2023,"TORRENS SALOM, ALBA",VALENCIA B.C.,3,4,"0,75"
2023,"POINTER, KHAYLA NICOLE",CASADEMONT ZARAGOZA,2,3,"0,67"
2023,"BETTENCOURT CORREIA, MARIA JOAO",HOZONO GLOBAL JAIRIS,-1,2,"-0,5"
2023,"DIAZ CASTELLANO, YURENA",IDK EUSKOTREN,-1,2,"-0,5"
2023,"FLOREZ GETINO, ALICIA",VALENCIA B.C.,-1,2,"-0,5"
2023,"CARGOL BERGA, AINA",SPAR GIRONA,-1,1,-1
2023,"RIBAS BOSCH, BERTA",SPAR GIRONA,-1,1,-1
2023,"NELSON, CHELSEA KEIANA",HOZONO GLOBAL JAIRIS,-3,2,"-1,5"
2023,"DJIU MORRO, NOA MARIA",VALENCIA B.C.,-2,1,-2
2023,"HORVAT, CHANTEL ANAIS",HOZONO GLOBAL JAIRIS,5,2,"2,5"
2023,"MATAIX GUILL, ANGELA",BAXI FERROL,5,2,"2,5"
2023,"AIJANEN, MARIA ANNIINA",BAXI FERROL,5,2,"2,5"
2023,"HATAR, BERNADETT",PERFUMERIAS AVENIDA,14,6,"2,33"
2023,"MOLINA CONESA, CARMEN SOL",HOZONO GLOBAL JAIRIS,2,1,2
2023,"DE SANTIAGO OTERO, BEGOÑA",MOVISTAR ESTUDIANTES,4,2,2
2023,"GELDOF, SERENA LYNN PETRA",CASADEMONT ZARAGOZA,8,4,2
2023,"RODRIGUEZ ARRIBAS, LUCIA",PERFUMERIAS AVENIDA,4,2,2
2023,"KONIG, AISLINN CHIA PI",HOZONO GLOBAL JAIRIS,4,2,2
2023,"BUENAVIDA ESTEVEZ, ELENA",VALENCIA B.C.,11,6,"1,83"
2023,"REMBISZEWSKA, AMALIA",HOZONO GLOBAL JAIRIS,3,2,"1,5"
2023,"FEQUIERE, JESSICA",BAXI FERROL,3,2,"1,5"
2023,"GOMEZ FERNANDEZ, MARTA",BAXI FERROL,2,2,1
2023,"HERMOSA MONREAL, NEREA",CASADEMONT ZARAGOZA,3,4,"0,75"
2023,"TORRENS SALOM, ALBA",VALENCIA B.C.,3,4,"0,75"
2023,"POINTER, KHAYLA NICOLE",CASADEMONT ZARAGOZA,2,3,"0,67"
2023,"BETTENCOURT CORREIA, MARIA JOAO",HOZONO GLOBAL JAIRIS,-1,2,"-0,5"
2023,"DIAZ CASTELLANO, YURENA",IDK EUSKOTREN,-1,2,"-0,5"
2023,"FLOREZ GETINO, ALICIA",VALENCIA B.C.,-1,2,"-0,5"
2023,"CARGOL BERGA, AINA",SPAR GIRONA,-1,1,-1
2023,"RIBAS BOSCH, BERTA",SPAR GIRONA,-1,1,-1
2023,"NELSON, CHELSEA KEIANA",HOZONO GLOBAL JAIRIS,-3,2,"-1,5"
2023,"DJIU MORRO, NOA MARIA",VALENCIA B.C.,-2,1,-2
2022,"MIRCHEVA, VIKTORIA VLADIMIROVNA",BARÇA CBS,12,4,3
2022,"ERAUNCETAMURGIL AYESTARAN, MARIA",MOVISTAR ESTUDIANTES,5,2,"2,5"
2022,"GUERRERO ALCANTARA, CAROLINA",BARÇA CBS,9,4,"2,25"
2022,"FAM THIAM, AWA",VALENCIA B.C.,10,5,2
2022,"TATE, IMANI TY LEAH",CASADEMONT ZARAGOZA,8,4,2
2022,"PARRA, FAUSTINE LAURE CLEMENCE",SPAR GIRONA,4,2,2
2022,"BURA, PATRICIA",LOINTEK GERNIKA BIZKAIA,3,2,"1,5"
2022,"FINGALL, NADIA ANGELIQUE",MOVISTAR ESTUDIANTES,3,2,"1,5"
2022,"MASSEY, BECKY ERNA",MOVISTAR ESTUDIANTES,3,2,"1,5"
2022,"KOVACEVIC, BOJANA",CADI LA SEU,2,2,1
2022,"SPREAFICO, LAURA",LOINTEK GERNIKA BIZKAIA,2,2,1
2022,"RAVENTOS ROIG, LAIA",CADI LA SEU,2,2,1
2022,"FLORES COSTA, LAIA",SPAR GIRONA,2,2,1
2022,"GIMENO MARTINEZ, VEGA",CASADEMONT ZARAGOZA,1,4,"0,25"
2022,"ALBERDI LARRUCEA, MARTA",LOINTEK GERNIKA BIZKAIA,-1,2,"-0,5"
2022,"PUJOL LLUCH, ARIADNA",BARÇA CBS,-2,3,"-0,67"
2022,"RIBAS BOSCH, BERTA",SPAR GIRONA,-2,2,-1
2022,"ESPIN DE SANCHO, MARIA",MOVISTAR ESTUDIANTES,-5,2,"-2,5"
2022,"BROTONS PASCUAL, MONTSERRAT",CADI LA SEU,-6,2,-3
2022,"MIRCHEVA, VIKTORIA VLADIMIROVNA",BARÇA CBS,12,4,3
2022,"ERAUNCETAMURGIL AYESTARAN, MARIA",MOVISTAR ESTUDIANTES,5,2,"2,5"
2022,"GUERRERO ALCANTARA, CAROLINA",BARÇA CBS,9,4,"2,25"
2022,"FAM THIAM, AWA",VALENCIA B.C.,10,5,2
2022,"TATE, IMANI TY LEAH",CASADEMONT ZARAGOZA,8,4,2
2022,"PARRA, FAUSTINE LAURE CLEMENCE",SPAR GIRONA,4,2,2
2022,"BURA, PATRICIA",LOINTEK GERNIKA BIZKAIA,3,2,"1,5"
2022,"FINGALL, NADIA ANGELIQUE",MOVISTAR ESTUDIANTES,3,2,"1,5"
2022,"MASSEY, BECKY ERNA",MOVISTAR ESTUDIANTES,3,2,"1,5"
2022,"KOVACEVIC, BOJANA",CADI LA SEU,2,2,1
2022,"SPREAFICO, LAURA",LOINTEK GERNIKA BIZKAIA,2,2,1
2022,"RAVENTOS ROIG, LAIA",CADI LA SEU,2,2,1
2022,"FLORES COSTA, LAIA",SPAR GIRONA,2,2,1
2022,"GIMENO MARTINEZ, VEGA",CASADEMONT ZARAGOZA,1,4,"0,25"
2022,"ALBERDI LARRUCEA, MARTA",LOINTEK GERNIKA BIZKAIA,-1,2,"-0,5"
2022,"PUJOL LLUCH, ARIADNA",BARÇA CBS,-2,3,"-0,67"
2022,"RIBAS BOSCH, BERTA",SPAR GIRONA,-2,2,-1
2022,"ESPIN DE SANCHO, MARIA",MOVISTAR ESTUDIANTES,-5,2,"-2,5"
2022,"BROTONS PASCUAL, MONTSERRAT",CADI LA SEU,-6,2,-3
2022,"MIRCHEVA, VIKTORIA VLADIMIROVNA",BARÇA CBS,12,4,3
2022,"ERAUNCETAMURGIL AYESTARAN, MARIA",MOVISTAR ESTUDIANTES,5,2,"2,5"
2022,"GUERRERO ALCANTARA, CAROLINA",BARÇA CBS,9,4,"2,25"
2022,"FAM THIAM, AWA",VALENCIA B.C.,10,5,2
2022,"TATE, IMANI TY LEAH",CASADEMONT ZARAGOZA,8,4,2
2022,"PARRA, FAUSTINE LAURE CLEMENCE",SPAR GIRONA,4,2,2
2022,"BURA, PATRICIA",LOINTEK GERNIKA BIZKAIA,3,2,"1,5"
2022,"FINGALL, NADIA ANGELIQUE",MOVISTAR ESTUDIANTES,3,2,"1,5"
2022,"MASSEY, BECKY ERNA",MOVISTAR ESTUDIANTES,3,2,"1,5"
2022,"KOVACEVIC, BOJANA",CADI LA SEU,2,2,1
2022,"SPREAFICO, LAURA",LOINTEK GERNIKA BIZKAIA,2,2,1
2022,"RAVENTOS ROIG, LAIA",CADI LA SEU,2,2,1
2022,"FLORES COSTA, LAIA",SPAR GIRONA,2,2,1
2022,"GIMENO MARTINEZ, VEGA",CASADEMONT ZARAGOZA,1,4,"0,25"
2022,"ALBERDI LARRUCEA, MARTA",LOINTEK GERNIKA BIZKAIA,-1,2,"-0,5"
2022,"PUJOL LLUCH, ARIADNA",BARÇA CBS,-2,3,"-0,67"
2022,"RIBAS BOSCH, BERTA",SPAR GIRONA,-2,2,-1
2022,"ESPIN DE SANCHO, MARIA",MOVISTAR ESTUDIANTES,-5,2,"-2,5"
2022,"BROTONS PASCUAL, MONTSERRAT",CADI LA SEU,-6,2,-3
2021,"VILARO ARAGONES, ANDREA",PERFUMERIAS AVENIDA,10,6,"1,67"
2021,"GINZO ARANTES, PAULA",LOINTEK GERNIKA BIZKAIA,3,2,"1,5"
2021,"BROTONS PASCUAL, MONTSERRAT",CADI LA SEU,4,3,"1,33"
2021,"DRAMMEH, BINTA MOMMY DAISY",SPAR GIRONA,4,3,"1,33"
2021,"SARAVIA LOGROÑO, PAULA",MOVISTAR ESTUDIANTES,1,1,1
2021,"ESNAL AGUIRRE, ANE",IDK EUSKOTREN,1,1,1
2021,"LO SYLLA, NOGAYE",PERFUMERIAS AVENIDA,2,3,"0,67"
2021,"GERMAN VELASCO, ICIAR",VALENCIA B.C.,1,5,"0,2"
2021,"PUJOL LLUCH, ARIADNA",CADI LA SEU,-1,4,"-0,25"
2021,"KOSTOURKOVA, MARIA IVANOVA",CASADEMONT ZARAGOZA,-1,2,"-0,5"
2021,"CALHOUN, SIERRA LASHE",CASADEMONT ZARAGOZA,-1,2,"-0,5"
2021,"GOMEZ IGUAL, ANNA",VALENCIA B.C.,-2,2,-1
2021,"ESPIN DE SANCHO, MARIA",MOVISTAR ESTUDIANTES,-3,2,"-1,5"
2021,"DIAZ CASTELLANO, YURENA",IDK EUSKOTREN,-3,2,"-1,5"
2021,"ESPAÑA ALMENDRO, MARIA",IDK EUSKOTREN,-4,2,-2
2021,"GOMEZ HERNANDEZ, MARTA",MOVISTAR ESTUDIANTES,-2,1,-2
2021,"ORTIZ VIVES, MARIONA",MOVISTAR ESTUDIANTES,-10,2,-5
2021,"VILARO ARAGONES, ANDREA",PERFUMERIAS AVENIDA,10,6,"1,67"
2021,"GINZO ARANTES, PAULA",LOINTEK GERNIKA BIZKAIA,3,2,"1,5"
2021,"BROTONS PASCUAL, MONTSERRAT",CADI LA SEU,4,3,"1,33"
2021,"DRAMMEH, BINTA MOMMY DAISY",SPAR GIRONA,4,3,"1,33"
2021,"SARAVIA LOGROÑO, PAULA",MOVISTAR ESTUDIANTES,1,1,1
2021,"ESNAL AGUIRRE, ANE",IDK EUSKOTREN,1,1,1
2021,"LO SYLLA, NOGAYE",PERFUMERIAS AVENIDA,2,3,"0,67"
2021,"GERMAN VELASCO, ICIAR",VALENCIA B.C.,1,5,"0,2"
2021,"PUJOL LLUCH, ARIADNA",CADI LA SEU,-1,4,"-0,25"
2021,"KOSTOURKOVA, MARIA IVANOVA",CASADEMONT ZARAGOZA,-1,2,"-0,5"
2021,"CALHOUN, SIERRA LASHE",CASADEMONT ZARAGOZA,-1,2,"-0,5"
2021,"GOMEZ IGUAL, ANNA",VALENCIA B.C.,-2,2,-1
2021,"ESPIN DE SANCHO, MARIA",MOVISTAR ESTUDIANTES,-3,2,"-1,5"
2021,"DIAZ CASTELLANO, YURENA",IDK EUSKOTREN,-3,2,"-1,5"
2021,"ESPAÑA ALMENDRO, MARIA",IDK EUSKOTREN,-4,2,-2
2021,"GOMEZ HERNANDEZ, MARTA",MOVISTAR ESTUDIANTES,-2,1,-2
2021,"ORTIZ VIVES, MARIONA",MOVISTAR ESTUDIANTES,-10,2,-5
2021,"VILARO ARAGONES, ANDREA",PERFUMERIAS AVENIDA,10,6,"1,67"
2021,"GINZO ARANTES, PAULA",LOINTEK GERNIKA BIZKAIA,3,2,"1,5"
2021,"BROTONS PASCUAL, MONTSERRAT",CADI LA SEU,4,3,"1,33"
2021,"DRAMMEH, BINTA MOMMY DAISY",SPAR GIRONA,4,3,"1,33"
2021,"SARAVIA LOGROÑO, PAULA",MOVISTAR ESTUDIANTES,1,1,1
2021,"ESNAL AGUIRRE, ANE",IDK EUSKOTREN,1,1,1
2021,"LO SYLLA, NOGAYE",PERFUMERIAS AVENIDA,2,3,"0,67"
2021,"GERMAN VELASCO, ICIAR",VALENCIA B.C.,1,5,"0,2"
2021,"PUJOL LLUCH, ARIADNA",CADI LA SEU,-1,4,"-0,25"
2021,"KOSTOURKOVA, MARIA IVANOVA",CASADEMONT ZARAGOZA,-1,2,"-0,5"
2021,"CALHOUN, SIERRA LASHE",CASADEMONT ZARAGOZA,-1,2,"-0,5"
2021,"GOMEZ IGUAL, ANNA",VALENCIA B.C.,-2,2,-1
2021,"ESPIN DE SANCHO, MARIA",MOVISTAR ESTUDIANTES,-3,2,"-1,5"
2021,"DIAZ CASTELLANO, YURENA",IDK EUSKOTREN,-3,2,"-1,5"
2021,"ESPAÑA ALMENDRO, MARIA",IDK EUSKOTREN,-4,2,-2
2021,"GOMEZ HERNANDEZ, MARTA",MOVISTAR ESTUDIANTES,-2,1,-2
2021,"ORTIZ VIVES, MARIONA",MOVISTAR ESTUDIANTES,-10,2,-5
2020,"NAUWELAERS, HELEEN KARIN J",CIUDAD DE LA LAGUNA TENERIFE,6,2,3
2020,"ARIZTIMUÑO LOPEZ , ITZIAR",LOINTEK GERNIKA BIZKAIA,12,4,3
2020,"GOMEZ IGUAL, ANNA",VALENCIA B.C.,20,7,"2,86"
2020,"FERRARI CALABRO, PAOLA ANDREA",SPAR GIRONA,11,4,"2,75"
2020,"BRITO HERNANDEZ, CARLA",SPAR GRAN CANARIA,4,2,2
2020,"VAN DEN ADEL, NATALIE ISABELLE",DURÁN MAQUINARIA ENSINO,4,2,2
2020,"RAKSANYI, KRISZTINA",CIUDAD DE LA LAGUNA TENERIFE,2,2,1
2020,"PINA TOLOSA, MARIA",VALENCIA B.C.,3,5,"0,6"
2020,"ALBERDI LARRUCEA, MARTA",LOINTEK GERNIKA BIZKAIA,1,2,"0,5"
2020,"SEGURA MORENO, LORENA",VALENCIA B.C.,1,2,"0,5"
2020,"BETTENCOURT CORREIA, MARIA JOAO",CIUDAD DE LA LAGUNA TENERIFE,1,2,"0,5"
2020,"ESPAÑA ALMENDRO, MARIA",SPAR GRAN CANARIA,1,2,"0,5"
2020,"JUSKAITE, LAURA",VALENCIA B.C.,-2,7,"-0,29"
2020,"SANTIBAÑEZ HERRERO, INES",PERFUMERIAS AVENIDA,-1,2,"-0,5"
2020,"DEL MORAL GARCIA, CLAUDIA",SPAR GIRONA,-1,2,"-0,5"
2020,"IVANOVIC, MILICA",LOINTEK GERNIKA BIZKAIA,-3,4,"-0,75"
2020,"TOLLAR LOPEZ, ANDREA",SPAR GRAN CANARIA,-1,1,-1
2020,"ESPIN DE SANCHO, MARIA",MOVISTAR ESTUDIANTES,-2,2,-1
2020,"MONTENEGRO SANTANA, RITA ESTHER",CIUDAD DE LA LAGUNA TENERIFE,-3,2,"-1,5"
2020,"ALIAGA ROMERO, LAURA",DURÁN MAQUINARIA ENSINO,-4,2,-2
2020,"HARTMANN, ALINA WAYAN",SPAR GRAN CANARIA,-4,2,-2
2020,"KONE , SIKA",SPAR GRAN CANARIA,-4,2,-2
2020,"GRANDE PARDO, CARMEN",MOVISTAR ESTUDIANTES,-6,2,-3
2020,"NAUWELAERS, HELEEN KARIN J",CIUDAD DE LA LAGUNA TENERIFE,6,2,3
2020,"ARIZTIMUÑO LOPEZ , ITZIAR",LOINTEK GERNIKA BIZKAIA,12,4,3
2020,"GOMEZ IGUAL, ANNA",VALENCIA B.C.,20,7,"2,86"
2020,"FERRARI CALABRO, PAOLA ANDREA",SPAR GIRONA,11,4,"2,75"
2020,"BRITO HERNANDEZ, CARLA",SPAR GRAN CANARIA,4,2,2
2020,"VAN DEN ADEL, NATALIE ISABELLE",DURÁN MAQUINARIA ENSINO,4,2,2
2020,"RAKSANYI, KRISZTINA",CIUDAD DE LA LAGUNA TENERIFE,2,2,1
2020,"PINA TOLOSA, MARIA",VALENCIA B.C.,3,5,"0,6"
2020,"ALBERDI LARRUCEA, MARTA",LOINTEK GERNIKA BIZKAIA,1,2,"0,5"
2020,"SEGURA MORENO, LORENA",VALENCIA B.C.,1,2,"0,5"
2020,"BETTENCOURT CORREIA, MARIA JOAO",CIUDAD DE LA LAGUNA TENERIFE,1,2,"0,5"
2020,"ESPAÑA ALMENDRO, MARIA",SPAR GRAN CANARIA,1,2,"0,5"
2020,"JUSKAITE, LAURA",VALENCIA B.C.,-2,7,"-0,29"
2020,"SANTIBAÑEZ HERRERO, INES",PERFUMERIAS AVENIDA,-1,2,"-0,5"
2020,"DEL MORAL GARCIA, CLAUDIA",SPAR GIRONA,-1,2,"-0,5"
2020,"IVANOVIC, MILICA",LOINTEK GERNIKA BIZKAIA,-3,4,"-0,75"
2020,"TOLLAR LOPEZ, ANDREA",SPAR GRAN CANARIA,-1,1,-1
2020,"ESPIN DE SANCHO, MARIA",MOVISTAR ESTUDIANTES,-2,2,-1
2020,"MONTENEGRO SANTANA, RITA ESTHER",CIUDAD DE LA LAGUNA TENERIFE,-3,2,"-1,5"
2020,"ALIAGA ROMERO, LAURA",DURÁN MAQUINARIA ENSINO,-4,2,-2
2020,"HARTMANN, ALINA WAYAN",SPAR GRAN CANARIA,-4,2,-2
2020,"KONE , SIKA",SPAR GRAN CANARIA,-4,2,-2
2020,"GRANDE PARDO, CARMEN",MOVISTAR ESTUDIANTES,-6,2,-3
2020,"NAUWELAERS, HELEEN KARIN J",CIUDAD DE LA LAGUNA TENERIFE,6,2,3
2020,"ARIZTIMUÑO LOPEZ , ITZIAR",LOINTEK GERNIKA BIZKAIA,12,4,3
2020,"GOMEZ IGUAL, ANNA",VALENCIA B.C.,20,7,"2,86"
2020,"FERRARI CALABRO, PAOLA ANDREA",SPAR GIRONA,11,4,"2,75"
2020,"BRITO HERNANDEZ, CARLA",SPAR GRAN CANARIA,4,2,2
2020,"VAN DEN ADEL, NATALIE ISABELLE",DURÁN MAQUINARIA ENSINO,4,2,2
2020,"RAKSANYI, KRISZTINA",CIUDAD DE LA LAGUNA TENERIFE,2,2,1
2020,"PINA TOLOSA, MARIA",VALENCIA B.C.,3,5,"0,6"
2020,"ALBERDI LARRUCEA, MARTA",LOINTEK GERNIKA BIZKAIA,1,2,"0,5"
2020,"SEGURA MORENO, LORENA",VALENCIA B.C.,1,2,"0,5"
2020,"BETTENCOURT CORREIA, MARIA JOAO",CIUDAD DE LA LAGUNA TENERIFE,1,2,"0,5"
2020,"ESPAÑA ALMENDRO, MARIA",SPAR GRAN CANARIA,1,2,"0,5"
2020,"JUSKAITE, LAURA",VALENCIA B.C.,-2,7,"-0,29"
2020,"SANTIBAÑEZ HERRERO, INES",PERFUMERIAS AVENIDA,-1,2,"-0,5"
2020,"DEL MORAL GARCIA, CLAUDIA",SPAR GIRONA,-1,2,"-0,5"
2020,"IVANOVIC, MILICA",LOINTEK GERNIKA BIZKAIA,-3,4,"-0,75"
2020,"TOLLAR LOPEZ, ANDREA",SPAR GRAN CANARIA,-1,1,-1
2020,"ESPIN DE SANCHO, MARIA",MOVISTAR ESTUDIANTES,-2,2,-1
2020,"MONTENEGRO SANTANA, RITA ESTHER",CIUDAD DE LA LAGUNA TENERIFE,-3,2,"-1,5"
2020,"ALIAGA ROMERO, LAURA",DURÁN MAQUINARIA ENSINO,-4,2,-2
2020,"HARTMANN, ALINA WAYAN",SPAR GRAN CANARIA,-4,2,-2
2020,"KONE , SIKA",SPAR GRAN CANARIA,-4,2,-2
2020,"GRANDE PARDO, CARMEN",MOVISTAR ESTUDIANTES,-6,2,-3
2019,"MILLER, CHERIN BRITANY",DURÁN MAQUINARIA ENSINO,-1,1,-1
2019,"MARTINEZ PRAT, NURIA",SPAR CITYLIFT GIRONA,-3,3,-1
2019,"ARIZTIMUÑO LOPEZ , ITZIAR",LOINTEK GERNIKA BIZKAIA,-1,1,-1
2019,"ANDUSIC, TIJANA",SPAR CITYLIFT GIRONA,-2,1,-2
2019,"DINKINS, BRITTANY",DURÁN MAQUINARIA ENSINO,-2,1,-2
2019,"ODWYER, FIONA EILISH",DURÁN MAQUINARIA ENSINO,-2,1,-2
2019,"PEDRALS BARRIOS, CRISTINA",CIUDAD DE LA LAGUNA TENERIFE,-2,1,-2
2019,"MONTENEGRO SANTANA, RITA ESTHER",CIUDAD DE LA LAGUNA TENERIFE,-3,1,-3
2019,"ALIAGA ROMERO, LAURA",DURÁN MAQUINARIA ENSINO,-3,1,-3
2019,"GUSTAVSSON , ELIN JELENA",CADI LA SEU,-3,1,-3
2019,"WIESE, SYDNEY ROSE",CADI LA SEU,-4,1,-4
2019,"PUJOL LLUCH, ARIADNA",CADI LA SEU,-7,1,-7
2019,"MILLER, CHERIN BRITANY",DURÁN MAQUINARIA ENSINO,-1,1,-1
2019,"MARTINEZ PRAT, NURIA",SPAR CITYLIFT GIRONA,-3,3,-1
2019,"ARIZTIMUÑO LOPEZ , ITZIAR",LOINTEK GERNIKA BIZKAIA,-1,1,-1
2019,"ANDUSIC, TIJANA",SPAR CITYLIFT GIRONA,-2,1,-2
2019,"DINKINS, BRITTANY",DURÁN MAQUINARIA ENSINO,-2,1,-2
2019,"ODWYER, FIONA EILISH",DURÁN MAQUINARIA ENSINO,-2,1,-2
2019,"PEDRALS BARRIOS, CRISTINA",CIUDAD DE LA LAGUNA TENERIFE,-2,1,-2
2019,"MONTENEGRO SANTANA, RITA ESTHER",CIUDAD DE LA LAGUNA TENERIFE,-3,1,-3
2019,"ALIAGA ROMERO, LAURA",DURÁN MAQUINARIA ENSINO,-3,1,-3
2019,"GUSTAVSSON , ELIN JELENA",CADI LA SEU,-3,1,-3
2019,"WIESE, SYDNEY ROSE",CADI LA SEU,-4,1,-4
2019,"PUJOL LLUCH, ARIADNA",CADI LA SEU,-7,1,-7
2019,"MILLER, CHERIN BRITANY",DURÁN MAQUINARIA ENSINO,-1,1,-1
2019,"MARTINEZ PRAT, NURIA",SPAR CITYLIFT GIRONA,-3,3,-1
2019,"ARIZTIMUÑO LOPEZ , ITZIAR",LOINTEK GERNIKA BIZKAIA,-1,1,-1
2019,"ANDUSIC, TIJANA",SPAR CITYLIFT GIRONA,-2,1,-2
2019,"DINKINS, BRITTANY",DURÁN MAQUINARIA ENSINO,-2,1,-2
2019,"ODWYER, FIONA EILISH",DURÁN MAQUINARIA ENSINO,-2,1,-2
2019,"PEDRALS BARRIOS, CRISTINA",CIUDAD DE LA LAGUNA TENERIFE,-2,1,-2
2019,"MONTENEGRO SANTANA, RITA ESTHER",CIUDAD DE LA LAGUNA TENERIFE,-3,1,-3
2019,"ALIAGA ROMERO, LAURA",DURÁN MAQUINARIA ENSINO,-3,1,-3
2019,"GUSTAVSSON , ELIN JELENA",CADI LA SEU,-3,1,-3
2019,"WIESE, SYDNEY ROSE",CADI LA SEU,-4,1,-4
2019,"PUJOL LLUCH, ARIADNA",CADI LA SEU,-7,1,-7
2018,"AIJANEN, MARIA ANNIINA",CADI LA SEU,6,4,"1,5"
2018,"FLORES COSTA, LAIA",MANN-FILTER CASABLANCA,3,2,"1,5"
2018,"ESTEBAS ARMAS, PAULA",RPK ARASKI,3,2,"1,5"
2018,"VAN DEN ADEL, NATALIE ISABELLE",RPK ARASKI,3,2,"1,5"
2018,"ARIZTIMUÑO LOPEZ , ITZIAR",LOINTEK GERNIKA BIZKAIA,3,2,"1,5"
2018,"LAHUERTA MENDOZA, IRENE",MANN-FILTER CASABLANCA,2,2,1
2018,"DRAMMEH, BINTA MOMMY DAISY",RPK ARASKI,1,1,1
2018,"MAZIONYTE, GINTARE",LOINTEK GERNIKA BIZKAIA,3,3,1
2018,"PEREZ TORRES, TANIA",MANN-FILTER CASABLANCA,2,2,1
2018,"ROBERSON, BRIANA ALBERTA",RPK ARASKI,2,2,1
2018,"ERAUNCETAMURGIL AYESTARAN, MARIA",IDK GIPUZKOA,2,3,"0,67"
2018,"ARROJO JIMENEZ, MARIA BELEN",PERFUMERIAS AVENIDA,2,4,"0,5"
2018,"COTANO DE JUAN, REBECA",VALENCIA B.C.,-1,3,"-0,33"
2018,"IPARRAGUIRRE ALUSTIZA, SARA",IDK GIPUZKOA,-1,2,"-0,5"
2018,"GARI GILABERT, IRENE DEL REBOLLET",VALENCIA B.C.,-1,2,"-0,5"
2018,"SEGURA MORENO, LORENA",VALENCIA B.C.,-1,1,-1
2018,"BROWN , BRITTANY DANIELLE",MANN-FILTER CASABLANCA,-1,1,-1
2018,"BEDIA DELGADO, IZAR",RPK ARASKI,-1,1,-1
2018,"HERNANDEZ ORTIZ, ZOE",MANN-FILTER CASABLANCA,-3,2,"-1,5"
2018,"DIALLO DIENG , UMO DIALLO",RPK ARASKI,-5,2,"-2,5"
2018,"AIJANEN, MARIA ANNIINA",CADI LA SEU,6,4,"1,5"
2018,"FLORES COSTA, LAIA",MANN-FILTER CASABLANCA,3,2,"1,5"
2018,"ESTEBAS ARMAS, PAULA",RPK ARASKI,3,2,"1,5"
2018,"VAN DEN ADEL, NATALIE ISABELLE",RPK ARASKI,3,2,"1,5"
2018,"ARIZTIMUÑO LOPEZ , ITZIAR",LOINTEK GERNIKA BIZKAIA,3,2,"1,5"
2018,"LAHUERTA MENDOZA, IRENE",MANN-FILTER CASABLANCA,2,2,1
2018,"DRAMMEH, BINTA MOMMY DAISY",RPK ARASKI,1,1,1
2018,"MAZIONYTE, GINTARE",LOINTEK GERNIKA BIZKAIA,3,3,1
2018,"PEREZ TORRES, TANIA",MANN-FILTER CASABLANCA,2,2,1
2018,"ROBERSON, BRIANA ALBERTA",RPK ARASKI,2,2,1
2018,"ERAUNCETAMURGIL AYESTARAN, MARIA",IDK GIPUZKOA,2,3,"0,67"
2018,"ARROJO JIMENEZ, MARIA BELEN",PERFUMERIAS AVENIDA,2,4,"0,5"
2018,"COTANO DE JUAN, REBECA",VALENCIA B.C.,-1,3,"-0,33"
2018,"IPARRAGUIRRE ALUSTIZA, SARA",IDK GIPUZKOA,-1,2,"-0,5"
2018,"GARI GILABERT, IRENE DEL REBOLLET",VALENCIA B.C.,-1,2,"-0,5"
2018,"SEGURA MORENO, LORENA",VALENCIA B.C.,-1,1,-1
2018,"BROWN , BRITTANY DANIELLE",MANN-FILTER CASABLANCA,-1,1,-1
2018,"BEDIA DELGADO, IZAR",RPK ARASKI,-1,1,-1
2018,"HERNANDEZ ORTIZ, ZOE",MANN-FILTER CASABLANCA,-3,2,"-1,5"
2018,"DIALLO DIENG , UMO DIALLO",RPK ARASKI,-5,2,"-2,5"
2018,"AIJANEN, MARIA ANNIINA",CADI LA SEU,6,4,"1,5"
2018,"FLORES COSTA, LAIA",MANN-FILTER CASABLANCA,3,2,"1,5"
2018,"ESTEBAS ARMAS, PAULA",RPK ARASKI,3,2,"1,5"
2018,"VAN DEN ADEL, NATALIE ISABELLE",RPK ARASKI,3,2,"1,5"
2018,"ARIZTIMUÑO LOPEZ , ITZIAR",LOINTEK GERNIKA BIZKAIA,3,2,"1,5"
2018,"LAHUERTA MENDOZA, IRENE",MANN-FILTER CASABLANCA,2,2,1
2018,"DRAMMEH, BINTA MOMMY DAISY",RPK ARASKI,1,1,1
2018,"MAZIONYTE, GINTARE",LOINTEK GERNIKA BIZKAIA,3,3,1
2018,"PEREZ TORRES, TANIA",MANN-FILTER CASABLANCA,2,2,1
2018,"ROBERSON, BRIANA ALBERTA",RPK ARASKI,2,2,1
2018,"ERAUNCETAMURGIL AYESTARAN, MARIA",IDK GIPUZKOA,2,3,"0,67"
2018,"ARROJO JIMENEZ, MARIA BELEN",PERFUMERIAS AVENIDA,2,4,"0,5"
2018,"COTANO DE JUAN, REBECA",VALENCIA B.C.,-1,3,"-0,33"
2018,"IPARRAGUIRRE ALUSTIZA, SARA",IDK GIPUZKOA,-1,2,"-0,5"
2018,"GARI GILABERT, IRENE DEL REBOLLET",VALENCIA B.C.,-1,2,"-0,5"
2018,"SEGURA MORENO, LORENA",VALENCIA B.C.,-1,1,-1
2018,"BROWN , BRITTANY DANIELLE",MANN-FILTER CASABLANCA,-1,1,-1
2018,"BEDIA DELGADO, IZAR",RPK ARASKI,-1,1,-1
2018,"HERNANDEZ ORTIZ, ZOE",MANN-FILTER CASABLANCA,-3,2,"-1,5"
2018,"DIALLO DIENG , UMO DIALLO",RPK ARASKI,-5,2,"-2,5"
2017,"OMA GIRALT, HELENA",CADI LA SEU,112,16,7
2017,"GUSTAVSSON , ELIN JELENA",EMBUTIDOS PAJARIEL BEMBIBRE PD,180,26,"6,92"
2017,"BUCH ROSELL, ROSO",SPAR CITYLIFT GIRONA,178,26,"6,85"
2017,"NYSTROM, ELLEN ADINA",IDK GIPUZKOA,177,26,"6,81"
2017,"MESTDAGH, KIM",PERFUMERIAS AVENIDA,109,16,"6,81"
2017,"DOMINGUEZ FERNANDEZ, SILVIA",PERFUMERIAS AVENIDA,161,24,"6,71"
2017,"NICHOLLS GONZALEZ, LAURA",PERFUMERIAS AVENIDA,160,24,"6,67"
2017,"RAKOVIC , KRISTINA",EMBUTIDOS PAJARIEL BEMBIBRE PD,171,26,"6,58"
2017,"IVEZIC, JELENA",QUESOS EL PASTOR,118,18,"6,56"
2017,"JOVANOVIC, MILICA",CAMPUS PROMETE LF1,124,19,"6,53"
2017,"VILA CABIRÓ, MIREIA",SNATT´S FEMENÍ SANT ADRIÁ,111,17,"6,53"
2017,"ALMINAITE, KRISITINA",SPAR CITYLIFT GIRONA,163,26,"6,27"
2017,"HERRERA BOXO, LAURA",CAMPUS PROMETE LF1,150,24,"6,25"
2017,"BUTLER, BRIANNA",QUESOS EL PASTOR,162,26,"6,23"
2017,"GONZALEZ PROPIN, MARIANA",MOVISTAR ESTUDIANTES,161,26,"6,19"
2017,"MONTOLIU MATIAS, MARTA",CADI LA SEU,160,26,"6,15"
2017,"HURTADO OBIOLS, CRISTINA",SNATT´S FEMENÍ SANT ADRIÁ,138,23,6
2017,"LUCAS , ITALEE MALINA",IDK GIPUZKOA,78,13,6
2017,"MOLINA PRADOS MARTIN BURO, JUANA MARIA",LOINTEK GERNIKA BIZKAIA,150,25,6
2017,"ASURMENDI VILLAVERDE, MARIA DEL CARMEN",PERFUMERIAS AVENIDA,144,25,"5,76"
2017,"BAHI BLANQUERA, GEORGINA",CADI LA SEU,109,19,"5,74"
2017,"QUEVEDO CAÑIZARES, LAURA",NISSAN  AL-QÁZERES EXTREMADURA,71,13,"5,46"
2017,"DIAZ CASTELLANO, YURENA",CADI LA SEU,133,26,"5,12"
2017,"LOPEZ RODRIGUEZ, AINHOA",QUESOS EL PASTOR,132,26,"5,08"
2017,"RAMOS DO NASCIMENTO, CARLA MARISA",NISSAN  AL-QÁZERES EXTREMADURA,96,19,"5,05"
2017,"HALL , PRECIOUS TANZIE KYTRONIA",CAMPUS PROMETE LF1,99,20,"4,95"
2017,"GARCIA URLEZAGA, IZASKUN",LACTURALE ART ARASKI,117,25,"4,68"
2017,"QUIRANTE MARTINEZ, ALEJANDRA",MOVISTAR ESTUDIANTES,117,26,"4,5"
2017,"LO SYLLA, NOGAYE",CADI LA SEU,105,25,"4,2"
2017,"ALDALUR SOTO, ANE MIREN",LACTURALE ART ARASKI,101,26,"3,88"
2017,"OMA GIRALT, HELENA",CADI LA SEU,112,16,7
2017,"GUSTAVSSON , ELIN JELENA",EMBUTIDOS PAJARIEL BEMBIBRE PD,180,26,"6,92"
2017,"BUCH ROSELL, ROSO",SPAR CITYLIFT GIRONA,178,26,"6,85"
2017,"NYSTROM, ELLEN ADINA",IDK GIPUZKOA,177,26,"6,81"
2017,"MESTDAGH, KIM",PERFUMERIAS AVENIDA,109,16,"6,81"
2017,"DOMINGUEZ FERNANDEZ, SILVIA",PERFUMERIAS AVENIDA,161,24,"6,71"
2017,"NICHOLLS GONZALEZ, LAURA",PERFUMERIAS AVENIDA,160,24,"6,67"
2017,"RAKOVIC , KRISTINA",EMBUTIDOS PAJARIEL BEMBIBRE PD,171,26,"6,58"
2017,"IVEZIC, JELENA",QUESOS EL PASTOR,118,18,"6,56"
2017,"JOVANOVIC, MILICA",CAMPUS PROMETE LF1,124,19,"6,53"
2017,"VILA CABIRÓ, MIREIA",SNATT´S FEMENÍ SANT ADRIÁ,111,17,"6,53"
2017,"ALMINAITE, KRISITINA",SPAR CITYLIFT GIRONA,163,26,"6,27"
2017,"HERRERA BOXO, LAURA",CAMPUS PROMETE LF1,150,24,"6,25"
2017,"BUTLER, BRIANNA",QUESOS EL PASTOR,162,26,"6,23"
2017,"GONZALEZ PROPIN, MARIANA",MOVISTAR ESTUDIANTES,161,26,"6,19"
2017,"MONTOLIU MATIAS, MARTA",CADI LA SEU,160,26,"6,15"
2017,"HURTADO OBIOLS, CRISTINA",SNATT´S FEMENÍ SANT ADRIÁ,138,23,6
2017,"LUCAS , ITALEE MALINA",IDK GIPUZKOA,78,13,6
2017,"MOLINA PRADOS MARTIN BURO, JUANA MARIA",LOINTEK GERNIKA BIZKAIA,150,25,6
2017,"ASURMENDI VILLAVERDE, MARIA DEL CARMEN",PERFUMERIAS AVENIDA,144,25,"5,76"
2017,"BAHI BLANQUERA, GEORGINA",CADI LA SEU,109,19,"5,74"
2017,"QUEVEDO CAÑIZARES, LAURA",NISSAN  AL-QÁZERES EXTREMADURA,71,13,"5,46"
2017,"DIAZ CASTELLANO, YURENA",CADI LA SEU,133,26,"5,12"
2017,"LOPEZ RODRIGUEZ, AINHOA",QUESOS EL PASTOR,132,26,"5,08"
2017,"RAMOS DO NASCIMENTO, CARLA MARISA",NISSAN  AL-QÁZERES EXTREMADURA,96,19,"5,05"
2017,"HALL , PRECIOUS TANZIE KYTRONIA",CAMPUS PROMETE LF1,99,20,"4,95"
2017,"GARCIA URLEZAGA, IZASKUN",LACTURALE ART ARASKI,117,25,"4,68"
2017,"QUIRANTE MARTINEZ, ALEJANDRA",MOVISTAR ESTUDIANTES,117,26,"4,5"
2017,"LO SYLLA, NOGAYE",CADI LA SEU,105,25,"4,2"
2017,"ALDALUR SOTO, ANE MIREN",LACTURALE ART ARASKI,101,26,"3,88"
2017,"ADURIZ HERNANI, ONINTZA",IDK GIPUZKOA,100,26,"3,85"
2017,"DIEZ FERNANDEZ, NAIARA",LOINTEK GERNIKA BIZKAIA,98,26,"3,77"
2017,"DELGADO PONTES, MARINA",STAR CENTER-UNI FERROL,97,26,"3,73"
2017,"GARCIA PAUNERO, CELIA",QUESOS EL PASTOR,93,25,"3,72"
2017,"SOLER SUAREZ, PATRICIA",MOVISTAR ESTUDIANTES,79,22,"3,59"
2017,"LOPEZ VIVES, HELENA",SNATT´S FEMENÍ SANT ADRIÁ,87,26,"3,35"
2017,"ESTEBAS ARMAS, PAULA",CAMPUS PROMETE LF1,87,26,"3,35"
2017,"ROIG SOLER, LAURA",SPAR CITYLIFT GIRONA,52,16,"3,25"
2017,"AGIRRE MUÑOZ, ARRATE",LACTURALE ART ARASKI,74,23,"3,22"
2017,"ETXARRI MUNARRIZ, IRATI",LACTURALE ART ARASKI,83,26,"3,19"
2017,"GONZALEZ DUARTE , LARA",IDK GIPUZKOA,74,26,"2,85"
2017,"DIALLO DIENG , UMO DIALLO",LACTURALE ART ARASKI,74,26,"2,85"
2017,"CABRERA ARGUELLO, PATRICIA",STAR CENTER-UNI FERROL,71,26,"2,73"
2017,"NDOYE, BINETA",EMBUTIDOS PAJARIEL BEMBIBRE PD,58,22,"2,64"
2017,"ARIZTIMUÑO LOPEZ , ITZIAR",LOINTEK GERNIKA BIZKAIA,56,22,"2,55"
2017,"PARDO HERVIAS, LAURA",LACTURALE ART ARASKI,54,22,"2,45"
2017,"CLARET GILABERTE, MARTA",SNATT´S FEMENÍ SANT ADRIÁ,60,25,"2,4"
2017,"KOVACEVIC, BOJANA",SNATT´S FEMENÍ SANT ADRIÁ,55,23,"2,39"
2017,"PEÑA JUBANY, LAURA",SNATT´S FEMENÍ SANT ADRIÁ,60,26,"2,31"
2017,"MAJSTOROVIC, ANJA",QUESOS EL PASTOR,50,22,"2,27"
2017,"RODRIGUEZ NUÑEZ, CLARA",MOVISTAR ESTUDIANTES,41,22,"1,86"
2017,"IPARRAGUIRRE ALUSTIZA, SARA",IDK GIPUZKOA,36,20,"1,8"
2017,"LAHUERTA MENDOZA, IRENE",MANN-FILTER,41,26,"1,58"
2017,"MOLINUEVO GARCIA, CRISTINA",LACTURALE ART ARASKI,36,24,"1,5"
2017,"CALVO DIAZ, ANA BEGOÑA",STAR CENTER-UNI FERROL,37,26,"1,42"
2017,"LLOBET CODERCH, ITZIAR",SNATT´S FEMENÍ SANT ADRIÁ,35,26,"1,35"
2017,"ALIAGA ROMERO, LAURA",EMBUTIDOS PAJARIEL BEMBIBRE PD,29,26,"1,12"
2017,"ASTROM , ELLEN LOVISA",EMBUTIDOS PAJARIEL BEMBIBRE PD,27,26,"1,04"
2017,"LAZARO CASTILLERO, YAIZA",LOINTEK GERNIKA BIZKAIA,22,23,"0,96"
2017,"ROMERO GARRIDO, MARÍA",NISSAN  AL-QÁZERES EXTREMADURA,15,16,"0,94"
2017,"SAN ROMAN FLORES, IRENE",MOVISTAR ESTUDIANTES,24,26,"0,92"
2017,"MARTIN LLAVERIA, MARIONA",NISSAN  AL-QÁZERES EXTREMADURA,24,26,"0,92"
2017,"ESPARCIA OMEDAS, CAROLINA",MANN-FILTER,17,19,"0,89"
2017,"VELASCO MARTIN, LAURA",MOVISTAR ESTUDIANTES,16,18,"0,89"
2017,"RODRIGUEZ DOMINGUEZ, NATALIA",STAR CENTER-UNI FERROL,18,21,"0,86"
2017,"CORRALES BOHOYO, ELENA",NISSAN  AL-QÁZERES EXTREMADURA,10,26,"0,38"
2017,"ROMERO GARRIDO, SILVIA",NISSAN  AL-QÁZERES EXTREMADURA,2,18,"0,11"
2017,"ERAUNCETAMURGIL AYESTARAN, MARIA",IDK GIPUZKOA,1,20,"0,05"
2017,"SAN ROMAN FLORES, IRENE",MOVISTAR ESTUDIANTES,24,26,"0,92"
2017,"MARTIN LLAVERIA, MARIONA",NISSAN  AL-QÁZERES EXTREMADURA,24,26,"0,92"
2017,"ESPARCIA OMEDAS, CAROLINA",MANN-FILTER,17,19,"0,89"
2017,"VELASCO MARTIN, LAURA",MOVISTAR ESTUDIANTES,16,18,"0,89"
2017,"RODRIGUEZ DOMINGUEZ, NATALIA",STAR CENTER-UNI FERROL,18,21,"0,86"
2017,"CORRALES BOHOYO, ELENA",NISSAN  AL-QÁZERES EXTREMADURA,10,26,"0,38"
2017,"ROMERO GARRIDO, SILVIA",NISSAN  AL-QÁZERES EXTREMADURA,2,18,"0,11"
2017,"ERAUNCETAMURGIL AYESTARAN, MARIA",IDK GIPUZKOA,1,20,"0,05"
2016,"MILOVANOVIC, JELENA",PERFUMERIAS AVENIDA,91,5,"18,2"
2016,"BULGAK, ADUT ATEM",IDK GIPUZKOA,54,3,18
2016,"IBEKWE, IFUNANYA DEBBIE",SPAR CITYLIFT GIRONA,72,4,18
2016,"SANCHEZ MARRUFO, BEATRIZ",STAR CENTER-UNI FERROL,88,5,"17,6"
2016,"COULIBALY, NAIGNOUMA",SPAR CITYLIFT GIRONA,87,5,"17,4"
2016,"GOMES COLHADO, NADIA",IDK GIPUZKOA,48,3,16
2016,"DE SOUZA MACHADO, ERIKA CRISTINA",PERFUMERIAS AVENIDA,70,5,14
2016,"PINA TOLOSA, MARIA",LOINTEK GERNIKA BIZKAIA,28,2,14
2016,"BARBEE, SHACOBIA SHAUNTE",STAR CENTER-UNI FERROL,69,5,"13,8"
2016,"MOKANGO, CHANEL MODIRI",LOINTEK GERNIKA BIZKAIA,27,2,"13,5"
2016,"DOMINGUEZ FERNANDEZ, SILVIA",PERFUMERIAS AVENIDA,67,5,"13,4"
2016,"TUDANCA ACEDO, MARTA",LACTURALE ARASKI,47,4,"11,75"
2016,"ALMINAITE, KRISITINA",SPAR CITYLIFT GIRONA,19,2,"9,5"
2016,"GIVENS , KRISI TIJANA",PERFUMERIAS AVENIDA,43,5,"8,6"
2016,"SILVA SERRANO , ROSELIS CAROLINA",LACTURALE ARASKI,34,4,"8,5"
2016,"ARMSTRONG, ANNE MARIE",LOINTEK GERNIKA BIZKAIA,17,2,"8,5"
2016,"OCETE CASTILLO, GABRIELA",IDK GIPUZKOA,25,3,"8,33"
2016,"ASURMENDI VILLAVERDE, MARIA DEL CARMEN",LOINTEK GERNIKA BIZKAIA,16,2,8
2016,"SPANOU, ARTEMIS",SPAR CITYLIFT GIRONA,39,5,"7,8"
2016,"ADURIZ HERNANI, ONINTZA",IDK GIPUZKOA,23,3,"7,67"
2016,"GONZALEZ DUARTE , LARA",IDK GIPUZKOA,15,2,"7,5"
2016,"LIÑEIRA, MARIA CECILIA",LACTURALE ARASKI,30,4,"7,5"
2016,"ELONU, ADAORA NNENNA",PERFUMERIAS AVENIDA,35,5,7
2016,"GIL COLLADO, LAURA",PERFUMERIAS AVENIDA,33,5,"6,6"
2016,"PEREZ ARAUJO, MARIA",STAR CENTER-UNI FERROL,33,5,"6,6"
2016,"JORDANA BOFILL, NOEMI",SPAR CITYLIFT GIRONA,30,5,6
2016,"RODRIGUEZ MANSO, LEONOR DEL PILAR",SPAR CITYLIFT GIRONA,29,5,"5,8"
2016,"CALVO DIAZ, ANA BEGOÑA",STAR CENTER-UNI FERROL,28,5,"5,6"
2016,"LLORENTE, VICTORIA",LOINTEK GERNIKA BIZKAIA,11,2,"5,5"
2016,"VELASCO MARTIN, LAURA",LACTURALE ARASKI,22,4,"5,5"
2016,"MILOVANOVIC, JELENA",PERFUMERIAS AVENIDA,91,5,"18,2"
2016,"BULGAK, ADUT ATEM",IDK GIPUZKOA,54,3,18
2016,"IBEKWE, IFUNANYA DEBBIE",SPAR CITYLIFT GIRONA,72,4,18
2016,"SANCHEZ MARRUFO, BEATRIZ",STAR CENTER-UNI FERROL,88,5,"17,6"
2016,"COULIBALY, NAIGNOUMA",SPAR CITYLIFT GIRONA,87,5,"17,4"
2016,"GOMES COLHADO, NADIA",IDK GIPUZKOA,48,3,16
2016,"DE SOUZA MACHADO, ERIKA CRISTINA",PERFUMERIAS AVENIDA,70,5,14
2016,"PINA TOLOSA, MARIA",LOINTEK GERNIKA BIZKAIA,28,2,14
2016,"BARBEE, SHACOBIA SHAUNTE",STAR CENTER-UNI FERROL,69,5,"13,8"
2016,"MOKANGO, CHANEL MODIRI",LOINTEK GERNIKA BIZKAIA,27,2,"13,5"
2016,"DOMINGUEZ FERNANDEZ, SILVIA",PERFUMERIAS AVENIDA,67,5,"13,4"
2016,"TUDANCA ACEDO, MARTA",LACTURALE ARASKI,47,4,"11,75"
2016,"ALMINAITE, KRISITINA",SPAR CITYLIFT GIRONA,19,2,"9,5"
2016,"GIVENS , KRISI TIJANA",PERFUMERIAS AVENIDA,43,5,"8,6"
2016,"SILVA SERRANO , ROSELIS CAROLINA",LACTURALE ARASKI,34,4,"8,5"
2016,"ARMSTRONG, ANNE MARIE",LOINTEK GERNIKA BIZKAIA,17,2,"8,5"
2016,"OCETE CASTILLO, GABRIELA",IDK GIPUZKOA,25,3,"8,33"
2016,"ASURMENDI VILLAVERDE, MARIA DEL CARMEN",LOINTEK GERNIKA BIZKAIA,16,2,8
2016,"SPANOU, ARTEMIS",SPAR CITYLIFT GIRONA,39,5,"7,8"
2016,"ADURIZ HERNANI, ONINTZA",IDK GIPUZKOA,23,3,"7,67"
2016,"GONZALEZ DUARTE , LARA",IDK GIPUZKOA,15,2,"7,5"
2016,"LIÑEIRA, MARIA CECILIA",LACTURALE ARASKI,30,4,"7,5"
2016,"ELONU, ADAORA NNENNA",PERFUMERIAS AVENIDA,35,5,7
2016,"GIL COLLADO, LAURA",PERFUMERIAS AVENIDA,33,5,"6,6"
2016,"PEREZ ARAUJO, MARIA",STAR CENTER-UNI FERROL,33,5,"6,6"
2016,"JORDANA BOFILL, NOEMI",SPAR CITYLIFT GIRONA,30,5,6
2016,"RODRIGUEZ MANSO, LEONOR DEL PILAR",SPAR CITYLIFT GIRONA,29,5,"5,8"
2016,"CALVO DIAZ, ANA BEGOÑA",STAR CENTER-UNI FERROL,28,5,"5,6"
2016,"LLORENTE, VICTORIA",LOINTEK GERNIKA BIZKAIA,11,2,"5,5"
2016,"VELASCO MARTIN, LAURA",LACTURALE ARASKI,22,4,"5,5"
2015,"ELONU, ADAORA NNENNA",C.B. CONQUERO HUELVA WAGEN,51,2,"25,5"
2015,"IBEKWE, IFUNANYA DEBBIE",SPAR CITYLIFT GIRONA,46,2,23
2015,"GIVENS , KRISI TIJANA",SPAR CITYLIFT GIRONA,92,5,"18,4"
2015,"COULIBALY, NAIGNOUMA",SPAR CITYLIFT GIRONA,78,5,"15,6"
2015,"PETERS, HALEY MCCLOSKEY",C.B. CONQUERO HUELVA WAGEN,30,2,15
2015,"BEARD, ALANA MONIQUE",PERFUMERIAS AVENIDA,67,5,"13,4"
2015,"SPANOU, ARTEMIS",SPAR CITYLIFT GIRONA,62,5,"12,4"
2015,"FERRARI CALABRO, PAOLA ANDREA",MANN-FILTER,23,2,"11,5"
2015,"NDOUR, ASTOU BARRO",PERFUMERIAS AVENIDA,51,5,"10,2"
2015,"CALDWELL , TALIA ADAIAH",C.B. CONQUERO HUELVA WAGEN,10,1,10
2015,"DOMINGUEZ FERNANDEZ, SILVIA",PERFUMERIAS AVENIDA,49,5,"9,8"
2015,"JORDANA BOFILL, NOEMI",SPAR CITYLIFT GIRONA,46,5,"9,2"
2015,"BUCH ROSELL, ROSO",C.B. CONQUERO HUELVA WAGEN,18,2,9
2015,"TRAORE, AYA",C.B. CONQUERO HUELVA WAGEN,18,2,9
2015,"GIDDEN, VANESSA NICOLE",PERFUMERIAS AVENIDA,26,3,"8,67"
2015,"MARGINEAN , GABRIELA",PERFUMERIAS AVENIDA,40,5,8
2015,"ZLATANOVA, JAKLIN",MANN-FILTER,16,2,8
2015,"GEMELOS, JACQUELINE ANN",PERFUMERIAS AVENIDA,38,5,"7,6"
2015,"RODRIGUEZ MANSO, LEONOR DEL PILAR",PERFUMERIAS AVENIDA,35,5,7
2015,"KOBRYN , EWELINA KATARZYNA",PERFUMERIAS AVENIDA,34,5,"6,8"
2015,"KNEZEVIC, ADRIJANA",SPAR CITYLIFT GIRONA,33,5,"6,6"
2015,"LO SYLLA, NOGAYE",MANN-FILTER,13,2,"6,5"
2015,"LIEPKALNE, DITA",MANN-FILTER,13,2,"6,5"
2015,"PASCUA SUAREZ, MARÍA LUCILA",MANN-FILTER,11,2,"5,5"
2015,"OCETE CASTILLO, GABRIELA",MANN-FILTER,11,2,"5,5"
2015,"DE SA CASTRO NEVES, CATARINA",C.B. CONQUERO HUELVA WAGEN,10,2,5
2015,"ASURMENDI VILLAVERDE, MARIA DEL CARMEN",PERFUMERIAS AVENIDA,23,5,"4,6"
2015,"VITOLA, KRISTINE",PERFUMERIAS AVENIDA,14,4,"3,5"
2015,"KUKTIENE, VITA",SPAR CITYLIFT GIRONA,13,5,"2,6"
2015,"LUCAS , ITALEE MALINA",SPAR CITYLIFT GIRONA,8,5,"1,6"
2015,"ELONU, ADAORA NNENNA",C.B. CONQUERO HUELVA WAGEN,51,2,"25,5"
2015,"IBEKWE, IFUNANYA DEBBIE",SPAR CITYLIFT GIRONA,46,2,23
2015,"GIVENS , KRISI TIJANA",SPAR CITYLIFT GIRONA,92,5,"18,4"
2015,"COULIBALY, NAIGNOUMA",SPAR CITYLIFT GIRONA,78,5,"15,6"
2015,"PETERS, HALEY MCCLOSKEY",C.B. CONQUERO HUELVA WAGEN,30,2,15
2015,"BEARD, ALANA MONIQUE",PERFUMERIAS AVENIDA,67,5,"13,4"
2015,"SPANOU, ARTEMIS",SPAR CITYLIFT GIRONA,62,5,"12,4"
2015,"FERRARI CALABRO, PAOLA ANDREA",MANN-FILTER,23,2,"11,5"
2015,"NDOUR, ASTOU BARRO",PERFUMERIAS AVENIDA,51,5,"10,2"
2015,"CALDWELL , TALIA ADAIAH",C.B. CONQUERO HUELVA WAGEN,10,1,10
2015,"DOMINGUEZ FERNANDEZ, SILVIA",PERFUMERIAS AVENIDA,49,5,"9,8"
2015,"JORDANA BOFILL, NOEMI",SPAR CITYLIFT GIRONA,46,5,"9,2"
2015,"BUCH ROSELL, ROSO",C.B. CONQUERO HUELVA WAGEN,18,2,9
2015,"TRAORE, AYA",C.B. CONQUERO HUELVA WAGEN,18,2,9
2015,"GIDDEN, VANESSA NICOLE",PERFUMERIAS AVENIDA,26,3,"8,67"
2015,"MARGINEAN , GABRIELA",PERFUMERIAS AVENIDA,40,5,8
2015,"ZLATANOVA, JAKLIN",MANN-FILTER,16,2,8
2015,"GEMELOS, JACQUELINE ANN",PERFUMERIAS AVENIDA,38,5,"7,6"
2015,"RODRIGUEZ MANSO, LEONOR DEL PILAR",PERFUMERIAS AVENIDA,35,5,7
2015,"KOBRYN , EWELINA KATARZYNA",PERFUMERIAS AVENIDA,34,5,"6,8"
2015,"KNEZEVIC, ADRIJANA",SPAR CITYLIFT GIRONA,33,5,"6,6"
2015,"LO SYLLA, NOGAYE",MANN-FILTER,13,2,"6,5"
2015,"LIEPKALNE, DITA",MANN-FILTER,13,2,"6,5"
2015,"PASCUA SUAREZ, MARÍA LUCILA",MANN-FILTER,11,2,"5,5"
2015,"OCETE CASTILLO, GABRIELA",MANN-FILTER,11,2,"5,5"
2015,"DE SA CASTRO NEVES, CATARINA",C.B. CONQUERO HUELVA WAGEN,10,2,5
2015,"ASURMENDI VILLAVERDE, MARIA DEL CARMEN",PERFUMERIAS AVENIDA,23,5,"4,6"
2015,"VITOLA, KRISTINE",PERFUMERIAS AVENIDA,14,4,"3,5"
2015,"KUKTIENE, VITA",SPAR CITYLIFT GIRONA,13,5,"2,6"
2015,"LUCAS , ITALEE MALINA",SPAR CITYLIFT GIRONA,8,5,"1,6"
2014,"IBEKWE, IFUNANYA DEBBIE",SPAR CITYLIFT GIRONA,90,4,"22,5"
2014,"GIDDEN, VANESSA NICOLE",SPAR CITYLIFT GIRONA,89,4,"22,25"
2014,"REZAN, MARIJA",PERFUMERIAS AVENIDA,94,5,"18,8"
2014,"ROBINSON, ANGELICA DANIELLE",PERFUMERIAS AVENIDA,77,5,"15,4"
2014,"ELONU, ADAORA NNENNA",C.B. CONQUERO HUELVA WAGEN,29,2,"14,5"
2014,"JORDANA BOFILL, NOEMI",SPAR CITYLIFT GIRONA,55,4,"13,75"
2014,"XARGAY CASADEMONT, MARTA",PERFUMERIAS AVENIDA,62,5,"12,4"
2014,"CHAMBERS, BRITTANY MARIE",SPAR CITYLIFT GIRONA,43,4,"10,75"
2014,"GIL COLLADO, LAURA",CADI LA SEU,32,3,"10,67"
2014,"KUKTIENE, VITA",SPAR CITYLIFT GIRONA,42,4,"10,5"
2014,"HIND, BEN ABDELKADER",CADI LA SEU,28,3,"9,33"
2014,"ASURMENDI VILLAVERDE, MARIA DEL CARMEN",C.B. CONQUERO HUELVA WAGEN,18,2,9
2014,"PEREZ TORRES, TANIA",CADI LA SEU,25,3,"8,33"
2014,"FERNANDEZ FARRES, MARTA",PERFUMERIAS AVENIDA,41,5,"8,2"
2014,"DAVIS , CHELSEA MARIA",C.B. CONQUERO HUELVA WAGEN,15,2,"7,5"
2014,"MADU, NDIDI AWELE",CADI LA SEU,20,3,"6,67"
2014,"TANNER, TYRESE LA SHAY",CADI LA SEU,16,3,"5,33"
2014,"DE KLEIJN, MARLOU",CADI LA SEU,16,3,"5,33"
2014,"MONTAÑANA GIMENO, ANNA",PERFUMERIAS AVENIDA,5,1,5
2014,"PARHAM, AJA DANIELLE",C.B. CONQUERO HUELVA WAGEN,10,2,5
2014,"BLE, DOUKOLE VANESSA",PERFUMERIAS AVENIDA,24,5,"4,8"
2014,"RODRIGUEZ MANSO, LEONOR DEL PILAR",PERFUMERIAS AVENIDA,22,5,"4,4"
2014,"PASCUA SUAREZ, MARÍA LUCILA",C.B. CONQUERO HUELVA WAGEN,5,2,"2,5"
2014,"STANACEV , ALEKSANDRA",C.B. CONQUERO HUELVA WAGEN,5,2,"2,5"
2014,"ABALDE DIAZ, TAMARA",PERFUMERIAS AVENIDA,7,3,"2,33"
2014,"SUAREZ UTRERO, ANA MARIA",CADI LA SEU,7,3,"2,33"
2014,"BABKINA, ELINA",SPAR CITYLIFT GIRONA,6,4,"1,5"
2014,"RALUY ESPADA, NEREA",C.B. CONQUERO HUELVA WAGEN,1,1,1
2014,"ORTIZ VIVES, MARIONA",PERFUMERIAS AVENIDA,5,5,1
2014,"FERRARI CALABRO, PAOLA ANDREA",PERFUMERIAS AVENIDA,5,5,1
2014,"IBEKWE, IFUNANYA DEBBIE",SPAR CITYLIFT GIRONA,90,4,"22,5"
2014,"GIDDEN, VANESSA NICOLE",SPAR CITYLIFT GIRONA,89,4,"22,25"
2014,"REZAN, MARIJA",PERFUMERIAS AVENIDA,94,5,"18,8"
2014,"ROBINSON, ANGELICA DANIELLE",PERFUMERIAS AVENIDA,77,5,"15,4"
2014,"ELONU, ADAORA NNENNA",C.B. CONQUERO HUELVA WAGEN,29,2,"14,5"
2014,"JORDANA BOFILL, NOEMI",SPAR CITYLIFT GIRONA,55,4,"13,75"
2014,"XARGAY CASADEMONT, MARTA",PERFUMERIAS AVENIDA,62,5,"12,4"
2014,"CHAMBERS, BRITTANY MARIE",SPAR CITYLIFT GIRONA,43,4,"10,75"
2014,"GIL COLLADO, LAURA",CADI LA SEU,32,3,"10,67"
2014,"KUKTIENE, VITA",SPAR CITYLIFT GIRONA,42,4,"10,5"
2014,"HIND, BEN ABDELKADER",CADI LA SEU,28,3,"9,33"
2014,"ASURMENDI VILLAVERDE, MARIA DEL CARMEN",C.B. CONQUERO HUELVA WAGEN,18,2,9
2014,"PEREZ TORRES, TANIA",CADI LA SEU,25,3,"8,33"
2014,"FERNANDEZ FARRES, MARTA",PERFUMERIAS AVENIDA,41,5,"8,2"
2014,"DAVIS , CHELSEA MARIA",C.B. CONQUERO HUELVA WAGEN,15,2,"7,5"
2014,"MADU, NDIDI AWELE",CADI LA SEU,20,3,"6,67"
2014,"TANNER, TYRESE LA SHAY",CADI LA SEU,16,3,"5,33"
2014,"DE KLEIJN, MARLOU",CADI LA SEU,16,3,"5,33"
2014,"MONTAÑANA GIMENO, ANNA",PERFUMERIAS AVENIDA,5,1,5
2014,"PARHAM, AJA DANIELLE",C.B. CONQUERO HUELVA WAGEN,10,2,5
2014,"BLE, DOUKOLE VANESSA",PERFUMERIAS AVENIDA,24,5,"4,8"
2014,"RODRIGUEZ MANSO, LEONOR DEL PILAR",PERFUMERIAS AVENIDA,22,5,"4,4"
2014,"PASCUA SUAREZ, MARÍA LUCILA",C.B. CONQUERO HUELVA WAGEN,5,2,"2,5"
2014,"STANACEV , ALEKSANDRA",C.B. CONQUERO HUELVA WAGEN,5,2,"2,5"
2014,"ABALDE DIAZ, TAMARA",PERFUMERIAS AVENIDA,7,3,"2,33"
2014,"SUAREZ UTRERO, ANA MARIA",CADI LA SEU,7,3,"2,33"
2014,"BABKINA, ELINA",SPAR CITYLIFT GIRONA,6,4,"1,5"
2014,"RALUY ESPADA, NEREA",C.B. CONQUERO HUELVA WAGEN,1,1,1
2014,"ORTIZ VIVES, MARIONA",PERFUMERIAS AVENIDA,5,5,1
2014,"FERRARI CALABRO, PAOLA ANDREA",PERFUMERIAS AVENIDA,5,5,1
2013,"ROBINSON, ANGELICA DANIELLE",PERFUMERIAS AVENIDA,132,5,"26,4"
2013,"NICHOLLS GONZALEZ, LAURA",RIVAS ECOPOLIS,85,5,17
2013,"NDOUR, ASTOU BARRO",GRAN CANARIA 2014,50,3,"16,67"
2013,"REZAN, MARIJA",PERFUMERIAS AVENIDA,81,5,"16,2"
2013,"MURPHY, ESHAYA MARIE",PERFUMERIAS AVENIDA,72,5,"14,4"
2013,"GOMEZ IGUAL, ANNA",EMBUTIDOS PAJARIEL BEMBIBRE PD,43,3,"14,33"
2013,"ELDEBRINK, FRIDA",RIVAS ECOPOLIS,67,5,"13,4"
2013,"MONTENEGRO SANTANA, RITA ESTHER",EMBUTIDOS PAJARIEL BEMBIBRE PD,39,3,13
2013,"BUCH ROSELL, ROSO",EMBUTIDOS PAJARIEL BEMBIBRE PD,36,3,12
2013,"ALLISON, RACHEL LINDSAY",RIVAS ECOPOLIS,53,5,"10,6"
2013,"DAVIS , CHELSEA MARIA",GRAN CANARIA 2014,24,3,8
2013,"DIAZ CASTELLANO, YURENA",GRAN CANARIA 2014,24,3,8
2013,"DENNETT, MELISSA LOUISE",EMBUTIDOS PAJARIEL BEMBIBRE PD,24,3,8
2013,"OCETE CASTILLO, GABRIELA",RIVAS ECOPOLIS,39,5,"7,8"
2013,"BERMEJO MORENO, CLARA SUSANA",RIVAS ECOPOLIS,36,5,"7,2"
2013,"O'REILLY, ORLA",EMBUTIDOS PAJARIEL BEMBIBRE PD,21,3,7
2013,"NDOYE, BINETA",GRAN CANARIA 2014,20,3,"6,67"
2013,"HALVARSSON , LOUICE",RIVAS ECOPOLIS,32,5,"6,4"
2013,"CABRERA ARGUELLO, PATRICIA",GRAN CANARIA 2014,18,3,6
2013,"GIMENO MARTINEZ, VEGA",RIVAS ECOPOLIS,18,3,6
2013,"HASSELL, JASMINE",RIVAS ECOPOLIS,23,5,"4,6"
2013,"CHAMBERS, BRITTANY MARIE",GRAN CANARIA 2014,13,3,"4,33"
2013,"CISSE, MARIEME",GRAN CANARIA 2014,4,1,4
2013,"RODRIGUEZ MANSO, LEONOR DEL PILAR",PERFUMERIAS AVENIDA,20,5,4
2013,"XARGAY CASADEMONT, MARTA",PERFUMERIAS AVENIDA,19,5,"3,8"
2013,"CASAS CARRERAS, QUERALT",RIVAS ECOPOLIS,17,5,"3,4"
2013,"THOMAS, KRYSTAL VICTORIA",PERFUMERIAS AVENIDA,13,5,"2,6"
2013,"FERNANDEZ FARRES, MARTA",PERFUMERIAS AVENIDA,13,5,"2,6"
2013,"MONGOMO CARVALLO, MARIA CONCEPCIÓN",GRAN CANARIA 2014,5,3,"1,67"
2013,"PETEVA, DANIELA ROSENOVA",EMBUTIDOS PAJARIEL BEMBIBRE PD,5,3,"1,67"
2013,"ROBINSON, ANGELICA DANIELLE",PERFUMERIAS AVENIDA,132,5,"26,4"
2013,"NICHOLLS GONZALEZ, LAURA",RIVAS ECOPOLIS,85,5,17
2013,"NDOUR, ASTOU BARRO",GRAN CANARIA 2014,50,3,"16,67"
2013,"REZAN, MARIJA",PERFUMERIAS AVENIDA,81,5,"16,2"
2013,"MURPHY, ESHAYA MARIE",PERFUMERIAS AVENIDA,72,5,"14,4"
2013,"GOMEZ IGUAL, ANNA",EMBUTIDOS PAJARIEL BEMBIBRE PD,43,3,"14,33"
2013,"ELDEBRINK, FRIDA",RIVAS ECOPOLIS,67,5,"13,4"
2013,"MONTENEGRO SANTANA, RITA ESTHER",EMBUTIDOS PAJARIEL BEMBIBRE PD,39,3,13
2013,"BUCH ROSELL, ROSO",EMBUTIDOS PAJARIEL BEMBIBRE PD,36,3,12
2013,"ALLISON, RACHEL LINDSAY",RIVAS ECOPOLIS,53,5,"10,6"
2013,"DAVIS , CHELSEA MARIA",GRAN CANARIA 2014,24,3,8
2013,"DIAZ CASTELLANO, YURENA",GRAN CANARIA 2014,24,3,8
2013,"DENNETT, MELISSA LOUISE",EMBUTIDOS PAJARIEL BEMBIBRE PD,24,3,8
2013,"OCETE CASTILLO, GABRIELA",RIVAS ECOPOLIS,39,5,"7,8"
2013,"BERMEJO MORENO, CLARA SUSANA",RIVAS ECOPOLIS,36,5,"7,2"
2013,"O'REILLY, ORLA",EMBUTIDOS PAJARIEL BEMBIBRE PD,21,3,7
2013,"NDOYE, BINETA",GRAN CANARIA 2014,20,3,"6,67"
2013,"HALVARSSON , LOUICE",RIVAS ECOPOLIS,32,5,"6,4"
2013,"CABRERA ARGUELLO, PATRICIA",GRAN CANARIA 2014,18,3,6
2013,"GIMENO MARTINEZ, VEGA",RIVAS ECOPOLIS,18,3,6
2013,"HASSELL, JASMINE",RIVAS ECOPOLIS,23,5,"4,6"
2013,"CHAMBERS, BRITTANY MARIE",GRAN CANARIA 2014,13,3,"4,33"
2013,"CISSE, MARIEME",GRAN CANARIA 2014,4,1,4
2013,"RODRIGUEZ MANSO, LEONOR DEL PILAR",PERFUMERIAS AVENIDA,20,5,4
2013,"XARGAY CASADEMONT, MARTA",PERFUMERIAS AVENIDA,19,5,"3,8"
2013,"CASAS CARRERAS, QUERALT",RIVAS ECOPOLIS,17,5,"3,4"
2013,"THOMAS, KRYSTAL VICTORIA",PERFUMERIAS AVENIDA,13,5,"2,6"
2013,"FERNANDEZ FARRES, MARTA",PERFUMERIAS AVENIDA,13,5,"2,6"
2013,"MONGOMO CARVALLO, MARIA CONCEPCIÓN",GRAN CANARIA 2014,5,3,"1,67"
2013,"PETEVA, DANIELA ROSENOVA",EMBUTIDOS PAJARIEL BEMBIBRE PD,5,3,"1,67"
2012,"MONROE, JACINTA LISETTE",SPAR UNIGIRONA,107,5,"21,4"
2012,"CURRIE , MONIQUE PAULETTE",PERFUMERIAS AVENIDA,76,4,19
2012,"GIL COLLADO, LAURA",BEROIL - CIUDAD DE BURGOS,36,2,18
2012,"HENRY, ANEIKA ANNA-KAY",RIVAS ECOPOLIS,71,4,"17,75"
2012,"TRAORE, ASTOU",CADI - ICG SOFTWARE,66,4,"16,5"
2012,"PARHAM, AJA DANIELLE",CADI - ICG SOFTWARE,57,4,"14,25"
2012,"ALLISON, RACHEL LINDSAY",BEROIL - CIUDAD DE BURGOS,14,1,14
2012,"CRUZ LEBRATO, ANNA",RIVAS ECOPOLIS,51,4,"12,75"
2012,"GOMEZ IGUAL, ANNA",BEROIL - CIUDAD DE BURGOS,24,2,12
2012,"ASURMENDI VILLAVERDE, MARIA DEL CARMEN",UNB OBENASA,35,3,"11,67"
2012,"HERRERA BOXO, LAURA",UNB OBENASA,35,3,"11,67"
2012,"CASAS CARRERAS, QUERALT",RIVAS ECOPOLIS,44,4,11
2012,"CARBO COLOMA, ANNA",SPAR UNIGIRONA,55,5,11
2012,"CHUMILLAS PERIS, BERTA",BEROIL - CIUDAD DE BURGOS,21,2,"10,5"
2012,"COVINGTON, ARHONDA",CADI - ICG SOFTWARE,42,4,"10,5"
2012,"MORRISON JARA, ZIOMARA ESKET",RIVAS ECOPOLIS,42,4,"10,5"
2012,"WILLINGHAM, LE`COE LOUISE",PERFUMERIAS AVENIDA,41,4,"10,25"
2012,"XARGAY CASADEMONT, MARTA",PERFUMERIAS AVENIDA,39,4,"9,75"
2012,"BRAVARD , CIERRA  NICHOLE",SPAR UNIGIRONA,48,5,"9,6"
2012,"JORDANA BOFILL, NOEMI",SPAR UNIGIRONA,46,5,"9,2"
2012,"BERMEJO MORENO, CLARA SUSANA",RIVAS ECOPOLIS,34,4,"8,5"
2012,"REVUELTO SÁNCHEZ-AGUILERA, MARIA",UNB OBENASA,25,3,"8,33"
2012,"SOTIRIOU , AIKATERINA",UNB OBENASA,22,3,"7,33"
2012,"PINA TOLOSA, MARIA",PERFUMERIAS AVENIDA,7,1,7
2012,"KURASOVA, OLEKSANDRA",RIVAS ECOPOLIS,28,4,7
2012,"SULCIUTE, EGLE",PERFUMERIAS AVENIDA,24,4,6
2012,"GARCIA TORRES, CRISTINA",CADI - ICG SOFTWARE,24,4,6
2012,"HONTI, KATALIN",RIVAS ECOPOLIS,23,4,"5,75"
2012,"BARTONOVA , KATERINA",CADI - ICG SOFTWARE,22,4,"5,5"
2012,"SARR, OUMOUL KHAIRY",SPAR UNIGIRONA,26,5,"5,2"
2012,"MONROE, JACINTA LISETTE",SPAR UNIGIRONA,107,5,"21,4"
2012,"CURRIE , MONIQUE PAULETTE",PERFUMERIAS AVENIDA,76,4,19
2012,"GIL COLLADO, LAURA",BEROIL - CIUDAD DE BURGOS,36,2,18
2012,"HENRY, ANEIKA ANNA-KAY",RIVAS ECOPOLIS,71,4,"17,75"
2012,"TRAORE, ASTOU",CADI - ICG SOFTWARE,66,4,"16,5"
2012,"PARHAM, AJA DANIELLE",CADI - ICG SOFTWARE,57,4,"14,25"
2012,"ALLISON, RACHEL LINDSAY",BEROIL - CIUDAD DE BURGOS,14,1,14
2012,"CRUZ LEBRATO, ANNA",RIVAS ECOPOLIS,51,4,"12,75"
2012,"GOMEZ IGUAL, ANNA",BEROIL - CIUDAD DE BURGOS,24,2,12
2012,"ASURMENDI VILLAVERDE, MARIA DEL CARMEN",UNB OBENASA,35,3,"11,67"
2012,"HERRERA BOXO, LAURA",UNB OBENASA,35,3,"11,67"
2012,"CASAS CARRERAS, QUERALT",RIVAS ECOPOLIS,44,4,11
2012,"CARBO COLOMA, ANNA",SPAR UNIGIRONA,55,5,11
2012,"CHUMILLAS PERIS, BERTA",BEROIL - CIUDAD DE BURGOS,21,2,"10,5"
2012,"COVINGTON, ARHONDA",CADI - ICG SOFTWARE,42,4,"10,5"
2012,"MORRISON JARA, ZIOMARA ESKET",RIVAS ECOPOLIS,42,4,"10,5"
2012,"WILLINGHAM, LE`COE LOUISE",PERFUMERIAS AVENIDA,41,4,"10,25"
2012,"XARGAY CASADEMONT, MARTA",PERFUMERIAS AVENIDA,39,4,"9,75"
2012,"BRAVARD , CIERRA  NICHOLE",SPAR UNIGIRONA,48,5,"9,6"
2012,"JORDANA BOFILL, NOEMI",SPAR UNIGIRONA,46,5,"9,2"
2012,"BERMEJO MORENO, CLARA SUSANA",RIVAS ECOPOLIS,34,4,"8,5"
2012,"REVUELTO SÁNCHEZ-AGUILERA, MARIA",UNB OBENASA,25,3,"8,33"
2012,"SOTIRIOU , AIKATERINA",UNB OBENASA,22,3,"7,33"
2012,"PINA TOLOSA, MARIA",PERFUMERIAS AVENIDA,7,1,7
2012,"KURASOVA, OLEKSANDRA",RIVAS ECOPOLIS,28,4,7
2012,"SULCIUTE, EGLE",PERFUMERIAS AVENIDA,24,4,6
2012,"GARCIA TORRES, CRISTINA",CADI - ICG SOFTWARE,24,4,6
2012,"HONTI, KATALIN",RIVAS ECOPOLIS,23,4,"5,75"
2012,"BARTONOVA , KATERINA",CADI - ICG SOFTWARE,22,4,"5,5"
2012,"SARR, OUMOUL KHAIRY",SPAR UNIGIRONA,26,5,"5,2"
2011,"DE SOUZA MACHADO, ERIKA CRISTINA",PERFUMERIAS AVENIDA,94,4,"23,5"
2011,"ROBINSON, ANGELICA DANIELLE",GIRONA FC,41,2,"20,5"
2011,"WAUTERS, ANN",CIUDAD ROS CASARES VALENCIA,77,4,"19,25"
2011,"JONES, ASJHA",RIVAS ECOPOLIS,30,2,15
2011,"BONNER, DEWANNA TENISE",PERFUMERIAS AVENIDA,58,4,"14,5"
2011,"MOORE, MAYA APRIL",CIUDAD ROS CASARES VALENCIA,42,3,14
2011,"CRUZ LEBRATO, ANNA",RIVAS ECOPOLIS,27,2,"13,5"
2011,"PALAU ALTES, LAIA",CIUDAD ROS CASARES VALENCIA,41,4,"10,25"
2011,"LYTTLE LYTTLE, SANCHO TRACY CONSTANCE",CIUDAD ROS CASARES VALENCIA,40,4,10
2011,"JACKSON, LAUREN",CIUDAD ROS CASARES VALENCIA,40,4,10
2011,"ANTOJA ROVIRA, LAURA",PERFUMERIAS AVENIDA,37,4,"9,25"
2011,"NICHOLLS GONZALEZ, LAURA",RIVAS ECOPOLIS,18,2,9
2011,"MURPHY, ESHAYA MARIE",CIUDAD ROS CASARES VALENCIA,32,4,8
2011,"PIRSIC, SANDRA",RIVAS ECOPOLIS,16,2,8
2011,"SARR, OUMOUL KHAIRY",GIRONA FC,14,2,7
2011,"DOMINGUEZ FERNANDEZ, SILVIA",CIUDAD ROS CASARES VALENCIA,27,4,"6,75"
2011,"VAJDA, ANNA",PERFUMERIAS AVENIDA,25,4,"6,25"
2011,"JORDANA BOFILL, NOEMI",GIRONA FC,10,2,5
2011,"KORSTINE, ILONA",PERFUMERIAS AVENIDA,20,4,5
2011,"XARGAY CASADEMONT, MARTA",PERFUMERIAS AVENIDA,18,4,"4,5"
2011,"FEASTER, ALISON",PERFUMERIAS AVENIDA,16,4,4
2011,"THORBURN, SHONA LOUISE",GIRONA FC,8,2,4
2011,"RUANO ORIOLA, OLGA",GIRONA FC,7,2,"3,5"
2011,"BOU LLOVERAS, EVA",GIRONA FC,6,2,3
2011,"BAHI BLANQUERA, GEORGINA",GIRONA FC,6,2,3
2011,"FERNANDEZ FARRES, MARTA",PERFUMERIAS AVENIDA,11,4,"2,75"
2011,"CARSON, ESSENCE",RIVAS ECOPOLIS,5,2,"2,5"
2011,"YACOUBOU, ISABELLE",CIUDAD ROS CASARES VALENCIA,9,4,"2,25"
2011,"GIMENO MARTINEZ, VEGA",RIVAS ECOPOLIS,4,2,2
2011,"KRIVACEVIC, TIJANA",RIVAS ECOPOLIS,1,1,1
2011,"DE SOUZA MACHADO, ERIKA CRISTINA",PERFUMERIAS AVENIDA,94,4,"23,5"
2011,"ROBINSON, ANGELICA DANIELLE",GIRONA FC,41,2,"20,5"
2011,"WAUTERS, ANN",CIUDAD ROS CASARES VALENCIA,77,4,"19,25"
2011,"JONES, ASJHA",RIVAS ECOPOLIS,30,2,15
2011,"BONNER, DEWANNA TENISE",PERFUMERIAS AVENIDA,58,4,"14,5"
2011,"MOORE, MAYA APRIL",CIUDAD ROS CASARES VALENCIA,42,3,14
2011,"CRUZ LEBRATO, ANNA",RIVAS ECOPOLIS,27,2,"13,5"
2011,"PALAU ALTES, LAIA",CIUDAD ROS CASARES VALENCIA,41,4,"10,25"
2011,"LYTTLE LYTTLE, SANCHO TRACY CONSTANCE",CIUDAD ROS CASARES VALENCIA,40,4,10
2011,"JACKSON, LAUREN",CIUDAD ROS CASARES VALENCIA,40,4,10
2011,"ANTOJA ROVIRA, LAURA",PERFUMERIAS AVENIDA,37,4,"9,25"
2011,"NICHOLLS GONZALEZ, LAURA",RIVAS ECOPOLIS,18,2,9
2011,"MURPHY, ESHAYA MARIE",CIUDAD ROS CASARES VALENCIA,32,4,8
2011,"PIRSIC, SANDRA",RIVAS ECOPOLIS,16,2,8
2011,"SARR, OUMOUL KHAIRY",GIRONA FC,14,2,7
2011,"DOMINGUEZ FERNANDEZ, SILVIA",CIUDAD ROS CASARES VALENCIA,27,4,"6,75"
2011,"VAJDA, ANNA",PERFUMERIAS AVENIDA,25,4,"6,25"
2011,"JORDANA BOFILL, NOEMI",GIRONA FC,10,2,5
2011,"KORSTINE, ILONA",PERFUMERIAS AVENIDA,20,4,5
2011,"XARGAY CASADEMONT, MARTA",PERFUMERIAS AVENIDA,18,4,"4,5"
2011,"FEASTER, ALISON",PERFUMERIAS AVENIDA,16,4,4
2011,"THORBURN, SHONA LOUISE",GIRONA FC,8,2,4
2011,"RUANO ORIOLA, OLGA",GIRONA FC,7,2,"3,5"
2011,"BOU LLOVERAS, EVA",GIRONA FC,6,2,3
2011,"BAHI BLANQUERA, GEORGINA",GIRONA FC,6,2,3
2011,"FERNANDEZ FARRES, MARTA",PERFUMERIAS AVENIDA,11,4,"2,75"
2011,"CARSON, ESSENCE",RIVAS ECOPOLIS,5,2,"2,5"
2011,"YACOUBOU, ISABELLE",CIUDAD ROS CASARES VALENCIA,9,4,"2,25"
2011,"GIMENO MARTINEZ, VEGA",RIVAS ECOPOLIS,4,2,2
2011,"KRIVACEVIC, TIJANA",RIVAS ECOPOLIS,1,1,1
2010,"VESELA, JANA",CIUDAD ROS CASARES VALENCIA,24,1,24
2010,"BRUNSON, REBEKKAH",CIUDAD ROS CASARES VALENCIA,39,2,"19,5"
2010,"ANOSIKE, NIKOLIKA NONYELUM",CIUDAD ROS CASARES VALENCIA,37,2,"18,5"
2010,"DOUGLAS, KATHRYN",CIUDAD ROS CASARES VALENCIA,35,2,"17,5"
2010,"LYTTLE LYTTLE, SANCHO TRACY CONSTANCE",PERFUMERIAS AVENIDA,34,2,17
2010,"VALDEMORO MADARIAGA, AMAYA",RIVAS ECOPOLIS,33,2,"16,5"
2010,"HENRY, ANEIKA ANNA-KAY",MANN FILTER ZARAGOZA,30,2,15
2010,"TORRENS SALOM, ALBA",PERFUMERIAS AVENIDA,30,2,15
2010,"LIMA GARCIA, CINDY ORQUIDEA",CIUDAD ROS CASARES VALENCIA,27,2,"13,5"
2010,"DE SOUZA MACHADO, ERIKA CRISTINA",PERFUMERIAS AVENIDA,23,2,"11,5"
2010,"DOMINGUEZ FERNANDEZ, SILVIA",PERFUMERIAS AVENIDA,20,2,10
2010,"PARIS, COURTNEY LYNNE",RIVAS ECOPOLIS,20,2,10
2010,"MONDT, ANKE DE",PERFUMERIAS AVENIDA,18,2,9
2010,"BROWN, KIESHA LINDSAY",MANN FILTER ZARAGOZA,18,2,9
2010,"BONNER, DEWANNA TENISE",RIVAS ECOPOLIS,14,2,7
2010,"BERMEJO MORENO, CLARA SUSANA",RIVAS ECOPOLIS,13,2,"6,5"
2010,"FEASTER, ALISON",MANN FILTER ZARAGOZA,13,2,"6,5"
2010,"LAWSON, EDWIGE",CIUDAD ROS CASARES VALENCIA,11,2,"5,5"
2010,"NICHOLLS GONZALEZ, LAURA",RIVAS ECOPOLIS,11,2,"5,5"
2010,"MONTAÑANA GIMENO, ANNA",PERFUMERIAS AVENIDA,11,2,"5,5"
2010,"CASAS CARRERAS, QUERALT",MANN FILTER ZARAGOZA,10,2,5
2010,"FERNANDEZ FARRES, MARTA",CIUDAD ROS CASARES VALENCIA,9,2,"4,5"
2010,"CRUZ LEBRATO, ANNA",RIVAS ECOPOLIS,8,2,4
2010,"GIL COLLADO, LAURA",PERFUMERIAS AVENIDA,4,1,4
2010,"GIMENO MARTINEZ, VEGA",RIVAS ECOPOLIS,7,2,"3,5"
2010,"KRESOVIC, INES",MANN FILTER ZARAGOZA,6,2,3
2010,"ZLATANOVA, JAKLIN",MANN FILTER ZARAGOZA,4,2,2
2010,"SNELL, BELINDA ROSE",PERFUMERIAS AVENIDA,3,2,"1,5"
2010,"AGUILAR LOPEZ , ELISA",RIVAS ECOPOLIS,3,2,"1,5"
2010,"ROYO TORRES, MARIA ESTELA",MANN FILTER ZARAGOZA,2,2,1
2010,"VESELA, JANA",CIUDAD ROS CASARES VALENCIA,24,1,24
2010,"BRUNSON, REBEKKAH",CIUDAD ROS CASARES VALENCIA,39,2,"19,5"
2010,"ANOSIKE, NIKOLIKA NONYELUM",CIUDAD ROS CASARES VALENCIA,37,2,"18,5"
2010,"DOUGLAS, KATHRYN",CIUDAD ROS CASARES VALENCIA,35,2,"17,5"
2010,"LYTTLE LYTTLE, SANCHO TRACY CONSTANCE",PERFUMERIAS AVENIDA,34,2,17
2010,"VALDEMORO MADARIAGA, AMAYA",RIVAS ECOPOLIS,33,2,"16,5"
2010,"HENRY, ANEIKA ANNA-KAY",MANN FILTER ZARAGOZA,30,2,15
2010,"TORRENS SALOM, ALBA",PERFUMERIAS AVENIDA,30,2,15
2010,"LIMA GARCIA, CINDY ORQUIDEA",CIUDAD ROS CASARES VALENCIA,27,2,"13,5"
2010,"DE SOUZA MACHADO, ERIKA CRISTINA",PERFUMERIAS AVENIDA,23,2,"11,5"
2010,"DOMINGUEZ FERNANDEZ, SILVIA",PERFUMERIAS AVENIDA,20,2,10
2010,"PARIS, COURTNEY LYNNE",RIVAS ECOPOLIS,20,2,10
2010,"MONDT, ANKE DE",PERFUMERIAS AVENIDA,18,2,9
2010,"BROWN, KIESHA LINDSAY",MANN FILTER ZARAGOZA,18,2,9
2010,"BONNER, DEWANNA TENISE",RIVAS ECOPOLIS,14,2,7
2010,"BERMEJO MORENO, CLARA SUSANA",RIVAS ECOPOLIS,13,2,"6,5"
2010,"FEASTER, ALISON",MANN FILTER ZARAGOZA,13,2,"6,5"
2010,"LAWSON, EDWIGE",CIUDAD ROS CASARES VALENCIA,11,2,"5,5"
2010,"NICHOLLS GONZALEZ, LAURA",RIVAS ECOPOLIS,11,2,"5,5"
2010,"MONTAÑANA GIMENO, ANNA",PERFUMERIAS AVENIDA,11,2,"5,5"
2010,"CASAS CARRERAS, QUERALT",MANN FILTER ZARAGOZA,10,2,5
2010,"FERNANDEZ FARRES, MARTA",CIUDAD ROS CASARES VALENCIA,9,2,"4,5"
2010,"CRUZ LEBRATO, ANNA",RIVAS ECOPOLIS,8,2,4
2010,"GIL COLLADO, LAURA",PERFUMERIAS AVENIDA,4,1,4
2010,"GIMENO MARTINEZ, VEGA",RIVAS ECOPOLIS,7,2,"3,5"
2010,"KRESOVIC, INES",MANN FILTER ZARAGOZA,6,2,3
2010,"ZLATANOVA, JAKLIN",MANN FILTER ZARAGOZA,4,2,2
2010,"SNELL, BELINDA ROSE",PERFUMERIAS AVENIDA,3,2,"1,5"
2010,"AGUILAR LOPEZ , ELISA",RIVAS ECOPOLIS,3,2,"1,5"
2010,"ROYO TORRES, MARIA ESTELA",MANN FILTER ZARAGOZA,2,2,1
2009,"LYTTLE LYTTLE, SANCHO TRACY CONSTANCE",PERFUMERIAS AVENIDA,94,4,"23,5"
2009,"DE SOUZA MACHADO, ERIKA CRISTINA",CIUDAD ROS CASARES VALENCIA,72,4,18
2009,"LANGHORNE , CRYSTAL ALLISON",RIVAS ECOPOLIS,36,2,18
2009,"MILTON, DELISHA LACHELL",CIUDAD ROS CASARES VALENCIA,63,4,"15,75"
2009,"PALAU ALTES, LAIA",CIUDAD ROS CASARES VALENCIA,50,4,"12,5"
2009,"CRUZ LEBRATO, ANNA",RIVAS ECOPOLIS,25,2,"12,5"
2009,"PASCUA SUAREZ, MARÍA LUCILA",MANN FILTER ZARAGOZA,24,2,12
2009,"BERMEJO MORENO, CLARA SUSANA",RIVAS ECOPOLIS,24,2,12
2009,"UJHELYI, PETRA",RIVAS ECOPOLIS,22,2,11
2009,"DOMINGUEZ FERNANDEZ, SILVIA",PERFUMERIAS AVENIDA,41,4,"10,25"
2009,"TORRENS SALOM, ALBA",PERFUMERIAS AVENIDA,41,4,"10,25"
2009,"SNELL, BELINDA ROSE",CIUDAD ROS CASARES VALENCIA,40,4,10
2009,"VESELA, JANA",CIUDAD ROS CASARES VALENCIA,38,4,"9,5"
2009,"FEASTER, ALISON",MANN FILTER ZARAGOZA,18,2,9
2009,"SANCHEZ FERNANDEZ, ISABEL",PERFUMERIAS AVENIDA,35,4,"8,75"
2009,"WILLINGHAM, LE`COE LOUISE",PERFUMERIAS AVENIDA,28,4,7
2009,"MONTAÑANA GIMENO, ANNA",CIUDAD ROS CASARES VALENCIA,26,4,"6,5"
2009,"LIMA GARCIA, CINDY ORQUIDEA",CIUDAD ROS CASARES VALENCIA,6,1,6
2009,"OUVIÑA MODREGO, CRISTINA",MANN FILTER ZARAGOZA,12,2,6
2009,"VALDEMORO MADARIAGA, AMAYA",CIUDAD ROS CASARES VALENCIA,23,4,"5,75"
2009,"JOENS, CATHERINE ELISABETH",RIVAS ECOPOLIS,11,2,"5,5"
2009,"ABROMAITE, AGNE",MANN FILTER ZARAGOZA,11,2,"5,5"
2009,"MONDT, ANKE DE",PERFUMERIAS AVENIDA,19,4,"4,75"
2009,"PALOMARES VALIENTE, PAULA",MANN FILTER ZARAGOZA,9,2,"4,5"
2009,"AGUILAR LOPEZ , ELISA",CIUDAD ROS CASARES VALENCIA,16,4,4
2009,"DRLJACA, LJUBICA",CIUDAD ROS CASARES VALENCIA,7,2,"3,5"
2009,"PODKOVALNIKOVA , OLGA",PERFUMERIAS AVENIDA,12,4,3
2009,"DICKSON, JESSICA",MANN FILTER ZARAGOZA,5,2,"2,5"
2009,"AGULLO PEREZ, CARLA",MANN FILTER ZARAGOZA,2,1,2
2009,"XARGAY CASADEMONT, MARTA",PERFUMERIAS AVENIDA,7,4,"1,75"
2009,"LYTTLE LYTTLE, SANCHO TRACY CONSTANCE",PERFUMERIAS AVENIDA,94,4,"23,5"
2009,"DE SOUZA MACHADO, ERIKA CRISTINA",CIUDAD ROS CASARES VALENCIA,72,4,18
2009,"LANGHORNE , CRYSTAL ALLISON",RIVAS ECOPOLIS,36,2,18
2009,"MILTON, DELISHA LACHELL",CIUDAD ROS CASARES VALENCIA,63,4,"15,75"
2009,"PALAU ALTES, LAIA",CIUDAD ROS CASARES VALENCIA,50,4,"12,5"
2009,"CRUZ LEBRATO, ANNA",RIVAS ECOPOLIS,25,2,"12,5"
2009,"PASCUA SUAREZ, MARÍA LUCILA",MANN FILTER ZARAGOZA,24,2,12
2009,"BERMEJO MORENO, CLARA SUSANA",RIVAS ECOPOLIS,24,2,12
2009,"UJHELYI, PETRA",RIVAS ECOPOLIS,22,2,11
2009,"DOMINGUEZ FERNANDEZ, SILVIA",PERFUMERIAS AVENIDA,41,4,"10,25"
2009,"TORRENS SALOM, ALBA",PERFUMERIAS AVENIDA,41,4,"10,25"
2009,"SNELL, BELINDA ROSE",CIUDAD ROS CASARES VALENCIA,40,4,10
2009,"VESELA, JANA",CIUDAD ROS CASARES VALENCIA,38,4,"9,5"
2009,"FEASTER, ALISON",MANN FILTER ZARAGOZA,18,2,9
2009,"SANCHEZ FERNANDEZ, ISABEL",PERFUMERIAS AVENIDA,35,4,"8,75"
2009,"WILLINGHAM, LE`COE LOUISE",PERFUMERIAS AVENIDA,28,4,7
2009,"MONTAÑANA GIMENO, ANNA",CIUDAD ROS CASARES VALENCIA,26,4,"6,5"
2009,"LIMA GARCIA, CINDY ORQUIDEA",CIUDAD ROS CASARES VALENCIA,6,1,6
2009,"OUVIÑA MODREGO, CRISTINA",MANN FILTER ZARAGOZA,12,2,6
2009,"VALDEMORO MADARIAGA, AMAYA",CIUDAD ROS CASARES VALENCIA,23,4,"5,75"
2009,"JOENS, CATHERINE ELISABETH",RIVAS ECOPOLIS,11,2,"5,5"
2009,"ABROMAITE, AGNE",MANN FILTER ZARAGOZA,11,2,"5,5"
2009,"MONDT, ANKE DE",PERFUMERIAS AVENIDA,19,4,"4,75"
2009,"PALOMARES VALIENTE, PAULA",MANN FILTER ZARAGOZA,9,2,"4,5"
2009,"AGUILAR LOPEZ , ELISA",CIUDAD ROS CASARES VALENCIA,16,4,4
2009,"DRLJACA, LJUBICA",CIUDAD ROS CASARES VALENCIA,7,2,"3,5"
2009,"PODKOVALNIKOVA , OLGA",PERFUMERIAS AVENIDA,12,4,3
2009,"DICKSON, JESSICA",MANN FILTER ZARAGOZA,5,2,"2,5"
2009,"AGULLO PEREZ, CARLA",MANN FILTER ZARAGOZA,2,1,2
2009,"XARGAY CASADEMONT, MARTA",PERFUMERIAS AVENIDA,7,4,"1,75"
2008,"DE SOUZA MACHADO, ERIKA CRISTINA",CIUDAD ROS CASARES,74,4,"18,5"
2008,"REVUELTO SÁNCHEZ-AGUILERA, MARIA",CB FEVE SAN JOSÉ,30,2,15
2008,"WILLINGHAM, LE`COE LOUISE",PERFUMERIAS AVENIDA,72,5,"14,4"
2008,"HODGES, RONEEKA RAYSHELL",RIVAS ECÓPOLIS,43,3,"14,33"
2008,"MURPHY, ESHAYA MARIE",CB FEVE SAN JOSÉ,26,2,13
2008,"MILTON, DELISHA LACHELL",CIUDAD ROS CASARES,52,4,13
2008,"VALDEMORO MADARIAGA, AMAYA",CIUDAD ROS CASARES,51,4,"12,75"
2008,"DUBLJEVIC, JELENA",RIVAS ECÓPOLIS,38,3,"12,67"
2008,"SNOW, MICHELLE",PERFUMERIAS AVENIDA,59,5,"11,8"
2008,"MONTAÑANA GIMENO, ANNA",CIUDAD ROS CASARES,47,4,"11,75"
2008,"AGUILAR LOPEZ , ELISA",CIUDAD ROS CASARES,43,4,"10,75"
2008,"THORBURN, SHONA LOUISE",CB FEVE SAN JOSÉ,21,2,"10,5"
2008,"RILEY, RUTH ELLEN",RIVAS ECÓPOLIS,31,3,"10,33"
2008,"VESELA, JANA",CIUDAD ROS CASARES,39,4,"9,75"
2008,"ABALDE DIAZ, TAMARA",RIVAS ECÓPOLIS,27,3,9
2008,"PALAU ALTES, LAIA",CIUDAD ROS CASARES,36,4,9
2008,"BASKO , GUNTA",PERFUMERIAS AVENIDA,44,5,"8,8"
2008,"SANCHEZ FERNANDEZ, ISABEL",PERFUMERIAS AVENIDA,43,5,"8,6"
2008,"BERMEJO MORENO, CLARA SUSANA",RIVAS ECÓPOLIS,23,3,"7,67"
2008,"WIGGINS, CANDICE DANA",CIUDAD ROS CASARES,30,4,"7,5"
2008,"PINA TOLOSA, MARIA",CB FEVE SAN JOSÉ,14,2,7
2008,"MONDT, ANKE DE",PERFUMERIAS AVENIDA,30,5,6
2008,"ROVIRA RODRIGUEZ, MARIA DEL MAR",PERFUMERIAS AVENIDA,28,5,"5,6"
2008,"UJHELYI, PETRA",RIVAS ECÓPOLIS,15,3,5
2008,"STAMPALIJA, PETRA",PERFUMERIAS AVENIDA,24,5,"4,8"
2008,"SEGUI CARLES, PAULA",CB FEVE SAN JOSÉ,9,2,"4,5"
2008,"TORNIKIDOU TORNIKIDOU, ELENA",CIUDAD ROS CASARES,6,2,3
2008,"NAVARRETE TRUJILLO, MIREIA",PERFUMERIAS AVENIDA,5,2,"2,5"
2008,"VECEROVA, IVANA",CIUDAD ROS CASARES,8,4,2
2008,"HERNANDEZ ESTEBAN, SILVIA",RIVAS ECÓPOLIS,6,3,2
2008,"DE SOUZA MACHADO, ERIKA CRISTINA",CIUDAD ROS CASARES,74,4,"18,5"
2008,"REVUELTO SÁNCHEZ-AGUILERA, MARIA",CB FEVE SAN JOSÉ,30,2,15
2008,"WILLINGHAM, LE`COE LOUISE",PERFUMERIAS AVENIDA,72,5,"14,4"
2008,"HODGES, RONEEKA RAYSHELL",RIVAS ECÓPOLIS,43,3,"14,33"
2008,"MURPHY, ESHAYA MARIE",CB FEVE SAN JOSÉ,26,2,13
2008,"MILTON, DELISHA LACHELL",CIUDAD ROS CASARES,52,4,13
2008,"VALDEMORO MADARIAGA, AMAYA",CIUDAD ROS CASARES,51,4,"12,75"
2008,"DUBLJEVIC, JELENA",RIVAS ECÓPOLIS,38,3,"12,67"
2008,"SNOW, MICHELLE",PERFUMERIAS AVENIDA,59,5,"11,8"
2008,"MONTAÑANA GIMENO, ANNA",CIUDAD ROS CASARES,47,4,"11,75"
2008,"AGUILAR LOPEZ , ELISA",CIUDAD ROS CASARES,43,4,"10,75"
2008,"THORBURN, SHONA LOUISE",CB FEVE SAN JOSÉ,21,2,"10,5"
2008,"RILEY, RUTH ELLEN",RIVAS ECÓPOLIS,31,3,"10,33"
2008,"VESELA, JANA",CIUDAD ROS CASARES,39,4,"9,75"
2008,"ABALDE DIAZ, TAMARA",RIVAS ECÓPOLIS,27,3,9
2008,"PALAU ALTES, LAIA",CIUDAD ROS CASARES,36,4,9
2008,"BASKO , GUNTA",PERFUMERIAS AVENIDA,44,5,"8,8"
2008,"SANCHEZ FERNANDEZ, ISABEL",PERFUMERIAS AVENIDA,43,5,"8,6"
2008,"BERMEJO MORENO, CLARA SUSANA",RIVAS ECÓPOLIS,23,3,"7,67"
2008,"WIGGINS, CANDICE DANA",CIUDAD ROS CASARES,30,4,"7,5"
2008,"PINA TOLOSA, MARIA",CB FEVE SAN JOSÉ,14,2,7
2008,"MONDT, ANKE DE",PERFUMERIAS AVENIDA,30,5,6
2008,"ROVIRA RODRIGUEZ, MARIA DEL MAR",PERFUMERIAS AVENIDA,28,5,"5,6"
2008,"UJHELYI, PETRA",RIVAS ECÓPOLIS,15,3,5
2008,"STAMPALIJA, PETRA",PERFUMERIAS AVENIDA,24,5,"4,8"
2008,"SEGUI CARLES, PAULA",CB FEVE SAN JOSÉ,9,2,"4,5"
2008,"TORNIKIDOU TORNIKIDOU, ELENA",CIUDAD ROS CASARES,6,2,3
2008,"NAVARRETE TRUJILLO, MIREIA",PERFUMERIAS AVENIDA,5,2,"2,5"
2008,"VECEROVA, IVANA",CIUDAD ROS CASARES,8,4,2
2008,"HERNANDEZ ESTEBAN, SILVIA",RIVAS ECÓPOLIS,6,3,2
2007,"LYTTLE LYTTLE, SANCHO TRACY CONSTANCE",EBE PROMOCIONES SANTA EULALIAI,64,3,"21,33"
2007,"DE SOUZA MACHADO, ERIKA CRISTINA",C. ROS CASARES VALENCIA,106,5,"21,2"
2007,"DOUGLAS, KATHRYN",C. ROS CASARES VALENCIA,97,5,"19,4"
2007,"MATIC , IVANKA",PERFUMERIAS AVENIDA,91,6,"15,17"
2007,"BERMEJO MORENO, CLARA SUSANA",PERFUMERIAS AVENIDA,84,6,14
2007,"MONDT, ANKE DE",PERFUMERIAS AVENIDA,77,6,"12,83"
2007,"TORNIKIDOU TORNIKIDOU, ELENA",C. ROS CASARES VALENCIA,64,5,"12,8"
2007,"MILTON, DELISHA LACHELL",C. ROS CASARES VALENCIA,63,5,"12,6"
2007,"MONTAÑANA GIMENO, ANNA",PERFUMERIAS AVENIDA,75,6,"12,5"
2007,"PAGE, LINDA A. MURRIEL",CLUB BALONCESTO SAN JOSÉ,25,2,"12,5"
2007,"MORALES MARTIN, SILVIA",EBE PROMOCIONES SANTA EULALIAI,36,3,12
2007,"SANCHEZ FERNANDEZ, ISABEL",PERFUMERIAS AVENIDA,48,6,8
2007,"LIMA GARCIA, CINDY ORQUIDEA",CLUB BALONCESTO SAN JOSÉ,16,2,8
2007,"LILJESTRAND, THYRA LINNEA",EBE PROMOCIONES SANTA EULALIAI,24,3,8
2007,"FEASTER, ALISON",CLUB BALONCESTO SAN JOSÉ,16,2,8
2007,"AGUILAR LOPEZ , ELISA",C. ROS CASARES VALENCIA,39,5,"7,8"
2007,"REID, TRACY LASHAWN",PERFUMERIAS AVENIDA,42,6,7
2007,"THORBURN, SHONA LOUISE",EBE PROMOCIONES SANTA EULALIAI,21,3,7
2007,"RASMUSSEN, KRISTEN",EBE PROMOCIONES SANTA EULALIAI,19,3,"6,33"
2007,"PALAU ALTES, LAIA",C. ROS CASARES VALENCIA,31,5,"6,2"
2007,"SANTOS DE OLIVEIRA, ALESSANDRA",PERFUMERIAS AVENIDA,12,2,6
2007,"PONS MOLINA, INGRID",EBE PROMOCIONES SANTA EULALIAI,16,3,"5,33"
2007,"COHEN, LIRON",CLUB BALONCESTO SAN JOSÉ,10,2,5
2007,"GOMEZ IGUAL, ANNA",CLUB BALONCESTO SAN JOSÉ,5,1,5
2007,"MALTSI, EVANTHIA",C. ROS CASARES VALENCIA,22,5,"4,4"
2007,"JORDANA BOFILL, NOEMI",C. ROS CASARES VALENCIA,16,4,4
2007,"NAVARRO SALLES, LAURA",EBE PROMOCIONES SANTA EULALIAI,11,3,"3,67"
2007,"BATTLE , ASHLEY MICHELLE",CLUB BALONCESTO SAN JOSÉ,5,2,"2,5"
2007,"DOMINGUEZ FERNANDEZ, SILVIA",PERFUMERIAS AVENIDA,11,6,"1,83"
2007,"SEGUI CARLES, PAULA",CLUB BALONCESTO SAN JOSÉ,3,2,"1,5"
2007,"LYTTLE LYTTLE, SANCHO TRACY CONSTANCE",EBE PROMOCIONES SANTA EULALIAI,64,3,"21,33"
2007,"DE SOUZA MACHADO, ERIKA CRISTINA",C. ROS CASARES VALENCIA,106,5,"21,2"
2007,"DOUGLAS, KATHRYN",C. ROS CASARES VALENCIA,97,5,"19,4"
2007,"MATIC , IVANKA",PERFUMERIAS AVENIDA,91,6,"15,17"
2007,"BERMEJO MORENO, CLARA SUSANA",PERFUMERIAS AVENIDA,84,6,14
2007,"MONDT, ANKE DE",PERFUMERIAS AVENIDA,77,6,"12,83"
2007,"TORNIKIDOU TORNIKIDOU, ELENA",C. ROS CASARES VALENCIA,64,5,"12,8"
2007,"MILTON, DELISHA LACHELL",C. ROS CASARES VALENCIA,63,5,"12,6"
2007,"MONTAÑANA GIMENO, ANNA",PERFUMERIAS AVENIDA,75,6,"12,5"
2007,"PAGE, LINDA A. MURRIEL",CLUB BALONCESTO SAN JOSÉ,25,2,"12,5"
2007,"MORALES MARTIN, SILVIA",EBE PROMOCIONES SANTA EULALIAI,36,3,12
2007,"SANCHEZ FERNANDEZ, ISABEL",PERFUMERIAS AVENIDA,48,6,8
2007,"LIMA GARCIA, CINDY ORQUIDEA",CLUB BALONCESTO SAN JOSÉ,16,2,8
2007,"LILJESTRAND, THYRA LINNEA",EBE PROMOCIONES SANTA EULALIAI,24,3,8
2007,"FEASTER, ALISON",CLUB BALONCESTO SAN JOSÉ,16,2,8
2007,"AGUILAR LOPEZ , ELISA",C. ROS CASARES VALENCIA,39,5,"7,8"
2007,"REID, TRACY LASHAWN",PERFUMERIAS AVENIDA,42,6,7
2007,"THORBURN, SHONA LOUISE",EBE PROMOCIONES SANTA EULALIAI,21,3,7
2007,"RASMUSSEN, KRISTEN",EBE PROMOCIONES SANTA EULALIAI,19,3,"6,33"
2007,"PALAU ALTES, LAIA",C. ROS CASARES VALENCIA,31,5,"6,2"
2007,"SANTOS DE OLIVEIRA, ALESSANDRA",PERFUMERIAS AVENIDA,12,2,6
2007,"PONS MOLINA, INGRID",EBE PROMOCIONES SANTA EULALIAI,16,3,"5,33"
2007,"COHEN, LIRON",CLUB BALONCESTO SAN JOSÉ,10,2,5
2007,"GOMEZ IGUAL, ANNA",CLUB BALONCESTO SAN JOSÉ,5,1,5
2007,"MALTSI, EVANTHIA",C. ROS CASARES VALENCIA,22,5,"4,4"
2007,"JORDANA BOFILL, NOEMI",C. ROS CASARES VALENCIA,16,4,4
2007,"NAVARRO SALLES, LAURA",EBE PROMOCIONES SANTA EULALIAI,11,3,"3,67"
2007,"BATTLE , ASHLEY MICHELLE",CLUB BALONCESTO SAN JOSÉ,5,2,"2,5"
2007,"DOMINGUEZ FERNANDEZ, SILVIA",PERFUMERIAS AVENIDA,11,6,"1,83"
2007,"SEGUI CARLES, PAULA",CLUB BALONCESTO SAN JOSÉ,3,2,"1,5"
2006,"POWELL, NICOLE KRISTEN",PERFUMERIAS AVENIDA,223,9,"24,78"
2006,"PAGE, LINDA A. MURRIEL",HONDARRIBIA-IRÚN,47,2,"23,5"
2006,"CASTRO MARQUES, IZIANE",HONDARRIBIA-IRÚN,45,2,"22,5"
2006,"FERNANDEZ FARRES, MARTA",UB F.C BARCELONA,110,5,22
2006,"SCHUMACHER, KELLY MARIE",UB F.C BARCELONA,88,5,"17,6"
2006,"WYCKOFF, BROOKE ELIZABETH",GRAN CANARIA,33,2,"16,5"
2006,"DE SOUZA MACHADO, ERIKA CRISTINA",C. ROS CASARES VALENCIA,163,10,"16,3"
2006,"UJHELYI, PETRA",ARRANZ-JOPISA BURGOS,64,4,16
2006,"TUUKKANEN, TARU TELLERVO",EXTRUGASA,31,2,"15,5"
2006,"SANCHEZ FERNANDEZ, ISABEL",ACIS INCOSA LEON,30,2,15
2006,"ZURRO ALFONSO, MARTA",ARRANZ-JOPISA BURGOS,57,4,"14,25"
2006,"AGUILAR LOPEZ , ELISA",C. ROS CASARES VALENCIA,141,10,"14,1"
2006,"MILTON, DELISHA LACHELL",C. ROS CASARES VALENCIA,140,10,14
2006,"MUJANOVIC, RAZIJA",HONDARRIBIA-IRÚN,26,2,13
2006,"REID, TRACY LASHAWN",ACIS INCOSA LEON,25,2,"12,5"
2006,"MONDT, ANKE DE",ARRANZ-JOPISA BURGOS,49,4,"12,25"
2006,"DYDEK, MARGO",C. ROS CASARES VALENCIA,104,10,"10,4"
2006,"WILLIAMS, ADRIAN DENISE",PERFUMERIAS AVENIDA,91,9,"10,11"
2006,"MONTAÑANA GIMENO, ANNA",PERFUMERIAS AVENIDA,87,9,"9,67"
2006,"PASCUA SUAREZ, MARÍA LUCILA",ACIS INCOSA LEON,19,2,"9,5"
2006,"PALAU ALTES, LAIA",C. ROS CASARES VALENCIA,93,10,"9,3"
2006,"CRUZ LEBRATO, ANNA",ARRANZ-JOPISA BURGOS,36,4,9
2006,"DOMINGUEZ FERNANDEZ, SILVIA",PERFUMERIAS AVENIDA,81,9,9
2006,"PONS MOLINA, INGRID",UB F.C BARCELONA,45,5,9
2006,"TORNIKIDOU TORNIKIDOU, ELENA",C. ROS CASARES VALENCIA,89,10,"8,9"
2006,"BERMEJO MORENO, CLARA SUSANA",PERFUMERIAS AVENIDA,74,9,"8,22"
2006,"DA SILVA SANTOS, KELLY",ACIS INCOSA LEON,16,2,8
2006,"GOMEZ FERREIROS, SARA",EXTRUGASA,15,2,"7,5"
2006,"MUSOVIC, MILJANA",UB F.C BARCELONA,34,5,"6,8"
2006,"BATTLE , ASHLEY MICHELLE",GRAN CANARIA,13,2,"6,5"
2006,"KNEZEVIC, ADRIJANA",PERFUMERIAS AVENIDA,2,4,"0,5"
2006,"NNINDJEM, AGATHE RACHEL",PERFUMERIAS AVENIDA,3,9,"0,33"
2006,"VILLAR FERNANDEZ, IRIA",ARRANZ-JOPISA BURGOS,-1,4,"-0,25"
2006,"XANTAL SERRET, Mª DEL MAR",GRAN CANARIA,-1,2,"-0,5"
2006,"MOODY, MEGAN JANELLE",GRAN CANARIA,-1,2,"-0,5"
2006,"GRANDE FLORES, LAURA",GRAN CANARIA,-1,2,"-0,5"
2006,"PELAEZ SAN GIL, LOURDES",HONDARRIBIA-IRÚN,-2,2,-1
2006,"MONTESDEOCA LOPEZ, EVA",GRAN CANARIA,-2,2,-1
2006,"PIIPARI, REETTA SINIKKA KARINE",EXTRUGASA,-2,2,-1
2006,"ANTOJA ROVIRA, LAURA",HONDARRIBIA-IRÚN,-3,2,"-1,5"
2006,"WECKER, KENDRA RENEE",UB F.C BARCELONA,-8,5,"-1,6"
2006,"ARDON, LESLIE",EXTRUGASA,-9,2,"-4,5"
2006,"KNEZEVIC, ADRIJANA",PERFUMERIAS AVENIDA,2,4,"0,5"
2006,"NNINDJEM, AGATHE RACHEL",PERFUMERIAS AVENIDA,3,9,"0,33"
2006,"VILLAR FERNANDEZ, IRIA",ARRANZ-JOPISA BURGOS,-1,4,"-0,25"
2006,"XANTAL SERRET, Mª DEL MAR",GRAN CANARIA,-1,2,"-0,5"
2006,"MOODY, MEGAN JANELLE",GRAN CANARIA,-1,2,"-0,5"
2006,"GRANDE FLORES, LAURA",GRAN CANARIA,-1,2,"-0,5"
2006,"PELAEZ SAN GIL, LOURDES",HONDARRIBIA-IRÚN,-2,2,-1
2006,"MONTESDEOCA LOPEZ, EVA",GRAN CANARIA,-2,2,-1
2006,"PIIPARI, REETTA SINIKKA KARINE",EXTRUGASA,-2,2,-1
2006,"ANTOJA ROVIRA, LAURA",HONDARRIBIA-IRÚN,-3,2,"-1,5"
2006,"WECKER, KENDRA RENEE",UB F.C BARCELONA,-8,5,"-1,6"
2006,"ARDON, LESLIE",EXTRUGASA,-9,2,"-4,5"
2005,"MAKSIMOVIC, JELENA",ACIS INCOSA LEON,1,2,"0,5"
2005,"GARCIA GARCIA, VANESA",USP CEU - ADECCO ESTUDIANTES,-1,2,"-0,5"
2005,"LECOULTRE, DELPHINE ODETTE ANTOINETTE",ARRANZ-JOPISA BURGOS,-1,1,-1
2005,"SANCHEZ FUENTES, MARIA VICTORIA",PERFUMERIAS AVENIDA,-1,1,-1
2005,"MONDT, ANKE DE",ARRANZ-JOPISA BURGOS,-2,2,-1
2005,"COMPAÑ APARISI, VERONICA",ROS CASARES VALENCIA,-3,2,"-1,5"
2005,"SZAKACS, ILDIKO",CAJACANARIAS,-3,2,"-1,5"
2005,"VEGA JORGE, ADARA",CAJACANARIAS,-2,1,-2
2005,"ALAMO GONZALEZ, ELENA",CAJACANARIAS,-5,2,"-2,5"
2005,"DYDEK, MARTA KRYSTYNA",USP CEU - ADECCO ESTUDIANTES,-5,2,"-2,5"
2005,"HILL, JOANNE KAY",USP CEU - ADECCO ESTUDIANTES,-8,2,-4
2005,"MAKSIMOVIC, JELENA",ACIS INCOSA LEON,1,2,"0,5"
2005,"GARCIA GARCIA, VANESA",USP CEU - ADECCO ESTUDIANTES,-1,2,"-0,5"
2005,"LECOULTRE, DELPHINE ODETTE ANTOINETTE",ARRANZ-JOPISA BURGOS,-1,1,-1
2005,"SANCHEZ FUENTES, MARIA VICTORIA",PERFUMERIAS AVENIDA,-1,1,-1
2005,"MONDT, ANKE DE",ARRANZ-JOPISA BURGOS,-2,2,-1
2005,"COMPAÑ APARISI, VERONICA",ROS CASARES VALENCIA,-3,2,"-1,5"
2005,"SZAKACS, ILDIKO",CAJACANARIAS,-3,2,"-1,5"
2005,"VEGA JORGE, ADARA",CAJACANARIAS,-2,1,-2
2005,"ALAMO GONZALEZ, ELENA",CAJACANARIAS,-5,2,"-2,5"
2005,"DYDEK, MARTA KRYSTYNA",USP CEU - ADECCO ESTUDIANTES,-5,2,"-2,5"
2005,"HILL, JOANNE KAY",USP CEU - ADECCO ESTUDIANTES,-8,2,-4
2005,"MAKSIMOVIC, JELENA",ACIS INCOSA LEON,1,2,"0,5"
2005,"GARCIA GARCIA, VANESA",USP CEU - ADECCO ESTUDIANTES,-1,2,"-0,5"
2005,"LECOULTRE, DELPHINE ODETTE ANTOINETTE",ARRANZ-JOPISA BURGOS,-1,1,-1
2005,"SANCHEZ FUENTES, MARIA VICTORIA",PERFUMERIAS AVENIDA,-1,1,-1
2005,"MONDT, ANKE DE",ARRANZ-JOPISA BURGOS,-2,2,-1
2005,"COMPAÑ APARISI, VERONICA",ROS CASARES VALENCIA,-3,2,"-1,5"
2005,"SZAKACS, ILDIKO",CAJACANARIAS,-3,2,"-1,5"
2005,"VEGA JORGE, ADARA",CAJACANARIAS,-2,1,-2
2005,"ALAMO GONZALEZ, ELENA",CAJACANARIAS,-5,2,"-2,5"
2005,"DYDEK, MARTA KRYSTYNA",USP CEU - ADECCO ESTUDIANTES,-5,2,"-2,5"
2005,"HILL, JOANNE KAY",USP CEU - ADECCO ESTUDIANTES,-8,2,-4
2004,"GALLEGO VICARIO, SANDRA",UNIVERSITAT DE BARCELONA - F.C,153,23,"6,65"
2004,"TEMNIK, KATJA",C.B. PUIG D`EN VALLS SANTA EUL,171,26,"6,58"
2004,"PELAEZ SAN GIL, LOURDES",HONDARRIBIA - IRÚN,158,25,"6,32"
2004,"DONAIRE MALAGELADA, ELSA",ARRANZ - JOPISA BURGOS,162,26,"6,23"
2004,"IVEY, NIELE DEIRDRE",MANN FILTER ZARAGOZA,110,18,"6,11"
2004,"GRANDE FLORES, LAURA",CAJACANARIAS,151,25,"6,04"
2004,"BROSOVSZKY, MONIKA IZABELLA",CAJACANARIAS,157,26,"6,04"
2004,"REVUELTO SÁNCHEZ-AGUILERA, MARIA",REAL CLUB CELTA VIGOURBAN,145,26,"5,58"
2004,"GOMEZ IGUAL, ANNA",C.B. PUIG D`EN VALLS SANTA EUL,141,26,"5,42"
2004,"POLLINI, CATARINA",ROS CASARES VALENCIA,91,17,"5,35"
2004,"SALGADO SANCHEZ, IRENE",YAYA MARIA BREOGAN,128,24,"5,33"
2004,"HERNANDEZ ESTEBAN, SILVIA",MOTIVA REAL CANOE N.C.,133,25,"5,32"
2004,"VAN MALDEREN, LAURENCE",ACIS-SUFI LEON,67,13,"5,15"
2004,"JORDANA BOFILL, NOEMI",ROS CASARES VALENCIA,134,26,"5,15"
2004,"GARCÍA SALINERO, LAURA",MOTIVA REAL CANOE N.C.,118,25,"4,72"
2004,"ALAMO GONZALEZ, ELENA",CAJACANARIAS,113,24,"4,71"
2004,"GOMEZ NOVO, MARIA ARANZAZU",C.B. PUIG D`EN VALLS SANTA EUL,67,15,"4,47"
2004,"MANDACHE, SIMINA ANDRA",EXTRUGASA,57,13,"4,38"
2004,"GARCIA TORRES, CRISTINA",UNIVERSITAT DE BARCELONA - F.C,100,25,4
2004,"LLAMAS PAJUELO, MARIA NIEVES",PERFUMERIAS AVENIDA,78,20,"3,9"
2004,"GERMAN VELASCO, ICIAR",YAYA MARIA BREOGAN,86,23,"3,74"
2004,"GARCIA MATA, GEMA",REAL CLUB CELTA VIGOURBAN,90,26,"3,46"
2004,"BORGES DOS REIS, SONIA",YAYA MARIA BREOGAN,45,13,"3,46"
2004,"ZIMERLE, ANNA",ROS CASARES VALENCIA,86,25,"3,44"
2004,"HERRERA AREVALO, MIRIAM",EXTRUGASA,79,23,"3,43"
2004,"ANTON LOPEZ, MONTSERRAT",USP CEU - ADECCO ESTUDIANTES,82,24,"3,42"
2004,"ARDON, LESLIE",ACIS-SUFI LEON,42,13,"3,23"
2004,"ANTOJA ROVIRA, LAURA",UNIVERSITAT DE BARCELONA - F.C,77,24,"3,21"
2004,"DENTI MUNTANE, AINA",EXTRUGASA,63,21,3
2004,"HAJDUNE CSASZAR, ANDREA",HONDARRIBIA - IRÚN,72,25,"2,88"
2004,"GALLEGO VICARIO, SANDRA",UNIVERSITAT DE BARCELONA - F.C,153,23,"6,65"
2004,"TEMNIK, KATJA",C.B. PUIG D`EN VALLS SANTA EUL,171,26,"6,58"
2004,"PELAEZ SAN GIL, LOURDES",HONDARRIBIA - IRÚN,158,25,"6,32"
2004,"DONAIRE MALAGELADA, ELSA",ARRANZ - JOPISA BURGOS,162,26,"6,23"
2004,"IVEY, NIELE DEIRDRE",MANN FILTER ZARAGOZA,110,18,"6,11"
2004,"GRANDE FLORES, LAURA",CAJACANARIAS,151,25,"6,04"
2004,"BROSOVSZKY, MONIKA IZABELLA",CAJACANARIAS,157,26,"6,04"
2004,"REVUELTO SÁNCHEZ-AGUILERA, MARIA",REAL CLUB CELTA VIGOURBAN,145,26,"5,58"
2004,"GOMEZ IGUAL, ANNA",C.B. PUIG D`EN VALLS SANTA EUL,141,26,"5,42"
2004,"POLLINI, CATARINA",ROS CASARES VALENCIA,91,17,"5,35"
2004,"SALGADO SANCHEZ, IRENE",YAYA MARIA BREOGAN,128,24,"5,33"
2004,"HERNANDEZ ESTEBAN, SILVIA",MOTIVA REAL CANOE N.C.,133,25,"5,32"
2004,"VAN MALDEREN, LAURENCE",ACIS-SUFI LEON,67,13,"5,15"
2004,"JORDANA BOFILL, NOEMI",ROS CASARES VALENCIA,134,26,"5,15"
2004,"GARCÍA SALINERO, LAURA",MOTIVA REAL CANOE N.C.,118,25,"4,72"
2004,"ALAMO GONZALEZ, ELENA",CAJACANARIAS,113,24,"4,71"
2004,"GOMEZ NOVO, MARIA ARANZAZU",C.B. PUIG D`EN VALLS SANTA EUL,67,15,"4,47"
2004,"MANDACHE, SIMINA ANDRA",EXTRUGASA,57,13,"4,38"
2004,"GARCIA TORRES, CRISTINA",UNIVERSITAT DE BARCELONA - F.C,100,25,4
2004,"LLAMAS PAJUELO, MARIA NIEVES",PERFUMERIAS AVENIDA,78,20,"3,9"
2004,"GERMAN VELASCO, ICIAR",YAYA MARIA BREOGAN,86,23,"3,74"
2004,"GARCIA MATA, GEMA",REAL CLUB CELTA VIGOURBAN,90,26,"3,46"
2004,"BORGES DOS REIS, SONIA",YAYA MARIA BREOGAN,45,13,"3,46"
2004,"ZIMERLE, ANNA",ROS CASARES VALENCIA,86,25,"3,44"
2004,"HERRERA AREVALO, MIRIAM",EXTRUGASA,79,23,"3,43"
2004,"ANTON LOPEZ, MONTSERRAT",USP CEU - ADECCO ESTUDIANTES,82,24,"3,42"
2004,"ARDON, LESLIE",ACIS-SUFI LEON,42,13,"3,23"
2004,"ANTOJA ROVIRA, LAURA",UNIVERSITAT DE BARCELONA - F.C,77,24,"3,21"
2004,"DENTI MUNTANE, AINA",EXTRUGASA,63,21,3
2004,"HAJDUNE CSASZAR, ANDREA",HONDARRIBIA - IRÚN,72,25,"2,88"
2004,"TUURE, KAISA MARKETTA",YAYA MARIA BREOGAN,74,26,"2,85"
2004,"BERTAL, GERALDINE MARIE ROSE",ARRANZ - JOPISA BURGOS,64,23,"2,78"
2004,"VILLAR FERNANDEZ, IRIA",C.B. PUIG D`EN VALLS SANTA EUL,72,26,"2,77"
2004,"FORNS ESCUDE, NURIA",USP CEU - ADECCO ESTUDIANTES,69,25,"2,76"
2004,"SEGUI CARLES, PAULA",UNIVERSITAT DE BARCELONA - F.C,65,24,"2,71"
2004,"NAVARRETE TRUJILLO, MIREIA",MANN FILTER ZARAGOZA,59,24,"2,46"
2004,"PEREZ CAPARROS, ROSA",USP CEU - ADECCO ESTUDIANTES,62,26,"2,38"
2004,"KÜHN, KATHARINA CHARLOTTA",ACIS-SUFI LEON,61,26,"2,35"
2004,"JIMENEZ GALINDO, ANNA ISABEL",C.B. PUIG D`EN VALLS SANTA EUL,51,23,"2,22"
2004,"MARTINEZ PRAT, ROSER",YAYA MARIA BREOGAN,28,14,2
2004,"LAAKSONEN, JENNI JANITA",C.B. PUIG D`EN VALLS SANTA EUL,51,26,"1,96"
2004,"MARCOS BENITO, BLANCA",PERFUMERIAS AVENIDA,48,25,"1,92"
2004,"BERGERON, EMMANUELLE SARAH SOPHIE",ARRANZ - JOPISA BURGOS,42,23,"1,83"
2004,"QUINTERO CASTELLANO, THANIA",HONDARRIBIA - IRÚN,44,24,"1,83"
2004,"CASTRILLO VILLANUEVA, SARA",ACIS-SUFI LEON,34,20,"1,7"
2004,"GINES GONZALEZ, MARTA",ARRANZ - JOPISA BURGOS,37,24,"1,54"
2004,"FERRER PEREZ, ESTELA ROSA",ACIS-SUFI LEON,32,21,"1,52"
2004,"GILABERT AVANTE, MONTSERRAT",EXTRUGASA,38,25,"1,52"
2004,"DELGADO DIAZ-GUEMES, RAQUEL",HONDARRIBIA - IRÚN,35,25,"1,4"
2004,"YGUERAVIDE VIANA, SANDRA",PERFUMERIAS AVENIDA,33,25,"1,32"
2004,"BARLIN, NINA ELISABETH",YAYA MARIA BREOGAN,17,13,"1,31"
2004,"GOMEZ FERREIROS, SARA",EXTRUGASA,31,26,"1,19"
2004,"ARAMBURU GARAYALDE, LEIRE",HONDARRIBIA - IRÚN,29,25,"1,16"
2004,"CRUZ LEBRATO, ANNA",UNIVERSITAT DE BARCELONA - F.C,18,16,"1,13"
2004,"PARDO VAZQUEZ, MARIA DEL CARMEN",USP CEU - ADECCO ESTUDIANTES,17,15,"1,13"
2004,"SANCHEZ MUÑOZ, ALICIA",USP CEU - ADECCO ESTUDIANTES,22,20,"1,1"
2004,"MARTIN MERINO, BLANCA",YAYA MARIA BREOGAN,18,18,1
2004,"BOLEDA COLET, ANNA",ACIS-SUFI LEON,15,18,"0,83"
2004,"GOMEZ IGLESIAS, REGINA",EXTRUGASA,19,24,"0,79"
2004,"ROYO TORRES, MARIA ESTELA",MANN FILTER ZARAGOZA,14,25,"0,56"
2004,"RAMIRO DIAZ, NURIA MARIA",ACIS-SUFI LEON,5,21,"0,24"
2004,"ALAÑA SEGURA, SHEILA",REAL CLUB CELTA VIGOURBAN,-9,16,"-0,56"
2004,"BARRANCO CASTILLO, ROSA MARIA",MANN FILTER ZARAGOZA,-21,17,"-1,24"
2004,"RAMIRO DIAZ, NURIA MARIA",ACIS-SUFI LEON,5,21,"0,24"
2004,"ALAÑA SEGURA, SHEILA",REAL CLUB CELTA VIGOURBAN,-9,16,"-0,56"
2004,"BARRANCO CASTILLO, ROSA MARIA",MANN FILTER ZARAGOZA,-21,17,"-1,24"
2003,"TORNIKIDOU TORNIKIDOU, ELENA",P.C. MENDIBIL,104,4,26
2003,"---, MURRIEL",P.C. MENDIBIL,90,4,"22,5"
2003,"PALAU ALTES, LAIA",UNIVERSITAT DE BARCELONA - F.C,86,4,"21,5"
2003,"DE SOUZA MACHADO, ERIKA CRISTINA",UNIVERSITAT DE BARCELONA - F.C,84,4,21
2003,"FALLON, TRISHA NICOLE",ROS CASARES VALENCIA,82,4,"20,5"
2003,"CEBRIAN SCHEURER, ELISABET",USP CEU - ADECCO ESTUDIANTES,40,2,20
2003,"BLAHUSKOVA, LUCIE",REAL CLUB CELTA BANCO SIMEON,39,2,"19,5"
2003,"VALDEMORO MADARIAGA, AMAYA",ROS CASARES VALENCIA,72,4,18
2003,"GALLEGO VICARIO, SANDRA",UNIVERSITAT DE BARCELONA - F.C,71,4,"17,75"
2003,"HAMCHETOU, MAIGA",YAYA MARIA BREOGAN,88,5,"17,6"
2003,"CUNNINGHAN, DAVALYN",YAYA MARIA BREOGAN,85,5,17
2003,"PALOMARES VALIENTE, PAULA",USP CEU - ADECCO ESTUDIANTES,33,2,"16,5"
2003,"PODRUG, EMILIJA",REAL CLUB CELTA BANCO SIMEON,32,2,16
2003,"PASCUA SUAREZ, MARÍA LUCILA",MANN FILTER ZARAGOZA,29,2,"14,5"
2003,"NOLAN, DEANNA NICOLE",MANN FILTER ZARAGOZA,27,2,"13,5"
2003,"BLANCO BERNAL, SONIA",USP CEU - ADECCO ESTUDIANTES,26,2,13
2003,"MARTINEZ PRAT, NURIA",PERFUMERIAS AVENIDA,38,3,"12,67"
2003,"BERTHIEU, LUCCIENNE CLAUDINE",ROS CASARES VALENCIA,49,4,"12,25"
2003,"FERNANDEZ FARRES, MARTA",ROS CASARES VALENCIA,47,4,"11,75"
2003,"HOLLAND CORN, KEDRA",ROS CASARES VALENCIA,45,4,"11,25"
2003,"PELAEZ SAN GIL, LOURDES",P.C. MENDIBIL,45,4,"11,25"
2003,"TUUKKANEN, TARU TELLERVO",PERFUMERIAS AVENIDA,33,3,11
2003,"AGUILAR LOPEZ , ELISA",ROS CASARES VALENCIA,43,4,"10,75"
2003,"SANCHEZ FERNANDEZ, ISABEL",UNIVERSITAT DE BARCELONA - F.C,42,4,"10,5"
2003,"DAPO, AMRA",PERFUMERIAS AVENIDA,30,3,10
2003,"POLLINI, CATARINA",YAYA MARIA BREOGAN,37,5,"7,4"
2003,"TUURE, KAISA MARKETTA",YAYA MARIA BREOGAN,36,5,"7,2"
2003,"GOMEZ NOVO, MARIA ARANZAZU",YAYA MARIA BREOGAN,36,5,"7,2"
2003,"CONGREAVES, ANDREA FIONA",UNIVERSITAT DE BARCELONA - F.C,28,4,7
2003,"GESTEIRA FERNANDEZ, LIDIA",PERFUMERIAS AVENIDA,20,3,"6,67"
2003,"QUINTERO CASTELLANO, THANIA",P.C. MENDIBIL,3,4,"0,75"
2003,"GARCIA MATA, GEMA",REAL CLUB CELTA BANCO SIMEON,1,2,"0,5"
2003,"PEÑA ARTEAGA, ANA BELEN",P.C. MENDIBIL,-1,3,"-0,33"
2003,"CHECA JIMENO, MARIA TERESA",UNIVERSITAT DE BARCELONA - F.C,-1,1,-1
2003,"MESA SANCHEZ, SILVIA",UNIVERSITAT DE BARCELONA - F.C,-1,1,-1
2003,"SECO SALVADOR, TERESA",MANN FILTER ZARAGOZA,-1,1,-1
2003,"NAVARRO LLORCA, CANDIDA",P.C. MENDIBIL,-4,4,-1
2003,"HERNANDEZ ESTEBAN, SILVIA",USP CEU - ADECCO ESTUDIANTES,-2,2,-1
2003,"WYCKOFF, BROOKE ELIZABETH",MANN FILTER ZARAGOZA,-3,2,"-1,5"
2003,"VIEIRA FREITAS, CARLA SOFIA",YAYA MARIA BREOGAN,-9,5,"-1,8"
2003,"MERCADAL ESCOLANO, PAOLA",MANN FILTER ZARAGOZA,-4,2,-2
2003,"JUANES HERNANDEZ, YOLANDA",PERFUMERIAS AVENIDA,-7,2,"-3,5"
2003,"YGUERAVIDE VIANA, SANDRA",ROS CASARES VALENCIA,-4,1,-4
2003,"QUINTERO CASTELLANO, THANIA",P.C. MENDIBIL,3,4,"0,75"
2003,"GARCIA MATA, GEMA",REAL CLUB CELTA BANCO SIMEON,1,2,"0,5"
2003,"PEÑA ARTEAGA, ANA BELEN",P.C. MENDIBIL,-1,3,"-0,33"
2003,"CHECA JIMENO, MARIA TERESA",UNIVERSITAT DE BARCELONA - F.C,-1,1,-1
2003,"MESA SANCHEZ, SILVIA",UNIVERSITAT DE BARCELONA - F.C,-1,1,-1
2003,"SECO SALVADOR, TERESA",MANN FILTER ZARAGOZA,-1,1,-1
2003,"NAVARRO LLORCA, CANDIDA",P.C. MENDIBIL,-4,4,-1
2003,"HERNANDEZ ESTEBAN, SILVIA",USP CEU - ADECCO ESTUDIANTES,-2,2,-1
2003,"WYCKOFF, BROOKE ELIZABETH",MANN FILTER ZARAGOZA,-3,2,"-1,5"
2003,"VIEIRA FREITAS, CARLA SOFIA",YAYA MARIA BREOGAN,-9,5,"-1,8"
2003,"MERCADAL ESCOLANO, PAOLA",MANN FILTER ZARAGOZA,-4,2,-2
2003,"JUANES HERNANDEZ, YOLANDA",PERFUMERIAS AVENIDA,-7,2,"-3,5"
2003,"YGUERAVIDE VIANA, SANDRA",ROS CASARES VALENCIA,-4,1,-4
2002,"YGUERAVIDE VIANA, SANDRA",ROS CASARES VALENCIA,1,1,1
2002,"CARRERA PEREZ, ANDREA",REAL CLUB CELTA BANCO SIMEON,2,2,1
2002,"MIRCHANDANI VILLAR, LIDIA",ROS CASARES VALENCIA,4,4,1
2002,"ROYO TORRES, MARIA ESTELA",FILTROS MANN ZARAGOZA,-1,1,-1
2002,"SECO SALVADOR, TERESA",FILTROS MANN ZARAGOZA,-4,4,-1
2002,"NAVARRO VIERA, YASMINA",CAJA RURAL DE CANARIAS,-1,1,-1
2002,"LLAMAS PAJUELO, MARIA NIEVES",ROS CASARES VALENCIA,-1,1,-1
2002,"ALAÑA SEGURA, SHEILA",C.B. CIUDAD DE BURGOS,-2,2,-1
2002,"XANTAL SERRET, Mª DEL MAR",C.B. CIUDAD DE BURGOS,-3,2,"-1,5"
2002,"VILLAR FERNANDEZ, IRIA",REAL CLUB CELTA BANCO SIMEON,-3,2,"-1,5"
2002,"SANTOS DE OLIVEIRA, RENATA",REAL CLUB CELTA BANCO SIMEON,-8,2,-4
2002,"YGUERAVIDE VIANA, SANDRA",ROS CASARES VALENCIA,1,1,1
2002,"CARRERA PEREZ, ANDREA",REAL CLUB CELTA BANCO SIMEON,2,2,1
2002,"MIRCHANDANI VILLAR, LIDIA",ROS CASARES VALENCIA,4,4,1
2002,"ROYO TORRES, MARIA ESTELA",FILTROS MANN ZARAGOZA,-1,1,-1
2002,"SECO SALVADOR, TERESA",FILTROS MANN ZARAGOZA,-4,4,-1
2002,"NAVARRO VIERA, YASMINA",CAJA RURAL DE CANARIAS,-1,1,-1
2002,"LLAMAS PAJUELO, MARIA NIEVES",ROS CASARES VALENCIA,-1,1,-1
2002,"ALAÑA SEGURA, SHEILA",C.B. CIUDAD DE BURGOS,-2,2,-1
2002,"XANTAL SERRET, Mª DEL MAR",C.B. CIUDAD DE BURGOS,-3,2,"-1,5"
2002,"VILLAR FERNANDEZ, IRIA",REAL CLUB CELTA BANCO SIMEON,-3,2,"-1,5"
2002,"SANTOS DE OLIVEIRA, RENATA",REAL CLUB CELTA BANCO SIMEON,-8,2,-4
2002,"YGUERAVIDE VIANA, SANDRA",ROS CASARES VALENCIA,1,1,1
2002,"CARRERA PEREZ, ANDREA",REAL CLUB CELTA BANCO SIMEON,2,2,1
2002,"MIRCHANDANI VILLAR, LIDIA",ROS CASARES VALENCIA,4,4,1
2002,"ROYO TORRES, MARIA ESTELA",FILTROS MANN ZARAGOZA,-1,1,-1
2002,"SECO SALVADOR, TERESA",FILTROS MANN ZARAGOZA,-4,4,-1
2002,"NAVARRO VIERA, YASMINA",CAJA RURAL DE CANARIAS,-1,1,-1
2002,"LLAMAS PAJUELO, MARIA NIEVES",ROS CASARES VALENCIA,-1,1,-1
2002,"ALAÑA SEGURA, SHEILA",C.B. CIUDAD DE BURGOS,-2,2,-1
2002,"XANTAL SERRET, Mª DEL MAR",C.B. CIUDAD DE BURGOS,-3,2,"-1,5"
2002,"VILLAR FERNANDEZ, IRIA",REAL CLUB CELTA BANCO SIMEON,-3,2,"-1,5"
2002,"SANTOS DE OLIVEIRA, RENATA",REAL CLUB CELTA BANCO SIMEON,-8,2,-4
2001,"GALLEGO VICARIO, SANDRA",FILTROS MANN ZARAGOZA,5,5,1
2001,"RAMIREZ RODRIGUEZ, NEREIDA",YAYA MARIA BREOGAN,2,2,1
2001,"BOONEN, DANA MONIQUE LOUIS",ROS CASARES VALENCIA,2,3,"0,67"
2001,"MIRCHANDANI VILLAR, LIDIA",ROS CASARES VALENCIA,1,5,"0,2"
2001,"BEZOS MARTÍNEZ, EMMA",HALCON VIAJES,-1,2,"-0,5"
2001,"SALGADO SANCHEZ, IRENE",YAYA MARIA BREOGAN,-1,2,"-0,5"
2001,"---, THANIA",CAJA RURAL DE CANARIAS,-2,3,"-0,67"
2001,"LUCENA BREA, VICTORIA",YAYA MARIA BREOGAN,-1,1,-1
2001,"PIQUE SOLE, MERITXELL",CADI LA SEU D´URGELL,-2,2,-1
2001,"SECO SALVADOR, TERESA",FILTROS MANN ZARAGOZA,-5,4,"-1,25"
2001,"MIGUEL MORO, MARIA",HALCON VIAJES,-3,2,"-1,5"
2001,"NOVILLO TARRES, ESTER",CADI LA SEU D´URGELL,-2,1,-2
2001,"LOPEZ VERDU, ALICIA",ROS CASARES VALENCIA,-6,3,-2
2001,"MARTINEZ PRAT, ROSER",UNIVERSITAT DE BARCELONA B.F.,-2,1,-2
2001,"GOMEZ NOVO, MARIA ARANZAZU",YAYA MARIA BREOGAN,-5,2,"-2,5"
2001,"ALAMO GONZALEZ, ELENA MARIA",CAJA RURAL DE CANARIAS,-8,3,"-2,67"
2001,"GALLEGO VICARIO, SANDRA",FILTROS MANN ZARAGOZA,5,5,1
2001,"RAMIREZ RODRIGUEZ, NEREIDA",YAYA MARIA BREOGAN,2,2,1
2001,"BOONEN, DANA MONIQUE LOUIS",ROS CASARES VALENCIA,2,3,"0,67"
2001,"MIRCHANDANI VILLAR, LIDIA",ROS CASARES VALENCIA,1,5,"0,2"
2001,"BEZOS MARTÍNEZ, EMMA",HALCON VIAJES,-1,2,"-0,5"
2001,"SALGADO SANCHEZ, IRENE",YAYA MARIA BREOGAN,-1,2,"-0,5"
2001,"---, THANIA",CAJA RURAL DE CANARIAS,-2,3,"-0,67"
2001,"LUCENA BREA, VICTORIA",YAYA MARIA BREOGAN,-1,1,-1
2001,"PIQUE SOLE, MERITXELL",CADI LA SEU D´URGELL,-2,2,-1
2001,"SECO SALVADOR, TERESA",FILTROS MANN ZARAGOZA,-5,4,"-1,25"
2001,"MIGUEL MORO, MARIA",HALCON VIAJES,-3,2,"-1,5"
2001,"NOVILLO TARRES, ESTER",CADI LA SEU D´URGELL,-2,1,-2
2001,"LOPEZ VERDU, ALICIA",ROS CASARES VALENCIA,-6,3,-2
2001,"MARTINEZ PRAT, ROSER",UNIVERSITAT DE BARCELONA B.F.,-2,1,-2
2001,"GOMEZ NOVO, MARIA ARANZAZU",YAYA MARIA BREOGAN,-5,2,"-2,5"
2001,"ALAMO GONZALEZ, ELENA MARIA",CAJA RURAL DE CANARIAS,-8,3,"-2,67"
2001,"GALLEGO VICARIO, SANDRA",FILTROS MANN ZARAGOZA,5,5,1
2001,"RAMIREZ RODRIGUEZ, NEREIDA",YAYA MARIA BREOGAN,2,2,1
2001,"BOONEN, DANA MONIQUE LOUIS",ROS CASARES VALENCIA,2,3,"0,67"
2001,"MIRCHANDANI VILLAR, LIDIA",ROS CASARES VALENCIA,1,5,"0,2"
2001,"BEZOS MARTÍNEZ, EMMA",HALCON VIAJES,-1,2,"-0,5"
2001,"SALGADO SANCHEZ, IRENE",YAYA MARIA BREOGAN,-1,2,"-0,5"
2001,"---, THANIA",CAJA RURAL DE CANARIAS,-2,3,"-0,67"
2001,"LUCENA BREA, VICTORIA",YAYA MARIA BREOGAN,-1,1,-1
2001,"PIQUE SOLE, MERITXELL",CADI LA SEU D´URGELL,-2,2,-1
2001,"SECO SALVADOR, TERESA",FILTROS MANN ZARAGOZA,-5,4,"-1,25"
2001,"MIGUEL MORO, MARIA",HALCON VIAJES,-3,2,"-1,5"
2001,"NOVILLO TARRES, ESTER",CADI LA SEU D´URGELL,-2,1,-2
2001,"LOPEZ VERDU, ALICIA",ROS CASARES VALENCIA,-6,3,-2
2001,"MARTINEZ PRAT, ROSER",UNIVERSITAT DE BARCELONA B.F.,-2,1,-2
2001,"GOMEZ NOVO, MARIA ARANZAZU",YAYA MARIA BREOGAN,-5,2,"-2,5"
2001,"ALAMO GONZALEZ, ELENA MARIA",CAJA RURAL DE CANARIAS,-8,3,"-2,67"
2000,"VILLAR FERNANDEZ, IRIA",R.CLUB CELTA BANCO SIMEON,-1,2,"-0,5"
2000,"GARCIA FERNANDEZ, BELEN",ENSINO YAYA MARIA,-3,5,"-0,6"
2000,"RAMIREZ RODRIGUEZ, NEREIDA",ENSINO YAYA MARIA,-1,1,-1
2000,"QUINTERO CASTELLANO, THANIA",SANDRA GRAN CANARIA,-1,1,-1
2000,"FERNÁNDEZ VILLAMARÍN, LETICIA",ENSINO YAYA MARIA,-1,1,-1
2000,"HERNÁNDEZ NOVILLO, MARÍA ANTONIA",B. CIUDAD DE BURGOS,-3,2,"-1,5"
2000,"ZRNIC, JELENA",C.B.N.,-3,2,"-1,5"
2000,"GRANDE FLORES, LAURA",R.CLUB CELTA BANCO SIMEON,-3,2,"-1,5"
2000,"JUANES HERNANDEZ, YOLANDA",C.B.N.,-6,2,-3
2000,"VILLAR FERNANDEZ, IRIA",R.CLUB CELTA BANCO SIMEON,-1,2,"-0,5"
2000,"GARCIA FERNANDEZ, BELEN",ENSINO YAYA MARIA,-3,5,"-0,6"
2000,"RAMIREZ RODRIGUEZ, NEREIDA",ENSINO YAYA MARIA,-1,1,-1
2000,"QUINTERO CASTELLANO, THANIA",SANDRA GRAN CANARIA,-1,1,-1
2000,"FERNÁNDEZ VILLAMARÍN, LETICIA",ENSINO YAYA MARIA,-1,1,-1
2000,"HERNÁNDEZ NOVILLO, MARÍA ANTONIA",B. CIUDAD DE BURGOS,-3,2,"-1,5"
2000,"ZRNIC, JELENA",C.B.N.,-3,2,"-1,5"
2000,"GRANDE FLORES, LAURA",R.CLUB CELTA BANCO SIMEON,-3,2,"-1,5"
2000,"JUANES HERNANDEZ, YOLANDA",C.B.N.,-6,2,-3
2000,"VILLAR FERNANDEZ, IRIA",R.CLUB CELTA BANCO SIMEON,-1,2,"-0,5"
2000,"GARCIA FERNANDEZ, BELEN",ENSINO YAYA MARIA,-3,5,"-0,6"
2000,"RAMIREZ RODRIGUEZ, NEREIDA",ENSINO YAYA MARIA,-1,1,-1
2000,"QUINTERO CASTELLANO, THANIA",SANDRA GRAN CANARIA,-1,1,-1
2000,"FERNÁNDEZ VILLAMARÍN, LETICIA",ENSINO YAYA MARIA,-1,1,-1
2000,"HERNÁNDEZ NOVILLO, MARÍA ANTONIA",B. CIUDAD DE BURGOS,-3,2,"-1,5"
2000,"ZRNIC, JELENA",C.B.N.,-3,2,"-1,5"
2000,"GRANDE FLORES, LAURA",R.CLUB CELTA BANCO SIMEON,-3,2,"-1,5"
2000,"JUANES HERNANDEZ, YOLANDA",C.B.N.,-6,2,-3
1999,"RODRIGUEZ TOLEDO, ORANDA",C.D. ENSINO,-1,2,"-0,5"
1999,"ALAMO GONZALEZ, ELENA",SANDRA GRAN CANARIA,-1,1,-1
1999,"GARCIA FERNANDEZ, BELEN",C.D. ENSINO,-1,1,-1
1999,"MONJE HERNANDEZ, BLANCA",C.D. ENSINO,-3,2,"-1,5"
1999,"BISETTI RODRIGUEZ, LUISA",R.CLUB CELTA BANCO SIMEON,-3,2,"-1,5"
1999,"VILLAR FERNANDEZ, IRIA",R.CLUB CELTA BANCO SIMEON,-2,1,-2
1999,"DELGADO DIAZ-GUEMES, RAQUEL",POPULAR BASQUET GODELLA,-5,2,"-2,5"
1999,"DELGADO FERNANDEZ, CONCEPCION",C.D. ENSINO,-8,2,-4
1999,"ARMENTA MONTEAGUDO, MARUXA",C.D. ENSINO,-20,2,-10
1999,"RODRIGUEZ TOLEDO, ORANDA",C.D. ENSINO,-1,2,"-0,5"
1999,"ALAMO GONZALEZ, ELENA",SANDRA GRAN CANARIA,-1,1,-1
1999,"GARCIA FERNANDEZ, BELEN",C.D. ENSINO,-1,1,-1
1999,"MONJE HERNANDEZ, BLANCA",C.D. ENSINO,-3,2,"-1,5"
1999,"BISETTI RODRIGUEZ, LUISA",R.CLUB CELTA BANCO SIMEON,-3,2,"-1,5"
1999,"VILLAR FERNANDEZ, IRIA",R.CLUB CELTA BANCO SIMEON,-2,1,-2
1999,"DELGADO DIAZ-GUEMES, RAQUEL",POPULAR BASQUET GODELLA,-5,2,"-2,5"
1999,"DELGADO FERNANDEZ, CONCEPCION",C.D. ENSINO,-8,2,-4
1999,"ARMENTA MONTEAGUDO, MARUXA",C.D. ENSINO,-20,2,-10
1998,"VALDEMORO MADARIAGA, AMAYA",HALCON VIAJES,107,3,"35,67"
1998,"JONKUTE, INGRIDA",ENSINO,57,3,19
1998,"MELVIN, CHASITY MONIQUE",BANCO SIMEON,49,3,"16,33"
1998,"GARCIA PIÑERO, MARIA BEGOÑA",ENSINO,43,3,"14,33"
1998,"SÁNCHEZ LUJÁN, ROSAURA DEL CARMEN",SANDRA G. CANARIA,42,3,14
1998,"GAMON HERNANDEZ, ASUNCION",SANDRA G. CANARIA,37,3,"12,33"
1998,"MIRCHANDANI VILLAR, LIDIA",SANDRA G. CANARIA,35,3,"11,67"
1998,"SANCHEZ FERNANDEZ, ISABEL",ENSINO,34,3,"11,33"
1998,"HICKS, JESSIE IVETTE",SANDRA G. CANARIA,33,3,11
1998,"GRANDE FLORES, LAURA",BANCO SIMEON,32,3,"10,67"
1998,"PELAEZ SAN GIL, LOURDES",SANDRA G. CANARIA,31,3,"10,33"
1998,"BEZOS MARTÍNEZ, EMMA",HALCON VIAJES,30,3,10
1998,"PASCHAL, TOWANDA DENICE",HALCON VIAJES,29,3,"9,67"
1998,"LLAMAS PAJUELO, MARIA NIEVES",HALCON VIAJES,28,3,"9,33"
1998,"GONZALEZ DIAZ, CARMEN",BANCO SIMEON,20,3,"6,67"
1998,"DELGADO FERNANDEZ, CONCEPCION",ENSINO,20,3,"6,67"
1998,"CEBRIAN SCHEURER, ELISABET",BANCO SIMEON,20,3,"6,67"
1998,"SANCHEZ ORTEGA, PALOMA",BANCO SIMEON,19,3,"6,33"
1998,"SALVADOR VIÑOLAS, MERITXELL",HALCON VIAJES,12,3,4
1998,"HERNANDEZ ARENCIBIA, PATRICIA DEL PINO",HALCON VIAJES,12,3,4
1998,"ARMENTA MONTEAGUDO, MARUXA",ENSINO,11,3,"3,67"
1998,"VALERO CEBRIAN, PILAR",BANCO SIMEON,11,3,"3,67"
1998,"QUINTERO CASTELLANO, THANIA",SANDRA G. CANARIA,5,3,"1,67"
1998,"XANTAL SERRET, Mª DEL MAR",BANCO SIMEON,5,3,"1,67"
1998,"JUANES HERNANDEZ, SONIA",HALCON VIAJES,1,2,"0,5"
1998,"MORIANA NADAL, PALOMA",SANDRA G. CANARIA,1,3,"0,33"
1998,"MERILLAS LOPEZ, ELSA",ENSINO,-1,2,"-0,5"
1998,"NAVARRETE TRUJILLO, MIREIA",BANCO SIMEON,-1,1,-1
1998,"VILLAR FERNANDEZ, IRIA",BANCO SIMEON,-3,3,-1
1998,"DELGADO MORALES, MARIA DEL PILAR",HALCON VIAJES,-2,1,-2
1997,"CEBRIAN SCHEURER, ELISABET",UNIVERSITARI,97,3,"32,33"
1997,"DYDEK, MARGO",POOL GETAFE,85,5,17
1997,"SÁNCHEZ LUJÁN, ROSAURA DEL CARMEN",SANDRA G. CANARIA,33,2,"16,5"
1997,"ANULA ALAMEDA, NIEVES",POOL GETAFE,81,5,"16,2"
1997,"GRANDE FLORES, LAURA",BANCO SIMEON,92,6,"15,33"
1997,"VALERO CEBRIAN, PILAR",BANCO SIMEON,91,6,"15,17"
1997,"VALDEMORO MADARIAGA, AMAYA",POOL GETAFE,73,5,"14,6"
1997,"---, HEIKE MARIA",POOL GETAFE,70,5,14
1997,"JEKABSONE, ANDA",BANCO SIMEON,79,6,"13,17"
1997,"RODRIGUEZ TOLEDO, ORANDA",SANDRA G. CANARIA,24,2,12
1997,"ZASSOULSKAYA, NATALIA",POOL GETAFE,57,5,"11,4"
1997,"PELAEZ SAN GIL, LOURDES",SANDRA G. CANARIA,20,2,10
1997,"MIRCHANDANI VILLAR, LIDIA",SANDRA G. CANARIA,15,2,"7,5"
1997,"PONS MOLINA, INGRID",UNIVERSITARI,21,3,7
1997,"GALLEGO VICARIO, SANDRA",UNIVERSITARI,21,3,7
1997,"XANTAL SERRET, Mª DEL MAR",BANCO SIMEON,39,6,"6,5"
1997,"HEMERY, DEBBIE MICHELLE",POOL GETAFE,32,5,"6,4"
1997,"ODEUS, ASA MARIANNE",POOL GETAFE,12,2,6
1997,"PALAU ALTES, LAIA",UNIVERSITARI,16,3,"5,33"
1997,"SANCHEZ ORTEGA, PALOMA",BANCO SIMEON,28,6,"4,67"
1997,"GAMON HERNANDEZ, ASUNCION",SANDRA G. CANARIA,9,2,"4,5"
1997,"JACKSON, BRENETHA TRISE",POOL GETAFE,21,5,"4,2"
1997,"FONTS MATEO, NURIA",UNIVERSITARI,12,3,4
1997,"ALAMO GONZALEZ, ELENA",SANDRA G. CANARIA,7,2,"3,5"
1997,"GUERRA TALAVERA, TARINA MARIA",SANDRA G. CANARIA,2,2,1
1997,"NAVARRO VIERA, YASMINA",SANDRA G. CANARIA,1,1,1
1997,"PEÑA LESMES, SANDRA",UNIVERSITARI,1,1,1
1997,"VILLAR FERNANDEZ, IRIA",BANCO SIMEON,3,6,"0,5"
1997,"KOSTIC, TANJA NATASA",POOL GETAFE,-2,4,"-0,5"
1997,"GARCIA MARTIN, ALICIA",BANCO SIMEON,-1,2,"-0,5"
1997,"CEBRIAN SCHEURER, ELISABET",UNIVERSITARI,97,3,"32,33"
1997,"DYDEK, MARGO",POOL GETAFE,85,5,17
1997,"SÁNCHEZ LUJÁN, ROSAURA DEL CARMEN",SANDRA G. CANARIA,33,2,"16,5"
1997,"ANULA ALAMEDA, NIEVES",POOL GETAFE,81,5,"16,2"
1997,"GRANDE FLORES, LAURA",BANCO SIMEON,92,6,"15,33"
1997,"VALERO CEBRIAN, PILAR",BANCO SIMEON,91,6,"15,17"
1997,"VALDEMORO MADARIAGA, AMAYA",POOL GETAFE,73,5,"14,6"
1997,"---, HEIKE MARIA",POOL GETAFE,70,5,14
1997,"JEKABSONE, ANDA",BANCO SIMEON,79,6,"13,17"
1997,"RODRIGUEZ TOLEDO, ORANDA",SANDRA G. CANARIA,24,2,12
1997,"ZASSOULSKAYA, NATALIA",POOL GETAFE,57,5,"11,4"
1997,"PELAEZ SAN GIL, LOURDES",SANDRA G. CANARIA,20,2,10
1997,"MIRCHANDANI VILLAR, LIDIA",SANDRA G. CANARIA,15,2,"7,5"
1997,"PONS MOLINA, INGRID",UNIVERSITARI,21,3,7
1997,"GALLEGO VICARIO, SANDRA",UNIVERSITARI,21,3,7
1997,"XANTAL SERRET, Mª DEL MAR",BANCO SIMEON,39,6,"6,5"
1997,"HEMERY, DEBBIE MICHELLE",POOL GETAFE,32,5,"6,4"
1997,"ODEUS, ASA MARIANNE",POOL GETAFE,12,2,6
1997,"PALAU ALTES, LAIA",UNIVERSITARI,16,3,"5,33"
1997,"SANCHEZ ORTEGA, PALOMA",BANCO SIMEON,28,6,"4,67"
1997,"GAMON HERNANDEZ, ASUNCION",SANDRA G. CANARIA,9,2,"4,5"
1997,"JACKSON, BRENETHA TRISE",POOL GETAFE,21,5,"4,2"
1997,"FONTS MATEO, NURIA",UNIVERSITARI,12,3,4
1997,"ALAMO GONZALEZ, ELENA",SANDRA G. CANARIA,7,2,"3,5"
1997,"GUERRA TALAVERA, TARINA MARIA",SANDRA G. CANARIA,2,2,1
1997,"NAVARRO VIERA, YASMINA",SANDRA G. CANARIA,1,1,1
1997,"PEÑA LESMES, SANDRA",UNIVERSITARI,1,1,1
1997,"VILLAR FERNANDEZ, IRIA",BANCO SIMEON,3,6,"0,5"
1997,"KOSTIC, TANJA NATASA",POOL GETAFE,-2,4,"-0,5"
1997,"GARCIA MARTIN, ALICIA",BANCO SIMEON,-1,2,"-0,5"
