Temporada,Jugador,Equipo,Tot,Part,Med
2024,"COULIBALY, MARIAM ALOU",CLUB JOVENTUT BADALONA,3,2,"1,5"
2024,"DEMBELE, GNERE ALIMA",CLUB JOVENTUT BADALONA,2,2,1
2024,"BUHNER, FRIEDA MIZZI",MOVISTAR ESTUDIANTES,2,2,1
2024,"TOPUZOVIC, KRISTINA",MOVISTAR ESTUDIANTES,1,1,1
2024,"LÓPEZ-SÉNÉCHAL, LOU",HOZONO GLOBAL JAIRIS,2,2,1
2024,"LUNDQUIST, KLARA MARIA SUSSANE",SPAR GIRONA,3,4,"0,75"
2024,"CARTER, ARICA DERRIS",PERFUMERIAS AVENIDA,3,4,"0,75"
2024,"PUEYO MELCHOR, HELENA",CASADEMONT ZARAGOZA,3,5,"0,6"
2024,"MAVUNGA, TAFADZWA STEPHANIE PAULA",VALENCIA B.C.,3,5,"0,6"
2024,"ALEXANDER, KAYLA JANINE",VALENCIA B.C.,3,5,"0,6"
2024,"CRUZ LEBRATO, ANNA",CLUB JOVENTUT BADALONA,1,2,"0,5"
2024,"SANTIBAÑEZ HERRERO, INES",CLUB JOVENTUT BADALONA,1,2,"0,5"
2024,"MESTRES RICART, GALA",BAXI FERROL,1,2,"0,5"
2024,"VENNEMA, IRIS",CLUB JOVENTUT BADALONA,1,2,"0,5"
2024,"ELDEBRINK, FRIDA",HOZONO GLOBAL JAIRIS,1,2,"0,5"
2024,"WHITTLE, MARENA JOSEPHINE",MOVISTAR ESTUDIANTES,1,2,"0,5"
2024,"IAGUPOVA, ALINA",VALENCIA B.C.,2,4,"0,5"
2024,"GRAY, RESHANDA JACQUETA",HOZONO GLOBAL JAIRIS,1,2,"0,5"
2024,"MATAIX GUILL, ANGELA",BAXI FERROL,1,2,"0,5"
2024,"MASSEY, BILLIE KIM",HOZONO GLOBAL JAIRIS,1,2,"0,5"
2024,"LATORRE ALCANTARA, ISABEL",MOVISTAR ESTUDIANTES,1,2,"0,5"
2024,"HEMPE, MERRIT RAMONA",CASADEMONT ZARAGOZA,2,5,"0,4"
2024,"GIL COLLADO, LAURA",PERFUMERIAS AVENIDA,1,4,"0,25"
2024,"MARTIN CARRION, IYANA",PERFUMERIAS AVENIDA,1,4,"0,25"
2024,"JANKOVIC, MASA",PERFUMERIAS AVENIDA,1,4,"0,25"
2024,"PIERRE LOUIS, VIONISE ARON'S",SPAR GIRONA,1,4,"0,25"
2024,"DOMINGUEZ FERNANDEZ, SILVIA",PERFUMERIAS AVENIDA,1,4,"0,25"
2024,"YGUERAVIDE VIANA, SANDRA",SPAR GIRONA,1,4,"0,25"
2024,"TORRENS SALOM, ALBA",VALENCIA B.C.,1,5,"0,2"
2024,"TURNER, YVONNE NICOLE",VALENCIA B.C.,1,5,"0,2"
2024,"COULIBALY, MARIAM ALOU",CLUB JOVENTUT BADALONA,3,2,"1,5"
2024,"DEMBELE, GNERE ALIMA",CLUB JOVENTUT BADALONA,2,2,1
2024,"BUHNER, FRIEDA MIZZI",MOVISTAR ESTUDIANTES,2,2,1
2024,"TOPUZOVIC, KRISTINA",MOVISTAR ESTUDIANTES,1,1,1
2024,"LÓPEZ-SÉNÉCHAL, LOU",HOZONO GLOBAL JAIRIS,2,2,1
2024,"LUNDQUIST, KLARA MARIA SUSSANE",SPAR GIRONA,3,4,"0,75"
2024,"CARTER, ARICA DERRIS",PERFUMERIAS AVENIDA,3,4,"0,75"
2024,"PUEYO MELCHOR, HELENA",CASADEMONT ZARAGOZA,3,5,"0,6"
2024,"MAVUNGA, TAFADZWA STEPHANIE PAULA",VALENCIA B.C.,3,5,"0,6"
2024,"ALEXANDER, KAYLA JANINE",VALENCIA B.C.,3,5,"0,6"
2024,"CRUZ LEBRATO, ANNA",CLUB JOVENTUT BADALONA,1,2,"0,5"
2024,"SANTIBAÑEZ HERRERO, INES",CLUB JOVENTUT BADALONA,1,2,"0,5"
2024,"MESTRES RICART, GALA",BAXI FERROL,1,2,"0,5"
2024,"VENNEMA, IRIS",CLUB JOVENTUT BADALONA,1,2,"0,5"
2024,"ELDEBRINK, FRIDA",HOZONO GLOBAL JAIRIS,1,2,"0,5"
2024,"WHITTLE, MARENA JOSEPHINE",MOVISTAR ESTUDIANTES,1,2,"0,5"
2024,"IAGUPOVA, ALINA",VALENCIA B.C.,2,4,"0,5"
2024,"GRAY, RESHANDA JACQUETA",HOZONO GLOBAL JAIRIS,1,2,"0,5"
2024,"MATAIX GUILL, ANGELA",BAXI FERROL,1,2,"0,5"
2024,"MASSEY, BILLIE KIM",HOZONO GLOBAL JAIRIS,1,2,"0,5"
2024,"LATORRE ALCANTARA, ISABEL",MOVISTAR ESTUDIANTES,1,2,"0,5"
2024,"HEMPE, MERRIT RAMONA",CASADEMONT ZARAGOZA,2,5,"0,4"
2024,"GIL COLLADO, LAURA",PERFUMERIAS AVENIDA,1,4,"0,25"
2024,"MARTIN CARRION, IYANA",PERFUMERIAS AVENIDA,1,4,"0,25"
2024,"JANKOVIC, MASA",PERFUMERIAS AVENIDA,1,4,"0,25"
2024,"PIERRE LOUIS, VIONISE ARON'S",SPAR GIRONA,1,4,"0,25"
2024,"DOMINGUEZ FERNANDEZ, SILVIA",PERFUMERIAS AVENIDA,1,4,"0,25"
2024,"YGUERAVIDE VIANA, SANDRA",SPAR GIRONA,1,4,"0,25"
2024,"TORRENS SALOM, ALBA",VALENCIA B.C.,1,5,"0,2"
2024,"TURNER, YVONNE NICOLE",VALENCIA B.C.,1,5,"0,2"
2023,"PRIETO MARTINEZ, ALBA",IDK EUSKOTREN,2,2,1
2023,"HOWARD, LAURA RACHEL",BAXI FERROL,2,2,1
2023,"KONE , SIKA",PERFUMERIAS AVENIDA,4,6,"0,67"
2023,"KONIG, AISLINN CHIA PI",HOZONO GLOBAL JAIRIS,1,2,"0,5"
2023,"ORTIZ VIVES, MARIONA",CASADEMONT ZARAGOZA,2,4,"0,5"
2023,"ESPAÑA ALMENDRO, MARIA",IDK EUSKOTREN,1,2,"0,5"
2023,"GONZALEZ DUARTE , LARA",IDK EUSKOTREN,1,2,"0,5"
2023,"HORVAT, CHANTEL ANAIS",HOZONO GLOBAL JAIRIS,1,2,"0,5"
2023,"RODRIGUEZ MANSO, LEONOR DEL PILAR",PERFUMERIAS AVENIDA,3,6,"0,5"
2023,"MENDEZ CAMPS, LAURA",MOVISTAR ESTUDIANTES,1,2,"0,5"
2023,"REMBISZEWSKA, AMALIA",HOZONO GLOBAL JAIRIS,1,2,"0,5"
2023,"MATAIX GUILL, ANGELA",BAXI FERROL,1,2,"0,5"
2023,"CAMILION CUCCARO, JUANA",MOVISTAR ESTUDIANTES,1,2,"0,5"
2023,"WHALEN, ERIN PATRICIA",IDK EUSKOTREN,1,2,"0,5"
2023,"MAWULI, STEPHANIE",MOVISTAR ESTUDIANTES,1,2,"0,5"
2023,"ATKINSON, TANAYA MECHELLE",CASADEMONT ZARAGOZA,1,3,"0,33"
2023,"NICHOLSON, LAUREN MARIE",SPAR GIRONA,1,3,"0,33"
2023,"GIL COLLADO, LAURA",PERFUMERIAS AVENIDA,2,6,"0,33"
2023,"TORRENS SALOM, ALBA",VALENCIA B.C.,1,4,"0,25"
2023,"LOPEZ RODRIGUEZ, AINHOA",SPAR GIRONA,1,4,"0,25"
2023,"GELDOF, SERENA LYNN PETRA",CASADEMONT ZARAGOZA,1,4,"0,25"
2023,"ERAUNCETAMURGIL AYESTARAN, MARIA",VALENCIA B.C.,1,5,"0,2"
2023,"HEMPE, MERRIT RAMONA",VALENCIA B.C.,1,6,"0,17"
2023,"PRINCE , ALEXIS SADE",PERFUMERIAS AVENIDA,1,6,"0,17"
2023,"DELAERE, ANTONIA LAURA A.",PERFUMERIAS AVENIDA,1,6,"0,17"
2023,"FINGALL, NADIA ANGELIQUE",VALENCIA B.C.,1,6,"0,17"
2023,"ÇAKIR TURGUT, OLCAY",PERFUMERIAS AVENIDA,1,6,"0,17"
2022,"GARDNER, REBEKA JASMINE",SPAR GIRONA,3,2,"1,5"
2022,"MASSEY, BILLIE KIM",MOVISTAR ESTUDIANTES,2,2,1
2022,"TOLO, MARIANNA",SPAR GIRONA,1,1,1
2022,"ERAUNCETAMURGIL AYESTARAN, MARIA",MOVISTAR ESTUDIANTES,2,2,1
2022,"OMA GIRALT, HELENA",CASADEMONT ZARAGOZA,3,4,"0,75"
2022,"TUNSTULL, JEWEL JOYCE DIAMNOD",CADI LA SEU,1,2,"0,5"
2022,"REISINGEROVA , JULIA SUSSANE",PERFUMERIAS AVENIDA,3,6,"0,5"
2022,"FINGALL, NADIA ANGELIQUE",MOVISTAR ESTUDIANTES,1,2,"0,5"
2022,"WATTS, STEPHANIE COURTNEY",CADI LA SEU,1,2,"0,5"
2022,"BAHI BLANQUERA, GEORGINA",CADI LA SEU,1,2,"0,5"
2022,"YGUERAVIDE VIANA, SANDRA",LOINTEK GERNIKA BIZKAIA,1,2,"0,5"
2022,"TATE, IMANI TY LEAH",CASADEMONT ZARAGOZA,2,4,"0,5"
2022,"MENDEZ CAMPS, LAURA",MOVISTAR ESTUDIANTES,1,2,"0,5"
2022,"PALENIKOVA, TEREZIA",SPAR GIRONA,1,2,"0,5"
2022,"BUCH ROSELL, ROSO",LOINTEK GERNIKA BIZKAIA,1,2,"0,5"
2022,"RAVENTOS ROIG, LAIA",CADI LA SEU,1,2,"0,5"
2022,"MOLLENHAUER, ALEXANDRA JOY",MOVISTAR ESTUDIANTES,1,2,"0,5"
2022,"BURDICK, CASSIDIE CIERRA",VALENCIA B.C.,2,6,"0,33"
2022,"CAZORLA MEDINA, MARIA TERESA",PERFUMERIAS AVENIDA,2,6,"0,33"
2022,"FASOULA, MARIA EMMANOUELA",PERFUMERIAS AVENIDA,2,6,"0,33"
2022,"CRUZ LEBRATO, ANNA",BARÇA CBS,1,4,"0,25"
2022,"CANELLA RODRIGUEZ, MARTA",BARÇA CBS,1,4,"0,25"
2022,"HAMBLIN, RUTH ELIZABETH",BARÇA CBS,1,4,"0,25"
2022,"GUERRERO ALCANTARA, CAROLINA",BARÇA CBS,1,4,"0,25"
2022,"GATLING, MARKEISHA CHERTE",CASADEMONT ZARAGOZA,1,4,"0,25"
2022,"BUENAVIDA ESTEVEZ, ELENA",VALENCIA B.C.,1,5,"0,2"
2022,"COX, LAUREN ELIZABETH",VALENCIA B.C.,1,6,"0,17"
2022,"SALVADORES ALVAREZ, ANGELA",VALENCIA B.C.,1,6,"0,17"
2022,"VILARO ARAGONES, ANDREA",PERFUMERIAS AVENIDA,1,6,"0,17"
2022,"TORRENS SALOM, ALBA",VALENCIA B.C.,1,6,"0,17"
2021,"COULIBALY, MARIAM ALOU",IDK EUSKOTREN,4,2,2
2021,"CALHOUN, SIERRA LASHE",CASADEMONT ZARAGOZA,3,2,"1,5"
2021,"GARDNER, REBEKA JASMINE",SPAR GIRONA,4,3,"1,33"
2021,"SILVA SERRANO , ROSELIS CAROLINA",LOINTEK GERNIKA BIZKAIA,2,2,1
2021,"CARRERA QUINTANA, RAQUEL",VALENCIA B.C.,4,6,"0,67"
2021,"ROUNDTREE, MARGARET YVETTE",LOINTEK GERNIKA BIZKAIA,1,2,"0,5"
2021,"ORTIZ VIVES, MARIONA",MOVISTAR ESTUDIANTES,1,2,"0,5"
2021,"FINGALL, NADIA ANGELIQUE",MOVISTAR ESTUDIANTES,1,2,"0,5"
2021,"DIAZ CASTELLANO, YURENA",IDK EUSKOTREN,1,2,"0,5"
2021,"LLORENTE, VICTORIA",MOVISTAR ESTUDIANTES,1,2,"0,5"
2021,"FLORES COSTA, LAIA",SPAR GIRONA,2,4,"0,5"
2021,"PEREZ ARAUJO, MARIA",SPAR GIRONA,2,4,"0,5"
2021,"DIALLO DIENG , UMO DIALLO",MOVISTAR ESTUDIANTES,1,2,"0,5"
2021,"TRAHAN DAVIS, CELESTE",VALENCIA B.C.,3,6,"0,5"
2021,"LABUCKIENE, GIEDRE",SPAR GIRONA,2,4,"0,5"
2021,"BROWN , JOY ALEXIS",IDK EUSKOTREN,1,2,"0,5"
2021,"PIVEC, MIKAYLA DENALI",CADI LA SEU,2,4,"0,5"
2021,"REISINGEROVA , JULIA SUSSANE",SPAR GIRONA,2,4,"0,5"
2021,"RODRIGUEZ MANSO, LEONOR DEL PILAR",PERFUMERIAS AVENIDA,2,6,"0,33"
2021,"COPPER, KAHLEAH LAFEESA BUTLER",PERFUMERIAS AVENIDA,2,6,"0,33"
2021,"SALVADORES ALVAREZ, ANGELA",VALENCIA B.C.,2,6,"0,33"
2021,"LUKACOVICOVA, KLAUDIA",CADI LA SEU,1,4,"0,25"
2021,"BURKE, KENNEDY VALENTINE",SPAR GIRONA,1,4,"0,25"
2021,"TUNSTULL, JEWEL JOYCE DIAMNOD",CADI LA SEU,1,4,"0,25"
2021,"STRAUTMANE, PAULA",CADI LA SEU,1,4,"0,25"
2021,"DOMINGUEZ FERNANDEZ, SILVIA",PERFUMERIAS AVENIDA,1,6,"0,17"
2021,"ROMERO GONZALEZ, LETICIA",VALENCIA B.C.,1,6,"0,17"
2021,"FASOULA, MARIA EMMANOUELA",PERFUMERIAS AVENIDA,1,6,"0,17"
2021,"GULICH, MARIE ISABELLE",VALENCIA B.C.,1,6,"0,17"
2020,"N'DIAYE, DJENEBA",SPAR GRAN CANARIA,3,2,"1,5"
2020,"KONE , SIKA",SPAR GRAN CANARIA,2,2,1
2020,"CORNELIUS, LAURA",LOINTEK GERNIKA BIZKAIA,2,4,"0,5"
2020,"TAYLOR, SPARKLE SHEANNA",SPAR GRAN CANARIA,1,2,"0,5"
2020,"BURANI, AGOSTINA PAOLA",MOVISTAR ESTUDIANTES,1,2,"0,5"
2020,"ARIZTIMUÑO LOPEZ , ITZIAR",LOINTEK GERNIKA BIZKAIA,2,4,"0,5"
2020,"KNIGHT, LESLIE FAYE",MOVISTAR ESTUDIANTES,1,2,"0,5"
2020,"BRITO HERNANDEZ, CARLA",SPAR GRAN CANARIA,1,2,"0,5"
2020,"SAMUELSON, KATIE LOU",PERFUMERIAS AVENIDA,3,7,"0,43"
2020,"HAYES, RENARA TIFFANY",PERFUMERIAS AVENIDA,2,5,"0,4"
2020,"CARRERA QUINTANA, RAQUEL",VALENCIA B.C.,2,7,"0,29"
2020,"DOMINGUEZ FERNANDEZ, SILVIA",PERFUMERIAS AVENIDA,2,7,"0,29"
2020,"LABUCKIENE, GIEDRE",SPAR GIRONA,1,4,"0,25"
2020,"REISINGEROVA , JULIA SUSSANE",SPAR GIRONA,1,4,"0,25"
2020,"ELDEBRINK, FRIDA",SPAR GIRONA,1,4,"0,25"
2020,"FERRARI CALABRO, PAOLA ANDREA",SPAR GIRONA,1,4,"0,25"
2020,"ALARIE, ISABELLA AUGUSTINE",PERFUMERIAS AVENIDA,1,7,"0,14"
2020,"MILIC, NIKOLINA",PERFUMERIAS AVENIDA,1,7,"0,14"
2020,"HOF, EMESE EVA",PERFUMERIAS AVENIDA,1,7,"0,14"
2020,"OUVIÑA MODREGO, CRISTINA",VALENCIA B.C.,1,7,"0,14"
2019,"RICHARDS, SHEREESHA NATHESHA",DURÁN MAQUINARIA ENSINO,2,1,2
2019,"DINKINS, BRITTANY",DURÁN MAQUINARIA ENSINO,1,1,1
2019,"PUJOL LLUCH, ARIADNA",CADI LA SEU,1,1,1
2019,"SEDA, TAMARA ADELAIDE JOSE CAMACHO",RPK ARASKI,2,2,1
2019,"ASURMENDI VILLAVERDE, MARIA DEL CARMEN",RPK ARASKI,2,2,1
2019,"LIZARAZU HERRERA, MARINA",CADI LA SEU,1,1,1
2019,"NOGIC, JOVANA",CADI LA SEU,1,1,1
2019,"WIESE, SYDNEY ROSE",CADI LA SEU,1,1,1
2019,"MILIC, NIKOLINA",LOINTEK GERNIKA BIZKAIA,1,1,1
2019,"BROWN , JOY ALEXIS",VALENCIA B.C.,2,2,1
2019,"NYINGIFA, ATONYE JENNIFER",DURÁN MAQUINARIA ENSINO,1,1,1
2019,"VITOLA, KRISTINE",PERFUMERIAS AVENIDA,2,3,"0,67"
2019,"CASAS CARRERAS, QUERALT",VALENCIA B.C.,1,2,"0,5"
2019,"CARRERA QUINTANA, RAQUEL",RPK ARASKI,1,2,"0,5"
2019,"MARTINEZ PRAT, NURIA",SPAR CITYLIFT GIRONA,1,3,"0,33"
2019,"BISHOP, ABBY KATE",SPAR CITYLIFT GIRONA,1,3,"0,33"
2019,"SAMUELSON, KARLIE ANNE",PERFUMERIAS AVENIDA,1,3,"0,33"
2019,"GIL COLLADO, LAURA",PERFUMERIAS AVENIDA,1,3,"0,33"
2019,"LOYD, JEWELL BLESSING",PERFUMERIAS AVENIDA,1,3,"0,33"
2019,"ELONU, ADAORA NNENNA",SPAR CITYLIFT GIRONA,1,3,"0,33"
2019,"DOMINGUEZ FERNANDEZ, SILVIA",PERFUMERIAS AVENIDA,1,3,"0,33"
2019,"MENDY , MAGALI",SPAR CITYLIFT GIRONA,1,3,"0,33"
2018,"FLORES COSTA, LAIA",MANN-FILTER CASABLANCA,3,2,"1,5"
2018,"GIMENO MARTINEZ, VEGA",MANN-FILTER CASABLANCA,2,2,1
2018,"BRKIC, IVA",IDK GIPUZKOA,3,3,1
2018,"VANDERWAL, RACHAEL  ANN",LOINTEK GERNIKA BIZKAIA,2,3,"0,67"
2018,"WEAVER, LYNDRA SHAJUAN",IDK GIPUZKOA,2,3,"0,67"
2018,"DAVIS, JORI N.",VALENCIA B.C.,3,5,"0,6"
2018,"RICHARDS, SHEREESHA NATHESHA",CADI LA SEU,3,5,"0,6"
2018,"MONTOLIU MATIAS, MARTA",MANN-FILTER CASABLANCA,1,2,"0,5"
2018,"ROBERSON, BRIANA ALBERTA",RPK ARASKI,1,2,"0,5"
2018,"GARCIA URLEZAGA, IZASKUN",RPK ARASKI,1,2,"0,5"
2018,"EDWARDS, ARIEL JOY",RPK ARASKI,1,2,"0,5"
2018,"URBANIAK -DORNSTAUDER, QUINN  ASIA",MANN-FILTER CASABLANCA,1,2,"0,5"
2018,"GIL COLLADO, LAURA",PERFUMERIAS AVENIDA,3,6,"0,5"
2018,"DIAZ CASTELLANO, YURENA",CADI LA SEU,2,5,"0,4"
2018,"ETXARRI MUNARRIZ, IRATI",CADI LA SEU,2,5,"0,4"
2018,"MOORE, TINARA NICOLE",VALENCIA B.C.,2,5,"0,4"
2018,"BROWN , JOY ALEXIS",VALENCIA B.C.,2,5,"0,4"
2018,"PUJOL LLUCH, ARIADNA",CADI LA SEU,2,5,"0,4"
2018,"BAHI BLANQUERA, GEORGINA",CADI LA SEU,2,5,"0,4"
2018,"ROUNDTREE, MARGARET YVETTE",LOINTEK GERNIKA BIZKAIA,1,3,"0,33"
2018,"ELDEBRINK, ELIN",PERFUMERIAS AVENIDA,2,6,"0,33"
2018,"LOYD, JEWELL BLESSING",PERFUMERIAS AVENIDA,2,6,"0,33"
2018,"GIVENS , KRISI TIJANA",PERFUMERIAS AVENIDA,2,6,"0,33"
2018,"REISINGEROVA , JULIA SUSSANE",SPAR CITYLIFT GIRONA,2,6,"0,33"
2018,"HEMPE, MERRIT RAMONA",CADI LA SEU,1,5,"0,2"
2018,"BETTENCOURT CORREIA, MARIA JOAO",VALENCIA B.C.,1,5,"0,2"
2018,"PINA TOLOSA, MARIA",VALENCIA B.C.,1,5,"0,2"
2018,"KRAKER, MEHRYN DONEGAN",CADI LA SEU,1,5,"0,2"
2018,"VILARO ARAGONES, ANDREA",CADI LA SEU,1,5,"0,2"
2018,"PIERRE LOUIS, VIONISE ARON'S",SPAR CITYLIFT GIRONA,1,5,"0,2"
2018,"FLORES COSTA, LAIA",MANN-FILTER CASABLANCA,3,2,"1,5"
2018,"GIMENO MARTINEZ, VEGA",MANN-FILTER CASABLANCA,2,2,1
2018,"BRKIC, IVA",IDK GIPUZKOA,3,3,1
2018,"VANDERWAL, RACHAEL  ANN",LOINTEK GERNIKA BIZKAIA,2,3,"0,67"
2018,"WEAVER, LYNDRA SHAJUAN",IDK GIPUZKOA,2,3,"0,67"
2018,"DAVIS, JORI N.",VALENCIA B.C.,3,5,"0,6"
2018,"RICHARDS, SHEREESHA NATHESHA",CADI LA SEU,3,5,"0,6"
2018,"MONTOLIU MATIAS, MARTA",MANN-FILTER CASABLANCA,1,2,"0,5"
2018,"ROBERSON, BRIANA ALBERTA",RPK ARASKI,1,2,"0,5"
2018,"GARCIA URLEZAGA, IZASKUN",RPK ARASKI,1,2,"0,5"
2018,"EDWARDS, ARIEL JOY",RPK ARASKI,1,2,"0,5"
2018,"URBANIAK -DORNSTAUDER, QUINN  ASIA",MANN-FILTER CASABLANCA,1,2,"0,5"
2018,"GIL COLLADO, LAURA",PERFUMERIAS AVENIDA,3,6,"0,5"
2018,"DIAZ CASTELLANO, YURENA",CADI LA SEU,2,5,"0,4"
2018,"ETXARRI MUNARRIZ, IRATI",CADI LA SEU,2,5,"0,4"
2018,"MOORE, TINARA NICOLE",VALENCIA B.C.,2,5,"0,4"
2018,"BROWN , JOY ALEXIS",VALENCIA B.C.,2,5,"0,4"
2018,"PUJOL LLUCH, ARIADNA",CADI LA SEU,2,5,"0,4"
2018,"BAHI BLANQUERA, GEORGINA",CADI LA SEU,2,5,"0,4"
2018,"ROUNDTREE, MARGARET YVETTE",LOINTEK GERNIKA BIZKAIA,1,3,"0,33"
2018,"ELDEBRINK, ELIN",PERFUMERIAS AVENIDA,2,6,"0,33"
2018,"LOYD, JEWELL BLESSING",PERFUMERIAS AVENIDA,2,6,"0,33"
2018,"GIVENS , KRISI TIJANA",PERFUMERIAS AVENIDA,2,6,"0,33"
2018,"REISINGEROVA , JULIA SUSSANE",SPAR CITYLIFT GIRONA,2,6,"0,33"
2018,"HEMPE, MERRIT RAMONA",CADI LA SEU,1,5,"0,2"
2018,"BETTENCOURT CORREIA, MARIA JOAO",VALENCIA B.C.,1,5,"0,2"
2018,"PINA TOLOSA, MARIA",VALENCIA B.C.,1,5,"0,2"
2018,"KRAKER, MEHRYN DONEGAN",CADI LA SEU,1,5,"0,2"
2018,"VILARO ARAGONES, ANDREA",CADI LA SEU,1,5,"0,2"
2018,"PIERRE LOUIS, VIONISE ARON'S",SPAR CITYLIFT GIRONA,1,5,"0,2"
2017,"CALDWELL , TALIA ADAIAH",LOINTEK GERNIKA BIZKAIA,14,19,"0,74"
2017,"GIDDEN, VANESSA NICOLE",CAMPUS PROMETE LF1,14,19,"0,74"
2017,"BROWN , BRITTANY DANIELLE",EMBUTIDOS PAJARIEL BEMBIBRE PD,19,26,"0,73"
2017,"IVEZIC, JELENA",QUESOS EL PASTOR,12,18,"0,67"
2017,"ALLEYNE, JILLIAN CHANTEL",IDK GIPUZKOA,14,22,"0,64"
2017,"COOPER, SHAYLA JONIQUE",NISSAN  AL-QÁZERES EXTREMADURA,10,16,"0,63"
2017,"PEREZ ARAUJO, MARIA",STAR CENTER-UNI FERROL,16,26,"0,62"
2017,"BROWN , JOY ALEXIS",NISSAN  AL-QÁZERES EXTREMADURA,14,26,"0,54"
2017,"BARBEE, SHACOBIA SHAUNTE",MANN-FILTER,13,26,"0,5"
2017,"WEAVER, LYNDRA SHAJUAN",IDK GIPUZKOA,12,26,"0,46"
2017,"VEGA REBORA, GISELA VERONICA",QUESOS EL PASTOR,8,18,"0,44"
2017,"SELBY, SHAYANN RAQUEL",MOVISTAR ESTUDIANTES,8,18,"0,44"
2017,"BUTLER, BRIANNA",QUESOS EL PASTOR,10,26,"0,38"
2017,"FORSTER, JULIA CHRISTINE",LACTURALE ART ARASKI,10,26,"0,38"
2017,"SARR, OUMOUL KHAIRY",IDK GIPUZKOA,10,26,"0,38"
2017,"GARCIA URLEZAGA, IZASKUN",LACTURALE ART ARASKI,9,25,"0,36"
2017,"ELONU, ADAORA NNENNA",PERFUMERIAS AVENIDA,9,26,"0,35"
2017,"ETXARRI MUNARRIZ, IRATI",LACTURALE ART ARASKI,9,26,"0,35"
2017,"SCOTT, JAMIE GRACE",STAR CENTER-UNI FERROL,9,26,"0,35"
2017,"LIZARAZU HERRERA, MARINA",QUESOS EL PASTOR,9,26,"0,35"
2017,"RICHARDS, SHEREESHA NATHESHA",CADI LA SEU,9,26,"0,35"
2017,"KNIGHT, LESLIE FAYE",CAMPUS PROMETE LF1,7,21,"0,33"
2017,"GIL COLLADO, LAURA",PERFUMERIAS AVENIDA,6,19,"0,32"
2017,"TUDANCA ACEDO, MARTA",LACTURALE ART ARASKI,6,19,"0,32"
2017,"SOLER SUAREZ, PATRICIA",MOVISTAR ESTUDIANTES,7,22,"0,32"
2017,"GONZALEZ DUARTE , LARA",IDK GIPUZKOA,8,26,"0,31"
2017,"GONZALEZ PROPIN, MARIANA",MOVISTAR ESTUDIANTES,8,26,"0,31"
2017,"MONTENEGRO SANTANA, RITA ESTHER",NISSAN  AL-QÁZERES EXTREMADURA,8,26,"0,31"
2017,"ABALDE DIAZ, TAMARA",MANN-FILTER,8,26,"0,31"
2017,"DIAZ CASTELLANO, YURENA",CADI LA SEU,8,26,"0,31"
2017,"BAHI BLANQUERA, GEORGINA",CADI LA SEU,3,19,"0,16"
2017,"ROMEO, NICOLE ELAINE",SPAR CITYLIFT GIRONA,4,25,"0,16"
2017,"STANACEV , ALEKSANDRA",EMBUTIDOS PAJARIEL BEMBIBRE PD,4,26,"0,15"
2017,"MENENDEZ ANTOLI, CELIA MARIA",MOVISTAR ESTUDIANTES,4,26,"0,15"
2017,"ALIAGA ROMERO, LAURA",EMBUTIDOS PAJARIEL BEMBIBRE PD,4,26,"0,15"
2017,"QUEVEDO CAÑIZARES, LAURA",NISSAN  AL-QÁZERES EXTREMADURA,2,13,"0,15"
2017,"PASCUA SUAREZ, MARÍA LUCILA",MANN-FILTER,4,26,"0,15"
2017,"EVANS, SHANTE MARIE",SPAR CITYLIFT GIRONA,4,26,"0,15"
2017,"MAJSTOROVIC, ANJA",QUESOS EL PASTOR,3,22,"0,14"
2017,"PARDO HERVIAS, LAURA",LACTURALE ART ARASKI,3,22,"0,14"
2017,"MOSS, DANDRA YUVETT",PERFUMERIAS AVENIDA,3,23,"0,13"
2017,"OMA GIRALT, HELENA",CADI LA SEU,2,16,"0,13"
2017,"MESTDAGH, KIM",PERFUMERIAS AVENIDA,2,16,"0,13"
2017,"QUIRANTE MARTINEZ, ALEJANDRA",MOVISTAR ESTUDIANTES,3,26,"0,12"
2017,"ALDALUR SOTO, ANE MIREN",LACTURALE ART ARASKI,3,26,"0,12"
2017,"CORRALES BOHOYO, ELENA",NISSAN  AL-QÁZERES EXTREMADURA,3,26,"0,12"
2017,"LAHUERTA MENDOZA, IRENE",MANN-FILTER,3,26,"0,12"
2017,"SAN ROMAN FLORES, IRENE",MOVISTAR ESTUDIANTES,3,26,"0,12"
2017,"GIVENS , KRISI TIJANA",PERFUMERIAS AVENIDA,3,25,"0,12"
2017,"MENDY , MAGALI",SPAR CITYLIFT GIRONA,3,25,"0,12"
2017,"CLARET GILABERTE, MARTA",SNATT´S FEMENÍ SANT ADRIÁ,3,25,"0,12"
2017,"ADURIZ HERNANI, ONINTZA",IDK GIPUZKOA,3,26,"0,12"
2017,"VANDERWAL, RACHAEL  ANN",STAR CENTER-UNI FERROL,3,25,"0,12"
2017,"GOMES DA SILVA, SOFIA CAROLINA",CAMPUS PROMETE LF1,3,26,"0,12"
2017,"DIALLO DIENG , UMO DIALLO",LACTURALE ART ARASKI,3,26,"0,12"
2017,"ERAUNCETAMURGIL AYESTARAN, MARIA",IDK GIPUZKOA,2,20,"0,1"
2017,"AGIRRE MUÑOZ, ARRATE",LACTURALE ART ARASKI,2,23,"0,09"
2017,"NDOYE, BINETA",EMBUTIDOS PAJARIEL BEMBIBRE PD,2,22,"0,09"
2017,"PRINCE , ALEXIS SADE",STAR CENTER-UNI FERROL,2,26,"0,08"
2017,"CALVO DIAZ, ANA BEGOÑA",STAR CENTER-UNI FERROL,2,26,"0,08"
2017,"VILARO ARAGONES, ANDREA",CADI LA SEU,2,25,"0,08"
2017,"SANCHEZ MARRUFO, BEATRIZ",STAR CENTER-UNI FERROL,2,25,"0,08"
2017,"GARCIA PAUNERO, CELIA",QUESOS EL PASTOR,2,25,"0,08"
2017,"ASTROM , ELLEN LOVISA",EMBUTIDOS PAJARIEL BEMBIBRE PD,2,26,"0,08"
2017,"LOPEZ VIVES, HELENA",SNATT´S FEMENÍ SANT ADRIÁ,2,26,"0,08"
2017,"LUCAS , ITALEE MALINA",IDK GIPUZKOA,1,13,"0,08"
2017,"BRKIC, IVA",IDK GIPUZKOA,2,26,"0,08"
2017,"MOLINA PRADOS MARTIN BURO, JUANA MARIA",LOINTEK GERNIKA BIZKAIA,2,25,"0,08"
2017,"ALMINAITE, KRISITINA",SPAR CITYLIFT GIRONA,2,26,"0,08"
2017,"CONDE ALCOLADO, MARIA",SPAR CITYLIFT GIRONA,2,26,"0,08"
2017,"COULIBALY, MARIAM ALOU",SNATT´S FEMENÍ SANT ADRIÁ,2,26,"0,08"
2017,"FORASTE GALOBARDES, MIRIAM",NISSAN  AL-QÁZERES EXTREMADURA,2,26,"0,08"
2017,"DIEZ FERNANDEZ, NAIARA",LOINTEK GERNIKA BIZKAIA,2,26,"0,08"
2017,"MARTINEZ PRAT, NURIA",SPAR CITYLIFT GIRONA,2,26,"0,08"
2017,"GINZO ARANTES, PAULA",MOVISTAR ESTUDIANTES,2,25,"0,08"
2017,"ROIG SOLER, LAURA",SPAR CITYLIFT GIRONA,1,16,"0,06"
2017,"ROMERO GARRIDO, MARÍA",NISSAN  AL-QÁZERES EXTREMADURA,1,16,"0,06"
2017,"ROMERO GARRIDO, SILVIA",NISSAN  AL-QÁZERES EXTREMADURA,1,18,"0,06"
2017,"RODRIGUEZ NUÑEZ, CLARA",MOVISTAR ESTUDIANTES,1,22,"0,05"
2017,"KOVACEVIC, BOJANA",SNATT´S FEMENÍ SANT ADRIÁ,1,23,"0,04"
2017,"HURTADO OBIOLS, CRISTINA",SNATT´S FEMENÍ SANT ADRIÁ,1,23,"0,04"
2017,"LLOBET CODERCH, ITZIAR",SNATT´S FEMENÍ SANT ADRIÁ,1,26,"0,04"
2017,"PINA TOLOSA, MARIA",LOINTEK GERNIKA BIZKAIA,1,26,"0,04"
2017,"ASURMENDI VILLAVERDE, MARIA DEL CARMEN",PERFUMERIAS AVENIDA,1,25,"0,04"
2017,"DELGADO PONTES, MARINA",STAR CENTER-UNI FERROL,1,26,"0,04"
2017,"MARTIN LLAVERIA, MARIONA",NISSAN  AL-QÁZERES EXTREMADURA,1,26,"0,04"
2017,"MONTOLIU MATIAS, MARTA",CADI LA SEU,1,26,"0,04"
2017,"VILARO ARAGONES, ANDREA",CADI LA SEU,2,25,"0,08"
2017,"SANCHEZ MARRUFO, BEATRIZ",STAR CENTER-UNI FERROL,2,25,"0,08"
2017,"GARCIA PAUNERO, CELIA",QUESOS EL PASTOR,2,25,"0,08"
2017,"ASTROM , ELLEN LOVISA",EMBUTIDOS PAJARIEL BEMBIBRE PD,2,26,"0,08"
2017,"LOPEZ VIVES, HELENA",SNATT´S FEMENÍ SANT ADRIÁ,2,26,"0,08"
2017,"LUCAS , ITALEE MALINA",IDK GIPUZKOA,1,13,"0,08"
2017,"BRKIC, IVA",IDK GIPUZKOA,2,26,"0,08"
2017,"MOLINA PRADOS MARTIN BURO, JUANA MARIA",LOINTEK GERNIKA BIZKAIA,2,25,"0,08"
2017,"ALMINAITE, KRISITINA",SPAR CITYLIFT GIRONA,2,26,"0,08"
2017,"CONDE ALCOLADO, MARIA",SPAR CITYLIFT GIRONA,2,26,"0,08"
2017,"COULIBALY, MARIAM ALOU",SNATT´S FEMENÍ SANT ADRIÁ,2,26,"0,08"
2017,"FORASTE GALOBARDES, MIRIAM",NISSAN  AL-QÁZERES EXTREMADURA,2,26,"0,08"
2017,"DIEZ FERNANDEZ, NAIARA",LOINTEK GERNIKA BIZKAIA,2,26,"0,08"
2017,"MARTINEZ PRAT, NURIA",SPAR CITYLIFT GIRONA,2,26,"0,08"
2017,"GINZO ARANTES, PAULA",MOVISTAR ESTUDIANTES,2,25,"0,08"
2017,"ROIG SOLER, LAURA",SPAR CITYLIFT GIRONA,1,16,"0,06"
2017,"ROMERO GARRIDO, MARÍA",NISSAN  AL-QÁZERES EXTREMADURA,1,16,"0,06"
2017,"ROMERO GARRIDO, SILVIA",NISSAN  AL-QÁZERES EXTREMADURA,1,18,"0,06"
2017,"RODRIGUEZ NUÑEZ, CLARA",MOVISTAR ESTUDIANTES,1,22,"0,05"
2017,"KOVACEVIC, BOJANA",SNATT´S FEMENÍ SANT ADRIÁ,1,23,"0,04"
2017,"HURTADO OBIOLS, CRISTINA",SNATT´S FEMENÍ SANT ADRIÁ,1,23,"0,04"
2017,"LLOBET CODERCH, ITZIAR",SNATT´S FEMENÍ SANT ADRIÁ,1,26,"0,04"
2017,"PINA TOLOSA, MARIA",LOINTEK GERNIKA BIZKAIA,1,26,"0,04"
2017,"ASURMENDI VILLAVERDE, MARIA DEL CARMEN",PERFUMERIAS AVENIDA,1,25,"0,04"
2017,"DELGADO PONTES, MARINA",STAR CENTER-UNI FERROL,1,26,"0,04"
2017,"MARTIN LLAVERIA, MARIONA",NISSAN  AL-QÁZERES EXTREMADURA,1,26,"0,04"
2017,"MONTOLIU MATIAS, MARTA",CADI LA SEU,1,26,"0,04"
2016,"IBEKWE, IFUNANYA DEBBIE",SPAR CITYLIFT GIRONA,5,4,"1,25"
2016,"SPANOU, ARTEMIS",SPAR CITYLIFT GIRONA,5,5,1
2016,"PETERS, HALEY MCCLOSKEY",SPAR CITYLIFT GIRONA,4,5,"0,8"
2016,"TUDANCA ACEDO, MARTA",LACTURALE ARASKI,3,4,"0,75"
2016,"BULGAK, ADUT ATEM",IDK GIPUZKOA,2,3,"0,67"
2016,"ADURIZ HERNANI, ONINTZA",IDK GIPUZKOA,2,3,"0,67"
2016,"GIVENS , KRISI TIJANA",PERFUMERIAS AVENIDA,3,5,"0,6"
2016,"CALVO DIAZ, ANA BEGOÑA",STAR CENTER-UNI FERROL,3,5,"0,6"
2016,"OLABARRIA BARINAGARREMENTERIA, IULENE",IDK GIPUZKOA,1,2,"0,5"
2016,"SANDRIC , ANTONIJA",LOINTEK GERNIKA BIZKAIA,1,2,"0,5"
2016,"GARCIA URLEZAGA, IZASKUN",LOINTEK GERNIKA BIZKAIA,1,2,"0,5"
2016,"BUCH ROSELL, ROSO",SPAR CITYLIFT GIRONA,2,5,"0,4"
2016,"RODRIGUEZ MANSO, LEONOR DEL PILAR",SPAR CITYLIFT GIRONA,2,5,"0,4"
2016,"PEREZ ARAUJO, MARIA",STAR CENTER-UNI FERROL,2,5,"0,4"
2016,"SUAREZ UTRERO, ANA MARIA",STAR CENTER-UNI FERROL,2,5,"0,4"
2016,"ROUNDTREE, MARGARET YVETTE",LACTURALE ARASKI,1,3,"0,33"
2016,"MARGINEAN , GABRIELA",PERFUMERIAS AVENIDA,1,4,"0,25"
2016,"VELASCO MARTIN, LAURA",LACTURALE ARASKI,1,4,"0,25"
2016,"VEGA REBORA, GISELA VERONICA",LACTURALE ARASKI,1,4,"0,25"
2016,"ELONU, ADAORA NNENNA",PERFUMERIAS AVENIDA,1,5,"0,2"
2016,"JEFFERSON , LAQUINTA JOY",STAR CENTER-UNI FERROL,1,5,"0,2"
2016,"CABRERA ARGUELLO, PATRICIA",STAR CENTER-UNI FERROL,1,5,"0,2"
2016,"BARBEE, SHACOBIA SHAUNTE",STAR CENTER-UNI FERROL,1,5,"0,2"
2016,"DE SOUZA MACHADO, ERIKA CRISTINA",PERFUMERIAS AVENIDA,1,5,"0,2"
2015,"FERRARI CALABRO, PAOLA ANDREA",MANN-FILTER,3,2,"1,5"
2015,"ZLATANOVA, JAKLIN",MANN-FILTER,2,2,1
2015,"CALDWELL , TALIA ADAIAH",C.B. CONQUERO HUELVA WAGEN,1,1,1
2015,"COULIBALY, NAIGNOUMA",SPAR CITYLIFT GIRONA,4,5,"0,8"
2015,"DOMINGUEZ FERNANDEZ, SILVIA",PERFUMERIAS AVENIDA,3,5,"0,6"
2015,"PASCUA SUAREZ, MARÍA LUCILA",MANN-FILTER,1,2,"0,5"
2015,"OCETE CASTILLO, GABRIELA",MANN-FILTER,1,2,"0,5"
2015,"ESPARCIA OMEDAS, CAROLINA",MANN-FILTER,1,2,"0,5"
2015,"TRAORE, AYA",C.B. CONQUERO HUELVA WAGEN,1,2,"0,5"
2015,"DE SA CASTRO NEVES, CATARINA",C.B. CONQUERO HUELVA WAGEN,1,2,"0,5"
2015,"MARGINEAN , GABRIELA",PERFUMERIAS AVENIDA,2,5,"0,4"
2015,"SPANOU, ARTEMIS",SPAR CITYLIFT GIRONA,2,5,"0,4"
2015,"LUCAS , ITALEE MALINA",SPAR CITYLIFT GIRONA,1,5,"0,2"
2015,"GIVENS , KRISI TIJANA",SPAR CITYLIFT GIRONA,1,5,"0,2"
2015,"KOBRYN , EWELINA KATARZYNA",PERFUMERIAS AVENIDA,1,5,"0,2"
2014,"IBEKWE, IFUNANYA DEBBIE",SPAR CITYLIFT GIRONA,4,4,1
2014,"DE KLEIJN, MARLOU",CADI LA SEU,3,3,1
2014,"CHAMBERS, BRITTANY MARIE",SPAR CITYLIFT GIRONA,4,4,1
2014,"FERNANDEZ FARRES, MARTA",PERFUMERIAS AVENIDA,4,5,"0,8"
2014,"ROBINSON, ANGELICA DANIELLE",PERFUMERIAS AVENIDA,3,5,"0,6"
2014,"DAVIS , CHELSEA MARIA",C.B. CONQUERO HUELVA WAGEN,1,2,"0,5"
2014,"ELONU, ADAORA NNENNA",C.B. CONQUERO HUELVA WAGEN,1,2,"0,5"
2014,"PASCUA SUAREZ, MARÍA LUCILA",C.B. CONQUERO HUELVA WAGEN,1,2,"0,5"
2014,"TANNER, TYRESE LA SHAY",CADI LA SEU,1,3,"0,33"
2014,"HIND, BEN ABDELKADER",CADI LA SEU,1,3,"0,33"
2014,"PEREZ TORRES, TANIA",CADI LA SEU,1,3,"0,33"
2014,"BAHI BLANQUERA, GEORGINA",CADI LA SEU,1,3,"0,33"
2014,"GIDDEN, VANESSA NICOLE",SPAR CITYLIFT GIRONA,1,4,"0,25"
2014,"ORTIZ VIVES, MARIONA",PERFUMERIAS AVENIDA,1,5,"0,2"
2014,"BLE, DOUKOLE VANESSA",PERFUMERIAS AVENIDA,1,5,"0,2"
2014,"RODRIGUEZ MANSO, LEONOR DEL PILAR",PERFUMERIAS AVENIDA,1,5,"0,2"
2014,"XARGAY CASADEMONT, MARTA",PERFUMERIAS AVENIDA,1,5,"0,2"
2014,"REZAN, MARIJA",PERFUMERIAS AVENIDA,1,5,"0,2"
2013,"CHAMBERS, BRITTANY MARIE",GRAN CANARIA 2014,5,3,"1,67"
2013,"LIEPKALNE, DITA",EMBUTIDOS PAJARIEL BEMBIBRE PD,3,3,1
2013,"DAVIS , CHELSEA MARIA",GRAN CANARIA 2014,3,3,1
2013,"GOMEZ IGUAL, ANNA",EMBUTIDOS PAJARIEL BEMBIBRE PD,3,3,1
2013,"BUCH ROSELL, ROSO",EMBUTIDOS PAJARIEL BEMBIBRE PD,2,3,"0,67"
2013,"MONTENEGRO SANTANA, RITA ESTHER",EMBUTIDOS PAJARIEL BEMBIBRE PD,2,3,"0,67"
2013,"DIAZ CASTELLANO, YURENA",GRAN CANARIA 2014,2,3,"0,67"
2013,"GIMENO MARTINEZ, VEGA",RIVAS ECOPOLIS,2,3,"0,67"
2013,"FERNANDEZ FARRES, MARTA",PERFUMERIAS AVENIDA,3,5,"0,6"
2013,"HASSELL, JASMINE",RIVAS ECOPOLIS,3,5,"0,6"
2013,"ELDEBRINK, FRIDA",RIVAS ECOPOLIS,2,5,"0,4"
2013,"NICHOLLS GONZALEZ, LAURA",RIVAS ECOPOLIS,2,5,"0,4"
2013,"PETEVA, DANIELA ROSENOVA",EMBUTIDOS PAJARIEL BEMBIBRE PD,1,3,"0,33"
2013,"NDOYE, BINETA",GRAN CANARIA 2014,1,3,"0,33"
2013,"NDOUR, ASTOU BARRO",GRAN CANARIA 2014,1,3,"0,33"
2013,"MURPHY, ESHAYA MARIE",PERFUMERIAS AVENIDA,1,5,"0,2"
2013,"RODRIGUEZ MANSO, LEONOR DEL PILAR",PERFUMERIAS AVENIDA,1,5,"0,2"
2013,"REZAN, MARIJA",PERFUMERIAS AVENIDA,1,5,"0,2"
2013,"CASAS CARRERAS, QUERALT",RIVAS ECOPOLIS,1,5,"0,2"
2013,"ROBINSON, ANGELICA DANIELLE",PERFUMERIAS AVENIDA,1,5,"0,2"
2013,"HALVARSSON , LOUICE",RIVAS ECOPOLIS,1,5,"0,2"
2012,"CUEVAS MEDIAVILLA, AITANA",BEROIL - CIUDAD DE BURGOS,1,2,"0,5"
2012,"COVINGTON, ARHONDA",CADI - ICG SOFTWARE,2,4,"0,5"
2012,"PARHAM, AJA DANIELLE",CADI - ICG SOFTWARE,2,4,"0,5"
2012,"WILLINGHAM, LE`COE LOUISE",PERFUMERIAS AVENIDA,2,4,"0,5"
2012,"HONTI, KATALIN",RIVAS ECOPOLIS,2,4,"0,5"
2012,"GOMEZ IGLESIAS, REGINA",BEROIL - CIUDAD DE BURGOS,1,2,"0,5"
2012,"BRAVARD , CIERRA  NICHOLE",SPAR UNIGIRONA,2,5,"0,4"
2012,"BELD , MYRTHE BRIGIT MARIA",SPAR UNIGIRONA,2,5,"0,4"
2012,"DIEZ FERNANDEZ, NAIARA",UNB OBENASA,1,3,"0,33"
2012,"REVUELTO SÁNCHEZ-AGUILERA, MARIA",UNB OBENASA,1,3,"0,33"
2012,"ASURMENDI VILLAVERDE, MARIA DEL CARMEN",UNB OBENASA,1,3,"0,33"
2012,"HERRERA BOXO, LAURA",UNB OBENASA,1,3,"0,33"
2012,"SOTIRIOU , AIKATERINA",UNB OBENASA,1,3,"0,33"
2012,"ANTOJA ROVIRA, LAURA",PERFUMERIAS AVENIDA,1,4,"0,25"
2012,"MORRISON JARA, ZIOMARA ESKET",RIVAS ECOPOLIS,1,4,"0,25"
2012,"TRAORE, ASTOU",CADI - ICG SOFTWARE,1,4,"0,25"
2012,"BERMEJO MORENO, CLARA SUSANA",RIVAS ECOPOLIS,1,4,"0,25"
2012,"FERNANDEZ FARRES, MARTA",PERFUMERIAS AVENIDA,1,4,"0,25"
2012,"CASAS CARRERAS, QUERALT",RIVAS ECOPOLIS,1,4,"0,25"
2012,"BOU LLOVERAS, EVA",SPAR UNIGIRONA,1,5,"0,2"
2012,"JORDANA BOFILL, NOEMI",SPAR UNIGIRONA,1,5,"0,2"
2011,"MURPHY, ESHAYA MARIE",CIUDAD ROS CASARES VALENCIA,4,4,1
2011,"CLARET GILABERTE, MARTA",GIRONA FC,1,1,1
2011,"BONNER, DEWANNA TENISE",PERFUMERIAS AVENIDA,3,4,"0,75"
2011,"YACOUBOU, ISABELLE",CIUDAD ROS CASARES VALENCIA,3,4,"0,75"
2011,"THORBURN, SHONA LOUISE",GIRONA FC,1,2,"0,5"
2011,"PIRSIC, SANDRA",RIVAS ECOPOLIS,1,2,"0,5"
2011,"AGUILAR LOPEZ , ELISA",RIVAS ECOPOLIS,1,2,"0,5"
2011,"GARCIA MATA, GEMA",RIVAS ECOPOLIS,1,2,"0,5"
2011,"JONES, ASJHA",RIVAS ECOPOLIS,1,2,"0,5"
2011,"DE SOUZA MACHADO, ERIKA CRISTINA",PERFUMERIAS AVENIDA,2,4,"0,5"
2011,"VEGA REBORA, GISELA VERONICA",GIRONA FC,1,2,"0,5"
2011,"SARR, OUMOUL KHAIRY",GIRONA FC,1,2,"0,5"
2011,"NICHOLLS GONZALEZ, LAURA",RIVAS ECOPOLIS,1,2,"0,5"
2011,"DOMINGUEZ FERNANDEZ, SILVIA",CIUDAD ROS CASARES VALENCIA,2,4,"0,5"
2011,"ROBINSON, ANGELICA DANIELLE",GIRONA FC,1,2,"0,5"
2011,"PASCUA SUAREZ, MARÍA LUCILA",PERFUMERIAS AVENIDA,1,3,"0,33"
2011,"MOORE, MAYA APRIL",CIUDAD ROS CASARES VALENCIA,1,3,"0,33"
2011,"FERNANDEZ FARRES, MARTA",PERFUMERIAS AVENIDA,1,4,"0,25"
2011,"JACKSON, LAUREN",CIUDAD ROS CASARES VALENCIA,1,4,"0,25"
2011,"SANCHEZ FERNANDEZ, ISABEL",PERFUMERIAS AVENIDA,1,4,"0,25"
2011,"XARGAY CASADEMONT, MARTA",PERFUMERIAS AVENIDA,1,4,"0,25"
2011,"KORSTINE, ILONA",PERFUMERIAS AVENIDA,1,4,"0,25"
2010,"ANOSIKE, NIKOLIKA NONYELUM",CIUDAD ROS CASARES VALENCIA,2,2,1
2010,"KRESOVIC, INES",MANN FILTER ZARAGOZA,2,2,1
2010,"DOUGLAS, KATHRYN",CIUDAD ROS CASARES VALENCIA,2,2,1
2010,"BONNER, DEWANNA TENISE",RIVAS ECOPOLIS,2,2,1
2010,"LYTTLE LYTTLE, SANCHO TRACY CONSTANCE",PERFUMERIAS AVENIDA,1,2,"0,5"
2010,"ROYO TORRES, MARIA ESTELA",MANN FILTER ZARAGOZA,1,2,"0,5"
2010,"DE SOUZA MACHADO, ERIKA CRISTINA",PERFUMERIAS AVENIDA,1,2,"0,5"
2010,"HENRY, ANEIKA ANNA-KAY",MANN FILTER ZARAGOZA,1,2,"0,5"
2010,"PASCUA SUAREZ, MARÍA LUCILA",MANN FILTER ZARAGOZA,1,2,"0,5"
2010,"SNELL, BELINDA ROSE",PERFUMERIAS AVENIDA,1,2,"0,5"
2010,"PINA TOLOSA, MARIA",MANN FILTER ZARAGOZA,1,2,"0,5"
2010,"MONDT, ANKE DE",PERFUMERIAS AVENIDA,1,2,"0,5"
2009,"LANGHORNE , CRYSTAL ALLISON",RIVAS ECOPOLIS,2,2,1
2009,"SNELL, BELINDA ROSE",CIUDAD ROS CASARES VALENCIA,4,4,1
2009,"STEN, TIINA IRENE",MANN FILTER ZARAGOZA,2,2,1
2009,"DA SILVA, KATIA",MANN FILTER ZARAGOZA,2,2,1
2009,"OUVIÑA MODREGO, CRISTINA",MANN FILTER ZARAGOZA,2,2,1
2009,"DICKSON, JESSICA",MANN FILTER ZARAGOZA,2,2,1
2009,"PALOMARES VALIENTE, PAULA",MANN FILTER ZARAGOZA,1,2,"0,5"
2009,"DE SOUZA MACHADO, ERIKA CRISTINA",CIUDAD ROS CASARES VALENCIA,2,4,"0,5"
2009,"LYTTLE LYTTLE, SANCHO TRACY CONSTANCE",PERFUMERIAS AVENIDA,2,4,"0,5"
2009,"TORNIKIDOU TORNIKIDOU, ELENA",RIVAS ECOPOLIS,1,2,"0,5"
2009,"DOMINGUEZ FERNANDEZ, SILVIA",PERFUMERIAS AVENIDA,2,4,"0,5"
2009,"UJHELYI, PETRA",RIVAS ECOPOLIS,1,2,"0,5"
2009,"SANCHEZ FERNANDEZ, ISABEL",PERFUMERIAS AVENIDA,2,4,"0,5"
2009,"MILTON, DELISHA LACHELL",CIUDAD ROS CASARES VALENCIA,2,4,"0,5"
2009,"PODRUG, EMILIJA",PERFUMERIAS AVENIDA,1,4,"0,25"
2009,"VESELA, JANA",CIUDAD ROS CASARES VALENCIA,1,4,"0,25"
2008,"STAMPALIJA, PETRA",PERFUMERIAS AVENIDA,3,5,"0,6"
2008,"SANCHEZ FERNANDEZ, ISABEL",PERFUMERIAS AVENIDA,3,5,"0,6"
2008,"MURPHY, ESHAYA MARIE",CB FEVE SAN JOSÉ,1,2,"0,5"
2008,"WIGGINS, CANDICE DANA",CIUDAD ROS CASARES,2,4,"0,5"
2008,"BUTLER, KIMBERLY JOY",CB FEVE SAN JOSÉ,1,2,"0,5"
2008,"TORNIKIDOU TORNIKIDOU, ELENA",CIUDAD ROS CASARES,1,2,"0,5"
2008,"LIMA GARCIA, CINDY ORQUIDEA",CB FEVE SAN JOSÉ,1,2,"0,5"
2008,"SEGUI CARLES, PAULA",CB FEVE SAN JOSÉ,1,2,"0,5"
2008,"THORBURN, SHONA LOUISE",CB FEVE SAN JOSÉ,1,2,"0,5"
2008,"DE SOUZA MACHADO, ERIKA CRISTINA",CIUDAD ROS CASARES,2,4,"0,5"
2008,"PASCUA SUAREZ, MARÍA LUCILA",CB FEVE SAN JOSÉ,1,2,"0,5"
2008,"SNOW, MICHELLE",PERFUMERIAS AVENIDA,2,5,"0,4"
2008,"DOMINGUEZ FERNANDEZ, SILVIA",PERFUMERIAS AVENIDA,2,5,"0,4"
2008,"WILLINGHAM, LE`COE LOUISE",PERFUMERIAS AVENIDA,2,5,"0,4"
2008,"BASKO , GUNTA",PERFUMERIAS AVENIDA,2,5,"0,4"
2008,"UJHELYI, PETRA",RIVAS ECÓPOLIS,1,3,"0,33"
2008,"RILEY, RUTH ELLEN",RIVAS ECÓPOLIS,1,3,"0,33"
2008,"VESELA, JANA",CIUDAD ROS CASARES,1,4,"0,25"
2008,"PALAU ALTES, LAIA",CIUDAD ROS CASARES,1,4,"0,25"
2008,"MONDT, ANKE DE",PERFUMERIAS AVENIDA,1,5,"0,2"
2007,"SANCHEZ FERNANDEZ, ISABEL",PERFUMERIAS AVENIDA,7,6,"1,17"
2007,"MORALES MARTIN, SILVIA",EBE PROMOCIONES SANTA EULALIAI,2,3,"0,67"
2007,"LIMA GARCIA, CINDY ORQUIDEA",CLUB BALONCESTO SAN JOSÉ,1,2,"0,5"
2007,"COHEN, LIRON",CLUB BALONCESTO SAN JOSÉ,1,2,"0,5"
2007,"MILTON, DELISHA LACHELL",C. ROS CASARES VALENCIA,2,5,"0,4"
2007,"MONTAÑANA GIMENO, ANNA",PERFUMERIAS AVENIDA,2,6,"0,33"
2007,"NAVARRETE TRUJILLO, MIREIA",EBE PROMOCIONES SANTA EULALIAI,1,3,"0,33"
2007,"THORBURN, SHONA LOUISE",EBE PROMOCIONES SANTA EULALIAI,1,3,"0,33"
2007,"LYTTLE LYTTLE, SANCHO TRACY CONSTANCE",EBE PROMOCIONES SANTA EULALIAI,1,3,"0,33"
2007,"LILJESTRAND, THYRA LINNEA",EBE PROMOCIONES SANTA EULALIAI,1,3,"0,33"
2007,"MONDT, ANKE DE",PERFUMERIAS AVENIDA,2,6,"0,33"
2007,"PALAU ALTES, LAIA",C. ROS CASARES VALENCIA,1,5,"0,2"
2007,"DE SOUZA MACHADO, ERIKA CRISTINA",C. ROS CASARES VALENCIA,1,5,"0,2"
2007,"TORNIKIDOU TORNIKIDOU, ELENA",C. ROS CASARES VALENCIA,1,5,"0,2"
2007,"FERRAGUT CASTILLO, MARINA",C. ROS CASARES VALENCIA,1,5,"0,2"
2007,"DOUGLAS, KATHRYN",C. ROS CASARES VALENCIA,1,5,"0,2"
2007,"AGUILAR LOPEZ , ELISA",C. ROS CASARES VALENCIA,1,5,"0,2"
2007,"DOMINGUEZ FERNANDEZ, SILVIA",PERFUMERIAS AVENIDA,1,6,"0,17"
2007,"BERMEJO MORENO, CLARA SUSANA",PERFUMERIAS AVENIDA,1,6,"0,17"
2007,"MATIC , IVANKA",PERFUMERIAS AVENIDA,1,6,"0,17"
2006,"ALAMO GONZALEZ, ELENA",GRAN CANARIA,6,2,3
2006,"MONTESDEOCA LOPEZ, EVA",GRAN CANARIA,4,2,2
2006,"PAGE, LINDA A. MURRIEL",HONDARRIBIA-IRÚN,3,2,"1,5"
2006,"GOMEZ FERREIROS, SARA",EXTRUGASA,3,2,"1,5"
2006,"CASTRO MARQUES, IZIANE",HONDARRIBIA-IRÚN,3,2,"1,5"
2006,"LAAKSONEN, NIINA KAROLINA",GRAN CANARIA,2,2,1
2006,"BATTLE , ASHLEY MICHELLE",GRAN CANARIA,2,2,1
2006,"WECKER, KENDRA RENEE",UB F.C BARCELONA,5,5,1
2006,"TUUKKANEN, TARU TELLERVO",EXTRUGASA,2,2,1
2006,"GRANDE FLORES, LAURA",GRAN CANARIA,2,2,1
2006,"WILLIAMS, ADRIAN DENISE",PERFUMERIAS AVENIDA,8,9,"0,89"
2006,"FERNANDEZ FARRES, MARTA",UB F.C BARCELONA,4,5,"0,8"
2006,"MOODY, MEGAN JANELLE",GRAN CANARIA,1,2,"0,5"
2006,"MUJANOVIC, RAZIJA",HONDARRIBIA-IRÚN,1,2,"0,5"
2006,"ARDON, LESLIE",EXTRUGASA,1,2,"0,5"
2006,"QUINTERO CASTELLANO, THANIA",HONDARRIBIA-IRÚN,1,2,"0,5"
2006,"DENTI MUNTANE, AINA",GRAN CANARIA,1,2,"0,5"
2006,"ABROMAITE, AGNE",EXTRUGASA,1,2,"0,5"
2006,"SANCHEZ FERNANDEZ, ISABEL",ACIS INCOSA LEON,1,2,"0,5"
2006,"DE SOUZA MACHADO, ERIKA CRISTINA",C. ROS CASARES VALENCIA,4,10,"0,4"
2006,"SCHUMACHER, KELLY MARIE",UB F.C BARCELONA,2,5,"0,4"
2006,"CAMPS COLLELL, LAURA",PERFUMERIAS AVENIDA,3,9,"0,33"
2006,"BENET EDO, PATRICIA",C. ROS CASARES VALENCIA,1,3,"0,33"
2006,"POWELL, NICOLE KRISTEN",PERFUMERIAS AVENIDA,3,9,"0,33"
2006,"NNINDJEM, AGATHE RACHEL",PERFUMERIAS AVENIDA,3,9,"0,33"
2006,"MILTON, DELISHA LACHELL",C. ROS CASARES VALENCIA,3,10,"0,3"
2006,"TORNIKIDOU TORNIKIDOU, ELENA",C. ROS CASARES VALENCIA,3,10,"0,3"
2006,"AGUILAR LOPEZ , ELISA",C. ROS CASARES VALENCIA,3,10,"0,3"
2006,"PIRSIC, SANDRA",UB F.C BARCELONA,1,4,"0,25"
2006,"CIOCAN, PAULA CRISTINA",ARRANZ-JOPISA BURGOS,1,4,"0,25"
2006,"ALAMO GONZALEZ, ELENA",GRAN CANARIA,6,2,3
2006,"MONTESDEOCA LOPEZ, EVA",GRAN CANARIA,4,2,2
2006,"PAGE, LINDA A. MURRIEL",HONDARRIBIA-IRÚN,3,2,"1,5"
2006,"GOMEZ FERREIROS, SARA",EXTRUGASA,3,2,"1,5"
2006,"CASTRO MARQUES, IZIANE",HONDARRIBIA-IRÚN,3,2,"1,5"
2006,"LAAKSONEN, NIINA KAROLINA",GRAN CANARIA,2,2,1
2006,"BATTLE , ASHLEY MICHELLE",GRAN CANARIA,2,2,1
2006,"WECKER, KENDRA RENEE",UB F.C BARCELONA,5,5,1
2006,"TUUKKANEN, TARU TELLERVO",EXTRUGASA,2,2,1
2006,"GRANDE FLORES, LAURA",GRAN CANARIA,2,2,1
2006,"WILLIAMS, ADRIAN DENISE",PERFUMERIAS AVENIDA,8,9,"0,89"
2006,"FERNANDEZ FARRES, MARTA",UB F.C BARCELONA,4,5,"0,8"
2006,"MOODY, MEGAN JANELLE",GRAN CANARIA,1,2,"0,5"
2006,"MUJANOVIC, RAZIJA",HONDARRIBIA-IRÚN,1,2,"0,5"
2006,"ARDON, LESLIE",EXTRUGASA,1,2,"0,5"
2006,"QUINTERO CASTELLANO, THANIA",HONDARRIBIA-IRÚN,1,2,"0,5"
2006,"DENTI MUNTANE, AINA",GRAN CANARIA,1,2,"0,5"
2006,"ABROMAITE, AGNE",EXTRUGASA,1,2,"0,5"
2006,"SANCHEZ FERNANDEZ, ISABEL",ACIS INCOSA LEON,1,2,"0,5"
2006,"DE SOUZA MACHADO, ERIKA CRISTINA",C. ROS CASARES VALENCIA,4,10,"0,4"
2006,"SCHUMACHER, KELLY MARIE",UB F.C BARCELONA,2,5,"0,4"
2006,"CAMPS COLLELL, LAURA",PERFUMERIAS AVENIDA,3,9,"0,33"
2006,"BENET EDO, PATRICIA",C. ROS CASARES VALENCIA,1,3,"0,33"
2006,"POWELL, NICOLE KRISTEN",PERFUMERIAS AVENIDA,3,9,"0,33"
2006,"NNINDJEM, AGATHE RACHEL",PERFUMERIAS AVENIDA,3,9,"0,33"
2006,"MILTON, DELISHA LACHELL",C. ROS CASARES VALENCIA,3,10,"0,3"
2006,"TORNIKIDOU TORNIKIDOU, ELENA",C. ROS CASARES VALENCIA,3,10,"0,3"
2006,"AGUILAR LOPEZ , ELISA",C. ROS CASARES VALENCIA,3,10,"0,3"
2006,"PIRSIC, SANDRA",UB F.C BARCELONA,1,4,"0,25"
2006,"CIOCAN, PAULA CRISTINA",ARRANZ-JOPISA BURGOS,1,4,"0,25"
2005,"MONTAÑANA GIMENO, ANNA",ROS CASARES VALENCIA,1,1,1
2005,"REID, TRACY LASHAWN",ACIS INCOSA LEON,2,2,1
2005,"ANDREWS, JAMILAH JOHNS",CAJACANARIAS,2,2,1
2005,"MAYES, TIFFANI MONIQUE",CAJACANARIAS,2,2,1
2005,"PELAEZ SAN GIL, LOURDES",HONDARRIBIA-IRÚN,2,2,1
2005,"DOMINGUEZ FERNANDEZ, SILVIA",USP CEU - ADECCO ESTUDIANTES,2,2,1
2005,"MC WILLIAMS, TAJ MADONA",PERFUMERIAS AVENIDA,2,2,1
2005,"HOLDSCLAW, CHAMIQUE SHAUNTA",ROS CASARES VALENCIA,2,2,1
2005,"AGUILAR LOPEZ , ELISA",ROS CASARES VALENCIA,1,2,"0,5"
2005,"MAKSIMOVIC, JELENA",ACIS INCOSA LEON,1,2,"0,5"
2005,"PAGE, LINDA A. MURRIEL",HONDARRIBIA-IRÚN,1,2,"0,5"
2005,"ALAMO GONZALEZ, ELENA",CAJACANARIAS,1,2,"0,5"
2005,"BLANCO BERNAL, SONIA",USP CEU - ADECCO ESTUDIANTES,1,2,"0,5"
2005,"VALERO CEBRIAN, PILAR",CAJACANARIAS,1,2,"0,5"
2005,"PEREZ CAPARROS, ROSA",USP CEU - ADECCO ESTUDIANTES,1,2,"0,5"
2005,"TILLIS, ICISS",ACIS INCOSA LEON,1,2,"0,5"
2005,"SANCHEZ FERNANDEZ, ISABEL",ACIS INCOSA LEON,1,2,"0,5"
2005,"DUBLJEVIC, JELENA",ROS CASARES VALENCIA,1,2,"0,5"
2004,"ALEXANDER, MARTE",CAJACANARIAS,12,13,"0,92"
2004,"MAGLISCEAU, MICHELLE YVONNE",ACIS-SUFI LEON,22,26,"0,85"
2004,"HAMCHETOU, MAIGA",YAYA MARIA BREOGAN,20,24,"0,83"
2004,"BROWN, EDWINA LYNN",MOTIVA REAL CANOE N.C.,10,13,"0,77"
2004,"ROVIRA RODRIGUEZ, MARIA DEL MAR",ACIS-SUFI LEON,17,26,"0,65"
2004,"CARTER, AMISHA LOLINA",MOTIVA REAL CANOE N.C.,8,13,"0,62"
2004,"TORNIKIDOU TORNIKIDOU, ELENA",HONDARRIBIA - IRÚN,15,25,"0,6"
2004,"FERNANDEZ FARRES, MARTA",UNIVERSITAT DE BARCELONA - F.C,15,25,"0,6"
2004,"VALDEMORO MADARIAGA, AMAYA",ROS CASARES VALENCIA,13,22,"0,59"
2004,"BENNINGFIELD, JENNIFER ANN",USP CEU - ADECCO ESTUDIANTES,15,26,"0,58"
2004,"TUURE, KAISA MARKETTA",YAYA MARIA BREOGAN,14,26,"0,54"
2004,"MORALES MARTIN, SILVIA",C.B. PUIG D`EN VALLS SANTA EUL,13,24,"0,54"
2004,"FERRAGUT CASTILLO, MARINA",HONDARRIBIA - IRÚN,13,26,"0,5"
2004,"WHITMORE, TAMIKA LACHAN",PERFUMERIAS AVENIDA,10,21,"0,48"
2004,"NNINDJEM, AGATHE RACHEL",ROS CASARES VALENCIA,6,13,"0,46"
2004,"BORGES DOS REIS, SONIA",YAYA MARIA BREOGAN,6,13,"0,46"
2004,"TUUKKANEN, TARU TELLERVO",MANN FILTER ZARAGOZA,12,26,"0,46"
2004,"BATKOVIC, SUZY ROSE",ROS CASARES VALENCIA,9,20,"0,45"
2004,"DOMINGUEZ FERNANDEZ, SILVIA",USP CEU - ADECCO ESTUDIANTES,11,25,"0,44"
2004,"MONTESDEOCA LOPEZ, EVA",CAJACANARIAS,11,26,"0,42"
2004,"NAVARRETE TRUJILLO, MIREIA",MANN FILTER ZARAGOZA,10,24,"0,42"
2004,"KIRETA, SONJA",ROS CASARES VALENCIA,7,17,"0,41"
2004,"PARDO VAZQUEZ, MARIA DEL CARMEN",USP CEU - ADECCO ESTUDIANTES,6,15,"0,4"
2004,"CUNNINGHAN, DAVALYN",YAYA MARIA BREOGAN,5,13,"0,38"
2004,"ALAMO GONZALEZ, ELENA",CAJACANARIAS,9,24,"0,38"
2004,"MALTSI, EVANTHIA",REAL CLUB CELTA VIGOURBAN,10,26,"0,38"
2004,"TEMNIK, KATJA",C.B. PUIG D`EN VALLS SANTA EUL,10,26,"0,38"
2004,"COKER, MONIQUE",EXTRUGASA,9,24,"0,38"
2004,"DIJON, SANDRA MARCELLE",C.B. PUIG D`EN VALLS SANTA EUL,9,24,"0,38"
2004,"BLANCO BERNAL, SONIA",USP CEU - ADECCO ESTUDIANTES,10,26,"0,38"
2004,"ANTON LOPEZ, MONTSERRAT",USP CEU - ADECCO ESTUDIANTES,5,24,"0,21"
2004,"MARTINEZ PRAT, ROSER",YAYA MARIA BREOGAN,3,14,"0,21"
2004,"SANCHEZ MUÑOZ, ALICIA",USP CEU - ADECCO ESTUDIANTES,4,20,"0,2"
2004,"LLAMAS PAJUELO, MARIA NIEVES",PERFUMERIAS AVENIDA,4,20,"0,2"
2004,"BERMEJO MORENO, CLARA SUSANA",MANN FILTER ZARAGOZA,5,26,"0,19"
2004,"BOONEN, DANA MONIQUE LOUIS",EXTRUGASA,5,26,"0,19"
2004,"PASCUA SUAREZ, MARÍA LUCILA",MANN FILTER ZARAGOZA,5,26,"0,19"
2004,"PEREZ CAPARROS, ROSA",USP CEU - ADECCO ESTUDIANTES,5,26,"0,19"
2004,"CANTERO OSTOS, CRISTINA",REAL CLUB CELTA VIGOURBAN,4,22,"0,18"
2004,"DE SOUZA MACHADO, ERIKA CRISTINA",UNIVERSITAT DE BARCELONA - F.C,4,23,"0,17"
2004,"GERMAN VELASCO, ICIAR",YAYA MARIA BREOGAN,4,23,"0,17"
2004,"SALGADO SANCHEZ, IRENE",YAYA MARIA BREOGAN,4,24,"0,17"
2004,"GOMEZ IGLESIAS, REGINA",EXTRUGASA,4,24,"0,17"
2004,"GILABERT AVANTE, MONTSERRAT",EXTRUGASA,4,25,"0,16"
2004,"FORNS ESCUDE, NURIA",USP CEU - ADECCO ESTUDIANTES,4,25,"0,16"
2004,"VALERO CEBRIAN, PILAR",MANN FILTER ZARAGOZA,3,19,"0,16"
2004,"NNINDJEM, AGATHE RACHEL",ARRANZ - JOPISA BURGOS,2,13,"0,15"
2004,"MONDT, ANKE DE",EXTRUGASA,4,26,"0,15"
2004,"CEBRIAN SCHEURER, ELISABET",UNIVERSITAT DE BARCELONA - F.C,4,26,"0,15"
2004,"DEYAERT, NELE M.J.",ARRANZ - JOPISA BURGOS,4,26,"0,15"
2004,"MARTINEZ PRAT, NURIA",PERFUMERIAS AVENIDA,4,26,"0,15"
2004,"CASTRILLO VILLANUEVA, SARA",ACIS-SUFI LEON,3,20,"0,15"
2004,"GOMEZ FERREIROS, SARA",EXTRUGASA,4,26,"0,15"
2004,"HAYDEN, VANESSA",PERFUMERIAS AVENIDA,2,13,"0,15"
2004,"FERRER PEREZ, ESTELA ROSA",ACIS-SUFI LEON,3,21,"0,14"
2004,"BERTAL, GERALDINE MARIE ROSE",ARRANZ - JOPISA BURGOS,3,23,"0,13"
2004,"HERRERA AREVALO, MIRIAM",EXTRUGASA,3,23,"0,13"
2004,"HAJDUNE CSASZAR, ANDREA",HONDARRIBIA - IRÚN,3,25,"0,12"
2004,"ZIMERLE, ANNA",ROS CASARES VALENCIA,3,25,"0,12"
2004,"MARCOS BENITO, BLANCA",PERFUMERIAS AVENIDA,3,25,"0,12"
2004,"GARCIA TORRES, CRISTINA",UNIVERSITAT DE BARCELONA - F.C,3,25,"0,12"
2004,"HERMOUET, EMMANUELLE",PERFUMERIAS AVENIDA,3,25,"0,12"
2004,"SANTOS LUZ, HELEN CRISTINA",UNIVERSITAT DE BARCELONA - F.C,3,26,"0,12"
2004,"KÜHN, KATHARINA CHARLOTTA",ACIS-SUFI LEON,3,26,"0,12"
2004,"DE SOUZA SOBRAL, LEILA",REAL CLUB CELTA VIGOURBAN,3,26,"0,12"
2004,"PELAEZ SAN GIL, LOURDES",HONDARRIBIA - IRÚN,3,25,"0,12"
2004,"JORDANA BOFILL, NOEMI",ROS CASARES VALENCIA,3,26,"0,12"
2004,"BARRANCO CASTILLO, ROSA MARIA",MANN FILTER ZARAGOZA,2,17,"0,12"
2004,"MARTIN MERINO, BLANCA",YAYA MARIA BREOGAN,2,18,"0,11"
2004,"DENTI MUNTANE, AINA",EXTRUGASA,2,21,"0,1"
2004,"WYCKOFF, BROOKE ELIZABETH",YAYA MARIA BREOGAN,1,13,"0,08"
2004,"JOENS, CATHERINE ELISABETH",C.B. PUIG D`EN VALLS SANTA EUL,1,13,"0,08"
2004,"MARCAUSKAITE, IVETA",ARRANZ - JOPISA BURGOS,1,13,"0,08"
2004,"BJORKLUND, JOHANNA HELENA",PERFUMERIAS AVENIDA,1,13,"0,08"
2004,"ARDON, LESLIE",ACIS-SUFI LEON,1,13,"0,08"
2004,"GINES GONZALEZ, MARTA",ARRANZ - JOPISA BURGOS,2,24,"0,08"
2004,"BARLIN, NINA ELISABETH",YAYA MARIA BREOGAN,1,13,"0,08"
2004,"YGUERAVIDE VIANA, SANDRA",PERFUMERIAS AVENIDA,2,25,"0,08"
2004,"MANDACHE, SIMINA ANDRA",EXTRUGASA,1,13,"0,08"
2004,"CRUZ LEBRATO, ANNA",UNIVERSITAT DE BARCELONA - F.C,1,16,"0,06"
2004,"ALAÑA SEGURA, SHEILA",REAL CLUB CELTA VIGOURBAN,1,16,"0,06"
2004,"RAMIRO DIAZ, NURIA MARIA",ACIS-SUFI LEON,1,21,"0,05"
2004,"GARCIA MATA, GEMA",REAL CLUB CELTA VIGOURBAN,1,26,"0,04"
2004,"VILLAR FERNANDEZ, IRIA",C.B. PUIG D`EN VALLS SANTA EUL,1,26,"0,04"
2004,"ANTOJA ROVIRA, LAURA",UNIVERSITAT DE BARCELONA - F.C,1,24,"0,04"
2004,"REVUELTO SÁNCHEZ-AGUILERA, MARIA",REAL CLUB CELTA VIGOURBAN,1,26,"0,04"
2004,"SEGUI CARLES, PAULA",UNIVERSITAT DE BARCELONA - F.C,1,24,"0,04"
2004,"GARCIA TORRES, CRISTINA",UNIVERSITAT DE BARCELONA - F.C,3,25,"0,12"
2004,"HERMOUET, EMMANUELLE",PERFUMERIAS AVENIDA,3,25,"0,12"
2004,"SANTOS LUZ, HELEN CRISTINA",UNIVERSITAT DE BARCELONA - F.C,3,26,"0,12"
2004,"KÜHN, KATHARINA CHARLOTTA",ACIS-SUFI LEON,3,26,"0,12"
2004,"DE SOUZA SOBRAL, LEILA",REAL CLUB CELTA VIGOURBAN,3,26,"0,12"
2004,"PELAEZ SAN GIL, LOURDES",HONDARRIBIA - IRÚN,3,25,"0,12"
2004,"JORDANA BOFILL, NOEMI",ROS CASARES VALENCIA,3,26,"0,12"
2004,"BARRANCO CASTILLO, ROSA MARIA",MANN FILTER ZARAGOZA,2,17,"0,12"
2004,"MARTIN MERINO, BLANCA",YAYA MARIA BREOGAN,2,18,"0,11"
2004,"DENTI MUNTANE, AINA",EXTRUGASA,2,21,"0,1"
2004,"WYCKOFF, BROOKE ELIZABETH",YAYA MARIA BREOGAN,1,13,"0,08"
2004,"JOENS, CATHERINE ELISABETH",C.B. PUIG D`EN VALLS SANTA EUL,1,13,"0,08"
2004,"MARCAUSKAITE, IVETA",ARRANZ - JOPISA BURGOS,1,13,"0,08"
2004,"BJORKLUND, JOHANNA HELENA",PERFUMERIAS AVENIDA,1,13,"0,08"
2004,"ARDON, LESLIE",ACIS-SUFI LEON,1,13,"0,08"
2004,"GINES GONZALEZ, MARTA",ARRANZ - JOPISA BURGOS,2,24,"0,08"
2004,"BARLIN, NINA ELISABETH",YAYA MARIA BREOGAN,1,13,"0,08"
2004,"YGUERAVIDE VIANA, SANDRA",PERFUMERIAS AVENIDA,2,25,"0,08"
2004,"MANDACHE, SIMINA ANDRA",EXTRUGASA,1,13,"0,08"
2004,"CRUZ LEBRATO, ANNA",UNIVERSITAT DE BARCELONA - F.C,1,16,"0,06"
2004,"ALAÑA SEGURA, SHEILA",REAL CLUB CELTA VIGOURBAN,1,16,"0,06"
2004,"RAMIRO DIAZ, NURIA MARIA",ACIS-SUFI LEON,1,21,"0,05"
2004,"GARCIA MATA, GEMA",REAL CLUB CELTA VIGOURBAN,1,26,"0,04"
2004,"VILLAR FERNANDEZ, IRIA",C.B. PUIG D`EN VALLS SANTA EUL,1,26,"0,04"
2004,"ANTOJA ROVIRA, LAURA",UNIVERSITAT DE BARCELONA - F.C,1,24,"0,04"
2004,"REVUELTO SÁNCHEZ-AGUILERA, MARIA",REAL CLUB CELTA VIGOURBAN,1,26,"0,04"
2004,"SEGUI CARLES, PAULA",UNIVERSITAT DE BARCELONA - F.C,1,24,"0,04"
2003,"CEBRIAN SCHEURER, ELISABET",USP CEU - ADECCO ESTUDIANTES,3,2,"1,5"
2003,"FALLON, TRISHA NICOLE",ROS CASARES VALENCIA,5,4,"1,25"
2003,"GARCIA PIÑERO, MARIA BEGOÑA",MANN FILTER ZARAGOZA,2,2,1
2003,"ZURRO ALFONSO, MARTA",MANN FILTER ZARAGOZA,2,2,1
2003,"FERNANDEZ FARRES, MARTA",ROS CASARES VALENCIA,3,4,"0,75"
2003,"CASTRO MARQUES, IZIANE",PERFUMERIAS AVENIDA,2,3,"0,67"
2003,"GOUREEVA, JULIA",PERFUMERIAS AVENIDA,2,3,"0,67"
2003,"DAPO, AMRA",PERFUMERIAS AVENIDA,2,3,"0,67"
2003,"BLAHUSKOVA, LUCIE",REAL CLUB CELTA BANCO SIMEON,1,2,"0,5"
2003,"---, MURRIEL",P.C. MENDIBIL,2,4,"0,5"
2003,"BLANCO BERNAL, SONIA",USP CEU - ADECCO ESTUDIANTES,1,2,"0,5"
2003,"SMOLKA CABEZAS, EVA",ROS CASARES VALENCIA,1,2,"0,5"
2003,"REVUELTO SÁNCHEZ-AGUILERA, MARIA",REAL CLUB CELTA BANCO SIMEON,1,2,"0,5"
2003,"LIMA GARCIA, CINDY ORQUIDEA",REAL CLUB CELTA BANCO SIMEON,1,2,"0,5"
2003,"SANCHEZ FERNANDEZ, ISABEL",UNIVERSITAT DE BARCELONA - F.C,2,4,"0,5"
2003,"MERCADAL ESCOLANO, PAOLA",MANN FILTER ZARAGOZA,1,2,"0,5"
2003,"PALOMARES VALIENTE, PAULA",USP CEU - ADECCO ESTUDIANTES,1,2,"0,5"
2003,"POLLINI, CATARINA",YAYA MARIA BREOGAN,2,5,"0,4"
2003,"HAMCHETOU, MAIGA",YAYA MARIA BREOGAN,2,5,"0,4"
2003,"GOMEZ IGLESIAS, REGINA",YAYA MARIA BREOGAN,2,5,"0,4"
2003,"MARTINEZ PRAT, NURIA",PERFUMERIAS AVENIDA,1,3,"0,33"
2003,"MAGLISCEAU, MICHELLE YVONNE",UNIVERSITAT DE BARCELONA - F.C,1,4,"0,25"
2003,"BERTHIEU, LUCCIENNE CLAUDINE",ROS CASARES VALENCIA,1,4,"0,25"
2003,"HOLLAND CORN, KEDRA",ROS CASARES VALENCIA,1,4,"0,25"
2003,"CONGREAVES, ANDREA FIONA",UNIVERSITAT DE BARCELONA - F.C,1,4,"0,25"
2003,"GALLEGO VICARIO, SANDRA",UNIVERSITAT DE BARCELONA - F.C,1,4,"0,25"
2003,"PELAEZ SAN GIL, LOURDES",P.C. MENDIBIL,1,4,"0,25"
2003,"TORNIKIDOU TORNIKIDOU, ELENA",P.C. MENDIBIL,1,4,"0,25"
2003,"ARAMBURU GARAYALDE, LEIRE",P.C. MENDIBIL,1,4,"0,25"
2003,"CUNNINGHAN, DAVALYN",YAYA MARIA BREOGAN,1,5,"0,2"
2003,"CEBRIAN SCHEURER, ELISABET",USP CEU - ADECCO ESTUDIANTES,3,2,"1,5"
2003,"FALLON, TRISHA NICOLE",ROS CASARES VALENCIA,5,4,"1,25"
2003,"GARCIA PIÑERO, MARIA BEGOÑA",MANN FILTER ZARAGOZA,2,2,1
2003,"ZURRO ALFONSO, MARTA",MANN FILTER ZARAGOZA,2,2,1
2003,"FERNANDEZ FARRES, MARTA",ROS CASARES VALENCIA,3,4,"0,75"
2003,"CASTRO MARQUES, IZIANE",PERFUMERIAS AVENIDA,2,3,"0,67"
2003,"GOUREEVA, JULIA",PERFUMERIAS AVENIDA,2,3,"0,67"
2003,"DAPO, AMRA",PERFUMERIAS AVENIDA,2,3,"0,67"
2003,"BLAHUSKOVA, LUCIE",REAL CLUB CELTA BANCO SIMEON,1,2,"0,5"
2003,"---, MURRIEL",P.C. MENDIBIL,2,4,"0,5"
2003,"BLANCO BERNAL, SONIA",USP CEU - ADECCO ESTUDIANTES,1,2,"0,5"
2003,"SMOLKA CABEZAS, EVA",ROS CASARES VALENCIA,1,2,"0,5"
2003,"REVUELTO SÁNCHEZ-AGUILERA, MARIA",REAL CLUB CELTA BANCO SIMEON,1,2,"0,5"
2003,"LIMA GARCIA, CINDY ORQUIDEA",REAL CLUB CELTA BANCO SIMEON,1,2,"0,5"
2003,"SANCHEZ FERNANDEZ, ISABEL",UNIVERSITAT DE BARCELONA - F.C,2,4,"0,5"
2003,"MERCADAL ESCOLANO, PAOLA",MANN FILTER ZARAGOZA,1,2,"0,5"
2003,"PALOMARES VALIENTE, PAULA",USP CEU - ADECCO ESTUDIANTES,1,2,"0,5"
2003,"POLLINI, CATARINA",YAYA MARIA BREOGAN,2,5,"0,4"
2003,"HAMCHETOU, MAIGA",YAYA MARIA BREOGAN,2,5,"0,4"
2003,"GOMEZ IGLESIAS, REGINA",YAYA MARIA BREOGAN,2,5,"0,4"
2003,"MARTINEZ PRAT, NURIA",PERFUMERIAS AVENIDA,1,3,"0,33"
2003,"MAGLISCEAU, MICHELLE YVONNE",UNIVERSITAT DE BARCELONA - F.C,1,4,"0,25"
2003,"BERTHIEU, LUCCIENNE CLAUDINE",ROS CASARES VALENCIA,1,4,"0,25"
2003,"HOLLAND CORN, KEDRA",ROS CASARES VALENCIA,1,4,"0,25"
2003,"CONGREAVES, ANDREA FIONA",UNIVERSITAT DE BARCELONA - F.C,1,4,"0,25"
2003,"GALLEGO VICARIO, SANDRA",UNIVERSITAT DE BARCELONA - F.C,1,4,"0,25"
2003,"PELAEZ SAN GIL, LOURDES",P.C. MENDIBIL,1,4,"0,25"
2003,"TORNIKIDOU TORNIKIDOU, ELENA",P.C. MENDIBIL,1,4,"0,25"
2003,"ARAMBURU GARAYALDE, LEIRE",P.C. MENDIBIL,1,4,"0,25"
2003,"CUNNINGHAN, DAVALYN",YAYA MARIA BREOGAN,1,5,"0,2"
2002,"MAGLISCEAU, MICHELLE YVONNE",C.B. CIUDAD DE BURGOS,3,2,"1,5"
2002,"---, POLIMIA",C.B. PUIG D`EN VALLS SANTA EUL,2,2,1
2002,"JOHNSON, SHANNON REGINA",PERFUMERIAS AVENIDA,2,2,1
2002,"BARRANCO CASTILLO, ROSA MARIA",C.B. PUIG D`EN VALLS SANTA EUL,1,1,1
2002,"VALDEMORO MADARIAGA, AMAYA",ROS CASARES VALENCIA,3,4,"0,75"
2002,"MUJANOVIC, RAZIJA",UNIVERSITAT DE BARCELONA - F.C,3,4,"0,75"
2002,"PALMER, WENDY",FILTROS MANN ZARAGOZA,3,4,"0,75"
2002,"ERB, SUMMER ELISABETH",CAJA RURAL DE CANARIAS,3,4,"0,75"
2002,"HLEDE, KORALJKA",PERFUMERIAS AVENIDA,1,2,"0,5"
2002,"CONGREAVES, ANDREA FIONA",UNIVERSITAT DE BARCELONA - F.C,2,4,"0,5"
2002,"JORDANA BOFILL, NOEMI",REAL CLUB CELTA BANCO SIMEON,1,2,"0,5"
2002,"BOLEDA COLET, ANNA",C.B. PUIG D`EN VALLS SANTA EUL,1,2,"0,5"
2002,"PELAEZ SAN GIL, LOURDES",CAJA RURAL DE CANARIAS,2,4,"0,5"
2002,"MC WILLIAMS, TAJ MADONA",C.B. PUIG D`EN VALLS SANTA EUL,1,2,"0,5"
2002,"CANTERO OSTOS, CRISTINA",REAL CLUB CELTA BANCO SIMEON,1,2,"0,5"
2002,"RILEY, RUTH ELLEN",ROS CASARES VALENCIA,2,4,"0,5"
2002,"DONAPHIN, BETHANY CAMILLE",CAJA RURAL DE CANARIAS,2,4,"0,5"
2002,"PONS MOLINA, INGRID",ROS CASARES VALENCIA,2,4,"0,5"
2002,"GOUREEVA, JULIA",PERFUMERIAS AVENIDA,1,2,"0,5"
2002,"VILLAR FERNANDEZ, IRIA",REAL CLUB CELTA BANCO SIMEON,1,2,"0,5"
2002,"REVUELTO SÁNCHEZ-AGUILERA, MARIA",REAL CLUB CELTA BANCO SIMEON,1,2,"0,5"
2002,"GALLEGO VICARIO, SANDRA",FILTROS MANN ZARAGOZA,2,4,"0,5"
2002,"ALAMO FALCON, MARIA ANGELES",CAJA RURAL DE CANARIAS,1,2,"0,5"
2002,"SÁNCHEZ LUJÁN, ROSAURA DEL CARMEN",CAJA RURAL DE CANARIAS,2,4,"0,5"
2002,"MONTESDEOCA VALIDO, EVA",CAJA RURAL DE CANARIAS,2,4,"0,5"
2002,"MERCADAL ESCOLANO, PAOLA",FILTROS MANN ZARAGOZA,1,3,"0,33"
2002,"FALLON, TRISHA NICOLE",ROS CASARES VALENCIA,1,4,"0,25"
2002,"FERNANDEZ FARRES, MARTA",ROS CASARES VALENCIA,1,4,"0,25"
2002,"SANCHEZ FERNANDEZ, ISABEL",UNIVERSITAT DE BARCELONA - F.C,1,4,"0,25"
2002,"SECO SALVADOR, TERESA",FILTROS MANN ZARAGOZA,1,4,"0,25"
2002,"MAGLISCEAU, MICHELLE YVONNE",C.B. CIUDAD DE BURGOS,3,2,"1,5"
2002,"---, POLIMIA",C.B. PUIG D`EN VALLS SANTA EUL,2,2,1
2002,"JOHNSON, SHANNON REGINA",PERFUMERIAS AVENIDA,2,2,1
2002,"BARRANCO CASTILLO, ROSA MARIA",C.B. PUIG D`EN VALLS SANTA EUL,1,1,1
2002,"VALDEMORO MADARIAGA, AMAYA",ROS CASARES VALENCIA,3,4,"0,75"
2002,"MUJANOVIC, RAZIJA",UNIVERSITAT DE BARCELONA - F.C,3,4,"0,75"
2002,"PALMER, WENDY",FILTROS MANN ZARAGOZA,3,4,"0,75"
2002,"ERB, SUMMER ELISABETH",CAJA RURAL DE CANARIAS,3,4,"0,75"
2002,"HLEDE, KORALJKA",PERFUMERIAS AVENIDA,1,2,"0,5"
2002,"CONGREAVES, ANDREA FIONA",UNIVERSITAT DE BARCELONA - F.C,2,4,"0,5"
2002,"JORDANA BOFILL, NOEMI",REAL CLUB CELTA BANCO SIMEON,1,2,"0,5"
2002,"BOLEDA COLET, ANNA",C.B. PUIG D`EN VALLS SANTA EUL,1,2,"0,5"
2002,"PELAEZ SAN GIL, LOURDES",CAJA RURAL DE CANARIAS,2,4,"0,5"
2002,"MC WILLIAMS, TAJ MADONA",C.B. PUIG D`EN VALLS SANTA EUL,1,2,"0,5"
2002,"CANTERO OSTOS, CRISTINA",REAL CLUB CELTA BANCO SIMEON,1,2,"0,5"
2002,"RILEY, RUTH ELLEN",ROS CASARES VALENCIA,2,4,"0,5"
2002,"DONAPHIN, BETHANY CAMILLE",CAJA RURAL DE CANARIAS,2,4,"0,5"
2002,"PONS MOLINA, INGRID",ROS CASARES VALENCIA,2,4,"0,5"
2002,"GOUREEVA, JULIA",PERFUMERIAS AVENIDA,1,2,"0,5"
2002,"VILLAR FERNANDEZ, IRIA",REAL CLUB CELTA BANCO SIMEON,1,2,"0,5"
2002,"REVUELTO SÁNCHEZ-AGUILERA, MARIA",REAL CLUB CELTA BANCO SIMEON,1,2,"0,5"
2002,"GALLEGO VICARIO, SANDRA",FILTROS MANN ZARAGOZA,2,4,"0,5"
2002,"ALAMO FALCON, MARIA ANGELES",CAJA RURAL DE CANARIAS,1,2,"0,5"
2002,"SÁNCHEZ LUJÁN, ROSAURA DEL CARMEN",CAJA RURAL DE CANARIAS,2,4,"0,5"
2002,"MONTESDEOCA VALIDO, EVA",CAJA RURAL DE CANARIAS,2,4,"0,5"
2002,"MERCADAL ESCOLANO, PAOLA",FILTROS MANN ZARAGOZA,1,3,"0,33"
2002,"FALLON, TRISHA NICOLE",ROS CASARES VALENCIA,1,4,"0,25"
2002,"FERNANDEZ FARRES, MARTA",ROS CASARES VALENCIA,1,4,"0,25"
2002,"SANCHEZ FERNANDEZ, ISABEL",UNIVERSITAT DE BARCELONA - F.C,1,4,"0,25"
2002,"SECO SALVADOR, TERESA",FILTROS MANN ZARAGOZA,1,4,"0,25"
2001,"ANTOJA ROVIRA, LAURA",CADI LA SEU D´URGELL,2,2,1
2001,"DAS NEVES, CLAUDIA MARIA",HALCON VIAJES,2,2,1
2001,"---, IZIANE CASTRO MARQUEZ",YAYA MARIA BREOGAN,2,2,1
2001,"VALERO CEBRIAN, PILAR",REAL CLUB CELTA BANCO SIMEON,4,5,"0,8"
2001,"---, MARTA",ROS CASARES VALENCIA,4,5,"0,8"
2001,"AGUILAR LOPEZ , ELISA",CAJA RURAL DE CANARIAS,2,3,"0,67"
2001,"MIGUEL MORO, MARIA",HALCON VIAJES,1,2,"0,5"
2001,"CAMPS COLLELL, LAURA",CADI LA SEU D´URGELL,1,2,"0,5"
2001,"RAMIREZ RODRIGUEZ, NEREIDA",YAYA MARIA BREOGAN,1,2,"0,5"
2001,"JUANES HERNANDEZ, YOLANDA",HALCON VIAJES,1,2,"0,5"
2001,"GARCIA PIÑERO, MARIA BEGOÑA",YAYA MARIA BREOGAN,1,2,"0,5"
2001,"PIQUE SOLE, MERITXELL",CADI LA SEU D´URGELL,1,2,"0,5"
2001,"MORENO MELIAN, ARMINDA",HALCON VIAJES,1,2,"0,5"
2001,"FERRAGUT CASTILLO, MARINA",FILTROS MANN ZARAGOZA,2,5,"0,4"
2001,"MUJANOVIC, RAZIJA",REAL CLUB CELTA BANCO SIMEON,2,5,"0,4"
2001,"MIRCHANDANI VILLAR, LIDIA",ROS CASARES VALENCIA,2,5,"0,4"
2001,"WHITMORE, TAMIKA LACHAN",CAJA RURAL DE CANARIAS,1,3,"0,33"
2001,"BROWN, KIESHA LINDSAY",FILTROS MANN ZARAGOZA,1,3,"0,33"
2001,"ANULA ALAMEDA, NIEVES",UNIVERSITAT DE BARCELONA B.F.,1,4,"0,25"
2001,"NAVARRETE TRUJILLO, MIREIA",REAL CLUB CELTA BANCO SIMEON,1,4,"0,25"
2001,"ALVARO BASCUÑANA, ANA BELEN",UNIVERSITAT DE BARCELONA B.F.,1,4,"0,25"
2001,"MARTÍNEZ PRAT, NÚRIA",UNIVERSITAT DE BARCELONA B.F.,1,4,"0,25"
2001,"CEBRIAN SCHEURER, ELISABET",UNIVERSITAT DE BARCELONA B.F.,1,4,"0,25"
2001,"PAGE, LINDA A. MURRIEL",ROS CASARES VALENCIA,1,5,"0,2"
2001,"GRANDE FLORES, LAURA",REAL CLUB CELTA BANCO SIMEON,1,5,"0,2"
2001,"FALLON, TRISHA NICOLE",ROS CASARES VALENCIA,1,5,"0,2"
2001,"VALDEMORO MADARIAGA, AMAYA",ROS CASARES VALENCIA,1,5,"0,2"
2001,"DA SILVA, KATIA",FILTROS MANN ZARAGOZA,1,5,"0,2"
2001,"JOHNSON, SHANNON REGINA",ROS CASARES VALENCIA,1,5,"0,2"
2001,"XANTAL SERRET, Mª DEL MAR",REAL CLUB CELTA BANCO SIMEON,1,5,"0,2"
2001,"ANTOJA ROVIRA, LAURA",CADI LA SEU D´URGELL,2,2,1
2001,"DAS NEVES, CLAUDIA MARIA",HALCON VIAJES,2,2,1
2001,"---, IZIANE CASTRO MARQUEZ",YAYA MARIA BREOGAN,2,2,1
2001,"VALERO CEBRIAN, PILAR",REAL CLUB CELTA BANCO SIMEON,4,5,"0,8"
2001,"---, MARTA",ROS CASARES VALENCIA,4,5,"0,8"
2001,"AGUILAR LOPEZ , ELISA",CAJA RURAL DE CANARIAS,2,3,"0,67"
2001,"MIGUEL MORO, MARIA",HALCON VIAJES,1,2,"0,5"
2001,"CAMPS COLLELL, LAURA",CADI LA SEU D´URGELL,1,2,"0,5"
2001,"RAMIREZ RODRIGUEZ, NEREIDA",YAYA MARIA BREOGAN,1,2,"0,5"
2001,"JUANES HERNANDEZ, YOLANDA",HALCON VIAJES,1,2,"0,5"
2001,"GARCIA PIÑERO, MARIA BEGOÑA",YAYA MARIA BREOGAN,1,2,"0,5"
2001,"PIQUE SOLE, MERITXELL",CADI LA SEU D´URGELL,1,2,"0,5"
2001,"MORENO MELIAN, ARMINDA",HALCON VIAJES,1,2,"0,5"
2001,"FERRAGUT CASTILLO, MARINA",FILTROS MANN ZARAGOZA,2,5,"0,4"
2001,"MUJANOVIC, RAZIJA",REAL CLUB CELTA BANCO SIMEON,2,5,"0,4"
2001,"MIRCHANDANI VILLAR, LIDIA",ROS CASARES VALENCIA,2,5,"0,4"
2001,"WHITMORE, TAMIKA LACHAN",CAJA RURAL DE CANARIAS,1,3,"0,33"
2001,"BROWN, KIESHA LINDSAY",FILTROS MANN ZARAGOZA,1,3,"0,33"
2001,"ANULA ALAMEDA, NIEVES",UNIVERSITAT DE BARCELONA B.F.,1,4,"0,25"
2001,"NAVARRETE TRUJILLO, MIREIA",REAL CLUB CELTA BANCO SIMEON,1,4,"0,25"
2001,"ALVARO BASCUÑANA, ANA BELEN",UNIVERSITAT DE BARCELONA B.F.,1,4,"0,25"
2001,"MARTÍNEZ PRAT, NÚRIA",UNIVERSITAT DE BARCELONA B.F.,1,4,"0,25"
2001,"CEBRIAN SCHEURER, ELISABET",UNIVERSITAT DE BARCELONA B.F.,1,4,"0,25"
2001,"PAGE, LINDA A. MURRIEL",ROS CASARES VALENCIA,1,5,"0,2"
2001,"GRANDE FLORES, LAURA",REAL CLUB CELTA BANCO SIMEON,1,5,"0,2"
2001,"FALLON, TRISHA NICOLE",ROS CASARES VALENCIA,1,5,"0,2"
2001,"VALDEMORO MADARIAGA, AMAYA",ROS CASARES VALENCIA,1,5,"0,2"
2001,"DA SILVA, KATIA",FILTROS MANN ZARAGOZA,1,5,"0,2"
2001,"JOHNSON, SHANNON REGINA",ROS CASARES VALENCIA,1,5,"0,2"
2001,"XANTAL SERRET, Mª DEL MAR",REAL CLUB CELTA BANCO SIMEON,1,5,"0,2"
2000,"ZURRO ALFONSO, MARTA",B. CIUDAD DE BURGOS,5,3,"1,67"
2000,"---, ALISON",B. CIUDAD DE BURGOS,3,3,1
2000,"SANCHEZ FERNANDEZ, ISABEL",ENSINO YAYA MARIA,5,5,1
2000,"MUJANOVIC, RAZIJA",R.CLUB CELTA BANCO SIMEON,3,3,1
2000,"GARCIA PIÑERO, MARIA BEGOÑA",ENSINO YAYA MARIA,4,5,"0,8"
2000,"MIRCHANDANI VILLAR, LIDIA",UNIVERSITAT DE BARCELONA,3,4,"0,75"
2000,"ALONSO DIEGO, MARIA JOSE",B. CIUDAD DE BURGOS,2,3,"0,67"
2000,"DOMINGUEZ BERMEJO, DAVINIA",B. CIUDAD DE BURGOS,2,3,"0,67"
2000,"---, POLIMIA",B. CIUDAD DE BURGOS,2,3,"0,67"
2000,"PONS MOLINA, INGRID",ROS CASARES,3,5,"0,6"
2000,"FERNANDEZ FARRES, MARTA",ROS CASARES,3,5,"0,6"
2000,"---, RANKICA",ROS CASARES,3,5,"0,6"
2000,"---, KELLY ANNE",C.B.N.,1,2,"0,5"
2000,"BEZOS MARTÍNEZ, EMMA",SALAMANCA HALCON VIAJES,1,2,"0,5"
2000,"REMIRO LEÓN, MARÍA",C.B.N.,1,2,"0,5"
2000,"---, MICHELLE",C.B.N.,1,2,"0,5"
2000,"HOLLAND CORN, KEDRA",ENSINO YAYA MARIA,2,5,"0,4"
2000,"GOMEZ NOVO, MARIA ARANZAZU",ENSINO YAYA MARIA,2,5,"0,4"
2000,"---, SHANNON REGINA",ROS CASARES,2,5,"0,4"
2000,"REVUELTO SÁNCHEZ-AGUILERA, MARIA",B. CIUDAD DE BURGOS,1,3,"0,33"
2000,"XANTAL SERRET, Mª DEL MAR",R.CLUB CELTA BANCO SIMEON,1,3,"0,33"
2000,"LONGIN, KORANA",UNIVERSITAT DE BARCELONA,1,4,"0,25"
2000,"---, ELENA",UNIVERSITAT DE BARCELONA,1,4,"0,25"
2000,"LOPEZ VERDU, ALICIA",ROS CASARES,1,5,"0,2"
2000,"POLLINI, CATARINA",ENSINO YAYA MARIA,1,5,"0,2"
2000,"ANULA ALAMEDA, NIEVES",ROS CASARES,1,5,"0,2"
2000,"GARCIA FERNANDEZ, BELEN",ENSINO YAYA MARIA,1,5,"0,2"
1999,"PELAEZ SAN GIL, LOURDES",SANDRA GRAN CANARIA,4,2,2
1999,"VILLAR FERNANDEZ, IRIA",R.CLUB CELTA BANCO SIMEON,1,1,1
1999,"FERNANDEZ FARRES, MARTA",POPULAR BASQUET GODELLA,2,2,1
1999,"GRANDE FLORES, LAURA",R.CLUB CELTA BANCO SIMEON,2,2,1
1999,"SÁNCHEZ LUJÁN, ROSAURA DEL CARMEN",SANDRA GRAN CANARIA,1,2,"0,5"
1999,"---, MARIE",SANDRA GRAN CANARIA,1,2,"0,5"
1999,"ANTONIKOVA, EVA",POPULAR BASQUET GODELLA,1,2,"0,5"
1999,"FERRER PEREZ, ESTELA ROSA",SANDRA GRAN CANARIA,1,2,"0,5"
1998,"PASCHAL, TOWANDA DENICE",HALCON VIAJES,4,3,"1,33"
1998,"JUANES HERNANDEZ, SONIA",HALCON VIAJES,2,2,1
1998,"HICKS, JESSIE IVETTE",SANDRA G. CANARIA,3,3,1
1998,"VALDEMORO MADARIAGA, AMAYA",HALCON VIAJES,3,3,1
1998,"GARCIA PIÑERO, MARIA BEGOÑA",ENSINO,2,3,"0,67"
1998,"GRANDE FLORES, LAURA",BANCO SIMEON,2,3,"0,67"
1998,"SÁNCHEZ LUJÁN, ROSAURA DEL CARMEN",SANDRA G. CANARIA,2,3,"0,67"
1998,"BEZOS MARTÍNEZ, EMMA",HALCON VIAJES,2,3,"0,67"
1998,"ARMENTA MONTEAGUDO, MARUXA",ENSINO,2,3,"0,67"
1998,"HERNANDEZ ARENCIBIA, PATRICIA DEL PINO",HALCON VIAJES,2,3,"0,67"
1998,"JUANES HERNANDEZ, YOLANDA",HALCON VIAJES,2,3,"0,67"
1998,"SANCHEZ FERNANDEZ, ISABEL",ENSINO,1,3,"0,33"
1998,"GAMON HERNANDEZ, ASUNCION",SANDRA G. CANARIA,1,3,"0,33"
1998,"GONZALEZ DIAZ, CARMEN",BANCO SIMEON,1,3,"0,33"
1998,"LLAMAS PAJUELO, MARIA NIEVES",HALCON VIAJES,1,3,"0,33"
1997,"PELAEZ SAN GIL, LOURDES",SANDRA G. CANARIA,3,2,"1,5"
1997,"SÁNCHEZ LUJÁN, ROSAURA DEL CARMEN",SANDRA G. CANARIA,3,2,"1,5"
1997,"ALAMO GONZALEZ, ELENA",SANDRA G. CANARIA,2,2,1
1997,"RODRIGUEZ TOLEDO, ORANDA",SANDRA G. CANARIA,2,2,1
1997,"BISETTI RODRIGUEZ, LUISA",UNIVERSITARI,2,3,"0,67"
1997,"GALLEGO VICARIO, SANDRA",UNIVERSITARI,2,3,"0,67"
1997,"PONS MOLINA, INGRID",UNIVERSITARI,2,3,"0,67"
1997,"SANCHEZ ORTEGA, PALOMA",BANCO SIMEON,3,6,"0,5"
1997,"GUERRA TALAVERA, TARINA MARIA",SANDRA G. CANARIA,1,2,"0,5"
1997,"MIRCHANDANI VILLAR, LIDIA",SANDRA G. CANARIA,1,2,"0,5"
1997,"URQUIJO ALAMO, PATRICIA",SANDRA G. CANARIA,1,2,"0,5"
1997,"VALERO CEBRIAN, PILAR",BANCO SIMEON,3,6,"0,5"
1997,"VALDEMORO MADARIAGA, AMAYA",POOL GETAFE,2,5,"0,4"
1997,"ANULA ALAMEDA, NIEVES",POOL GETAFE,2,5,"0,4"
1997,"JEKABSONE, ANDA",BANCO SIMEON,2,6,"0,33"
1997,"ZASSOULSKAYA, NATALIA",POOL GETAFE,1,5,"0,2"
1997,"GRANDE FLORES, LAURA",BANCO SIMEON,1,6,"0,17"
