Temporada,Jugador,Equipo,Tot,Part,Med
2024,"KONE , SIKA",PERFUMERIAS AVENIDA,49,4,"12,25"
2024,"COULIBALY, MARIAM ALOU",CLUB JOVENTUT BADALONA,18,2,9
2024,"DEMBELE, GNERE ALIMA",CLUB JOVENTUT BADALONA,17,2,"8,5"
2024,"CANELLA RODRIGUEZ, MARTA",SPAR GIRONA,33,4,"8,25"
2024,"AYUSO BAGUR, AINA",HOZONO GLOBAL JAIRIS,16,2,8
2024,"ALEXANDER, KAYLA JANINE",VALENCIA B.C.,38,5,"7,6"
2024,"BANASZAK, LILIANA ALEKSANDRA",MOVISTAR ESTUDIANTES,14,2,7
2024,"GRAY, RESHANDA JACQUETA",HOZONO GLOBAL JAIRIS,13,2,"6,5"
2024,"POSPÍŠILOVÁ, JULIE",BAXI FERROL,13,2,"6,5"
2024,"CRUZ LEBRATO, ANNA",CLUB JOVENTUT BADALONA,12,2,6
2024,"LÓPEZ-SÉNÉCHAL, LOU",HOZONO GLOBAL JAIRIS,12,2,6
2024,"CAMILION CUCCARO, JUANA",MOVISTAR ESTUDIANTES,12,2,6
2024,"ORTIZ VIVES, MARIONA",CASADEMONT ZARAGOZA,26,5,"5,2"
2024,"ATKINSON, TANAYA MECHELLE",CASADEMONT ZARAGOZA,5,1,5
2024,"MELIA, CLAIRE",BAXI FERROL,10,2,5
2024,"TOPUZOVIC, KRISTINA",MOVISTAR ESTUDIANTES,5,1,5
2024,"MESTRES RICART, GALA",BAXI FERROL,10,2,5
2024,"BERTSCH, MORGAN QUINN",HOZONO GLOBAL JAIRIS,5,1,5
2024,"CARTER, ARICA DERRIS",PERFUMERIAS AVENIDA,20,4,5
2024,"PIERRE LOUIS, VIONISE ARON'S",SPAR GIRONA,19,4,"4,75"
2024,"MAWULI, STEPHANIE",CASADEMONT ZARAGOZA,23,5,"4,6"
2024,"CARRERA QUINTANA, RAQUEL",VALENCIA B.C.,23,5,"4,6"
2024,"FINGALL, NADIA ANGELIQUE",VALENCIA B.C.,23,5,"4,6"
2024,"FRASER, BRIANNA ASHAKI",CASADEMONT ZARAGOZA,9,2,"4,5"
2024,"GINZO ARANTES, PAULA",HOZONO GLOBAL JAIRIS,9,2,"4,5"
2024,"MILLAN MODIA, BLANCA",BAXI FERROL,9,2,"4,5"
2024,"PUEYO MELCHOR, HELENA",CASADEMONT ZARAGOZA,22,5,"4,4"
2024,"VILARO ARAGONES, ANDREA",PERFUMERIAS AVENIDA,17,4,"4,25"
2024,"LUNDQUIST, KLARA MARIA SUSSANE",SPAR GIRONA,17,4,"4,25"
2024,"HEMPE, MERRIT RAMONA",CASADEMONT ZARAGOZA,21,5,"4,2"
2024,"LOPEZ RODRIGUEZ, AINHOA",SPAR GIRONA,7,4,"1,75"
2024,"YGUERAVIDE VIANA, SANDRA",SPAR GIRONA,7,4,"1,75"
2024,"NYSTROM, ELLEN ADINA",CASADEMONT ZARAGOZA,7,4,"1,75"
2024,"ROMERO GONZALEZ, LETICIA",VALENCIA B.C.,5,3,"1,67"
2024,"MANÉ, MARIE",CASADEMONT ZARAGOZA,8,5,"1,6"
2024,"VENNEMA, IRIS",CLUB JOVENTUT BADALONA,3,2,"1,5"
2024,"HOLESINSKA, PETRA",HOZONO GLOBAL JAIRIS,3,2,"1,5"
2024,"FASOULA, MARIA EMMANOUELA",PERFUMERIAS AVENIDA,3,2,"1,5"
2024,"FLOREZ GETINO, ALICIA",VALENCIA B.C.,6,5,"1,2"
2024,"SALVADORES ALVAREZ, ANGELA",MOVISTAR ESTUDIANTES,2,2,1
2024,"DAVIS, JORI N.",BAXI FERROL,1,1,1
2024,"GRANDE PARDO, CARMEN",HOZONO GLOBAL JAIRIS,1,1,1
2024,"LEKOVIC, MARIJA",PERFUMERIAS AVENIDA,2,2,1
2024,"JESPERSEN , MARIA STEEN",PERFUMERIAS AVENIDA,3,3,1
2024,"JANKOVIC, MASA",PERFUMERIAS AVENIDA,3,4,"0,75"
2024,"DOMINGUEZ FERNANDEZ, SILVIA",PERFUMERIAS AVENIDA,3,4,"0,75"
2024,"SARAVIA LOGROÑO, PAULA",MOVISTAR ESTUDIANTES,1,2,"0,5"
2024,"COTANO DE JUAN, REBECA",CLUB JOVENTUT BADALONA,1,2,"0,5"
2024,"DEMBELE TRAORE, MAMA",VALENCIA B.C.,1,5,"0,2"
2024,"LOPEZ RODRIGUEZ, AINHOA",SPAR GIRONA,7,4,"1,75"
2024,"YGUERAVIDE VIANA, SANDRA",SPAR GIRONA,7,4,"1,75"
2024,"NYSTROM, ELLEN ADINA",CASADEMONT ZARAGOZA,7,4,"1,75"
2024,"ROMERO GONZALEZ, LETICIA",VALENCIA B.C.,5,3,"1,67"
2024,"MANÉ, MARIE",CASADEMONT ZARAGOZA,8,5,"1,6"
2024,"VENNEMA, IRIS",CLUB JOVENTUT BADALONA,3,2,"1,5"
2024,"HOLESINSKA, PETRA",HOZONO GLOBAL JAIRIS,3,2,"1,5"
2024,"FASOULA, MARIA EMMANOUELA",PERFUMERIAS AVENIDA,3,2,"1,5"
2024,"FLOREZ GETINO, ALICIA",VALENCIA B.C.,6,5,"1,2"
2024,"SALVADORES ALVAREZ, ANGELA",MOVISTAR ESTUDIANTES,2,2,1
2024,"DAVIS, JORI N.",BAXI FERROL,1,1,1
2024,"GRANDE PARDO, CARMEN",HOZONO GLOBAL JAIRIS,1,1,1
2024,"LEKOVIC, MARIJA",PERFUMERIAS AVENIDA,2,2,1
2024,"JESPERSEN , MARIA STEEN",PERFUMERIAS AVENIDA,3,3,1
2024,"JANKOVIC, MASA",PERFUMERIAS AVENIDA,3,4,"0,75"
2024,"DOMINGUEZ FERNANDEZ, SILVIA",PERFUMERIAS AVENIDA,3,4,"0,75"
2024,"SARAVIA LOGROÑO, PAULA",MOVISTAR ESTUDIANTES,1,2,"0,5"
2024,"COTANO DE JUAN, REBECA",CLUB JOVENTUT BADALONA,1,2,"0,5"
2024,"DEMBELE TRAORE, MAMA",VALENCIA B.C.,1,5,"0,2"
2023,"DE SANTIAGO OTERO, BEGOÑA",MOVISTAR ESTUDIANTES,4,2,2
2023,"MENDEZ CAMPS, LAURA",MOVISTAR ESTUDIANTES,4,2,2
2023,"POINTER, KHAYLA NICOLE",CASADEMONT ZARAGOZA,5,3,"1,67"
2023,"TORRENS SALOM, ALBA",VALENCIA B.C.,6,4,"1,5"
2023,"AIJANEN, MARIA ANNIINA",BAXI FERROL,3,2,"1,5"
2023,"REMBISZEWSKA, AMALIA",HOZONO GLOBAL JAIRIS,3,2,"1,5"
2023,"FEQUIERE, JESSICA",BAXI FERROL,3,2,"1,5"
2023,"GRANDE PARDO, CARMEN",HOZONO GLOBAL JAIRIS,2,2,1
2023,"RODRIGUEZ ARRIBAS, LUCIA",PERFUMERIAS AVENIDA,2,2,1
2023,"MOLINA CONESA, CARMEN SOL",HOZONO GLOBAL JAIRIS,1,1,1
2023,"FAM THIAM, AWA",VALENCIA B.C.,2,2,1
2023,"SELLAND, MYAH ALEXANDRA",BAXI FERROL,2,2,1
2023,"DOMINGUEZ FERNANDEZ, SILVIA",PERFUMERIAS AVENIDA,2,2,1
2023,"KONIG, AISLINN CHIA PI",HOZONO GLOBAL JAIRIS,2,2,1
2023,"DELAERE, ANTONIA LAURA A.",PERFUMERIAS AVENIDA,5,6,"0,83"
2023,"ÇAKIR TURGUT, OLCAY",PERFUMERIAS AVENIDA,4,6,"0,67"
2023,"PARRA, FAUSTINE LAURE CLEMENCE",SPAR GIRONA,2,3,"0,67"
2023,"GOMEZ FERNANDEZ, MARTA",BAXI FERROL,1,2,"0,5"
2023,"BETTENCOURT CORREIA, MARIA JOAO",HOZONO GLOBAL JAIRIS,1,2,"0,5"
2023,"DE SANTIAGO OTERO, BEGOÑA",MOVISTAR ESTUDIANTES,4,2,2
2023,"MENDEZ CAMPS, LAURA",MOVISTAR ESTUDIANTES,4,2,2
2023,"POINTER, KHAYLA NICOLE",CASADEMONT ZARAGOZA,5,3,"1,67"
2023,"TORRENS SALOM, ALBA",VALENCIA B.C.,6,4,"1,5"
2023,"AIJANEN, MARIA ANNIINA",BAXI FERROL,3,2,"1,5"
2023,"REMBISZEWSKA, AMALIA",HOZONO GLOBAL JAIRIS,3,2,"1,5"
2023,"FEQUIERE, JESSICA",BAXI FERROL,3,2,"1,5"
2023,"GRANDE PARDO, CARMEN",HOZONO GLOBAL JAIRIS,2,2,1
2023,"RODRIGUEZ ARRIBAS, LUCIA",PERFUMERIAS AVENIDA,2,2,1
2023,"MOLINA CONESA, CARMEN SOL",HOZONO GLOBAL JAIRIS,1,1,1
2023,"FAM THIAM, AWA",VALENCIA B.C.,2,2,1
2023,"SELLAND, MYAH ALEXANDRA",BAXI FERROL,2,2,1
2023,"DOMINGUEZ FERNANDEZ, SILVIA",PERFUMERIAS AVENIDA,2,2,1
2023,"KONIG, AISLINN CHIA PI",HOZONO GLOBAL JAIRIS,2,2,1
2023,"DELAERE, ANTONIA LAURA A.",PERFUMERIAS AVENIDA,5,6,"0,83"
2023,"ÇAKIR TURGUT, OLCAY",PERFUMERIAS AVENIDA,4,6,"0,67"
2023,"PARRA, FAUSTINE LAURE CLEMENCE",SPAR GIRONA,2,3,"0,67"
2023,"GOMEZ FERNANDEZ, MARTA",BAXI FERROL,1,2,"0,5"
2023,"BETTENCOURT CORREIA, MARIA JOAO",HOZONO GLOBAL JAIRIS,1,2,"0,5"
2023,"DE SANTIAGO OTERO, BEGOÑA",MOVISTAR ESTUDIANTES,4,2,2
2023,"MENDEZ CAMPS, LAURA",MOVISTAR ESTUDIANTES,4,2,2
2023,"POINTER, KHAYLA NICOLE",CASADEMONT ZARAGOZA,5,3,"1,67"
2023,"TORRENS SALOM, ALBA",VALENCIA B.C.,6,4,"1,5"
2023,"AIJANEN, MARIA ANNIINA",BAXI FERROL,3,2,"1,5"
2023,"REMBISZEWSKA, AMALIA",HOZONO GLOBAL JAIRIS,3,2,"1,5"
2023,"FEQUIERE, JESSICA",BAXI FERROL,3,2,"1,5"
2023,"GRANDE PARDO, CARMEN",HOZONO GLOBAL JAIRIS,2,2,1
2023,"RODRIGUEZ ARRIBAS, LUCIA",PERFUMERIAS AVENIDA,2,2,1
2023,"MOLINA CONESA, CARMEN SOL",HOZONO GLOBAL JAIRIS,1,1,1
2023,"FAM THIAM, AWA",VALENCIA B.C.,2,2,1
2023,"SELLAND, MYAH ALEXANDRA",BAXI FERROL,2,2,1
2023,"DOMINGUEZ FERNANDEZ, SILVIA",PERFUMERIAS AVENIDA,2,2,1
2023,"KONIG, AISLINN CHIA PI",HOZONO GLOBAL JAIRIS,2,2,1
2023,"DELAERE, ANTONIA LAURA A.",PERFUMERIAS AVENIDA,5,6,"0,83"
2023,"ÇAKIR TURGUT, OLCAY",PERFUMERIAS AVENIDA,4,6,"0,67"
2023,"PARRA, FAUSTINE LAURE CLEMENCE",SPAR GIRONA,2,3,"0,67"
2023,"GOMEZ FERNANDEZ, MARTA",BAXI FERROL,1,2,"0,5"
2023,"BETTENCOURT CORREIA, MARIA JOAO",HOZONO GLOBAL JAIRIS,1,2,"0,5"
2022,"ARIZTIMUÑO LOPEZ , ITZIAR",LOINTEK GERNIKA BIZKAIA,3,2,"1,5"
2022,"SALVADORES ALVAREZ, ANGELA",VALENCIA B.C.,9,6,"1,5"
2022,"BURA, PATRICIA",LOINTEK GERNIKA BIZKAIA,3,2,"1,5"
2022,"ESPIN DE SANCHO, MARIA",MOVISTAR ESTUDIANTES,3,2,"1,5"
2022,"FAM THIAM, AWA",VALENCIA B.C.,7,5,"1,4"
2022,"RUEDA CHONI, JULIA MARIA",BARÇA CBS,5,4,"1,25"
2022,"MIRCHEVA, VIKTORIA VLADIMIROVNA",BARÇA CBS,5,4,"1,25"
2022,"MASSEY, BECKY ERNA",MOVISTAR ESTUDIANTES,2,2,1
2022,"GIMENO MARTINEZ, VEGA",CASADEMONT ZARAGOZA,4,4,1
2022,"NOGIC, JOVANA",PERFUMERIAS AVENIDA,5,5,1
2022,"ANGEL VILLEN, DAVINIA",CASADEMONT ZARAGOZA,1,1,1
2022,"CONDE DURAN, ITSASO",MOVISTAR ESTUDIANTES,2,2,1
2022,"BUENAVIDA ESTEVEZ, ELENA",VALENCIA B.C.,5,5,1
2022,"ALBERDI LARRUCEA, MARTA",LOINTEK GERNIKA BIZKAIA,2,2,1
2022,"RAMETTE, ELISE CLAUDINE",CADI LA SEU,2,2,1
2022,"SARAVIA LOGROÑO, PAULA",MOVISTAR ESTUDIANTES,1,1,1
2022,"PUJOL LLUCH, ARIADNA",BARÇA CBS,2,3,"0,67"
2022,"BROTONS PASCUAL, MONTSERRAT",CADI LA SEU,1,2,"0,5"
2022,"PARRA, FAUSTINE LAURE CLEMENCE",SPAR GIRONA,1,2,"0,5"
2022,"RAVENTOS ROIG, LAIA",CADI LA SEU,1,2,"0,5"
2022,"ARIZTIMUÑO LOPEZ , ITZIAR",LOINTEK GERNIKA BIZKAIA,3,2,"1,5"
2022,"SALVADORES ALVAREZ, ANGELA",VALENCIA B.C.,9,6,"1,5"
2022,"BURA, PATRICIA",LOINTEK GERNIKA BIZKAIA,3,2,"1,5"
2022,"ESPIN DE SANCHO, MARIA",MOVISTAR ESTUDIANTES,3,2,"1,5"
2022,"FAM THIAM, AWA",VALENCIA B.C.,7,5,"1,4"
2022,"RUEDA CHONI, JULIA MARIA",BARÇA CBS,5,4,"1,25"
2022,"MIRCHEVA, VIKTORIA VLADIMIROVNA",BARÇA CBS,5,4,"1,25"
2022,"MASSEY, BECKY ERNA",MOVISTAR ESTUDIANTES,2,2,1
2022,"GIMENO MARTINEZ, VEGA",CASADEMONT ZARAGOZA,4,4,1
2022,"NOGIC, JOVANA",PERFUMERIAS AVENIDA,5,5,1
2022,"ANGEL VILLEN, DAVINIA",CASADEMONT ZARAGOZA,1,1,1
2022,"CONDE DURAN, ITSASO",MOVISTAR ESTUDIANTES,2,2,1
2022,"BUENAVIDA ESTEVEZ, ELENA",VALENCIA B.C.,5,5,1
2022,"ALBERDI LARRUCEA, MARTA",LOINTEK GERNIKA BIZKAIA,2,2,1
2022,"RAMETTE, ELISE CLAUDINE",CADI LA SEU,2,2,1
2022,"SARAVIA LOGROÑO, PAULA",MOVISTAR ESTUDIANTES,1,1,1
2022,"PUJOL LLUCH, ARIADNA",BARÇA CBS,2,3,"0,67"
2022,"BROTONS PASCUAL, MONTSERRAT",CADI LA SEU,1,2,"0,5"
2022,"PARRA, FAUSTINE LAURE CLEMENCE",SPAR GIRONA,1,2,"0,5"
2022,"RAVENTOS ROIG, LAIA",CADI LA SEU,1,2,"0,5"
2022,"ARIZTIMUÑO LOPEZ , ITZIAR",LOINTEK GERNIKA BIZKAIA,3,2,"1,5"
2022,"SALVADORES ALVAREZ, ANGELA",VALENCIA B.C.,9,6,"1,5"
2022,"BURA, PATRICIA",LOINTEK GERNIKA BIZKAIA,3,2,"1,5"
2022,"ESPIN DE SANCHO, MARIA",MOVISTAR ESTUDIANTES,3,2,"1,5"
2022,"FAM THIAM, AWA",VALENCIA B.C.,7,5,"1,4"
2022,"RUEDA CHONI, JULIA MARIA",BARÇA CBS,5,4,"1,25"
2022,"MIRCHEVA, VIKTORIA VLADIMIROVNA",BARÇA CBS,5,4,"1,25"
2022,"MASSEY, BECKY ERNA",MOVISTAR ESTUDIANTES,2,2,1
2022,"GIMENO MARTINEZ, VEGA",CASADEMONT ZARAGOZA,4,4,1
2022,"NOGIC, JOVANA",PERFUMERIAS AVENIDA,5,5,1
2022,"ANGEL VILLEN, DAVINIA",CASADEMONT ZARAGOZA,1,1,1
2022,"CONDE DURAN, ITSASO",MOVISTAR ESTUDIANTES,2,2,1
2022,"BUENAVIDA ESTEVEZ, ELENA",VALENCIA B.C.,5,5,1
2022,"ALBERDI LARRUCEA, MARTA",LOINTEK GERNIKA BIZKAIA,2,2,1
2022,"RAMETTE, ELISE CLAUDINE",CADI LA SEU,2,2,1
2022,"SARAVIA LOGROÑO, PAULA",MOVISTAR ESTUDIANTES,1,1,1
2022,"PUJOL LLUCH, ARIADNA",BARÇA CBS,2,3,"0,67"
2022,"BROTONS PASCUAL, MONTSERRAT",CADI LA SEU,1,2,"0,5"
2022,"PARRA, FAUSTINE LAURE CLEMENCE",SPAR GIRONA,1,2,"0,5"
2022,"RAVENTOS ROIG, LAIA",CADI LA SEU,1,2,"0,5"
2021,"SILVA SERRANO , ROSELIS CAROLINA",LOINTEK GERNIKA BIZKAIA,3,2,"1,5"
2021,"DELAERE, ANTONIA LAURA A.",CASADEMONT ZARAGOZA,3,2,"1,5"
2021,"SEGURA MORENO, LORENA",VALENCIA B.C.,7,5,"1,4"
2021,"RAVENTOS ROIG, LAIA",CADI LA SEU,5,4,"1,25"
2021,"VILARO ARAGONES, ANDREA",PERFUMERIAS AVENIDA,7,6,"1,17"
2021,"ESPAÑA ALMENDRO, MARIA",IDK EUSKOTREN,2,2,1
2021,"SARAVIA LOGROÑO, PAULA",MOVISTAR ESTUDIANTES,1,1,1
2021,"ESNAL AGUIRRE, ANE",IDK EUSKOTREN,1,1,1
2021,"PUJOL LLUCH, ARIADNA",CADI LA SEU,4,4,1
2021,"FAM THIAM, AWA",VALENCIA B.C.,1,1,1
2021,"GERMAN VELASCO, ICIAR",VALENCIA B.C.,5,5,1
2021,"BROTONS PASCUAL, MONTSERRAT",CADI LA SEU,2,3,"0,67"
2021,"DIAZ CASTELLANO, YURENA",IDK EUSKOTREN,1,2,"0,5"
2021,"GOMEZ IGUAL, ANNA",VALENCIA B.C.,1,2,"0,5"
2021,"KOSTOURKOVA, MARIA IVANOVA",CASADEMONT ZARAGOZA,1,2,"0,5"
2021,"SILVA SERRANO , ROSELIS CAROLINA",LOINTEK GERNIKA BIZKAIA,3,2,"1,5"
2021,"DELAERE, ANTONIA LAURA A.",CASADEMONT ZARAGOZA,3,2,"1,5"
2021,"SEGURA MORENO, LORENA",VALENCIA B.C.,7,5,"1,4"
2021,"RAVENTOS ROIG, LAIA",CADI LA SEU,5,4,"1,25"
2021,"VILARO ARAGONES, ANDREA",PERFUMERIAS AVENIDA,7,6,"1,17"
2021,"ESPAÑA ALMENDRO, MARIA",IDK EUSKOTREN,2,2,1
2021,"SARAVIA LOGROÑO, PAULA",MOVISTAR ESTUDIANTES,1,1,1
2021,"ESNAL AGUIRRE, ANE",IDK EUSKOTREN,1,1,1
2021,"PUJOL LLUCH, ARIADNA",CADI LA SEU,4,4,1
2021,"FAM THIAM, AWA",VALENCIA B.C.,1,1,1
2021,"GERMAN VELASCO, ICIAR",VALENCIA B.C.,5,5,1
2021,"BROTONS PASCUAL, MONTSERRAT",CADI LA SEU,2,3,"0,67"
2021,"DIAZ CASTELLANO, YURENA",IDK EUSKOTREN,1,2,"0,5"
2021,"GOMEZ IGUAL, ANNA",VALENCIA B.C.,1,2,"0,5"
2021,"KOSTOURKOVA, MARIA IVANOVA",CASADEMONT ZARAGOZA,1,2,"0,5"
2021,"SILVA SERRANO , ROSELIS CAROLINA",LOINTEK GERNIKA BIZKAIA,3,2,"1,5"
2021,"DELAERE, ANTONIA LAURA A.",CASADEMONT ZARAGOZA,3,2,"1,5"
2021,"SEGURA MORENO, LORENA",VALENCIA B.C.,7,5,"1,4"
2021,"RAVENTOS ROIG, LAIA",CADI LA SEU,5,4,"1,25"
2021,"VILARO ARAGONES, ANDREA",PERFUMERIAS AVENIDA,7,6,"1,17"
2021,"ESPAÑA ALMENDRO, MARIA",IDK EUSKOTREN,2,2,1
2021,"SARAVIA LOGROÑO, PAULA",MOVISTAR ESTUDIANTES,1,1,1
2021,"ESNAL AGUIRRE, ANE",IDK EUSKOTREN,1,1,1
2021,"PUJOL LLUCH, ARIADNA",CADI LA SEU,4,4,1
2021,"FAM THIAM, AWA",VALENCIA B.C.,1,1,1
2021,"GERMAN VELASCO, ICIAR",VALENCIA B.C.,5,5,1
2021,"BROTONS PASCUAL, MONTSERRAT",CADI LA SEU,2,3,"0,67"
2021,"DIAZ CASTELLANO, YURENA",IDK EUSKOTREN,1,2,"0,5"
2021,"GOMEZ IGUAL, ANNA",VALENCIA B.C.,1,2,"0,5"
2021,"KOSTOURKOVA, MARIA IVANOVA",CASADEMONT ZARAGOZA,1,2,"0,5"
2020,"DOMINGUEZ FERNANDEZ, SILVIA",PERFUMERIAS AVENIDA,14,7,2
2020,"GOMEZ IGUAL, ANNA",VALENCIA B.C.,12,7,"1,71"
2020,"RAKSANYI, KRISZTINA",CIUDAD DE LA LAGUNA TENERIFE,3,2,"1,5"
2020,"ESPAÑA ALMENDRO, MARIA",SPAR GRAN CANARIA,3,2,"1,5"
2020,"CAZORLA MEDINA, MARIA TERESA",PERFUMERIAS AVENIDA,7,5,"1,4"
2020,"ARIZTIMUÑO LOPEZ , ITZIAR",LOINTEK GERNIKA BIZKAIA,5,4,"1,25"
2020,"HARTMANN, ALINA WAYAN",SPAR GRAN CANARIA,2,2,1
2020,"PINA TOLOSA, MARIA",VALENCIA B.C.,5,5,1
2020,"PRIETO MARTINEZ, ALBA",DURAN MAQUINARIA ENSINO,2,2,1
2020,"BUCH ROSELL, ROSO",LOINTEK GERNIKA BIZKAIA,4,4,1
2020,"ALONSO DE ARMIÑO RIAÑO, GRACIA",MOVISTAR ESTUDIANTES,2,2,1
2020,"GRANDE PARDO, CARMEN",MOVISTAR ESTUDIANTES,2,2,1
2020,"JUSKAITE, LAURA",VALENCIA B.C.,7,7,1
2020,"GIMENO MARTINEZ, VEGA",DURAN MAQUINARIA ENSINO,1,1,1
2020,"BRITO HERNANDEZ, CARLA",SPAR GRAN CANARIA,2,2,1
2020,"NAUWELAERS, HELEEN KARIN J",CIUDAD DE LA LAGUNA TENERIFE,1,2,"0,5"
2020,"SEGURA MORENO, LORENA",VALENCIA B.C.,1,2,"0,5"
2020,"ALBERDI LARRUCEA, MARTA",LOINTEK GERNIKA BIZKAIA,1,2,"0,5"
2020,"ESPIN DE SANCHO, MARIA",MOVISTAR ESTUDIANTES,1,2,"0,5"
2020,"IVANOVIC, MILICA",LOINTEK GERNIKA BIZKAIA,2,4,"0,5"
2020,"DOMINGUEZ FERNANDEZ, SILVIA",PERFUMERIAS AVENIDA,14,7,2
2020,"GOMEZ IGUAL, ANNA",VALENCIA B.C.,12,7,"1,71"
2020,"RAKSANYI, KRISZTINA",CIUDAD DE LA LAGUNA TENERIFE,3,2,"1,5"
2020,"ESPAÑA ALMENDRO, MARIA",SPAR GRAN CANARIA,3,2,"1,5"
2020,"CAZORLA MEDINA, MARIA TERESA",PERFUMERIAS AVENIDA,7,5,"1,4"
2020,"ARIZTIMUÑO LOPEZ , ITZIAR",LOINTEK GERNIKA BIZKAIA,5,4,"1,25"
2020,"HARTMANN, ALINA WAYAN",SPAR GRAN CANARIA,2,2,1
2020,"PINA TOLOSA, MARIA",VALENCIA B.C.,5,5,1
2020,"PRIETO MARTINEZ, ALBA",DURAN MAQUINARIA ENSINO,2,2,1
2020,"BUCH ROSELL, ROSO",LOINTEK GERNIKA BIZKAIA,4,4,1
2020,"ALONSO DE ARMIÑO RIAÑO, GRACIA",MOVISTAR ESTUDIANTES,2,2,1
2020,"GRANDE PARDO, CARMEN",MOVISTAR ESTUDIANTES,2,2,1
2020,"JUSKAITE, LAURA",VALENCIA B.C.,7,7,1
2020,"GIMENO MARTINEZ, VEGA",DURAN MAQUINARIA ENSINO,1,1,1
2020,"BRITO HERNANDEZ, CARLA",SPAR GRAN CANARIA,2,2,1
2020,"NAUWELAERS, HELEEN KARIN J",CIUDAD DE LA LAGUNA TENERIFE,1,2,"0,5"
2020,"SEGURA MORENO, LORENA",VALENCIA B.C.,1,2,"0,5"
2020,"ALBERDI LARRUCEA, MARTA",LOINTEK GERNIKA BIZKAIA,1,2,"0,5"
2020,"ESPIN DE SANCHO, MARIA",MOVISTAR ESTUDIANTES,1,2,"0,5"
2020,"IVANOVIC, MILICA",LOINTEK GERNIKA BIZKAIA,2,4,"0,5"
2020,"DOMINGUEZ FERNANDEZ, SILVIA",PERFUMERIAS AVENIDA,14,7,2
2020,"GOMEZ IGUAL, ANNA",VALENCIA B.C.,12,7,"1,71"
2020,"RAKSANYI, KRISZTINA",CIUDAD DE LA LAGUNA TENERIFE,3,2,"1,5"
2020,"ESPAÑA ALMENDRO, MARIA",SPAR GRAN CANARIA,3,2,"1,5"
2020,"CAZORLA MEDINA, MARIA TERESA",PERFUMERIAS AVENIDA,7,5,"1,4"
2020,"ARIZTIMUÑO LOPEZ , ITZIAR",LOINTEK GERNIKA BIZKAIA,5,4,"1,25"
2020,"HARTMANN, ALINA WAYAN",SPAR GRAN CANARIA,2,2,1
2020,"PINA TOLOSA, MARIA",VALENCIA B.C.,5,5,1
2020,"PRIETO MARTINEZ, ALBA",DURAN MAQUINARIA ENSINO,2,2,1
2020,"BUCH ROSELL, ROSO",LOINTEK GERNIKA BIZKAIA,4,4,1
2020,"ALONSO DE ARMIÑO RIAÑO, GRACIA",MOVISTAR ESTUDIANTES,2,2,1
2020,"GRANDE PARDO, CARMEN",MOVISTAR ESTUDIANTES,2,2,1
2020,"JUSKAITE, LAURA",VALENCIA B.C.,7,7,1
2020,"GIMENO MARTINEZ, VEGA",DURAN MAQUINARIA ENSINO,1,1,1
2020,"BRITO HERNANDEZ, CARLA",SPAR GRAN CANARIA,2,2,1
2020,"NAUWELAERS, HELEEN KARIN J",CIUDAD DE LA LAGUNA TENERIFE,1,2,"0,5"
2020,"SEGURA MORENO, LORENA",VALENCIA B.C.,1,2,"0,5"
2020,"ALBERDI LARRUCEA, MARTA",LOINTEK GERNIKA BIZKAIA,1,2,"0,5"
2020,"ESPIN DE SANCHO, MARIA",MOVISTAR ESTUDIANTES,1,2,"0,5"
2020,"IVANOVIC, MILICA",LOINTEK GERNIKA BIZKAIA,2,4,"0,5"
2019,"MOLINUEVO GARCIA, CRISTINA",RPK ARASKI,1,1,1
2019,"CHARLES, CHANTEL ZENA",CIUDAD DE LA LAGUNA TENERIFE,1,1,1
2019,"STANACEV , ALEKSANDRA",DURAN MAQUINARIA ENSINO,1,1,1
2019,"LOYD, KALIS HELENA",DURAN MAQUINARIA ENSINO,1,1,1
2019,"WIESE, SYDNEY ROSE",CADI LA SEU,1,1,1
2019,"CAZORLA MEDINA, MARIA TERESA",PERFUMERIAS AVENIDA,3,3,1
2019,"MAZIONYTE, GINTARE",LOINTEK GERNIKA BIZKAIA,1,1,1
2019,"DINKINS, BRITTANY",DURAN MAQUINARIA ENSINO,1,1,1
2019,"MARTINEZ PRAT, NURIA",SPAR CITYLIFT GIRONA,2,3,"0,67"
2019,"PARDO HERVIAS, LAURA",RPK ARASKI,1,2,"0,5"
2019,"VILARO ARAGONES, ANDREA",PERFUMERIAS AVENIDA,1,3,"0,33"
2019,"MOLINUEVO GARCIA, CRISTINA",RPK ARASKI,1,1,1
2019,"CHARLES, CHANTEL ZENA",CIUDAD DE LA LAGUNA TENERIFE,1,1,1
2019,"STANACEV , ALEKSANDRA",DURAN MAQUINARIA ENSINO,1,1,1
2019,"LOYD, KALIS HELENA",DURAN MAQUINARIA ENSINO,1,1,1
2019,"WIESE, SYDNEY ROSE",CADI LA SEU,1,1,1
2019,"CAZORLA MEDINA, MARIA TERESA",PERFUMERIAS AVENIDA,3,3,1
2019,"MAZIONYTE, GINTARE",LOINTEK GERNIKA BIZKAIA,1,1,1
2019,"DINKINS, BRITTANY",DURAN MAQUINARIA ENSINO,1,1,1
2019,"MARTINEZ PRAT, NURIA",SPAR CITYLIFT GIRONA,2,3,"0,67"
2019,"PARDO HERVIAS, LAURA",RPK ARASKI,1,2,"0,5"
2019,"VILARO ARAGONES, ANDREA",PERFUMERIAS AVENIDA,1,3,"0,33"
2019,"MOLINUEVO GARCIA, CRISTINA",RPK ARASKI,1,1,1
2019,"CHARLES, CHANTEL ZENA",CIUDAD DE LA LAGUNA TENERIFE,1,1,1
2019,"STANACEV , ALEKSANDRA",DURAN MAQUINARIA ENSINO,1,1,1
2019,"LOYD, KALIS HELENA",DURAN MAQUINARIA ENSINO,1,1,1
2019,"WIESE, SYDNEY ROSE",CADI LA SEU,1,1,1
2019,"CAZORLA MEDINA, MARIA TERESA",PERFUMERIAS AVENIDA,3,3,1
2019,"MAZIONYTE, GINTARE",LOINTEK GERNIKA BIZKAIA,1,1,1
2019,"DINKINS, BRITTANY",DURAN MAQUINARIA ENSINO,1,1,1
2019,"MARTINEZ PRAT, NURIA",SPAR CITYLIFT GIRONA,2,3,"0,67"
2019,"PARDO HERVIAS, LAURA",RPK ARASKI,1,2,"0,5"
2019,"VILARO ARAGONES, ANDREA",PERFUMERIAS AVENIDA,1,3,"0,33"
2018,"BEDIA DELGADO, IZAR",RPK ARASKI,2,1,2
2018,"ASURMENDI VILLAVERDE, MARIA DEL CARMEN",PERFUMERIAS AVENIDA,11,6,"1,83"
2018,"MOORE, TINARA NICOLE",VALENCIA B.C.,9,5,"1,8"
2018,"GONZALEZ DUARTE , LARA",IDK GIPUZKOA,5,3,"1,67"
2018,"BUCH ROSELL, ROSO",SPAR CITYLIFT GIRONA,10,6,"1,67"
2018,"ELDEBRINK, ELIN",PERFUMERIAS AVENIDA,9,6,"1,5"
2018,"AIJANEN, MARIA ANNIINA",CADI LA SEU,5,4,"1,25"
2018,"SANCHEZ MARRUFO, BEATRIZ",SPAR CITYLIFT GIRONA,5,5,1
2018,"ESTEBAS ARMAS, PAULA",RPK ARASKI,2,2,1
2018,"DIEZ FERNANDEZ, NAIARA",LOINTEK GERNIKA BIZKAIA,3,3,1
2018,"MOLINUEVO GARCIA, CRISTINA",RPK ARASKI,2,2,1
2018,"BANHAM, RACHAEL MARIE",LOINTEK GERNIKA BIZKAIA,2,3,"0,67"
2018,"ARROJO JIMENEZ, MARIA BELEN",PERFUMERIAS AVENIDA,2,4,"0,5"
2018,"IPARRAGUIRRE ALUSTIZA, SARA",IDK GIPUZKOA,1,2,"0,5"
2018,"GARI GILABERT, IRENE DEL REBOLLET",VALENCIA B.C.,1,2,"0,5"
2018,"HERNANDEZ ORTIZ, ZOE",MANN-FILTER CASABLANCA,1,2,"0,5"
2018,"BEDIA DELGADO, IZAR",RPK ARASKI,2,1,2
2018,"ASURMENDI VILLAVERDE, MARIA DEL CARMEN",PERFUMERIAS AVENIDA,11,6,"1,83"
2018,"MOORE, TINARA NICOLE",VALENCIA B.C.,9,5,"1,8"
2018,"GONZALEZ DUARTE , LARA",IDK GIPUZKOA,5,3,"1,67"
2018,"BUCH ROSELL, ROSO",SPAR CITYLIFT GIRONA,10,6,"1,67"
2018,"ELDEBRINK, ELIN",PERFUMERIAS AVENIDA,9,6,"1,5"
2018,"AIJANEN, MARIA ANNIINA",CADI LA SEU,5,4,"1,25"
2018,"SANCHEZ MARRUFO, BEATRIZ",SPAR CITYLIFT GIRONA,5,5,1
2018,"ESTEBAS ARMAS, PAULA",RPK ARASKI,2,2,1
2018,"DIEZ FERNANDEZ, NAIARA",LOINTEK GERNIKA BIZKAIA,3,3,1
2018,"MOLINUEVO GARCIA, CRISTINA",RPK ARASKI,2,2,1
2018,"BANHAM, RACHAEL MARIE",LOINTEK GERNIKA BIZKAIA,2,3,"0,67"
2018,"ARROJO JIMENEZ, MARIA BELEN",PERFUMERIAS AVENIDA,2,4,"0,5"
2018,"IPARRAGUIRRE ALUSTIZA, SARA",IDK GIPUZKOA,1,2,"0,5"
2018,"GARI GILABERT, IRENE DEL REBOLLET",VALENCIA B.C.,1,2,"0,5"
2018,"HERNANDEZ ORTIZ, ZOE",MANN-FILTER CASABLANCA,1,2,"0,5"
2018,"BEDIA DELGADO, IZAR",RPK ARASKI,2,1,2
2018,"ASURMENDI VILLAVERDE, MARIA DEL CARMEN",PERFUMERIAS AVENIDA,11,6,"1,83"
2018,"MOORE, TINARA NICOLE",VALENCIA B.C.,9,5,"1,8"
2018,"GONZALEZ DUARTE , LARA",IDK GIPUZKOA,5,3,"1,67"
2018,"BUCH ROSELL, ROSO",SPAR CITYLIFT GIRONA,10,6,"1,67"
2018,"ELDEBRINK, ELIN",PERFUMERIAS AVENIDA,9,6,"1,5"
2018,"AIJANEN, MARIA ANNIINA",CADI LA SEU,5,4,"1,25"
2018,"SANCHEZ MARRUFO, BEATRIZ",SPAR CITYLIFT GIRONA,5,5,1
2018,"ESTEBAS ARMAS, PAULA",RPK ARASKI,2,2,1
2018,"DIEZ FERNANDEZ, NAIARA",LOINTEK GERNIKA BIZKAIA,3,3,1
2018,"MOLINUEVO GARCIA, CRISTINA",RPK ARASKI,2,2,1
2018,"BANHAM, RACHAEL MARIE",LOINTEK GERNIKA BIZKAIA,2,3,"0,67"
2018,"ARROJO JIMENEZ, MARIA BELEN",PERFUMERIAS AVENIDA,2,4,"0,5"
2018,"IPARRAGUIRRE ALUSTIZA, SARA",IDK GIPUZKOA,1,2,"0,5"
2018,"GARI GILABERT, IRENE DEL REBOLLET",VALENCIA B.C.,1,2,"0,5"
2018,"HERNANDEZ ORTIZ, ZOE",MANN-FILTER CASABLANCA,1,2,"0,5"
2017,"OMA GIRALT, HELENA",CADI LA SEU,51,16,"3,19"
2017,"LIZARAZU HERRERA, MARINA",QUESOS EL PASTOR,81,26,"3,12"
2017,"BRKIC, IVA",IDK GIPUZKOA,80,26,"3,08"
2017,"RAMOS DO NASCIMENTO, CARLA MARISA",NISSAN  AL-QÁZERES EXTREMADURA,58,19,"3,05"
2017,"ETXARRI MUNARRIZ, IRATI",LACTURALE ART ARASKI,79,26,"3,04"
2017,"SOLER SUAREZ, PATRICIA",MOVISTAR ESTUDIANTES,66,22,3
2017,"ESTEBAS ARMAS, PAULA",CAMPUS PROMETE LF1,78,26,3
2017,"ALSTON, AMERYST DANAE",LOINTEK GERNIKA BIZKAIA,77,26,"2,96"
2017,"LO SYLLA, NOGAYE",CADI LA SEU,74,25,"2,96"
2017,"FORASTE GALOBARDES, MIRIAM",NISSAN  AL-QÁZERES EXTREMADURA,76,26,"2,92"
2017,"VAN DEN ADEL, NATALIE ISABELLE",LACTURALE ART ARASKI,61,21,"2,9"
2017,"DIALLO DIENG , UMO DIALLO",LACTURALE ART ARASKI,75,26,"2,88"
2017,"QUIRANTE MARTINEZ, ALEJANDRA",MOVISTAR ESTUDIANTES,74,26,"2,85"
2017,"SILVA SERRANO , ROSELIS CAROLINA",LACTURALE ART ARASKI,71,25,"2,84"
2017,"MOSS, DANDRA YUVETT",PERFUMERIAS AVENIDA,65,23,"2,83"
2017,"MOLINA PRADOS MARTIN BURO, JUANA MARIA",LOINTEK GERNIKA BIZKAIA,67,25,"2,68"
2017,"KRAKER, MEHRYN DONEGAN",CADI LA SEU,69,26,"2,65"
2017,"HALL , PRECIOUS TANZIE KYTRONIA",CAMPUS PROMETE LF1,52,20,"2,6"
2017,"BUTLER, BRIANNA",QUESOS EL PASTOR,67,26,"2,58"
2017,"MONTOLIU MATIAS, MARTA",CADI LA SEU,66,26,"2,54"
2017,"ADURIZ HERNANI, ONINTZA",IDK GIPUZKOA,65,26,"2,5"
2017,"BUCH ROSELL, ROSO",SPAR CITYLIFT GIRONA,64,26,"2,46"
2017,"PARDO HERVIAS, LAURA",LACTURALE ART ARASKI,53,22,"2,41"
2017,"STANACEV , ALEKSANDRA",EMBUTIDOS PAJARIEL BEMBIBRE PDM,62,26,"2,38"
2017,"ALDALUR SOTO, ANE MIREN",LACTURALE ART ARASKI,62,26,"2,38"
2017,"OCETE CASTILLO, GABRIELA",MANN-FILTER,62,26,"2,38"
2017,"GONZALEZ DUARTE , LARA",IDK GIPUZKOA,61,26,"2,35"
2017,"GIVENS , KRISI TIJANA",PERFUMERIAS AVENIDA,57,25,"2,28"
2017,"MAJSTOROVIC, ANJA",QUESOS EL PASTOR,50,22,"2,27"
2017,"NDOYE, BINETA",EMBUTIDOS PAJARIEL BEMBIBRE PDM,50,22,"2,27"
2017,"OMA GIRALT, HELENA",CADI LA SEU,51,16,"3,19"
2017,"LIZARAZU HERRERA, MARINA",QUESOS EL PASTOR,81,26,"3,12"
2017,"BRKIC, IVA",IDK GIPUZKOA,80,26,"3,08"
2017,"RAMOS DO NASCIMENTO, CARLA MARISA",NISSAN  AL-QÁZERES EXTREMADURA,58,19,"3,05"
2017,"ETXARRI MUNARRIZ, IRATI",LACTURALE ART ARASKI,79,26,"3,04"
2017,"SOLER SUAREZ, PATRICIA",MOVISTAR ESTUDIANTES,66,22,3
2017,"ESTEBAS ARMAS, PAULA",CAMPUS PROMETE LF1,78,26,3
2017,"ALSTON, AMERYST DANAE",LOINTEK GERNIKA BIZKAIA,77,26,"2,96"
2017,"LO SYLLA, NOGAYE",CADI LA SEU,74,25,"2,96"
2017,"FORASTE GALOBARDES, MIRIAM",NISSAN  AL-QÁZERES EXTREMADURA,76,26,"2,92"
2017,"VAN DEN ADEL, NATALIE ISABELLE",LACTURALE ART ARASKI,61,21,"2,9"
2017,"DIALLO DIENG , UMO DIALLO",LACTURALE ART ARASKI,75,26,"2,88"
2017,"QUIRANTE MARTINEZ, ALEJANDRA",MOVISTAR ESTUDIANTES,74,26,"2,85"
2017,"SILVA SERRANO , ROSELIS CAROLINA",LACTURALE ART ARASKI,71,25,"2,84"
2017,"MOSS, DANDRA YUVETT",PERFUMERIAS AVENIDA,65,23,"2,83"
2017,"MOLINA PRADOS MARTIN BURO, JUANA MARIA",LOINTEK GERNIKA BIZKAIA,67,25,"2,68"
2017,"KRAKER, MEHRYN DONEGAN",CADI LA SEU,69,26,"2,65"
2017,"HALL , PRECIOUS TANZIE KYTRONIA",CAMPUS PROMETE LF1,52,20,"2,6"
2017,"BUTLER, BRIANNA",QUESOS EL PASTOR,67,26,"2,58"
2017,"MONTOLIU MATIAS, MARTA",CADI LA SEU,66,26,"2,54"
2017,"ADURIZ HERNANI, ONINTZA",IDK GIPUZKOA,65,26,"2,5"
2017,"BUCH ROSELL, ROSO",SPAR CITYLIFT GIRONA,64,26,"2,46"
2017,"PARDO HERVIAS, LAURA",LACTURALE ART ARASKI,53,22,"2,41"
2017,"STANACEV , ALEKSANDRA",EMBUTIDOS PAJARIEL BEMBIBRE PDM,62,26,"2,38"
2017,"ALDALUR SOTO, ANE MIREN",LACTURALE ART ARASKI,62,26,"2,38"
2017,"OCETE CASTILLO, GABRIELA",MANN-FILTER,62,26,"2,38"
2017,"GONZALEZ DUARTE , LARA",IDK GIPUZKOA,61,26,"2,35"
2017,"GIVENS , KRISI TIJANA",PERFUMERIAS AVENIDA,57,25,"2,28"
2017,"MAJSTOROVIC, ANJA",QUESOS EL PASTOR,50,22,"2,27"
2017,"NDOYE, BINETA",EMBUTIDOS PAJARIEL BEMBIBRE PDM,50,22,"2,27"
2017,"MESTDAGH, KIM",PERFUMERIAS AVENIDA,36,16,"2,25"
2017,"DOMINGUEZ FERNANDEZ, SILVIA",PERFUMERIAS AVENIDA,54,24,"2,25"
2017,"DIAZ CASTELLANO, YURENA",CADI LA SEU,57,26,"2,19"
2017,"LOPEZ VIVES, HELENA",SNATT'S FEMENI SANT ADRIA,55,26,"2,12"
2017,"ROMEO, NICOLE ELAINE",SPAR CITYLIFT GIRONA,53,25,"2,12"
2017,"LOPEZ RODRIGUEZ, AINHOA",QUESOS EL PASTOR,54,26,"2,08"
2017,"RILEY , ANDREA CHARMAINE",SNATT'S FEMENI SANT ADRIA,54,26,"2,08"
2017,"ASURMENDI VILLAVERDE, MARIA DEL CARMEN",PERFUMERIAS AVENIDA,51,25,"2,04"
2017,"GARCIA URLEZAGA, IZASKUN",LACTURALE ART ARASKI,50,25,2
2017,"VANDERWAL, RACHAEL  ANN",STAR CENTER-UNI FERROL,50,25,2
2017,"PEÑA JUBANY, LAURA",SNATT'S FEMENI SANT ADRIA,51,26,"1,96"
2017,"LUCAS , ITALEE MALINA",IDK GIPUZKOA,25,13,"1,92"
2017,"CLARET GILABERTE, MARTA",SNATT'S FEMENI SANT ADRIA,47,25,"1,88"
2017,"KOVACEVIC, BOJANA",SNATT'S FEMENI SANT ADRIA,40,23,"1,74"
2017,"LAZARO CASTILLERO, YAIZA",LOINTEK GERNIKA BIZKAIA,40,23,"1,74"
2017,"CALVO DIAZ, ANA BEGOÑA",STAR CENTER-UNI FERROL,44,26,"1,69"
2017,"AGIRRE MUÑOZ, ARRATE",LACTURALE ART ARASKI,35,23,"1,52"
2017,"RODRIGUEZ NUÑEZ, CLARA",MOVISTAR ESTUDIANTES,32,22,"1,45"
2017,"LLOBET CODERCH, ITZIAR",SNATT'S FEMENI SANT ADRIA,35,26,"1,35"
2017,"DELGADO PONTES, MARINA",STAR CENTER-UNI FERROL,35,26,"1,35"
2017,"DIEZ FERNANDEZ, NAIARA",LOINTEK GERNIKA BIZKAIA,35,26,"1,35"
2017,"ROIG SOLER, LAURA",SPAR CITYLIFT GIRONA,21,16,"1,31"
2017,"ERAUNCETAMURGIL AYESTARAN, MARIA",IDK GIPUZKOA,26,20,"1,3"
2017,"LAHUERTA MENDOZA, IRENE",MANN-FILTER,33,26,"1,27"
2017,"ALIAGA ROMERO, LAURA",EMBUTIDOS PAJARIEL BEMBIBRE PDM,32,26,"1,23"
2017,"ASTROM , ELLEN LOVISA",EMBUTIDOS PAJARIEL BEMBIBRE PDM,31,26,"1,19"
2017,"SAN ROMAN FLORES, IRENE",MOVISTAR ESTUDIANTES,27,26,"1,04"
2017,"ARIZTIMUÑO LOPEZ , ITZIAR",LOINTEK GERNIKA BIZKAIA,21,22,"0,95"
2017,"MARTIN LLAVERIA, MARIONA",NISSAN  AL-QÁZERES EXTREMADURA,24,26,"0,92"
2017,"CABRERA ARGUELLO, PATRICIA",STAR CENTER-UNI FERROL,22,26,"0,85"
2017,"ESPARCIA OMEDAS, CAROLINA",MANN-FILTER,16,19,"0,84"
2017,"ROMERO GARRIDO, SILVIA",NISSAN  AL-QÁZERES EXTREMADURA,14,18,"0,78"
2017,"MOLINUEVO GARCIA, CRISTINA",LACTURALE ART ARASKI,18,24,"0,75"
2017,"IPARRAGUIRRE ALUSTIZA, SARA",IDK GIPUZKOA,14,20,"0,7"
2017,"VELASCO MARTIN, LAURA",MOVISTAR ESTUDIANTES,10,18,"0,56"
2017,"RODRIGUEZ DOMINGUEZ, NATALIA",STAR CENTER-UNI FERROL,11,21,"0,52"
2017,"CORRALES BOHOYO, ELENA",NISSAN  AL-QÁZERES EXTREMADURA,13,26,"0,5"
2017,"ROMERO GARRIDO, MARÍA",NISSAN  AL-QÁZERES EXTREMADURA,8,16,"0,5"
2017,"ESPARCIA OMEDAS, CAROLINA",MANN-FILTER,16,19,"0,84"
2017,"ROMERO GARRIDO, SILVIA",NISSAN  AL-QÁZERES EXTREMADURA,14,18,"0,78"
2017,"MOLINUEVO GARCIA, CRISTINA",LACTURALE ART ARASKI,18,24,"0,75"
2017,"IPARRAGUIRRE ALUSTIZA, SARA",IDK GIPUZKOA,14,20,"0,7"
2017,"VELASCO MARTIN, LAURA",MOVISTAR ESTUDIANTES,10,18,"0,56"
2017,"RODRIGUEZ DOMINGUEZ, NATALIA",STAR CENTER-UNI FERROL,11,21,"0,52"
2017,"CORRALES BOHOYO, ELENA",NISSAN  AL-QÁZERES EXTREMADURA,13,26,"0,5"
2017,"ROMERO GARRIDO, MARÍA",NISSAN  AL-QÁZERES EXTREMADURA,8,16,"0,5"
2016,"MOKANGO, CHANEL MODIRI",LOINTEK GERNIKA BIZKAIA,25,2,"12,5"
2016,"BULGAK, ADUT ATEM",IDK GIPUZKOA,30,3,10
2016,"COULIBALY, NAIGNOUMA",SPAR CITYLIFT GIRONA,48,5,"9,6"
2016,"PINA TOLOSA, MARIA",LOINTEK GERNIKA BIZKAIA,18,2,9
2016,"PEREZ ARAUJO, MARIA",STAR CENTER-UNI FERROL,44,5,"8,8"
2016,"GOMES COLHADO, NADIA",IDK GIPUZKOA,26,3,"8,67"
2016,"DE SOUZA MACHADO, ERIKA CRISTINA",PERFUMERIAS AVENIDA,40,5,8
2016,"SANCHEZ MARRUFO, BEATRIZ",STAR CENTER-UNI FERROL,39,5,"7,8"
2016,"IBEKWE, IFUNANYA DEBBIE",SPAR CITYLIFT GIRONA,31,4,"7,75"
2016,"SPANOU, ARTEMIS",SPAR CITYLIFT GIRONA,38,5,"7,6"
2016,"BARBEE, SHACOBIA SHAUNTE",STAR CENTER-UNI FERROL,33,5,"6,6"
2016,"LLORENTE, VICTORIA",LOINTEK GERNIKA BIZKAIA,12,2,6
2016,"LIÑEIRA, MARIA CECILIA",LACTURALE ARASKI,22,4,"5,5"
2016,"PETERS, HALEY MCCLOSKEY",SPAR CITYLIFT GIRONA,24,5,"4,8"
2016,"MILOVANOVIC, JELENA",PERFUMERIAS AVENIDA,23,5,"4,6"
2016,"VEGA REBORA, GISELA VERONICA",LACTURALE ARASKI,18,4,"4,5"
2016,"GIL COLLADO, LAURA",PERFUMERIAS AVENIDA,22,5,"4,4"
2016,"ADURIZ HERNANI, ONINTZA",IDK GIPUZKOA,13,3,"4,33"
2016,"TUDANCA ACEDO, MARTA",LACTURALE ARASKI,17,4,"4,25"
2016,"BEARD, ALANA MONIQUE",PERFUMERIAS AVENIDA,21,5,"4,2"
2016,"ALMINAITE, KRISITINA",SPAR CITYLIFT GIRONA,8,2,4
2016,"ARMSTRONG, ANNE MARIE",LOINTEK GERNIKA BIZKAIA,8,2,4
2016,"SARR, OUMOUL KHAIRY",IDK GIPUZKOA,12,3,4
2016,"GIVENS , KRISI TIJANA",PERFUMERIAS AVENIDA,19,5,"3,8"
2016,"ROUNDTREE, MARGARET YVETTE",LACTURALE ARASKI,11,3,"3,67"
2016,"ELONU, ADAORA NNENNA",PERFUMERIAS AVENIDA,18,5,"3,6"
2016,"GONZALEZ DUARTE , LARA",IDK GIPUZKOA,7,2,"3,5"
2016,"SILVA SERRANO , ROSELIS CAROLINA",LACTURALE ARASKI,14,4,"3,5"
2016,"OMA GIRALT, HELENA",SPAR CITYLIFT GIRONA,13,4,"3,25"
2016,"PARDO HERVIAS, LAURA",LACTURALE ARASKI,13,4,"3,25"
2016,"MOKANGO, CHANEL MODIRI",LOINTEK GERNIKA BIZKAIA,25,2,"12,5"
2016,"BULGAK, ADUT ATEM",IDK GIPUZKOA,30,3,10
2016,"COULIBALY, NAIGNOUMA",SPAR CITYLIFT GIRONA,48,5,"9,6"
2016,"PINA TOLOSA, MARIA",LOINTEK GERNIKA BIZKAIA,18,2,9
2016,"PEREZ ARAUJO, MARIA",STAR CENTER-UNI FERROL,44,5,"8,8"
2016,"GOMES COLHADO, NADIA",IDK GIPUZKOA,26,3,"8,67"
2016,"DE SOUZA MACHADO, ERIKA CRISTINA",PERFUMERIAS AVENIDA,40,5,8
2016,"SANCHEZ MARRUFO, BEATRIZ",STAR CENTER-UNI FERROL,39,5,"7,8"
2016,"IBEKWE, IFUNANYA DEBBIE",SPAR CITYLIFT GIRONA,31,4,"7,75"
2016,"SPANOU, ARTEMIS",SPAR CITYLIFT GIRONA,38,5,"7,6"
2016,"BARBEE, SHACOBIA SHAUNTE",STAR CENTER-UNI FERROL,33,5,"6,6"
2016,"LLORENTE, VICTORIA",LOINTEK GERNIKA BIZKAIA,12,2,6
2016,"LIÑEIRA, MARIA CECILIA",LACTURALE ARASKI,22,4,"5,5"
2016,"PETERS, HALEY MCCLOSKEY",SPAR CITYLIFT GIRONA,24,5,"4,8"
2016,"MILOVANOVIC, JELENA",PERFUMERIAS AVENIDA,23,5,"4,6"
2016,"VEGA REBORA, GISELA VERONICA",LACTURALE ARASKI,18,4,"4,5"
2016,"GIL COLLADO, LAURA",PERFUMERIAS AVENIDA,22,5,"4,4"
2016,"ADURIZ HERNANI, ONINTZA",IDK GIPUZKOA,13,3,"4,33"
2016,"TUDANCA ACEDO, MARTA",LACTURALE ARASKI,17,4,"4,25"
2016,"BEARD, ALANA MONIQUE",PERFUMERIAS AVENIDA,21,5,"4,2"
2016,"ALMINAITE, KRISITINA",SPAR CITYLIFT GIRONA,8,2,4
2016,"ARMSTRONG, ANNE MARIE",LOINTEK GERNIKA BIZKAIA,8,2,4
2016,"SARR, OUMOUL KHAIRY",IDK GIPUZKOA,12,3,4
2016,"GIVENS , KRISI TIJANA",PERFUMERIAS AVENIDA,19,5,"3,8"
2016,"ROUNDTREE, MARGARET YVETTE",LACTURALE ARASKI,11,3,"3,67"
2016,"ELONU, ADAORA NNENNA",PERFUMERIAS AVENIDA,18,5,"3,6"
2016,"GONZALEZ DUARTE , LARA",IDK GIPUZKOA,7,2,"3,5"
2016,"SILVA SERRANO , ROSELIS CAROLINA",LACTURALE ARASKI,14,4,"3,5"
2016,"OMA GIRALT, HELENA",SPAR CITYLIFT GIRONA,13,4,"3,25"
2016,"PARDO HERVIAS, LAURA",LACTURALE ARASKI,13,4,"3,25"
2015,"ELONU, ADAORA NNENNA",C.B. CONQUERO HUELVA WAGEN,22,2,11
2015,"IBEKWE, IFUNANYA DEBBIE",SPAR CITYLIFT GIRONA,18,2,9
2015,"COULIBALY, NAIGNOUMA",SPAR CITYLIFT GIRONA,42,5,"8,4"
2015,"PASCUA SUAREZ, MARÍA LUCILA",MANN-FILTER,16,2,8
2015,"CALDWELL , TALIA ADAIAH",C.B. CONQUERO HUELVA WAGEN,8,1,8
2015,"NDOUR, ASTOU BARRO",PERFUMERIAS AVENIDA,36,5,"7,2"
2015,"SPANOU, ARTEMIS",SPAR CITYLIFT GIRONA,36,5,"7,2"
2015,"GIVENS , KRISI TIJANA",SPAR CITYLIFT GIRONA,26,5,"5,2"
2015,"GIDDEN, VANESSA NICOLE",PERFUMERIAS AVENIDA,15,3,5
2015,"KOBRYN , EWELINA KATARZYNA",PERFUMERIAS AVENIDA,23,5,"4,6"
2015,"DE SA CASTRO NEVES, CATARINA",C.B. CONQUERO HUELVA WAGEN,9,2,"4,5"
2015,"PETERS, HALEY MCCLOSKEY",C.B. CONQUERO HUELVA WAGEN,9,2,"4,5"
2015,"FERRARI CALABRO, PAOLA ANDREA",MANN-FILTER,8,2,4
2015,"TRAORE, AYA",C.B. CONQUERO HUELVA WAGEN,8,2,4
2015,"LIEPKALNE, DITA",MANN-FILTER,8,2,4
2015,"KNEZEVIC, ADRIJANA",SPAR CITYLIFT GIRONA,18,5,"3,6"
2015,"BEARD, ALANA MONIQUE",PERFUMERIAS AVENIDA,18,5,"3,6"
2015,"RODRIGUEZ MANSO, LEONOR DEL PILAR",PERFUMERIAS AVENIDA,18,5,"3,6"
2015,"BUCH ROSELL, ROSO",C.B. CONQUERO HUELVA WAGEN,6,2,3
2015,"ZLATANOVA, JAKLIN",MANN-FILTER,6,2,3
2015,"JORDANA BOFILL, NOEMI",SPAR CITYLIFT GIRONA,14,5,"2,8"
2015,"GEMELOS, JACQUELINE ANN",PERFUMERIAS AVENIDA,13,5,"2,6"
2015,"OCETE CASTILLO, GABRIELA",MANN-FILTER,5,2,"2,5"
2015,"MARGINEAN , GABRIELA",PERFUMERIAS AVENIDA,11,5,"2,2"
2015,"VITOLA, KRISTINE",PERFUMERIAS AVENIDA,8,4,2
2015,"LO SYLLA, NOGAYE",MANN-FILTER,4,2,2
2015,"KUKTIENE, VITA",SPAR CITYLIFT GIRONA,10,5,2
2015,"LUCAS , ITALEE MALINA",SPAR CITYLIFT GIRONA,9,5,"1,8"
2015,"ASURMENDI VILLAVERDE, MARIA DEL CARMEN",PERFUMERIAS AVENIDA,9,5,"1,8"
2015,"DOMINGUEZ FERNANDEZ, SILVIA",PERFUMERIAS AVENIDA,8,5,"1,6"
2015,"ELONU, ADAORA NNENNA",C.B. CONQUERO HUELVA WAGEN,22,2,11
2015,"IBEKWE, IFUNANYA DEBBIE",SPAR CITYLIFT GIRONA,18,2,9
2015,"COULIBALY, NAIGNOUMA",SPAR CITYLIFT GIRONA,42,5,"8,4"
2015,"PASCUA SUAREZ, MARÍA LUCILA",MANN-FILTER,16,2,8
2015,"CALDWELL , TALIA ADAIAH",C.B. CONQUERO HUELVA WAGEN,8,1,8
2015,"NDOUR, ASTOU BARRO",PERFUMERIAS AVENIDA,36,5,"7,2"
2015,"SPANOU, ARTEMIS",SPAR CITYLIFT GIRONA,36,5,"7,2"
2015,"GIVENS , KRISI TIJANA",SPAR CITYLIFT GIRONA,26,5,"5,2"
2015,"GIDDEN, VANESSA NICOLE",PERFUMERIAS AVENIDA,15,3,5
2015,"KOBRYN , EWELINA KATARZYNA",PERFUMERIAS AVENIDA,23,5,"4,6"
2015,"DE SA CASTRO NEVES, CATARINA",C.B. CONQUERO HUELVA WAGEN,9,2,"4,5"
2015,"PETERS, HALEY MCCLOSKEY",C.B. CONQUERO HUELVA WAGEN,9,2,"4,5"
2015,"FERRARI CALABRO, PAOLA ANDREA",MANN-FILTER,8,2,4
2015,"TRAORE, AYA",C.B. CONQUERO HUELVA WAGEN,8,2,4
2015,"LIEPKALNE, DITA",MANN-FILTER,8,2,4
2015,"KNEZEVIC, ADRIJANA",SPAR CITYLIFT GIRONA,18,5,"3,6"
2015,"BEARD, ALANA MONIQUE",PERFUMERIAS AVENIDA,18,5,"3,6"
2015,"RODRIGUEZ MANSO, LEONOR DEL PILAR",PERFUMERIAS AVENIDA,18,5,"3,6"
2015,"BUCH ROSELL, ROSO",C.B. CONQUERO HUELVA WAGEN,6,2,3
2015,"ZLATANOVA, JAKLIN",MANN-FILTER,6,2,3
2015,"JORDANA BOFILL, NOEMI",SPAR CITYLIFT GIRONA,14,5,"2,8"
2015,"GEMELOS, JACQUELINE ANN",PERFUMERIAS AVENIDA,13,5,"2,6"
2015,"OCETE CASTILLO, GABRIELA",MANN-FILTER,5,2,"2,5"
2015,"MARGINEAN , GABRIELA",PERFUMERIAS AVENIDA,11,5,"2,2"
2015,"VITOLA, KRISTINE",PERFUMERIAS AVENIDA,8,4,2
2015,"LO SYLLA, NOGAYE",MANN-FILTER,4,2,2
2015,"KUKTIENE, VITA",SPAR CITYLIFT GIRONA,10,5,2
2015,"LUCAS , ITALEE MALINA",SPAR CITYLIFT GIRONA,9,5,"1,8"
2015,"ASURMENDI VILLAVERDE, MARIA DEL CARMEN",PERFUMERIAS AVENIDA,9,5,"1,8"
2015,"DOMINGUEZ FERNANDEZ, SILVIA",PERFUMERIAS AVENIDA,8,5,"1,6"
2014,"IBEKWE, IFUNANYA DEBBIE",SPAR CITYLIFT GIRONA,43,4,"10,75"
2014,"GIDDEN, VANESSA NICOLE",SPAR CITYLIFT GIRONA,38,4,"9,5"
2014,"ROBINSON, ANGELICA DANIELLE",PERFUMERIAS AVENIDA,47,5,"9,4"
2014,"REZAN, MARIJA",PERFUMERIAS AVENIDA,36,5,"7,2"
2014,"GIL COLLADO, LAURA",CADI LA SEU,18,3,6
2014,"ELONU, ADAORA NNENNA",C.B. CONQUERO HUELVA WAGEN,11,2,"5,5"
2014,"PARHAM, AJA DANIELLE",C.B. CONQUERO HUELVA WAGEN,10,2,5
2014,"CHAMBERS, BRITTANY MARIE",SPAR CITYLIFT GIRONA,20,4,5
2014,"XARGAY CASADEMONT, MARTA",PERFUMERIAS AVENIDA,23,5,"4,6"
2014,"MADU, NDIDI AWELE",CADI LA SEU,13,3,"4,33"
2014,"ASURMENDI VILLAVERDE, MARIA DEL CARMEN",C.B. CONQUERO HUELVA WAGEN,8,2,4
2014,"DAVIS , CHELSEA MARIA",C.B. CONQUERO HUELVA WAGEN,8,2,4
2014,"PEREZ TORRES, TANIA",CADI LA SEU,12,3,4
2014,"HIND, BEN ABDELKADER",CADI LA SEU,12,3,4
2014,"PASCUA SUAREZ, MARÍA LUCILA",C.B. CONQUERO HUELVA WAGEN,8,2,4
2014,"BLE, DOUKOLE VANESSA",PERFUMERIAS AVENIDA,19,5,"3,8"
2014,"DE KLEIJN, MARLOU",CADI LA SEU,11,3,"3,67"
2014,"KUKTIENE, VITA",SPAR CITYLIFT GIRONA,12,4,3
2014,"JORDANA BOFILL, NOEMI",SPAR CITYLIFT GIRONA,12,4,3
2014,"FERRARI CALABRO, PAOLA ANDREA",PERFUMERIAS AVENIDA,15,5,3
2014,"BAHI BLANQUERA, GEORGINA",CADI LA SEU,8,3,"2,67"
2014,"PINA TOLOSA, MARIA",C.B. CONQUERO HUELVA WAGEN,5,2,"2,5"
2014,"GERMAN VELASCO, ICIAR",C.B. CONQUERO HUELVA WAGEN,5,2,"2,5"
2014,"SUAREZ UTRERO, ANA MARIA",CADI LA SEU,7,3,"2,33"
2014,"ORTIZ VIVES, MARIONA",PERFUMERIAS AVENIDA,11,5,"2,2"
2014,"FERNANDEZ FARRES, MARTA",PERFUMERIAS AVENIDA,11,5,"2,2"
2014,"RODRIGUEZ MANSO, LEONOR DEL PILAR",PERFUMERIAS AVENIDA,10,5,2
2014,"SOLER SUAREZ, PATRICIA",C.B. CONQUERO HUELVA WAGEN,2,1,2
2014,"TANNER, TYRESE LA SHAY",CADI LA SEU,6,3,2
2014,"MONTAÑANA GIMENO, ANNA",PERFUMERIAS AVENIDA,2,1,2
2014,"IBEKWE, IFUNANYA DEBBIE",SPAR CITYLIFT GIRONA,43,4,"10,75"
2014,"GIDDEN, VANESSA NICOLE",SPAR CITYLIFT GIRONA,38,4,"9,5"
2014,"ROBINSON, ANGELICA DANIELLE",PERFUMERIAS AVENIDA,47,5,"9,4"
2014,"REZAN, MARIJA",PERFUMERIAS AVENIDA,36,5,"7,2"
2014,"GIL COLLADO, LAURA",CADI LA SEU,18,3,6
2014,"ELONU, ADAORA NNENNA",C.B. CONQUERO HUELVA WAGEN,11,2,"5,5"
2014,"PARHAM, AJA DANIELLE",C.B. CONQUERO HUELVA WAGEN,10,2,5
2014,"CHAMBERS, BRITTANY MARIE",SPAR CITYLIFT GIRONA,20,4,5
2014,"XARGAY CASADEMONT, MARTA",PERFUMERIAS AVENIDA,23,5,"4,6"
2014,"MADU, NDIDI AWELE",CADI LA SEU,13,3,"4,33"
2014,"ASURMENDI VILLAVERDE, MARIA DEL CARMEN",C.B. CONQUERO HUELVA WAGEN,8,2,4
2014,"DAVIS , CHELSEA MARIA",C.B. CONQUERO HUELVA WAGEN,8,2,4
2014,"PEREZ TORRES, TANIA",CADI LA SEU,12,3,4
2014,"HIND, BEN ABDELKADER",CADI LA SEU,12,3,4
2014,"PASCUA SUAREZ, MARÍA LUCILA",C.B. CONQUERO HUELVA WAGEN,8,2,4
2014,"BLE, DOUKOLE VANESSA",PERFUMERIAS AVENIDA,19,5,"3,8"
2014,"DE KLEIJN, MARLOU",CADI LA SEU,11,3,"3,67"
2014,"KUKTIENE, VITA",SPAR CITYLIFT GIRONA,12,4,3
2014,"JORDANA BOFILL, NOEMI",SPAR CITYLIFT GIRONA,12,4,3
2014,"FERRARI CALABRO, PAOLA ANDREA",PERFUMERIAS AVENIDA,15,5,3
2014,"BAHI BLANQUERA, GEORGINA",CADI LA SEU,8,3,"2,67"
2014,"PINA TOLOSA, MARIA",C.B. CONQUERO HUELVA WAGEN,5,2,"2,5"
2014,"GERMAN VELASCO, ICIAR",C.B. CONQUERO HUELVA WAGEN,5,2,"2,5"
2014,"SUAREZ UTRERO, ANA MARIA",CADI LA SEU,7,3,"2,33"
2014,"ORTIZ VIVES, MARIONA",PERFUMERIAS AVENIDA,11,5,"2,2"
2014,"FERNANDEZ FARRES, MARTA",PERFUMERIAS AVENIDA,11,5,"2,2"
2014,"RODRIGUEZ MANSO, LEONOR DEL PILAR",PERFUMERIAS AVENIDA,10,5,2
2014,"SOLER SUAREZ, PATRICIA",C.B. CONQUERO HUELVA WAGEN,2,1,2
2014,"TANNER, TYRESE LA SHAY",CADI LA SEU,6,3,2
2014,"MONTAÑANA GIMENO, ANNA",PERFUMERIAS AVENIDA,2,1,2
2013,"ROBINSON, ANGELICA DANIELLE",PERFUMERIAS AVENIDA,70,5,14
2013,"NDOUR, ASTOU BARRO",GRAN CANARIA 2014,37,3,"12,33"
2013,"NICHOLLS GONZALEZ, LAURA",RIVAS ECOPOLIS,50,5,10
2013,"MURPHY, ESHAYA MARIE",PERFUMERIAS AVENIDA,49,5,"9,8"
2013,"REZAN, MARIJA",PERFUMERIAS AVENIDA,42,5,"8,4"
2013,"MONTENEGRO SANTANA, RITA ESTHER",EMBUTIDOS PAJARIEL BEMBIBRE PDM,25,3,"8,33"
2013,"GOMEZ IGUAL, ANNA",EMBUTIDOS PAJARIEL BEMBIBRE PDM,22,3,"7,33"
2013,"CHAMBERS, BRITTANY MARIE",GRAN CANARIA 2014,18,3,6
2013,"NDOYE, BINETA",GRAN CANARIA 2014,16,3,"5,33"
2013,"ALLISON, RACHEL LINDSAY",RIVAS ECOPOLIS,25,5,5
2013,"DAVIS , CHELSEA MARIA",GRAN CANARIA 2014,14,3,"4,67"
2013,"HALVARSSON , LOUICE",RIVAS ECOPOLIS,23,5,"4,6"
2013,"ELDEBRINK, FRIDA",RIVAS ECOPOLIS,22,5,"4,4"
2013,"DIAZ CASTELLANO, YURENA",GRAN CANARIA 2014,12,3,4
2013,"HASSELL, JASMINE",RIVAS ECOPOLIS,19,5,"3,8"
2013,"THOMAS, KRYSTAL VICTORIA",PERFUMERIAS AVENIDA,19,5,"3,8"
2013,"XARGAY CASADEMONT, MARTA",PERFUMERIAS AVENIDA,18,5,"3,6"
2013,"BERMEJO MORENO, CLARA SUSANA",RIVAS ECOPOLIS,17,5,"3,4"
2013,"DENNETT, MELISSA LOUISE",EMBUTIDOS PAJARIEL BEMBIBRE PDM,10,3,"3,33"
2013,"CISSE, MARIEME",GRAN CANARIA 2014,3,1,3
2013,"OCETE CASTILLO, GABRIELA",RIVAS ECOPOLIS,12,5,"2,4"
2013,"LIEPKALNE, DITA",EMBUTIDOS PAJARIEL BEMBIBRE PDM,7,3,"2,33"
2013,"BUCH ROSELL, ROSO",EMBUTIDOS PAJARIEL BEMBIBRE PDM,7,3,"2,33"
2013,"MUHATE PEÑA, CECILIA",RIVAS ECOPOLIS,2,1,2
2013,"O'REILLY, ORLA",EMBUTIDOS PAJARIEL BEMBIBRE PDM,6,3,2
2013,"RODRIGUEZ MANSO, LEONOR DEL PILAR",PERFUMERIAS AVENIDA,9,5,"1,8"
2013,"CASAS CARRERAS, QUERALT",RIVAS ECOPOLIS,9,5,"1,8"
2013,"MONGOMO CARVALLO, MARIA CONCEPCIÓN",GRAN CANARIA 2014,5,3,"1,67"
2013,"GIMENO MARTINEZ, VEGA",RIVAS ECOPOLIS,5,3,"1,67"
2013,"FERNANDEZ FARRES, MARTA",PERFUMERIAS AVENIDA,7,5,"1,4"
2013,"ROBINSON, ANGELICA DANIELLE",PERFUMERIAS AVENIDA,70,5,14
2013,"NDOUR, ASTOU BARRO",GRAN CANARIA 2014,37,3,"12,33"
2013,"NICHOLLS GONZALEZ, LAURA",RIVAS ECOPOLIS,50,5,10
2013,"MURPHY, ESHAYA MARIE",PERFUMERIAS AVENIDA,49,5,"9,8"
2013,"REZAN, MARIJA",PERFUMERIAS AVENIDA,42,5,"8,4"
2013,"MONTENEGRO SANTANA, RITA ESTHER",EMBUTIDOS PAJARIEL BEMBIBRE PDM,25,3,"8,33"
2013,"GOMEZ IGUAL, ANNA",EMBUTIDOS PAJARIEL BEMBIBRE PDM,22,3,"7,33"
2013,"CHAMBERS, BRITTANY MARIE",GRAN CANARIA 2014,18,3,6
2013,"NDOYE, BINETA",GRAN CANARIA 2014,16,3,"5,33"
2013,"ALLISON, RACHEL LINDSAY",RIVAS ECOPOLIS,25,5,5
2013,"DAVIS , CHELSEA MARIA",GRAN CANARIA 2014,14,3,"4,67"
2013,"HALVARSSON , LOUICE",RIVAS ECOPOLIS,23,5,"4,6"
2013,"ELDEBRINK, FRIDA",RIVAS ECOPOLIS,22,5,"4,4"
2013,"DIAZ CASTELLANO, YURENA",GRAN CANARIA 2014,12,3,4
2013,"HASSELL, JASMINE",RIVAS ECOPOLIS,19,5,"3,8"
2013,"THOMAS, KRYSTAL VICTORIA",PERFUMERIAS AVENIDA,19,5,"3,8"
2013,"XARGAY CASADEMONT, MARTA",PERFUMERIAS AVENIDA,18,5,"3,6"
2013,"BERMEJO MORENO, CLARA SUSANA",RIVAS ECOPOLIS,17,5,"3,4"
2013,"DENNETT, MELISSA LOUISE",EMBUTIDOS PAJARIEL BEMBIBRE PDM,10,3,"3,33"
2013,"CISSE, MARIEME",GRAN CANARIA 2014,3,1,3
2013,"OCETE CASTILLO, GABRIELA",RIVAS ECOPOLIS,12,5,"2,4"
2013,"LIEPKALNE, DITA",EMBUTIDOS PAJARIEL BEMBIBRE PDM,7,3,"2,33"
2013,"BUCH ROSELL, ROSO",EMBUTIDOS PAJARIEL BEMBIBRE PDM,7,3,"2,33"
2013,"MUHATE PEÑA, CECILIA",RIVAS ECOPOLIS,2,1,2
2013,"O'REILLY, ORLA",EMBUTIDOS PAJARIEL BEMBIBRE PDM,6,3,2
2013,"RODRIGUEZ MANSO, LEONOR DEL PILAR",PERFUMERIAS AVENIDA,9,5,"1,8"
2013,"CASAS CARRERAS, QUERALT",RIVAS ECOPOLIS,9,5,"1,8"
2013,"MONGOMO CARVALLO, MARIA CONCEPCIÓN",GRAN CANARIA 2014,5,3,"1,67"
2013,"GIMENO MARTINEZ, VEGA",RIVAS ECOPOLIS,5,3,"1,67"
2013,"FERNANDEZ FARRES, MARTA",PERFUMERIAS AVENIDA,7,5,"1,4"
2012,"MONROE, JACINTA LISETTE",SPAR UNIGIRONA,50,5,10
2012,"COVINGTON, ARHONDA",CADI - ICG SOFTWARE,34,4,"8,5"
2012,"HENRY, ANEIKA ANNA-KAY",RIVAS ECOPOLIS,33,4,"8,25"
2012,"CHUMILLAS PERIS, BERTA",BEROIL - CIUDAD DE BURGOS,16,2,8
2012,"GIL COLLADO, LAURA",BEROIL - CIUDAD DE BURGOS,14,2,7
2012,"CURRIE , MONIQUE PAULETTE",PERFUMERIAS AVENIDA,26,4,"6,5"
2012,"TRAORE, ASTOU",CADI - ICG SOFTWARE,25,4,"6,25"
2012,"WILLINGHAM, LE`COE LOUISE",PERFUMERIAS AVENIDA,25,4,"6,25"
2012,"ALLISON, RACHEL LINDSAY",BEROIL - CIUDAD DE BURGOS,6,1,6
2012,"HERRERA BOXO, LAURA",UNB OBENASA,17,3,"5,67"
2012,"XARGAY CASADEMONT, MARTA",PERFUMERIAS AVENIDA,20,4,5
2012,"MORRISON JARA, ZIOMARA ESKET",RIVAS ECOPOLIS,19,4,"4,75"
2012,"REVUELTO SÁNCHEZ-AGUILERA, MARIA",UNB OBENASA,14,3,"4,67"
2012,"CARBO COLOMA, ANNA",SPAR UNIGIRONA,23,5,"4,6"
2012,"FEASTER, ALISON",SPAR UNIGIRONA,18,4,"4,5"
2012,"BERMEJO MORENO, CLARA SUSANA",RIVAS ECOPOLIS,17,4,"4,25"
2012,"PASCUA SUAREZ, MARÍA LUCILA",PERFUMERIAS AVENIDA,17,4,"4,25"
2012,"BRAVARD , CIERRA  NICHOLE",SPAR UNIGIRONA,21,5,"4,2"
2012,"SARR, OUMOUL KHAIRY",SPAR UNIGIRONA,21,5,"4,2"
2012,"CRUZ LEBRATO, ANNA",RIVAS ECOPOLIS,16,4,4
2012,"ARGÜELLO CUENCA, PATRICIA",UNB OBENASA,12,3,4
2012,"CUEVAS MEDIAVILLA, AITANA",BEROIL - CIUDAD DE BURGOS,8,2,4
2012,"PARHAM, AJA DANIELLE",CADI - ICG SOFTWARE,15,4,"3,75"
2012,"JORDANA BOFILL, NOEMI",SPAR UNIGIRONA,18,5,"3,6"
2012,"CASAS CARRERAS, QUERALT",RIVAS ECOPOLIS,14,4,"3,5"
2012,"NICHOLLS GONZALEZ, LAURA",RIVAS ECOPOLIS,14,4,"3,5"
2012,"SOTIRIOU , AIKATERINA",UNB OBENASA,10,3,"3,33"
2012,"SULCIUTE, EGLE",PERFUMERIAS AVENIDA,12,4,3
2012,"HONTI, KATALIN",RIVAS ECOPOLIS,12,4,3
2012,"GOMEZ IGUAL, ANNA",BEROIL - CIUDAD DE BURGOS,6,2,3
2012,"MONROE, JACINTA LISETTE",SPAR UNIGIRONA,50,5,10
2012,"COVINGTON, ARHONDA",CADI - ICG SOFTWARE,34,4,"8,5"
2012,"HENRY, ANEIKA ANNA-KAY",RIVAS ECOPOLIS,33,4,"8,25"
2012,"CHUMILLAS PERIS, BERTA",BEROIL - CIUDAD DE BURGOS,16,2,8
2012,"GIL COLLADO, LAURA",BEROIL - CIUDAD DE BURGOS,14,2,7
2012,"CURRIE , MONIQUE PAULETTE",PERFUMERIAS AVENIDA,26,4,"6,5"
2012,"TRAORE, ASTOU",CADI - ICG SOFTWARE,25,4,"6,25"
2012,"WILLINGHAM, LE`COE LOUISE",PERFUMERIAS AVENIDA,25,4,"6,25"
2012,"ALLISON, RACHEL LINDSAY",BEROIL - CIUDAD DE BURGOS,6,1,6
2012,"HERRERA BOXO, LAURA",UNB OBENASA,17,3,"5,67"
2012,"XARGAY CASADEMONT, MARTA",PERFUMERIAS AVENIDA,20,4,5
2012,"MORRISON JARA, ZIOMARA ESKET",RIVAS ECOPOLIS,19,4,"4,75"
2012,"REVUELTO SÁNCHEZ-AGUILERA, MARIA",UNB OBENASA,14,3,"4,67"
2012,"CARBO COLOMA, ANNA",SPAR UNIGIRONA,23,5,"4,6"
2012,"FEASTER, ALISON",SPAR UNIGIRONA,18,4,"4,5"
2012,"BERMEJO MORENO, CLARA SUSANA",RIVAS ECOPOLIS,17,4,"4,25"
2012,"PASCUA SUAREZ, MARÍA LUCILA",PERFUMERIAS AVENIDA,17,4,"4,25"
2012,"BRAVARD , CIERRA  NICHOLE",SPAR UNIGIRONA,21,5,"4,2"
2012,"SARR, OUMOUL KHAIRY",SPAR UNIGIRONA,21,5,"4,2"
2012,"CRUZ LEBRATO, ANNA",RIVAS ECOPOLIS,16,4,4
2012,"ARGÜELLO CUENCA, PATRICIA",UNB OBENASA,12,3,4
2012,"CUEVAS MEDIAVILLA, AITANA",BEROIL - CIUDAD DE BURGOS,8,2,4
2012,"PARHAM, AJA DANIELLE",CADI - ICG SOFTWARE,15,4,"3,75"
2012,"JORDANA BOFILL, NOEMI",SPAR UNIGIRONA,18,5,"3,6"
2012,"CASAS CARRERAS, QUERALT",RIVAS ECOPOLIS,14,4,"3,5"
2012,"NICHOLLS GONZALEZ, LAURA",RIVAS ECOPOLIS,14,4,"3,5"
2012,"SOTIRIOU , AIKATERINA",UNB OBENASA,10,3,"3,33"
2012,"SULCIUTE, EGLE",PERFUMERIAS AVENIDA,12,4,3
2012,"HONTI, KATALIN",RIVAS ECOPOLIS,12,4,3
2012,"GOMEZ IGUAL, ANNA",BEROIL - CIUDAD DE BURGOS,6,2,3
2011,"DE SOUZA MACHADO, ERIKA CRISTINA",PERFUMERIAS AVENIDA,51,4,"12,75"
2011,"ROBINSON, ANGELICA DANIELLE",GIRONA FC,25,2,"12,5"
2011,"WAUTERS, ANN",CIUDAD ROS CASARES VALENCIA,32,4,8
2011,"SARR, OUMOUL KHAIRY",GIRONA FC,14,2,7
2011,"NICHOLLS GONZALEZ, LAURA",RIVAS ECOPOLIS,13,2,"6,5"
2011,"JONES, ASJHA",RIVAS ECOPOLIS,12,2,6
2011,"CRUZ LEBRATO, ANNA",RIVAS ECOPOLIS,11,2,"5,5"
2011,"LYTTLE LYTTLE, SANCHO TRACY CONSTANCE",CIUDAD ROS CASARES VALENCIA,21,4,"5,25"
2011,"BONNER, DEWANNA TENISE",PERFUMERIAS AVENIDA,21,4,"5,25"
2011,"JACKSON, LAUREN",CIUDAD ROS CASARES VALENCIA,19,4,"4,75"
2011,"YACOUBOU, ISABELLE",CIUDAD ROS CASARES VALENCIA,18,4,"4,5"
2011,"MURPHY, ESHAYA MARIE",CIUDAD ROS CASARES VALENCIA,16,4,4
2011,"THORBURN, SHONA LOUISE",GIRONA FC,8,2,4
2011,"CARSON, ESSENCE",RIVAS ECOPOLIS,7,2,"3,5"
2011,"PIRSIC, SANDRA",RIVAS ECOPOLIS,7,2,"3,5"
2011,"VAJDA, ANNA",PERFUMERIAS AVENIDA,12,4,3
2011,"KRIVACEVIC, TIJANA",RIVAS ECOPOLIS,3,1,3
2011,"JORDANA BOFILL, NOEMI",GIRONA FC,6,2,3
2011,"PALAU ALTES, LAIA",CIUDAD ROS CASARES VALENCIA,12,4,3
2011,"MOORE, MAYA APRIL",CIUDAD ROS CASARES VALENCIA,9,3,3
2011,"XARGAY CASADEMONT, MARTA",PERFUMERIAS AVENIDA,12,4,3
2011,"VEGA REBORA, GISELA VERONICA",GIRONA FC,6,2,3
2011,"FEASTER, ALISON",PERFUMERIAS AVENIDA,10,4,"2,5"
2011,"ANTOJA ROVIRA, LAURA",PERFUMERIAS AVENIDA,10,4,"2,5"
2011,"BOU LLOVERAS, EVA",GIRONA FC,5,2,"2,5"
2011,"VESELA, JANA",CIUDAD ROS CASARES VALENCIA,7,3,"2,33"
2011,"KORSTINE, ILONA",PERFUMERIAS AVENIDA,9,4,"2,25"
2011,"DOMINGUEZ FERNANDEZ, SILVIA",CIUDAD ROS CASARES VALENCIA,9,4,"2,25"
2011,"CARBO COLOMA, ANNA",GIRONA FC,3,2,"1,5"
2011,"BAHI BLANQUERA, GEORGINA",GIRONA FC,3,2,"1,5"
2011,"DE SOUZA MACHADO, ERIKA CRISTINA",PERFUMERIAS AVENIDA,51,4,"12,75"
2011,"ROBINSON, ANGELICA DANIELLE",GIRONA FC,25,2,"12,5"
2011,"WAUTERS, ANN",CIUDAD ROS CASARES VALENCIA,32,4,8
2011,"SARR, OUMOUL KHAIRY",GIRONA FC,14,2,7
2011,"NICHOLLS GONZALEZ, LAURA",RIVAS ECOPOLIS,13,2,"6,5"
2011,"JONES, ASJHA",RIVAS ECOPOLIS,12,2,6
2011,"CRUZ LEBRATO, ANNA",RIVAS ECOPOLIS,11,2,"5,5"
2011,"LYTTLE LYTTLE, SANCHO TRACY CONSTANCE",CIUDAD ROS CASARES VALENCIA,21,4,"5,25"
2011,"BONNER, DEWANNA TENISE",PERFUMERIAS AVENIDA,21,4,"5,25"
2011,"JACKSON, LAUREN",CIUDAD ROS CASARES VALENCIA,19,4,"4,75"
2011,"YACOUBOU, ISABELLE",CIUDAD ROS CASARES VALENCIA,18,4,"4,5"
2011,"MURPHY, ESHAYA MARIE",CIUDAD ROS CASARES VALENCIA,16,4,4
2011,"THORBURN, SHONA LOUISE",GIRONA FC,8,2,4
2011,"CARSON, ESSENCE",RIVAS ECOPOLIS,7,2,"3,5"
2011,"PIRSIC, SANDRA",RIVAS ECOPOLIS,7,2,"3,5"
2011,"VAJDA, ANNA",PERFUMERIAS AVENIDA,12,4,3
2011,"KRIVACEVIC, TIJANA",RIVAS ECOPOLIS,3,1,3
2011,"JORDANA BOFILL, NOEMI",GIRONA FC,6,2,3
2011,"PALAU ALTES, LAIA",CIUDAD ROS CASARES VALENCIA,12,4,3
2011,"MOORE, MAYA APRIL",CIUDAD ROS CASARES VALENCIA,9,3,3
2011,"XARGAY CASADEMONT, MARTA",PERFUMERIAS AVENIDA,12,4,3
2011,"VEGA REBORA, GISELA VERONICA",GIRONA FC,6,2,3
2011,"FEASTER, ALISON",PERFUMERIAS AVENIDA,10,4,"2,5"
2011,"ANTOJA ROVIRA, LAURA",PERFUMERIAS AVENIDA,10,4,"2,5"
2011,"BOU LLOVERAS, EVA",GIRONA FC,5,2,"2,5"
2011,"VESELA, JANA",CIUDAD ROS CASARES VALENCIA,7,3,"2,33"
2011,"KORSTINE, ILONA",PERFUMERIAS AVENIDA,9,4,"2,25"
2011,"DOMINGUEZ FERNANDEZ, SILVIA",CIUDAD ROS CASARES VALENCIA,9,4,"2,25"
2011,"CARBO COLOMA, ANNA",GIRONA FC,3,2,"1,5"
2011,"BAHI BLANQUERA, GEORGINA",GIRONA FC,3,2,"1,5"
2010,"LYTTLE LYTTLE, SANCHO TRACY CONSTANCE",PERFUMERIAS AVENIDA,18,2,9
2010,"BONNER, DEWANNA TENISE",RIVAS ECOPOLIS,17,2,"8,5"
2010,"DOUGLAS, KATHRYN",CIUDAD ROS CASARES VALENCIA,17,2,"8,5"
2010,"ANOSIKE, NIKOLIKA NONYELUM",CIUDAD ROS CASARES VALENCIA,17,2,"8,5"
2010,"BRUNSON, REBEKKAH",CIUDAD ROS CASARES VALENCIA,17,2,"8,5"
2010,"HENRY, ANEIKA ANNA-KAY",MANN FILTER ZARAGOZA,16,2,8
2010,"DE SOUZA MACHADO, ERIKA CRISTINA",PERFUMERIAS AVENIDA,16,2,8
2010,"VESELA, JANA",CIUDAD ROS CASARES VALENCIA,7,1,7
2010,"LIMA GARCIA, CINDY ORQUIDEA",CIUDAD ROS CASARES VALENCIA,12,2,6
2010,"NICHOLLS GONZALEZ, LAURA",RIVAS ECOPOLIS,10,2,5
2010,"PARIS, COURTNEY LYNNE",RIVAS ECOPOLIS,9,2,"4,5"
2010,"BROWN, KIESHA LINDSAY",MANN FILTER ZARAGOZA,8,2,4
2010,"MONTAÑANA GIMENO, ANNA",PERFUMERIAS AVENIDA,8,2,4
2010,"PASCUA SUAREZ, MARÍA LUCILA",MANN FILTER ZARAGOZA,8,2,4
2010,"VALDEMORO MADARIAGA, AMAYA",RIVAS ECOPOLIS,8,2,4
2010,"SNELL, BELINDA ROSE",PERFUMERIAS AVENIDA,7,2,"3,5"
2010,"TORRENS SALOM, ALBA",PERFUMERIAS AVENIDA,6,2,3
2010,"DOMINGUEZ FERNANDEZ, SILVIA",PERFUMERIAS AVENIDA,6,2,3
2010,"CASAS CARRERAS, QUERALT",MANN FILTER ZARAGOZA,6,2,3
2010,"MONDT, ANKE DE",PERFUMERIAS AVENIDA,6,2,3
2010,"GIL COLLADO, LAURA",PERFUMERIAS AVENIDA,3,1,3
2010,"BERMEJO MORENO, CLARA SUSANA",RIVAS ECOPOLIS,5,2,"2,5"
2010,"PINA TOLOSA, MARIA",MANN FILTER ZARAGOZA,5,2,"2,5"
2010,"CRUZ LEBRATO, ANNA",RIVAS ECOPOLIS,4,2,2
2010,"FERNANDEZ FARRES, MARTA",CIUDAD ROS CASARES VALENCIA,4,2,2
2010,"AGUILAR LOPEZ , ELISA",RIVAS ECOPOLIS,4,2,2
2010,"KRESOVIC, INES",MANN FILTER ZARAGOZA,4,2,2
2010,"FEASTER, ALISON",MANN FILTER ZARAGOZA,4,2,2
2010,"ZLATANOVA, JAKLIN",MANN FILTER ZARAGOZA,3,2,"1,5"
2010,"LAWSON, EDWIGE",CIUDAD ROS CASARES VALENCIA,3,2,"1,5"
2010,"LYTTLE LYTTLE, SANCHO TRACY CONSTANCE",PERFUMERIAS AVENIDA,18,2,9
2010,"BONNER, DEWANNA TENISE",RIVAS ECOPOLIS,17,2,"8,5"
2010,"DOUGLAS, KATHRYN",CIUDAD ROS CASARES VALENCIA,17,2,"8,5"
2010,"ANOSIKE, NIKOLIKA NONYELUM",CIUDAD ROS CASARES VALENCIA,17,2,"8,5"
2010,"BRUNSON, REBEKKAH",CIUDAD ROS CASARES VALENCIA,17,2,"8,5"
2010,"HENRY, ANEIKA ANNA-KAY",MANN FILTER ZARAGOZA,16,2,8
2010,"DE SOUZA MACHADO, ERIKA CRISTINA",PERFUMERIAS AVENIDA,16,2,8
2010,"VESELA, JANA",CIUDAD ROS CASARES VALENCIA,7,1,7
2010,"LIMA GARCIA, CINDY ORQUIDEA",CIUDAD ROS CASARES VALENCIA,12,2,6
2010,"NICHOLLS GONZALEZ, LAURA",RIVAS ECOPOLIS,10,2,5
2010,"PARIS, COURTNEY LYNNE",RIVAS ECOPOLIS,9,2,"4,5"
2010,"BROWN, KIESHA LINDSAY",MANN FILTER ZARAGOZA,8,2,4
2010,"MONTAÑANA GIMENO, ANNA",PERFUMERIAS AVENIDA,8,2,4
2010,"PASCUA SUAREZ, MARÍA LUCILA",MANN FILTER ZARAGOZA,8,2,4
2010,"VALDEMORO MADARIAGA, AMAYA",RIVAS ECOPOLIS,8,2,4
2010,"SNELL, BELINDA ROSE",PERFUMERIAS AVENIDA,7,2,"3,5"
2010,"TORRENS SALOM, ALBA",PERFUMERIAS AVENIDA,6,2,3
2010,"DOMINGUEZ FERNANDEZ, SILVIA",PERFUMERIAS AVENIDA,6,2,3
2010,"CASAS CARRERAS, QUERALT",MANN FILTER ZARAGOZA,6,2,3
2010,"MONDT, ANKE DE",PERFUMERIAS AVENIDA,6,2,3
2010,"GIL COLLADO, LAURA",PERFUMERIAS AVENIDA,3,1,3
2010,"BERMEJO MORENO, CLARA SUSANA",RIVAS ECOPOLIS,5,2,"2,5"
2010,"PINA TOLOSA, MARIA",MANN FILTER ZARAGOZA,5,2,"2,5"
2010,"CRUZ LEBRATO, ANNA",RIVAS ECOPOLIS,4,2,2
2010,"FERNANDEZ FARRES, MARTA",CIUDAD ROS CASARES VALENCIA,4,2,2
2010,"AGUILAR LOPEZ , ELISA",RIVAS ECOPOLIS,4,2,2
2010,"KRESOVIC, INES",MANN FILTER ZARAGOZA,4,2,2
2010,"FEASTER, ALISON",MANN FILTER ZARAGOZA,4,2,2
2010,"ZLATANOVA, JAKLIN",MANN FILTER ZARAGOZA,3,2,"1,5"
2010,"LAWSON, EDWIGE",CIUDAD ROS CASARES VALENCIA,3,2,"1,5"
2009,"DE SOUZA MACHADO, ERIKA CRISTINA",CIUDAD ROS CASARES VALENCIA,40,4,10
2009,"LYTTLE LYTTLE, SANCHO TRACY CONSTANCE",PERFUMERIAS AVENIDA,40,4,10
2009,"PASCUA SUAREZ, MARÍA LUCILA",MANN FILTER ZARAGOZA,18,2,9
2009,"LANGHORNE , CRYSTAL ALLISON",RIVAS ECOPOLIS,14,2,7
2009,"CRUZ LEBRATO, ANNA",RIVAS ECOPOLIS,13,2,"6,5"
2009,"UJHELYI, PETRA",RIVAS ECOPOLIS,12,2,6
2009,"WILLINGHAM, LE`COE LOUISE",PERFUMERIAS AVENIDA,21,4,"5,25"
2009,"LIMA GARCIA, CINDY ORQUIDEA",CIUDAD ROS CASARES VALENCIA,5,1,5
2009,"VESELA, JANA",CIUDAD ROS CASARES VALENCIA,20,4,5
2009,"MILTON, DELISHA LACHELL",CIUDAD ROS CASARES VALENCIA,20,4,5
2009,"TORRENS SALOM, ALBA",PERFUMERIAS AVENIDA,19,4,"4,75"
2009,"OUVIÑA MODREGO, CRISTINA",MANN FILTER ZARAGOZA,9,2,"4,5"
2009,"TORNIKIDOU TORNIKIDOU, ELENA",RIVAS ECOPOLIS,8,2,4
2009,"DA SILVA, KATIA",MANN FILTER ZARAGOZA,8,2,4
2009,"PALAU ALTES, LAIA",CIUDAD ROS CASARES VALENCIA,15,4,"3,75"
2009,"FEASTER, ALISON",MANN FILTER ZARAGOZA,7,2,"3,5"
2009,"ABROMAITE, AGNE",MANN FILTER ZARAGOZA,7,2,"3,5"
2009,"SNELL, BELINDA ROSE",CIUDAD ROS CASARES VALENCIA,14,4,"3,5"
2009,"MONDT, ANKE DE",PERFUMERIAS AVENIDA,12,4,3
2009,"DUBLJEVIC, JELENA",RIVAS ECOPOLIS,6,2,3
2009,"PODKOVALNIKOVA , OLGA",PERFUMERIAS AVENIDA,10,4,"2,5"
2009,"DOMINGUEZ FERNANDEZ, SILVIA",PERFUMERIAS AVENIDA,10,4,"2,5"
2009,"AGUILAR LOPEZ , ELISA",CIUDAD ROS CASARES VALENCIA,10,4,"2,5"
2009,"ROYO TORRES, MARIA ESTELA",MANN FILTER ZARAGOZA,5,2,"2,5"
2009,"MONTAÑANA GIMENO, ANNA",CIUDAD ROS CASARES VALENCIA,10,4,"2,5"
2009,"BERMEJO MORENO, CLARA SUSANA",RIVAS ECOPOLIS,5,2,"2,5"
2009,"DICKSON, JESSICA",MANN FILTER ZARAGOZA,4,2,2
2009,"STEN, TIINA IRENE",MANN FILTER ZARAGOZA,4,2,2
2009,"JOENS, CATHERINE ELISABETH",RIVAS ECOPOLIS,3,2,"1,5"
2009,"GOMEZ IGUAL, ANNA",MANN FILTER ZARAGOZA,3,2,"1,5"
2009,"DE SOUZA MACHADO, ERIKA CRISTINA",CIUDAD ROS CASARES VALENCIA,40,4,10
2009,"LYTTLE LYTTLE, SANCHO TRACY CONSTANCE",PERFUMERIAS AVENIDA,40,4,10
2009,"PASCUA SUAREZ, MARÍA LUCILA",MANN FILTER ZARAGOZA,18,2,9
2009,"LANGHORNE , CRYSTAL ALLISON",RIVAS ECOPOLIS,14,2,7
2009,"CRUZ LEBRATO, ANNA",RIVAS ECOPOLIS,13,2,"6,5"
2009,"UJHELYI, PETRA",RIVAS ECOPOLIS,12,2,6
2009,"WILLINGHAM, LE`COE LOUISE",PERFUMERIAS AVENIDA,21,4,"5,25"
2009,"LIMA GARCIA, CINDY ORQUIDEA",CIUDAD ROS CASARES VALENCIA,5,1,5
2009,"VESELA, JANA",CIUDAD ROS CASARES VALENCIA,20,4,5
2009,"MILTON, DELISHA LACHELL",CIUDAD ROS CASARES VALENCIA,20,4,5
2009,"TORRENS SALOM, ALBA",PERFUMERIAS AVENIDA,19,4,"4,75"
2009,"OUVIÑA MODREGO, CRISTINA",MANN FILTER ZARAGOZA,9,2,"4,5"
2009,"TORNIKIDOU TORNIKIDOU, ELENA",RIVAS ECOPOLIS,8,2,4
2009,"DA SILVA, KATIA",MANN FILTER ZARAGOZA,8,2,4
2009,"PALAU ALTES, LAIA",CIUDAD ROS CASARES VALENCIA,15,4,"3,75"
2009,"FEASTER, ALISON",MANN FILTER ZARAGOZA,7,2,"3,5"
2009,"ABROMAITE, AGNE",MANN FILTER ZARAGOZA,7,2,"3,5"
2009,"SNELL, BELINDA ROSE",CIUDAD ROS CASARES VALENCIA,14,4,"3,5"
2009,"MONDT, ANKE DE",PERFUMERIAS AVENIDA,12,4,3
2009,"DUBLJEVIC, JELENA",RIVAS ECOPOLIS,6,2,3
2009,"PODKOVALNIKOVA , OLGA",PERFUMERIAS AVENIDA,10,4,"2,5"
2009,"DOMINGUEZ FERNANDEZ, SILVIA",PERFUMERIAS AVENIDA,10,4,"2,5"
2009,"AGUILAR LOPEZ , ELISA",CIUDAD ROS CASARES VALENCIA,10,4,"2,5"
2009,"ROYO TORRES, MARIA ESTELA",MANN FILTER ZARAGOZA,5,2,"2,5"
2009,"MONTAÑANA GIMENO, ANNA",CIUDAD ROS CASARES VALENCIA,10,4,"2,5"
2009,"BERMEJO MORENO, CLARA SUSANA",RIVAS ECOPOLIS,5,2,"2,5"
2009,"DICKSON, JESSICA",MANN FILTER ZARAGOZA,4,2,2
2009,"STEN, TIINA IRENE",MANN FILTER ZARAGOZA,4,2,2
2009,"JOENS, CATHERINE ELISABETH",RIVAS ECOPOLIS,3,2,"1,5"
2009,"GOMEZ IGUAL, ANNA",MANN FILTER ZARAGOZA,3,2,"1,5"
2008,"DE SOUZA MACHADO, ERIKA CRISTINA",CIUDAD ROS CASARES,43,4,"10,75"
2008,"SNOW, MICHELLE",PERFUMERIAS AVENIDA,42,5,"8,4"
2008,"DUBLJEVIC, JELENA",RIVAS ECÓPOLIS,24,3,8
2008,"WILLINGHAM, LE`COE LOUISE",PERFUMERIAS AVENIDA,35,5,7
2008,"RILEY, RUTH ELLEN",RIVAS ECÓPOLIS,16,3,"5,33"
2008,"UJHELYI, PETRA",RIVAS ECÓPOLIS,15,3,5
2008,"VESELA, JANA",CIUDAD ROS CASARES,19,4,"4,75"
2008,"VALDEMORO MADARIAGA, AMAYA",CIUDAD ROS CASARES,19,4,"4,75"
2008,"REVUELTO SÁNCHEZ-AGUILERA, MARIA",CLUB BALONCESTO FEVE SAN JOSE,9,2,"4,5"
2008,"MURPHY, ESHAYA MARIE",CLUB BALONCESTO FEVE SAN JOSE,9,2,"4,5"
2008,"MILTON, DELISHA LACHELL",CIUDAD ROS CASARES,17,4,"4,25"
2008,"PASCUA SUAREZ, MARÍA LUCILA",CLUB BALONCESTO FEVE SAN JOSE,8,2,4
2008,"BUTLER, KIMBERLY JOY",CLUB BALONCESTO FEVE SAN JOSE,7,2,"3,5"
2008,"AGUILAR LOPEZ , ELISA",CIUDAD ROS CASARES,14,4,"3,5"
2008,"BERMEJO MORENO, CLARA SUSANA",RIVAS ECÓPOLIS,10,3,"3,33"
2008,"ABALDE DIAZ, TAMARA",RIVAS ECÓPOLIS,10,3,"3,33"
2008,"HODGES, RONEEKA RAYSHELL",RIVAS ECÓPOLIS,9,3,3
2008,"LIMA GARCIA, CINDY ORQUIDEA",CLUB BALONCESTO FEVE SAN JOSE,6,2,3
2008,"MONDT, ANKE DE",PERFUMERIAS AVENIDA,14,5,"2,8"
2008,"MONTAÑANA GIMENO, ANNA",CIUDAD ROS CASARES,11,4,"2,75"
2008,"NAVARRETE TRUJILLO, MIREIA",PERFUMERIAS AVENIDA,5,2,"2,5"
2008,"PALAU ALTES, LAIA",CIUDAD ROS CASARES,10,4,"2,5"
2008,"PINA TOLOSA, MARIA",CLUB BALONCESTO FEVE SAN JOSE,5,2,"2,5"
2008,"STAMPALIJA, PETRA",PERFUMERIAS AVENIDA,12,5,"2,4"
2008,"DOMINGUEZ FERNANDEZ, SILVIA",PERFUMERIAS AVENIDA,12,5,"2,4"
2008,"BASKO , GUNTA",PERFUMERIAS AVENIDA,12,5,"2,4"
2008,"SANCHEZ FERNANDEZ, ISABEL",PERFUMERIAS AVENIDA,11,5,"2,2"
2008,"THORBURN, SHONA LOUISE",CLUB BALONCESTO FEVE SAN JOSE,4,2,2
2008,"VECEROVA, IVANA",CIUDAD ROS CASARES,8,4,2
2008,"ROVIRA RODRIGUEZ, MARIA DEL MAR",PERFUMERIAS AVENIDA,9,5,"1,8"
2008,"DE SOUZA MACHADO, ERIKA CRISTINA",CIUDAD ROS CASARES,43,4,"10,75"
2008,"SNOW, MICHELLE",PERFUMERIAS AVENIDA,42,5,"8,4"
2008,"DUBLJEVIC, JELENA",RIVAS ECÓPOLIS,24,3,8
2008,"WILLINGHAM, LE`COE LOUISE",PERFUMERIAS AVENIDA,35,5,7
2008,"RILEY, RUTH ELLEN",RIVAS ECÓPOLIS,16,3,"5,33"
2008,"UJHELYI, PETRA",RIVAS ECÓPOLIS,15,3,5
2008,"VESELA, JANA",CIUDAD ROS CASARES,19,4,"4,75"
2008,"VALDEMORO MADARIAGA, AMAYA",CIUDAD ROS CASARES,19,4,"4,75"
2008,"REVUELTO SÁNCHEZ-AGUILERA, MARIA",CLUB BALONCESTO FEVE SAN JOSE,9,2,"4,5"
2008,"MURPHY, ESHAYA MARIE",CLUB BALONCESTO FEVE SAN JOSE,9,2,"4,5"
2008,"MILTON, DELISHA LACHELL",CIUDAD ROS CASARES,17,4,"4,25"
2008,"PASCUA SUAREZ, MARÍA LUCILA",CLUB BALONCESTO FEVE SAN JOSE,8,2,4
2008,"BUTLER, KIMBERLY JOY",CLUB BALONCESTO FEVE SAN JOSE,7,2,"3,5"
2008,"AGUILAR LOPEZ , ELISA",CIUDAD ROS CASARES,14,4,"3,5"
2008,"BERMEJO MORENO, CLARA SUSANA",RIVAS ECÓPOLIS,10,3,"3,33"
2008,"ABALDE DIAZ, TAMARA",RIVAS ECÓPOLIS,10,3,"3,33"
2008,"HODGES, RONEEKA RAYSHELL",RIVAS ECÓPOLIS,9,3,3
2008,"LIMA GARCIA, CINDY ORQUIDEA",CLUB BALONCESTO FEVE SAN JOSE,6,2,3
2008,"MONDT, ANKE DE",PERFUMERIAS AVENIDA,14,5,"2,8"
2008,"MONTAÑANA GIMENO, ANNA",CIUDAD ROS CASARES,11,4,"2,75"
2008,"NAVARRETE TRUJILLO, MIREIA",PERFUMERIAS AVENIDA,5,2,"2,5"
2008,"PALAU ALTES, LAIA",CIUDAD ROS CASARES,10,4,"2,5"
2008,"PINA TOLOSA, MARIA",CLUB BALONCESTO FEVE SAN JOSE,5,2,"2,5"
2008,"STAMPALIJA, PETRA",PERFUMERIAS AVENIDA,12,5,"2,4"
2008,"DOMINGUEZ FERNANDEZ, SILVIA",PERFUMERIAS AVENIDA,12,5,"2,4"
2008,"BASKO , GUNTA",PERFUMERIAS AVENIDA,12,5,"2,4"
2008,"SANCHEZ FERNANDEZ, ISABEL",PERFUMERIAS AVENIDA,11,5,"2,2"
2008,"THORBURN, SHONA LOUISE",CLUB BALONCESTO FEVE SAN JOSE,4,2,2
2008,"VECEROVA, IVANA",CIUDAD ROS CASARES,8,4,2
2008,"ROVIRA RODRIGUEZ, MARIA DEL MAR",PERFUMERIAS AVENIDA,9,5,"1,8"
2007,"DE SOUZA MACHADO, ERIKA CRISTINA",CIUDAD ROS CASARES VALENCIA,62,5,"12,4"
2007,"LYTTLE LYTTLE, SANCHO TRACY CONSTANCE",EBE PROMOCIONES SANTA EULALIA,29,3,"9,67"
2007,"MONTAÑANA GIMENO, ANNA",PERFUMERIAS AVENIDA,39,6,"6,5"
2007,"LIMA GARCIA, CINDY ORQUIDEA",CLUB BALONCESTO SAN JOSE,12,2,6
2007,"MATIC , IVANKA",PERFUMERIAS AVENIDA,36,6,6
2007,"TORNIKIDOU TORNIKIDOU, ELENA",CIUDAD ROS CASARES VALENCIA,25,5,5
2007,"PAGE, LINDA A. MURRIEL",CLUB BALONCESTO SAN JOSE,9,2,"4,5"
2007,"SANTOS DE OLIVEIRA, ALESSANDRA",PERFUMERIAS AVENIDA,9,2,"4,5"
2007,"MILTON, DELISHA LACHELL",CIUDAD ROS CASARES VALENCIA,21,5,"4,2"
2007,"BERMEJO MORENO, CLARA SUSANA",PERFUMERIAS AVENIDA,25,6,"4,17"
2007,"DOUGLAS, KATHRYN",CIUDAD ROS CASARES VALENCIA,20,5,4
2007,"MONDT, ANKE DE",PERFUMERIAS AVENIDA,20,6,"3,33"
2007,"FERRAGUT CASTILLO, MARINA",CIUDAD ROS CASARES VALENCIA,16,5,"3,2"
2007,"SANCHEZ FERNANDEZ, ISABEL",PERFUMERIAS AVENIDA,18,6,3
2007,"THORBURN, SHONA LOUISE",EBE PROMOCIONES SANTA EULALIA,9,3,3
2007,"RASMUSSEN, KRISTEN",EBE PROMOCIONES SANTA EULALIA,9,3,3
2007,"BATTLE , ASHLEY MICHELLE",CLUB BALONCESTO SAN JOSE,6,2,3
2007,"REID, TRACY LASHAWN",PERFUMERIAS AVENIDA,17,6,"2,83"
2007,"NAVARRO SALLES, LAURA",EBE PROMOCIONES SANTA EULALIA,8,3,"2,67"
2007,"PONS MOLINA, INGRID",EBE PROMOCIONES SANTA EULALIA,8,3,"2,67"
2007,"SEGUI CARLES, PAULA",CLUB BALONCESTO SAN JOSE,5,2,"2,5"
2007,"COHEN, LIRON",CLUB BALONCESTO SAN JOSE,5,2,"2,5"
2007,"REVUELTO SÁNCHEZ-AGUILERA, MARIA",CLUB BALONCESTO SAN JOSE,5,2,"2,5"
2007,"PALAU ALTES, LAIA",CIUDAD ROS CASARES VALENCIA,11,5,"2,2"
2007,"MALTSI, EVANTHIA",CIUDAD ROS CASARES VALENCIA,9,5,"1,8"
2007,"DOMINGUEZ FERNANDEZ, SILVIA",PERFUMERIAS AVENIDA,10,6,"1,67"
2007,"FEASTER, ALISON",CLUB BALONCESTO SAN JOSE,3,2,"1,5"
2007,"AGUILAR LOPEZ , ELISA",CIUDAD ROS CASARES VALENCIA,7,5,"1,4"
2007,"MORALES MARTIN, SILVIA",EBE PROMOCIONES SANTA EULALIA,4,3,"1,33"
2007,"LILJESTRAND, THYRA LINNEA",EBE PROMOCIONES SANTA EULALIA,4,3,"1,33"
2007,"DE SOUZA MACHADO, ERIKA CRISTINA",CIUDAD ROS CASARES VALENCIA,62,5,"12,4"
2007,"LYTTLE LYTTLE, SANCHO TRACY CONSTANCE",EBE PROMOCIONES SANTA EULALIA,29,3,"9,67"
2007,"MONTAÑANA GIMENO, ANNA",PERFUMERIAS AVENIDA,39,6,"6,5"
2007,"LIMA GARCIA, CINDY ORQUIDEA",CLUB BALONCESTO SAN JOSE,12,2,6
2007,"MATIC , IVANKA",PERFUMERIAS AVENIDA,36,6,6
2007,"TORNIKIDOU TORNIKIDOU, ELENA",CIUDAD ROS CASARES VALENCIA,25,5,5
2007,"PAGE, LINDA A. MURRIEL",CLUB BALONCESTO SAN JOSE,9,2,"4,5"
2007,"SANTOS DE OLIVEIRA, ALESSANDRA",PERFUMERIAS AVENIDA,9,2,"4,5"
2007,"MILTON, DELISHA LACHELL",CIUDAD ROS CASARES VALENCIA,21,5,"4,2"
2007,"BERMEJO MORENO, CLARA SUSANA",PERFUMERIAS AVENIDA,25,6,"4,17"
2007,"DOUGLAS, KATHRYN",CIUDAD ROS CASARES VALENCIA,20,5,4
2007,"MONDT, ANKE DE",PERFUMERIAS AVENIDA,20,6,"3,33"
2007,"FERRAGUT CASTILLO, MARINA",CIUDAD ROS CASARES VALENCIA,16,5,"3,2"
2007,"SANCHEZ FERNANDEZ, ISABEL",PERFUMERIAS AVENIDA,18,6,3
2007,"THORBURN, SHONA LOUISE",EBE PROMOCIONES SANTA EULALIA,9,3,3
2007,"RASMUSSEN, KRISTEN",EBE PROMOCIONES SANTA EULALIA,9,3,3
2007,"BATTLE , ASHLEY MICHELLE",CLUB BALONCESTO SAN JOSE,6,2,3
2007,"REID, TRACY LASHAWN",PERFUMERIAS AVENIDA,17,6,"2,83"
2007,"NAVARRO SALLES, LAURA",EBE PROMOCIONES SANTA EULALIA,8,3,"2,67"
2007,"PONS MOLINA, INGRID",EBE PROMOCIONES SANTA EULALIA,8,3,"2,67"
2007,"SEGUI CARLES, PAULA",CLUB BALONCESTO SAN JOSE,5,2,"2,5"
2007,"COHEN, LIRON",CLUB BALONCESTO SAN JOSE,5,2,"2,5"
2007,"REVUELTO SÁNCHEZ-AGUILERA, MARIA",CLUB BALONCESTO SAN JOSE,5,2,"2,5"
2007,"PALAU ALTES, LAIA",CIUDAD ROS CASARES VALENCIA,11,5,"2,2"
2007,"MALTSI, EVANTHIA",CIUDAD ROS CASARES VALENCIA,9,5,"1,8"
2007,"DOMINGUEZ FERNANDEZ, SILVIA",PERFUMERIAS AVENIDA,10,6,"1,67"
2007,"FEASTER, ALISON",CLUB BALONCESTO SAN JOSE,3,2,"1,5"
2007,"AGUILAR LOPEZ , ELISA",CIUDAD ROS CASARES VALENCIA,7,5,"1,4"
2007,"MORALES MARTIN, SILVIA",EBE PROMOCIONES SANTA EULALIA,4,3,"1,33"
2007,"LILJESTRAND, THYRA LINNEA",EBE PROMOCIONES SANTA EULALIA,4,3,"1,33"
2006,"PAGE, LINDA A. MURRIEL",HONDARRIBIA - IRÚN,28,2,14
2006,"WYCKOFF, BROOKE ELIZABETH",GRAN CANARIA,23,2,"11,5"
2006,"SCHUMACHER, KELLY MARIE",UNIVERSITAT DE BARCELONA - F.C. BARCELONA,49,5,"9,8"
2006,"UJHELYI, PETRA",ARRANZ-JOPISA BURGOS,36,4,9
2006,"MUJANOVIC, RAZIJA",HONDARRIBIA - IRÚN,18,2,9
2006,"REID, TRACY LASHAWN",ACIS INCOSA LEON,17,2,"8,5"
2006,"MILTON, DELISHA LACHELL",CIUDAD ROS CASARES VALENCIA,80,10,8
2006,"TUUKKANEN, TARU TELLERVO",EXTRUGASA,16,2,8
2006,"WILLIAMS, ADRIAN DENISE",PERFUMERIAS AVENIDA,68,9,"7,56"
2006,"MONTESDEOCA LOPEZ, EVA",GRAN CANARIA,15,2,"7,5"
2006,"PASCUA SUAREZ, MARÍA LUCILA",ACIS INCOSA LEON,15,2,"7,5"
2006,"PONS MOLINA, INGRID",UNIVERSITAT DE BARCELONA - F.C. BARCELONA,37,5,"7,4"
2006,"DE SOUZA MACHADO, ERIKA CRISTINA",CIUDAD ROS CASARES VALENCIA,73,10,"7,3"
2006,"POWELL, NICOLE KRISTEN",PERFUMERIAS AVENIDA,61,9,"6,78"
2006,"ROVIRA RODRIGUEZ, MARIA DEL MAR",ACIS INCOSA LEON,13,2,"6,5"
2006,"CASTRO MARQUES, IZIANE",HONDARRIBIA - IRÚN,13,2,"6,5"
2006,"TORNIKIDOU TORNIKIDOU, ELENA",CIUDAD ROS CASARES VALENCIA,53,10,"5,3"
2006,"ZURRO ALFONSO, MARTA",ARRANZ-JOPISA BURGOS,21,4,"5,25"
2006,"ABROMAITE, AGNE",EXTRUGASA,10,2,5
2006,"DA SILVA SANTOS, KELLY",ACIS INCOSA LEON,10,2,5
2006,"BATTLE , ASHLEY MICHELLE",GRAN CANARIA,10,2,5
2006,"DYDEK, MARGO",CIUDAD ROS CASARES VALENCIA,47,10,"4,7"
2006,"LAAKSONEN, NIINA KAROLINA",GRAN CANARIA,9,2,"4,5"
2006,"CRUZ LEBRATO, ANNA",ARRANZ-JOPISA BURGOS,15,4,"3,75"
2006,"BERMEJO MORENO, CLARA SUSANA",PERFUMERIAS AVENIDA,32,9,"3,56"
2006,"SANCHEZ FERNANDEZ, ISABEL",ACIS INCOSA LEON,7,2,"3,5"
2006,"ALAMO GONZALEZ, ELENA",GRAN CANARIA,7,2,"3,5"
2006,"AGUILAR LOPEZ , ELISA",CIUDAD ROS CASARES VALENCIA,34,10,"3,4"
2006,"TAMANE, ZANE",UNIVERSITAT DE BARCELONA - F.C. BARCELONA,17,5,"3,4"
2006,"MONTAÑANA GIMENO, ANNA",PERFUMERIAS AVENIDA,29,9,"3,22"
2006,"GALLEGO VICARIO, SANDRA",UNIVERSITAT DE BARCELONA - F.C. BARCELONA,7,5,"1,4"
2006,"FERRAGUT CASTILLO, MARINA",CIUDAD ROS CASARES VALENCIA,14,10,"1,4"
2006,"GINES GONZALEZ, MARTA",ACIS INCOSA LEON,2,2,1
2006,"ASURMENDI VILLAVERDE, MARIA DEL CARMEN",ARRANZ-JOPISA BURGOS,4,4,1
2006,"HAJDUNE CSASZAR, ANDREA",HONDARRIBIA - IRÚN,2,2,1
2006,"REVILLA FERNANDEZ, LETICIA",ARRANZ-JOPISA BURGOS,3,3,1
2006,"GRANDE FLORES, LAURA",GRAN CANARIA,2,2,1
2006,"HERRERA AREVALO, MIRIAM",EXTRUGASA,1,2,"0,5"
2006,"QUINTERO CASTELLANO, THANIA",HONDARRIBIA - IRÚN,1,2,"0,5"
2006,"SUAREZ UTRERO, ANA MARIA",HONDARRIBIA - IRÚN,1,2,"0,5"
2006,"BENET EDO, PATRICIA",CIUDAD ROS CASARES VALENCIA,1,3,"0,33"
2006,"KNEZEVIC, ADRIJANA",PERFUMERIAS AVENIDA,1,4,"0,25"
2006,"JORDANA BOFILL, NOEMI",CIUDAD ROS CASARES VALENCIA,1,9,"0,11"
2006,"GALLEGO VICARIO, SANDRA",UNIVERSITAT DE BARCELONA - F.C. BARCELONA,7,5,"1,4"
2006,"FERRAGUT CASTILLO, MARINA",CIUDAD ROS CASARES VALENCIA,14,10,"1,4"
2006,"GINES GONZALEZ, MARTA",ACIS INCOSA LEON,2,2,1
2006,"ASURMENDI VILLAVERDE, MARIA DEL CARMEN",ARRANZ-JOPISA BURGOS,4,4,1
2006,"HAJDUNE CSASZAR, ANDREA",HONDARRIBIA - IRÚN,2,2,1
2006,"REVILLA FERNANDEZ, LETICIA",ARRANZ-JOPISA BURGOS,3,3,1
2006,"GRANDE FLORES, LAURA",GRAN CANARIA,2,2,1
2006,"HERRERA AREVALO, MIRIAM",EXTRUGASA,1,2,"0,5"
2006,"QUINTERO CASTELLANO, THANIA",HONDARRIBIA - IRÚN,1,2,"0,5"
2006,"SUAREZ UTRERO, ANA MARIA",HONDARRIBIA - IRÚN,1,2,"0,5"
2006,"BENET EDO, PATRICIA",CIUDAD ROS CASARES VALENCIA,1,3,"0,33"
2006,"KNEZEVIC, ADRIJANA",PERFUMERIAS AVENIDA,1,4,"0,25"
2006,"JORDANA BOFILL, NOEMI",CIUDAD ROS CASARES VALENCIA,1,9,"0,11"
2005,"AGUILAR LOPEZ , ELISA",ROS CASARES VALENCIA,1,2,"0,5"
2005,"SANTOS LUZ, HELEN CRISTINA",UNIVERSITAT DE BARCELONA - F.C. BARCELONA,1,2,"0,5"
2005,"MAKSIMOVIC, JELENA",ACIS INCOSA LEON,1,2,"0,5"
2005,"AGUILAR LOPEZ , ELISA",ROS CASARES VALENCIA,1,2,"0,5"
2005,"SANTOS LUZ, HELEN CRISTINA",UNIVERSITAT DE BARCELONA - F.C. BARCELONA,1,2,"0,5"
2005,"MAKSIMOVIC, JELENA",ACIS INCOSA LEON,1,2,"0,5"
2005,"AGUILAR LOPEZ , ELISA",ROS CASARES VALENCIA,1,2,"0,5"
2005,"SANTOS LUZ, HELEN CRISTINA",UNIVERSITAT DE BARCELONA - F.C. BARCELONA,1,2,"0,5"
2005,"MAKSIMOVIC, JELENA",ACIS INCOSA LEON,1,2,"0,5"
2004,"FERNANDEZ FARRES, MARTA",UNIVERSITAT DE BARCELONA - F.C. BARCELONA,90,25,"3,6"
2004,"DOMINGUEZ FERNANDEZ, SILVIA",USP CEU - ADECCO ESTUDIANTES,90,25,"3,6"
2004,"BARLIN, NINA ELISABETH",YAYA MARIA BREOGAN,46,13,"3,54"
2004,"KÜHN, KATHARINA CHARLOTTA",ACIS-SUFI LEON,91,26,"3,5"
2004,"ALONSO DIEGO, MARIA JOSE",ARRANZ - JOPISA BURGOS,70,20,"3,5"
2004,"NAVARRETE TRUJILLO, MIREIA",MANN FILTER ZARAGOZA,81,24,"3,38"
2004,"JOENS, CATHERINE ELISABETH",C.B. PUIG D`EN VALLS SANTA EULALIA,43,13,"3,31"
2004,"GARCÍA SALINERO, LAURA",MOTIVA REAL CANOE N.C.,81,25,"3,24"
2004,"GOMEZ IGUAL, ANNA",C.B. PUIG D`EN VALLS SANTA EULALIA,84,26,"3,23"
2004,"LLAMAS PAJUELO, MARIA NIEVES",PERFUMERIAS AVENIDA,64,20,"3,2"
2004,"SEGUI CARLES, PAULA",UNIVERSITAT DE BARCELONA - F.C. BARCELONA,75,24,"3,13"
2004,"CANTERO OSTOS, CRISTINA",REAL CLUB CELTA VIGOURBAN,68,22,"3,09"
2004,"MARTINEZ PRAT, ROSER",YAYA MARIA BREOGAN,41,14,"2,93"
2004,"ALAMO GONZALEZ, ELENA",CAJACANARIAS,70,24,"2,92"
2004,"FORNS ESCUDE, NURIA",USP CEU - ADECCO ESTUDIANTES,73,25,"2,92"
2004,"PALOMARES VALIENTE, PAULA",MOTIVA REAL CANOE N.C.,73,26,"2,81"
2004,"VILLAR FERNANDEZ, IRIA",C.B. PUIG D`EN VALLS SANTA EULALIA,72,26,"2,77"
2004,"GRANDE FLORES, LAURA",CAJACANARIAS,67,25,"2,68"
2004,"IVEY, NIELE DEIRDRE",MANN FILTER ZARAGOZA,48,18,"2,67"
2004,"BROSOVSZKY, MONIKA IZABELLA",CAJACANARIAS,69,26,"2,65"
2004,"SÁNCHEZ LUJÁN, ROSAURA DEL CARMEN",ROS CASARES VALENCIA,69,26,"2,65"
2004,"VALERO CEBRIAN, PILAR",MANN FILTER ZARAGOZA,50,19,"2,63"
2004,"SANTOS LUZ, HELEN CRISTINA",UNIVERSITAT DE BARCELONA - F.C. BARCELONA,67,26,"2,58"
2004,"LAAKSONEN, JENNI JANITA",C.B. PUIG D`EN VALLS SANTA EULALIA,66,26,"2,54"
2004,"DENTI MUNTANE, AINA",EXTRUGASA,52,21,"2,48"
2004,"HAJDUNE CSASZAR, ANDREA",HONDARRIBIA - IRÚN,62,25,"2,48"
2004,"ARDON, LESLIE",ACIS-SUFI LEON,32,13,"2,46"
2004,"AGUILAR LOPEZ , ELISA",ROS CASARES VALENCIA,63,26,"2,42"
2004,"SALGADO SANCHEZ, IRENE",YAYA MARIA BREOGAN,58,24,"2,42"
2004,"PEREZ CAPARROS, ROSA",USP CEU - ADECCO ESTUDIANTES,61,26,"2,35"
2004,"FERNANDEZ FARRES, MARTA",UNIVERSITAT DE BARCELONA - F.C. BARCELONA,90,25,"3,6"
2004,"DOMINGUEZ FERNANDEZ, SILVIA",USP CEU - ADECCO ESTUDIANTES,90,25,"3,6"
2004,"BARLIN, NINA ELISABETH",YAYA MARIA BREOGAN,46,13,"3,54"
2004,"KÜHN, KATHARINA CHARLOTTA",ACIS-SUFI LEON,91,26,"3,5"
2004,"ALONSO DIEGO, MARIA JOSE",ARRANZ - JOPISA BURGOS,70,20,"3,5"
2004,"NAVARRETE TRUJILLO, MIREIA",MANN FILTER ZARAGOZA,81,24,"3,38"
2004,"JOENS, CATHERINE ELISABETH",C.B. PUIG D`EN VALLS SANTA EULALIA,43,13,"3,31"
2004,"GARCÍA SALINERO, LAURA",MOTIVA REAL CANOE N.C.,81,25,"3,24"
2004,"GOMEZ IGUAL, ANNA",C.B. PUIG D`EN VALLS SANTA EULALIA,84,26,"3,23"
2004,"LLAMAS PAJUELO, MARIA NIEVES",PERFUMERIAS AVENIDA,64,20,"3,2"
2004,"SEGUI CARLES, PAULA",UNIVERSITAT DE BARCELONA - F.C. BARCELONA,75,24,"3,13"
2004,"CANTERO OSTOS, CRISTINA",REAL CLUB CELTA VIGOURBAN,68,22,"3,09"
2004,"MARTINEZ PRAT, ROSER",YAYA MARIA BREOGAN,41,14,"2,93"
2004,"ALAMO GONZALEZ, ELENA",CAJACANARIAS,70,24,"2,92"
2004,"FORNS ESCUDE, NURIA",USP CEU - ADECCO ESTUDIANTES,73,25,"2,92"
2004,"PALOMARES VALIENTE, PAULA",MOTIVA REAL CANOE N.C.,73,26,"2,81"
2004,"VILLAR FERNANDEZ, IRIA",C.B. PUIG D`EN VALLS SANTA EULALIA,72,26,"2,77"
2004,"GRANDE FLORES, LAURA",CAJACANARIAS,67,25,"2,68"
2004,"IVEY, NIELE DEIRDRE",MANN FILTER ZARAGOZA,48,18,"2,67"
2004,"BROSOVSZKY, MONIKA IZABELLA",CAJACANARIAS,69,26,"2,65"
2004,"SÁNCHEZ LUJÁN, ROSAURA DEL CARMEN",ROS CASARES VALENCIA,69,26,"2,65"
2004,"VALERO CEBRIAN, PILAR",MANN FILTER ZARAGOZA,50,19,"2,63"
2004,"SANTOS LUZ, HELEN CRISTINA",UNIVERSITAT DE BARCELONA - F.C. BARCELONA,67,26,"2,58"
2004,"LAAKSONEN, JENNI JANITA",C.B. PUIG D`EN VALLS SANTA EULALIA,66,26,"2,54"
2004,"DENTI MUNTANE, AINA",EXTRUGASA,52,21,"2,48"
2004,"HAJDUNE CSASZAR, ANDREA",HONDARRIBIA - IRÚN,62,25,"2,48"
2004,"ARDON, LESLIE",ACIS-SUFI LEON,32,13,"2,46"
2004,"AGUILAR LOPEZ , ELISA",ROS CASARES VALENCIA,63,26,"2,42"
2004,"SALGADO SANCHEZ, IRENE",YAYA MARIA BREOGAN,58,24,"2,42"
2004,"PEREZ CAPARROS, ROSA",USP CEU - ADECCO ESTUDIANTES,61,26,"2,35"
2004,"BERTAL, GERALDINE MARIE ROSE",ARRANZ - JOPISA BURGOS,53,23,"2,3"
2004,"GARCIA TORRES, CRISTINA",UNIVERSITAT DE BARCELONA - F.C. BARCELONA,57,25,"2,28"
2004,"HERRERA AREVALO, MIRIAM",EXTRUGASA,50,23,"2,17"
2004,"ANTON LOPEZ, MONTSERRAT",USP CEU - ADECCO ESTUDIANTES,49,24,"2,04"
2004,"GERMAN VELASCO, ICIAR",YAYA MARIA BREOGAN,44,23,"1,91"
2004,"GALLEGO VICARIO, SANDRA",UNIVERSITAT DE BARCELONA - F.C. BARCELONA,44,23,"1,91"
2004,"HERNANDEZ ESTEBAN, SILVIA",MOTIVA REAL CANOE N.C.,42,25,"1,68"
2004,"FERRER PEREZ, ESTELA ROSA",ACIS-SUFI LEON,34,21,"1,62"
2004,"BERGERON, EMMANUELLE SARAH SOPHIE",ARRANZ - JOPISA BURGOS,37,23,"1,61"
2004,"ANTOJA ROVIRA, LAURA",UNIVERSITAT DE BARCELONA - F.C. BARCELONA,38,24,"1,58"
2004,"MARTIN MERINO, BLANCA",YAYA MARIA BREOGAN,28,18,"1,56"
2004,"GARCIA MATA, GEMA",REAL CLUB CELTA VIGOURBAN,40,26,"1,54"
2004,"GILABERT AVANTE, MONTSERRAT",EXTRUGASA,38,25,"1,52"
2004,"CRUZ LEBRATO, ANNA",UNIVERSITAT DE BARCELONA - F.C. BARCELONA,22,16,"1,38"
2004,"SANCHEZ MUÑOZ, ALICIA",USP CEU - ADECCO ESTUDIANTES,27,20,"1,35"
2004,"CASTRILLO VILLANUEVA, SARA",ACIS-SUFI LEON,27,20,"1,35"
2004,"GOMEZ FERREIROS, SARA",EXTRUGASA,35,26,"1,35"
2004,"BJORKLUND, JOHANNA HELENA",PERFUMERIAS AVENIDA,17,13,"1,31"
2004,"GOMEZ IGLESIAS, REGINA",EXTRUGASA,31,24,"1,29"
2004,"GINES GONZALEZ, MARTA",ARRANZ - JOPISA BURGOS,30,24,"1,25"
2004,"ZIMERLE, ANNA",ROS CASARES VALENCIA,31,25,"1,24"
2004,"PARDO VAZQUEZ, MARIA DEL CARMEN",USP CEU - ADECCO ESTUDIANTES,18,15,"1,2"
2004,"RAMIRO DIAZ, NURIA MARIA",ACIS-SUFI LEON,25,21,"1,19"
2004,"DELGADO DIAZ-GUEMES, RAQUEL",HONDARRIBIA - IRÚN,29,25,"1,16"
2004,"ALAÑA SEGURA, SHEILA",REAL CLUB CELTA VIGOURBAN,18,16,"1,13"
2004,"ARAMBURU GARAYALDE, LEIRE",HONDARRIBIA - IRÚN,28,25,"1,12"
2004,"JIMENEZ GALINDO, ANNA ISABEL",C.B. PUIG D`EN VALLS SANTA EULALIA,22,23,"0,96"
2004,"JORDANA BOFILL, NOEMI",ROS CASARES VALENCIA,25,26,"0,96"
2004,"MARCOS BENITO, BLANCA",PERFUMERIAS AVENIDA,23,25,"0,92"
2004,"BARRANCO CASTILLO, ROSA MARIA",MANN FILTER ZARAGOZA,15,17,"0,88"
2004,"YGUERAVIDE VIANA, SANDRA",PERFUMERIAS AVENIDA,22,25,"0,88"
2004,"ROYO TORRES, MARIA ESTELA",MANN FILTER ZARAGOZA,20,25,"0,8"
2004,"BOLEDA COLET, ANNA",ACIS-SUFI LEON,12,18,"0,67"
2004,"QUINTERO CASTELLANO, THANIA",HONDARRIBIA - IRÚN,13,24,"0,54"
2004,"YGUERAVIDE VIANA, SANDRA",PERFUMERIAS AVENIDA,22,25,"0,88"
2004,"ROYO TORRES, MARIA ESTELA",MANN FILTER ZARAGOZA,20,25,"0,8"
2004,"BOLEDA COLET, ANNA",ACIS-SUFI LEON,12,18,"0,67"
2004,"QUINTERO CASTELLANO, THANIA",HONDARRIBIA - IRÚN,13,24,"0,54"
2003,"CEBRIAN SCHEURER, ELISABET",USP CEU - ADECCO ESTUDIANTES,28,2,14
2003,"DE SOUZA MACHADO, ERIKA CRISTINA",UNIVERSITAT DE BARCELONA - F.C. BARCELONA,39,4,"9,75"
2003,"---, MURRIEL",P.C. MENDIBIL,36,4,9
2003,"HAMCHETOU, MAIGA",YAYA MARIA BREOGAN,42,5,"8,4"
2003,"FALLON, TRISHA NICOLE",ROS CASARES VALENCIA,33,4,"8,25"
2003,"BERTHIEU, LUCCIENNE CLAUDINE",ROS CASARES VALENCIA,31,4,"7,75"
2003,"PODRUG, EMILIJA",REAL CLUB CELTA BANCO SIMEON,15,2,"7,5"
2003,"CUNNINGHAN, DAVALYN",YAYA MARIA BREOGAN,36,5,"7,2"
2003,"PASCUA SUAREZ, MARÍA LUCILA",MANN FILTER ZARAGOZA,14,2,7
2003,"BLANCO BERNAL, SONIA",USP CEU - ADECCO ESTUDIANTES,13,2,"6,5"
2003,"STARBIRD, CATHARINE EVELYN",USP CEU - ADECCO ESTUDIANTES,13,2,"6,5"
2003,"PALAU ALTES, LAIA",UNIVERSITAT DE BARCELONA - F.C. BARCELONA,26,4,"6,5"
2003,"VALDEMORO MADARIAGA, AMAYA",ROS CASARES VALENCIA,25,4,"6,25"
2003,"TUURE, KAISA MARKETTA",YAYA MARIA BREOGAN,30,5,6
2003,"TORNIKIDOU TORNIKIDOU, ELENA",P.C. MENDIBIL,23,4,"5,75"
2003,"TUUKKANEN, TARU TELLERVO",PERFUMERIAS AVENIDA,17,3,"5,67"
2003,"NOLAN, DEANNA NICOLE",MANN FILTER ZARAGOZA,11,2,"5,5"
2003,"WYCKOFF, BROOKE ELIZABETH",MANN FILTER ZARAGOZA,11,2,"5,5"
2003,"CONGREAVES, ANDREA FIONA",UNIVERSITAT DE BARCELONA - F.C. BARCELONA,21,4,"5,25"
2003,"FERRAGUT CASTILLO, MARINA",PERFUMERIAS AVENIDA,15,3,5
2003,"ZURRO ALFONSO, MARTA",MANN FILTER ZARAGOZA,10,2,5
2003,"LIMA GARCIA, CINDY ORQUIDEA",REAL CLUB CELTA BANCO SIMEON,10,2,5
2003,"MAGLISCEAU, MICHELLE YVONNE",UNIVERSITAT DE BARCELONA - F.C. BARCELONA,19,4,"4,75"
2003,"POLLINI, CATARINA",YAYA MARIA BREOGAN,21,5,"4,2"
2003,"HICKS, JESSIE IVETTE",ROS CASARES VALENCIA,16,4,4
2003,"STOCKS, TAMARA CELESTE",P.C. MENDIBIL,16,4,4
2003,"GOMEZ NOVO, MARIA ARANZAZU",YAYA MARIA BREOGAN,19,5,"3,8"
2003,"PELAEZ SAN GIL, LOURDES",P.C. MENDIBIL,15,4,"3,75"
2003,"REVUELTO SÁNCHEZ-AGUILERA, MARIA",REAL CLUB CELTA BANCO SIMEON,7,2,"3,5"
2003,"FERNANDEZ FARRES, MARTA",ROS CASARES VALENCIA,14,4,"3,5"
2003,"JORDANA BOFILL, NOEMI",REAL CLUB CELTA BANCO SIMEON,1,2,"0,5"
2003,"MARTINEZ PRAT, ROSER",USP CEU - ADECCO ESTUDIANTES,1,2,"0,5"
2003,"PIIPARI, REETTA SINIKKA KARINE",MANN FILTER ZARAGOZA,1,2,"0,5"
2003,"QUINTERO CASTELLANO, THANIA",P.C. MENDIBIL,1,4,"0,25"
2003,"JORDANA BOFILL, NOEMI",REAL CLUB CELTA BANCO SIMEON,1,2,"0,5"
2003,"MARTINEZ PRAT, ROSER",USP CEU - ADECCO ESTUDIANTES,1,2,"0,5"
2003,"PIIPARI, REETTA SINIKKA KARINE",MANN FILTER ZARAGOZA,1,2,"0,5"
2003,"QUINTERO CASTELLANO, THANIA",P.C. MENDIBIL,1,4,"0,25"
2002,"MORALES MARTIN, SILVIA",C.B. PUIG D`EN VALLS SANTA EULALIA,1,2,"0,5"
2002,"SECO SALVADOR, TERESA",FILTROS MANN ZARAGOZA,2,4,"0,5"
2002,"GESTEIRA FERNANDEZ, LIDIA",PERFUMERIAS AVENIDA,1,2,"0,5"
2002,"JUANES HERNANDEZ, YOLANDA",C.B. CIUDAD DE BURGOS,1,2,"0,5"
2002,"SOTO FERNÁNDEZ, MARÍA VICTORIA",C.B. CIUDAD DE BURGOS,1,2,"0,5"
2002,"MORALES MARTIN, SILVIA",C.B. PUIG D`EN VALLS SANTA EULALIA,1,2,"0,5"
2002,"SECO SALVADOR, TERESA",FILTROS MANN ZARAGOZA,2,4,"0,5"
2002,"GESTEIRA FERNANDEZ, LIDIA",PERFUMERIAS AVENIDA,1,2,"0,5"
2002,"JUANES HERNANDEZ, YOLANDA",C.B. CIUDAD DE BURGOS,1,2,"0,5"
2002,"SOTO FERNÁNDEZ, MARÍA VICTORIA",C.B. CIUDAD DE BURGOS,1,2,"0,5"
2002,"MORALES MARTIN, SILVIA",C.B. PUIG D`EN VALLS SANTA EULALIA,1,2,"0,5"
2002,"SECO SALVADOR, TERESA",FILTROS MANN ZARAGOZA,2,4,"0,5"
2002,"GESTEIRA FERNANDEZ, LIDIA",PERFUMERIAS AVENIDA,1,2,"0,5"
2002,"JUANES HERNANDEZ, YOLANDA",C.B. CIUDAD DE BURGOS,1,2,"0,5"
2002,"SOTO FERNÁNDEZ, MARÍA VICTORIA",C.B. CIUDAD DE BURGOS,1,2,"0,5"
2001,"SECO SALVADOR, TERESA",FILTROS MANN ZARAGOZA,4,4,1
2001,"LUCENA BREA, VICTORIA",YAYA MARIA BREOGAN,1,1,1
2001,"PIQUE SOLE, MERITXELL",CADI LA SEU D´URGELL,2,2,1
2001,"MIRCHANDANI VILLAR, LIDIA",ROS CASARES VALENCIA,4,5,"0,8"
2001,"GALLEGO VICARIO, SANDRA",FILTROS MANN ZARAGOZA,3,5,"0,6"
2001,"GESTEIRA FERNANDEZ, LIDIA",ROS CASARES VALENCIA,2,4,"0,5"
2001,"NAVARRETE TRUJILLO, MIREIA",REAL CLUB CELTA BANCO SIMEON,2,4,"0,5"
2001,"LIMA GARCIA, CINDY ORQUIDEA",REAL CLUB CELTA BANCO SIMEON,1,3,"0,33"
2001,"BOONEN, DANA MONIQUE LOUIS",ROS CASARES VALENCIA,1,3,"0,33"
2001,"SECO SALVADOR, TERESA",FILTROS MANN ZARAGOZA,4,4,1
2001,"LUCENA BREA, VICTORIA",YAYA MARIA BREOGAN,1,1,1
2001,"PIQUE SOLE, MERITXELL",CADI LA SEU D´URGELL,2,2,1
2001,"MIRCHANDANI VILLAR, LIDIA",ROS CASARES VALENCIA,4,5,"0,8"
2001,"GALLEGO VICARIO, SANDRA",FILTROS MANN ZARAGOZA,3,5,"0,6"
2001,"GESTEIRA FERNANDEZ, LIDIA",ROS CASARES VALENCIA,2,4,"0,5"
2001,"NAVARRETE TRUJILLO, MIREIA",REAL CLUB CELTA BANCO SIMEON,2,4,"0,5"
2001,"LIMA GARCIA, CINDY ORQUIDEA",REAL CLUB CELTA BANCO SIMEON,1,3,"0,33"
2001,"BOONEN, DANA MONIQUE LOUIS",ROS CASARES VALENCIA,1,3,"0,33"
2001,"SECO SALVADOR, TERESA",FILTROS MANN ZARAGOZA,4,4,1
2001,"LUCENA BREA, VICTORIA",YAYA MARIA BREOGAN,1,1,1
2001,"PIQUE SOLE, MERITXELL",CADI LA SEU D´URGELL,2,2,1
2001,"MIRCHANDANI VILLAR, LIDIA",ROS CASARES VALENCIA,4,5,"0,8"
2001,"GALLEGO VICARIO, SANDRA",FILTROS MANN ZARAGOZA,3,5,"0,6"
2001,"GESTEIRA FERNANDEZ, LIDIA",ROS CASARES VALENCIA,2,4,"0,5"
2001,"NAVARRETE TRUJILLO, MIREIA",REAL CLUB CELTA BANCO SIMEON,2,4,"0,5"
2001,"LIMA GARCIA, CINDY ORQUIDEA",REAL CLUB CELTA BANCO SIMEON,1,3,"0,33"
2001,"BOONEN, DANA MONIQUE LOUIS",ROS CASARES VALENCIA,1,3,"0,33"
2000,"ALONSO DIEGO, MARIA JOSE",B. CIUDAD DE BURGOS,10,3,"3,33"
2000,"MIRCHANDANI VILLAR, LIDIA",UNIVERSITAT DE BARCELONA,13,4,"3,25"
2000,"LLAMAS PAJUELO, MARIA NIEVES",SALAMANCA HALCON VIAJES,6,2,3
2000,"---, SHANNON REGINA",ROS CASARES,15,5,3
2000,"GALLEGO VICARIO, SANDRA",UNIVERSITAT DE BARCELONA,12,4,3
2000,"GILLON, JENNER",SANDRA GRAN CANARIA,6,2,3
2000,"BEZOS MARTÍNEZ, EMMA",SALAMANCA HALCON VIAJES,6,2,3
2000,"---, LILLIA",C.B.N.,5,2,"2,5"
2000,"ALVARADO FALCON, DAIZA MARTA",SANDRA GRAN CANARIA,4,2,2
2000,"NAVARRO VIERA, MARIA GUADALUPE",SANDRA GRAN CANARIA,2,1,2
2000,"GARCIA PIÑERO, MARIA BEGOÑA",ENSINO YAYA MARIA,10,5,2
2000,"MONTAÑANA GIMENO, ANNA",SALAMANCA HALCON VIAJES,4,2,2
2000,"LOPEZ VERDU, ALICIA",ROS CASARES,8,5,"1,6"
2000,"DONAIRE MALVELADA, ELSA",SALAMANCA HALCON VIAJES,3,2,"1,5"
2000,"ZRNIC, JELENA",C.B.N.,3,2,"1,5"
2000,"NAVARRETE TRUJILLO, MIREIA",R.CLUB CELTA BANCO SIMEON,4,3,"1,33"
2000,"JORDANA BOFILL, NOEMI",R.CLUB CELTA BANCO SIMEON,4,3,"1,33"
2000,"GARCIA FERNANDEZ, BELEN",ENSINO YAYA MARIA,6,5,"1,2"
2000,"DELGADO DIAZ-GUEMES, RAQUEL",ROS CASARES,6,5,"1,2"
2000,"REMIRO LEÓN, MARÍA",C.B.N.,2,2,1
2000,"MONTESDEOCA LOPEZ, EVA",SANDRA GRAN CANARIA,2,2,1
2000,"PALAU ALTES, LAIA",UNIVERSITAT DE BARCELONA,4,4,1
2000,"SEGUI CARLES, PAULA",UNIVERSITAT DE BARCELONA,4,4,1
2000,"GESTEIRA FERNANDEZ, LIDIA",ROS CASARES,2,3,"0,67"
2000,"GOMEZ NOVO, MARIA ARANZAZU",ENSINO YAYA MARIA,3,5,"0,6"
2000,"MARTINEZ ESPEJO, CARMEN",C.B.N.,1,2,"0,5"
2000,"PEREZ CAPARROS, ROSA",UNIVERSITAT DE BARCELONA,2,4,"0,5"
2000,"HERNÁNDEZ NOVILLO, MARÍA ANTONIA",B. CIUDAD DE BURGOS,1,2,"0,5"
2000,"BARRIOS PEINADO, NATALIA",B. CIUDAD DE BURGOS,1,3,"0,33"
2000,"ALONSO DIEGO, MARIA JOSE",B. CIUDAD DE BURGOS,10,3,"3,33"
2000,"MIRCHANDANI VILLAR, LIDIA",UNIVERSITAT DE BARCELONA,13,4,"3,25"
2000,"LLAMAS PAJUELO, MARIA NIEVES",SALAMANCA HALCON VIAJES,6,2,3
2000,"---, SHANNON REGINA",ROS CASARES,15,5,3
2000,"GALLEGO VICARIO, SANDRA",UNIVERSITAT DE BARCELONA,12,4,3
2000,"GILLON, JENNER",SANDRA GRAN CANARIA,6,2,3
2000,"BEZOS MARTÍNEZ, EMMA",SALAMANCA HALCON VIAJES,6,2,3
2000,"---, LILLIA",C.B.N.,5,2,"2,5"
2000,"ALVARADO FALCON, DAIZA MARTA",SANDRA GRAN CANARIA,4,2,2
2000,"NAVARRO VIERA, MARIA GUADALUPE",SANDRA GRAN CANARIA,2,1,2
2000,"GARCIA PIÑERO, MARIA BEGOÑA",ENSINO YAYA MARIA,10,5,2
2000,"MONTAÑANA GIMENO, ANNA",SALAMANCA HALCON VIAJES,4,2,2
2000,"LOPEZ VERDU, ALICIA",ROS CASARES,8,5,"1,6"
2000,"DONAIRE MALVELADA, ELSA",SALAMANCA HALCON VIAJES,3,2,"1,5"
2000,"ZRNIC, JELENA",C.B.N.,3,2,"1,5"
2000,"NAVARRETE TRUJILLO, MIREIA",R.CLUB CELTA BANCO SIMEON,4,3,"1,33"
2000,"JORDANA BOFILL, NOEMI",R.CLUB CELTA BANCO SIMEON,4,3,"1,33"
2000,"GARCIA FERNANDEZ, BELEN",ENSINO YAYA MARIA,6,5,"1,2"
2000,"DELGADO DIAZ-GUEMES, RAQUEL",ROS CASARES,6,5,"1,2"
2000,"REMIRO LEÓN, MARÍA",C.B.N.,2,2,1
2000,"MONTESDEOCA LOPEZ, EVA",SANDRA GRAN CANARIA,2,2,1
2000,"PALAU ALTES, LAIA",UNIVERSITAT DE BARCELONA,4,4,1
2000,"SEGUI CARLES, PAULA",UNIVERSITAT DE BARCELONA,4,4,1
2000,"GESTEIRA FERNANDEZ, LIDIA",ROS CASARES,2,3,"0,67"
2000,"GOMEZ NOVO, MARIA ARANZAZU",ENSINO YAYA MARIA,3,5,"0,6"
2000,"MARTINEZ ESPEJO, CARMEN",C.B.N.,1,2,"0,5"
2000,"PEREZ CAPARROS, ROSA",UNIVERSITAT DE BARCELONA,2,4,"0,5"
2000,"HERNÁNDEZ NOVILLO, MARÍA ANTONIA",B. CIUDAD DE BURGOS,1,2,"0,5"
2000,"BARRIOS PEINADO, NATALIA",B. CIUDAD DE BURGOS,1,3,"0,33"
1999,"---, MARIE",SANDRA GRAN CANARIA,1,2,"0,5"
1999,"RAMIRO DIAZ, NURIA MARIA",C.D. ENSINO,1,2,"0,5"
1999,"MORIANA NADAL, PALOMA",SANDRA GRAN CANARIA,1,2,"0,5"
1999,"MCNICHOL, JOY AILEEN",POPULAR BASQUET GODELLA,1,2,"0,5"
1999,"---, MARIE",SANDRA GRAN CANARIA,1,2,"0,5"
1999,"RAMIRO DIAZ, NURIA MARIA",C.D. ENSINO,1,2,"0,5"
1999,"MORIANA NADAL, PALOMA",SANDRA GRAN CANARIA,1,2,"0,5"
1999,"MCNICHOL, JOY AILEEN",POPULAR BASQUET GODELLA,1,2,"0,5"
1998,"MELVIN, CHASITY MONIQUE",CELTA BANCO SIMEON,35,3,"11,67"
1998,"CEBRIAN SCHEURER, ELISABET",CELTA BANCO SIMEON,25,3,"8,33"
1998,"JONKUTE, INGRIDA",CD ENSINO UNIVERSIDADE,24,3,8
1998,"VALDEMORO MADARIAGA, AMAYA",SALAMANCA HALCON VIAJES,24,3,8
1998,"GRANDE FLORES, LAURA",CELTA BANCO SIMEON,18,3,6
1998,"HICKS, JESSIE IVETTE",SANDRA GRAN CANARIA,17,3,"5,67"
1998,"BEZOS MARTÍNEZ, EMMA",SALAMANCA HALCON VIAJES,17,3,"5,67"
1998,"PASCHAL, TOWANDA DENICE",SALAMANCA HALCON VIAJES,16,3,"5,33"
1998,"PELAEZ SAN GIL, LOURDES",SANDRA GRAN CANARIA,16,3,"5,33"
1998,"GAMON HERNANDEZ, ASUNCION",SANDRA GRAN CANARIA,16,3,"5,33"
1998,"MIRCHANDANI VILLAR, LIDIA",SANDRA GRAN CANARIA,14,3,"4,67"
1998,"LLAMAS PAJUELO, MARIA NIEVES",SALAMANCA HALCON VIAJES,13,3,"4,33"
1998,"ARMENTA MONTEAGUDO, MARUXA",CD ENSINO UNIVERSIDADE,11,3,"3,67"
1998,"GARCIA PIÑERO, MARIA BEGOÑA",CD ENSINO UNIVERSIDADE,9,3,3
1998,"SALVADOR VIÑOLAS, MERITXELL",SALAMANCA HALCON VIAJES,9,3,3
1998,"DELGADO FERNANDEZ, CONCEPCION",CD ENSINO UNIVERSIDADE,9,3,3
1998,"VILLAR FERNANDEZ, IRIA",CELTA BANCO SIMEON,8,3,"2,67"
1998,"SANCHEZ FERNANDEZ, ISABEL",CD ENSINO UNIVERSIDADE,8,3,"2,67"
1998,"XANTAL SERRET, Mª DEL MAR",CELTA BANCO SIMEON,7,3,"2,33"
1998,"SÁNCHEZ LUJÁN, ROSAURA DEL CARMEN",SANDRA GRAN CANARIA,7,3,"2,33"
1998,"GONZALEZ DIAZ, CARMEN",CELTA BANCO SIMEON,7,3,"2,33"
1998,"SANCHEZ ORTEGA, PALOMA",CELTA BANCO SIMEON,5,3,"1,67"
1998,"HERNANDEZ ARENCIBIA, PATRICIA DEL PINO",SALAMANCA HALCON VIAJES,4,3,"1,33"
1998,"JUANES HERNANDEZ, YOLANDA",SALAMANCA HALCON VIAJES,4,3,"1,33"
1998,"URQUIJO ALAMO, PATRICIA",SANDRA GRAN CANARIA,1,1,1
1998,"MORIANA NADAL, PALOMA",SANDRA GRAN CANARIA,2,3,"0,67"
1998,"VALERO CEBRIAN, PILAR",CELTA BANCO SIMEON,2,3,"0,67"
1998,"JUANES HERNANDEZ, SONIA",SALAMANCA HALCON VIAJES,1,2,"0,5"
1998,"QUINTERO CASTELLANO, THANIA",SANDRA GRAN CANARIA,1,3,"0,33"
1997,"CEBRIAN SCHEURER, ELISABET",CE UNIVERSITARI,36,3,12
1997,"PONS MOLINA, INGRID",CE UNIVERSITARI,23,3,"7,67"
1997,"ZASSOULSKAYA, NATALIA",POOL GETAFE,32,5,"6,4"
1997,"---, HEIKE MARIA",POOL GETAFE,30,5,6
1997,"DYDEK, MARGO",POOL GETAFE,28,5,"5,6"
1997,"JEKABSONE, ANDA",BANCO SIMEON,33,6,"5,5"
1997,"PELAEZ SAN GIL, LOURDES",SANDRA GRAN CANARIA,11,2,"5,5"
1997,"RODRIGUEZ TOLEDO, ORANDA",SANDRA GRAN CANARIA,10,2,5
1997,"PALAU ALTES, LAIA",CE UNIVERSITARI,11,3,"3,67"
1997,"VALDEMORO MADARIAGA, AMAYA",POOL GETAFE,18,5,"3,6"
1997,"XANTAL SERRET, Mª DEL MAR",BANCO SIMEON,21,6,"3,5"
1997,"GRANDE FLORES, LAURA",BANCO SIMEON,19,6,"3,17"
1997,"VALERO CEBRIAN, PILAR",BANCO SIMEON,18,6,3
1997,"SÁNCHEZ LUJÁN, ROSAURA DEL CARMEN",SANDRA GRAN CANARIA,6,2,3
1997,"ANULA ALAMEDA, NIEVES",POOL GETAFE,14,5,"2,8"
1997,"GAMON HERNANDEZ, ASUNCION",SANDRA GRAN CANARIA,5,2,"2,5"
1997,"SANCHEZ ORTEGA, PALOMA",BANCO SIMEON,13,6,"2,17"
1997,"ODEUS, ASA MARIANNE",POOL GETAFE,4,2,2
1997,"JACKSON, BRENETHA TRISE",POOL GETAFE,9,5,"1,8"
1997,"FONTS MATEO, NURIA",CE UNIVERSITARI,5,3,"1,67"
1997,"HEMERY, DEBBIE MICHELLE",POOL GETAFE,8,5,"1,6"
1997,"GALLEGO VICARIO, SANDRA",CE UNIVERSITARI,4,3,"1,33"
1997,"MONTESDEOCA LOPEZ, EVA",SANDRA GRAN CANARIA,1,1,1
1997,"MIRCHANDANI VILLAR, LIDIA",SANDRA GRAN CANARIA,2,2,1
1997,"PEÑA LESMES, SANDRA",CE UNIVERSITARI,1,1,1
1997,"GUERRA TALAVERA, TARINA MARIA",SANDRA GRAN CANARIA,2,2,1
1997,"VILLAR FERNANDEZ, IRIA",BANCO SIMEON,5,6,"0,83"
1997,"KOSTIC, TANJA NATASA",POOL GETAFE,3,4,"0,75"
1997,"BISETTI RODRIGUEZ, LUISA",CE UNIVERSITARI,2,3,"0,67"
1997,"CANO MARTINEZ, LAURA",CE UNIVERSITARI,2,3,"0,67"
1997,"CEBRIAN SCHEURER, ELISABET",CE UNIVERSITARI,36,3,12
1997,"PONS MOLINA, INGRID",CE UNIVERSITARI,23,3,"7,67"
1997,"ZASSOULSKAYA, NATALIA",POOL GETAFE,32,5,"6,4"
1997,"---, HEIKE MARIA",POOL GETAFE,30,5,6
1997,"DYDEK, MARGO",POOL GETAFE,28,5,"5,6"
1997,"JEKABSONE, ANDA",BANCO SIMEON,33,6,"5,5"
1997,"PELAEZ SAN GIL, LOURDES",SANDRA GRAN CANARIA,11,2,"5,5"
1997,"RODRIGUEZ TOLEDO, ORANDA",SANDRA GRAN CANARIA,10,2,5
1997,"PALAU ALTES, LAIA",CE UNIVERSITARI,11,3,"3,67"
1997,"VALDEMORO MADARIAGA, AMAYA",POOL GETAFE,18,5,"3,6"
1997,"XANTAL SERRET, Mª DEL MAR",BANCO SIMEON,21,6,"3,5"
1997,"GRANDE FLORES, LAURA",BANCO SIMEON,19,6,"3,17"
1997,"VALERO CEBRIAN, PILAR",BANCO SIMEON,18,6,3
1997,"SÁNCHEZ LUJÁN, ROSAURA DEL CARMEN",SANDRA GRAN CANARIA,6,2,3
1997,"ANULA ALAMEDA, NIEVES",POOL GETAFE,14,5,"2,8"
1997,"GAMON HERNANDEZ, ASUNCION",SANDRA GRAN CANARIA,5,2,"2,5"
1997,"SANCHEZ ORTEGA, PALOMA",BANCO SIMEON,13,6,"2,17"
1997,"ODEUS, ASA MARIANNE",POOL GETAFE,4,2,2
1997,"JACKSON, BRENETHA TRISE",POOL GETAFE,9,5,"1,8"
1997,"FONTS MATEO, NURIA",CE UNIVERSITARI,5,3,"1,67"
1997,"HEMERY, DEBBIE MICHELLE",POOL GETAFE,8,5,"1,6"
1997,"GALLEGO VICARIO, SANDRA",CE UNIVERSITARI,4,3,"1,33"
1997,"MONTESDEOCA LOPEZ, EVA",SANDRA GRAN CANARIA,1,1,1
1997,"MIRCHANDANI VILLAR, LIDIA",SANDRA GRAN CANARIA,2,2,1
1997,"PEÑA LESMES, SANDRA",CE UNIVERSITARI,1,1,1
1997,"GUERRA TALAVERA, TARINA MARIA",SANDRA GRAN CANARIA,2,2,1
1997,"VILLAR FERNANDEZ, IRIA",BANCO SIMEON,5,6,"0,83"
1997,"KOSTIC, TANJA NATASA",POOL GETAFE,3,4,"0,75"
1997,"BISETTI RODRIGUEZ, LUISA",CE UNIVERSITARI,2,3,"0,67"
1997,"CANO MARTINEZ, LAURA",CE UNIVERSITARI,2,3,"0,67"
