Temporada,Jugador,Equipo,Tot,Part,Med
2024,"AYUSO BAGUR, AINA",HOZONO GLOBAL JAIRIS,6,2,3
2024,"TURNER, YVONNE NICOLE",VALENCIA B.C.,13,5,"2,6"
2024,"PUEYO MELCHOR, HELENA",CASADEMONT ZARAGOZA,10,5,2
2024,"TATE, IMANI TY LEAH",SPAR GIRONA,8,4,2
2024,"ORTIZ VIVES, MARIONA",CASADEMONT ZARAGOZA,9,5,"1,8"
2024,"CANELLA RODRIGUEZ, MARTA",SPAR GIRONA,7,4,"1,75"
2024,"GIL COLLADO, LAURA",PERFUMERIAS AVENIDA,7,4,"1,75"
2024,"MARTIN CARRION, IYANA",PERFUMERIAS AVENIDA,7,4,"1,75"
2024,"CRUZ LEBRATO, ANNA",CLUB JOVENTUT BADALONA,3,2,"1,5"
2024,"HRISTOVA, BORISLAVA",SPAR GIRONA,6,4,"1,5"
2024,"POSPÍŠILOVÁ, JULIE",BAXI FERROL,3,2,"1,5"
2024,"FIEBICH, LEONIE",VALENCIA B.C.,7,5,"1,4"
2024,"IAGUPOVA, ALINA",VALENCIA B.C.,5,4,"1,25"
2024,"ALEXANDER, KAYLA JANINE",VALENCIA B.C.,6,5,"1,2"
2024,"MILLAN MODIA, BLANCA",BAXI FERROL,2,2,1
2024,"CAMILION CUCCARO, JUANA",MOVISTAR ESTUDIANTES,2,2,1
2024,"COULIBALY, MARIAM ALOU",CLUB JOVENTUT BADALONA,2,2,1
2024,"SANCHEZ RAMOS PEREDA, ALBA",BAXI FERROL,2,2,1
2024,"RAMETTE, ELISE CLAUDINE",CLUB JOVENTUT BADALONA,2,2,1
2024,"VILARO ARAGONES, ANDREA",PERFUMERIAS AVENIDA,4,4,1
2024,"GRANDE PARDO, CARMEN",HOZONO GLOBAL JAIRIS,1,1,1
2024,"DAVIS, JORI N.",BAXI FERROL,1,1,1
2024,"MESTRES RICART, GALA",BAXI FERROL,2,2,1
2024,"FASOULA, MARIA EMMANOUELA",PERFUMERIAS AVENIDA,2,2,1
2024,"ATKINSON, TANAYA MECHELLE",CASADEMONT ZARAGOZA,1,1,1
2024,"CARRERA QUINTANA, RAQUEL",VALENCIA B.C.,5,5,1
2024,"MENENDEZ TORRES, CARLOTA",BAXI FERROL,2,2,1
2024,"WHITTLE, MARENA JOSEPHINE",MOVISTAR ESTUDIANTES,2,2,1
2024,"CARTER, ARICA DERRIS",PERFUMERIAS AVENIDA,4,4,1
2024,"JOINER, MOIRA MACY",BAXI FERROL,2,2,1
2024,"DELAERE, ANTONIA LAURA A.",PERFUMERIAS AVENIDA,1,4,"0,25"
2024,"GUERRERO ALCANTARA, CAROLINA",SPAR GIRONA,1,4,"0,25"
2024,"NYSTROM, ELLEN ADINA",CASADEMONT ZARAGOZA,1,4,"0,25"
2024,"DOMINGUEZ FERNANDEZ, SILVIA",PERFUMERIAS AVENIDA,1,4,"0,25"
2024,"FLOREZ GETINO, ALICIA",VALENCIA B.C.,1,5,"0,2"
2024,"DELAERE, ANTONIA LAURA A.",PERFUMERIAS AVENIDA,1,4,"0,25"
2024,"GUERRERO ALCANTARA, CAROLINA",SPAR GIRONA,1,4,"0,25"
2024,"NYSTROM, ELLEN ADINA",CASADEMONT ZARAGOZA,1,4,"0,25"
2024,"DOMINGUEZ FERNANDEZ, SILVIA",PERFUMERIAS AVENIDA,1,4,"0,25"
2024,"FLOREZ GETINO, ALICIA",VALENCIA B.C.,1,5,"0,2"
2023,"POINTER, KHAYLA NICOLE",CASADEMONT ZARAGOZA,1,3,"0,33"
2023,"GULBE, ALEKSA",CASADEMONT ZARAGOZA,1,4,"0,25"
2023,"HOLESINSKA, PETRA",CASADEMONT ZARAGOZA,1,4,"0,25"
2023,"TOLO, MARIANNA",SPAR GIRONA,1,4,"0,25"
2023,"HATAR, BERNADETT",PERFUMERIAS AVENIDA,1,6,"0,17"
2023,"POINTER, KHAYLA NICOLE",CASADEMONT ZARAGOZA,1,3,"0,33"
2023,"GULBE, ALEKSA",CASADEMONT ZARAGOZA,1,4,"0,25"
2023,"HOLESINSKA, PETRA",CASADEMONT ZARAGOZA,1,4,"0,25"
2023,"TOLO, MARIANNA",SPAR GIRONA,1,4,"0,25"
2023,"HATAR, BERNADETT",PERFUMERIAS AVENIDA,1,6,"0,17"
2023,"POINTER, KHAYLA NICOLE",CASADEMONT ZARAGOZA,1,3,"0,33"
2023,"GULBE, ALEKSA",CASADEMONT ZARAGOZA,1,4,"0,25"
2023,"HOLESINSKA, PETRA",CASADEMONT ZARAGOZA,1,4,"0,25"
2023,"TOLO, MARIANNA",SPAR GIRONA,1,4,"0,25"
2023,"HATAR, BERNADETT",PERFUMERIAS AVENIDA,1,6,"0,17"
2022,"GATLING, MARKEISHA CHERTE",CASADEMONT ZARAGOZA,1,4,"0,25"
2022,"FAM THIAM, AWA",VALENCIA B.C.,1,5,"0,2"
2022,"REISINGEROVA , JULIA SUSSANE",PERFUMERIAS AVENIDA,1,6,"0,17"
2022,"GULICH, MARIE ISABELLE",VALENCIA B.C.,1,6,"0,17"
2022,"GATLING, MARKEISHA CHERTE",CASADEMONT ZARAGOZA,1,4,"0,25"
2022,"FAM THIAM, AWA",VALENCIA B.C.,1,5,"0,2"
2022,"REISINGEROVA , JULIA SUSSANE",PERFUMERIAS AVENIDA,1,6,"0,17"
2022,"GULICH, MARIE ISABELLE",VALENCIA B.C.,1,6,"0,17"
2022,"GATLING, MARKEISHA CHERTE",CASADEMONT ZARAGOZA,1,4,"0,25"
2022,"FAM THIAM, AWA",VALENCIA B.C.,1,5,"0,2"
2022,"REISINGEROVA , JULIA SUSSANE",PERFUMERIAS AVENIDA,1,6,"0,17"
2022,"GULICH, MARIE ISABELLE",VALENCIA B.C.,1,6,"0,17"
2021,"SEGURA MORENO, LORENA",VALENCIA B.C.,1,5,"0,2"
2021,"GERMAN VELASCO, ICIAR",VALENCIA B.C.,1,5,"0,2"
2021,"ELONU, ADAORA NNENNA",PERFUMERIAS AVENIDA,1,6,"0,17"
2021,"GULICH, MARIE ISABELLE",VALENCIA B.C.,1,6,"0,17"
2021,"SEGURA MORENO, LORENA",VALENCIA B.C.,1,5,"0,2"
2021,"GERMAN VELASCO, ICIAR",VALENCIA B.C.,1,5,"0,2"
2021,"ELONU, ADAORA NNENNA",PERFUMERIAS AVENIDA,1,6,"0,17"
2021,"GULICH, MARIE ISABELLE",VALENCIA B.C.,1,6,"0,17"
2021,"SEGURA MORENO, LORENA",VALENCIA B.C.,1,5,"0,2"
2021,"GERMAN VELASCO, ICIAR",VALENCIA B.C.,1,5,"0,2"
2021,"ELONU, ADAORA NNENNA",PERFUMERIAS AVENIDA,1,6,"0,17"
2021,"GULICH, MARIE ISABELLE",VALENCIA B.C.,1,6,"0,17"
2020,"ALARIE, ISABELLA AUGUSTINE",PERFUMERIAS AVENIDA,3,7,"0,43"
2020,"GULICH, MARIE ISABELLE",VALENCIA B.C.,3,7,"0,43"
2020,"DIALLO DIENG , UMO DIALLO",PERFUMERIAS AVENIDA,1,3,"0,33"
2020,"GIL COLLADO, LAURA",VALENCIA B.C.,1,3,"0,33"
2020,"LO SYLLA, NOGAYE",LOINTEK GERNIKA BIZKAIA,1,3,"0,33"
2020,"TRAHAN DAVIS, CELESTE",VALENCIA B.C.,2,7,"0,29"
2020,"ARIZTIMUÑO LOPEZ , ITZIAR",LOINTEK GERNIKA BIZKAIA,1,4,"0,25"
2020,"PALAU ALTES, LAIA",SPAR GIRONA,1,4,"0,25"
2020,"VILARO ARAGONES, ANDREA",PERFUMERIAS AVENIDA,1,5,"0,2"
2020,"PINA TOLOSA, MARIA",VALENCIA B.C.,1,5,"0,2"
2020,"GOMEZ IGUAL, ANNA",VALENCIA B.C.,1,7,"0,14"
2020,"ALARIE, ISABELLA AUGUSTINE",PERFUMERIAS AVENIDA,3,7,"0,43"
2020,"GULICH, MARIE ISABELLE",VALENCIA B.C.,3,7,"0,43"
2020,"DIALLO DIENG , UMO DIALLO",PERFUMERIAS AVENIDA,1,3,"0,33"
2020,"GIL COLLADO, LAURA",VALENCIA B.C.,1,3,"0,33"
2020,"LO SYLLA, NOGAYE",LOINTEK GERNIKA BIZKAIA,1,3,"0,33"
2020,"TRAHAN DAVIS, CELESTE",VALENCIA B.C.,2,7,"0,29"
2020,"ARIZTIMUÑO LOPEZ , ITZIAR",LOINTEK GERNIKA BIZKAIA,1,4,"0,25"
2020,"PALAU ALTES, LAIA",SPAR GIRONA,1,4,"0,25"
2020,"VILARO ARAGONES, ANDREA",PERFUMERIAS AVENIDA,1,5,"0,2"
2020,"PINA TOLOSA, MARIA",VALENCIA B.C.,1,5,"0,2"
2020,"GOMEZ IGUAL, ANNA",VALENCIA B.C.,1,7,"0,14"
2020,"ALARIE, ISABELLA AUGUSTINE",PERFUMERIAS AVENIDA,3,7,"0,43"
2020,"GULICH, MARIE ISABELLE",VALENCIA B.C.,3,7,"0,43"
2020,"DIALLO DIENG , UMO DIALLO",PERFUMERIAS AVENIDA,1,3,"0,33"
2020,"GIL COLLADO, LAURA",VALENCIA B.C.,1,3,"0,33"
2020,"LO SYLLA, NOGAYE",LOINTEK GERNIKA BIZKAIA,1,3,"0,33"
2020,"TRAHAN DAVIS, CELESTE",VALENCIA B.C.,2,7,"0,29"
2020,"ARIZTIMUÑO LOPEZ , ITZIAR",LOINTEK GERNIKA BIZKAIA,1,4,"0,25"
2020,"PALAU ALTES, LAIA",SPAR GIRONA,1,4,"0,25"
2020,"VILARO ARAGONES, ANDREA",PERFUMERIAS AVENIDA,1,5,"0,2"
2020,"PINA TOLOSA, MARIA",VALENCIA B.C.,1,5,"0,2"
2020,"GOMEZ IGUAL, ANNA",VALENCIA B.C.,1,7,"0,14"
2019,"MOLINA PRADOS MARTIN BURO, JUANA MARIA",LOINTEK GERNIKA BIZKAIA,1,1,1
2019,"DIETRICK, BLAKE JULIA",LOINTEK GERNIKA BIZKAIA,1,1,1
2019,"SANCHEZ MARRUFO, BEATRIZ",DURÁN MAQUINARIA ENSINO,1,1,1
2019,"ROUNDTREE, MARGARET YVETTE",LOINTEK GERNIKA BIZKAIA,1,1,1
2019,"MARTINEZ PRAT, NURIA",SPAR CITYLIFT GIRONA,3,3,1
2019,"BISHOP, ABBY KATE",SPAR CITYLIFT GIRONA,3,3,1
2019,"PALAU ALTES, LAIA",SPAR CITYLIFT GIRONA,2,3,"0,67"
2019,"REISINGEROVA , JULIA SUSSANE",VALENCIA B.C.,1,2,"0,5"
2019,"BUCH ROSELL, ROSO",VALENCIA B.C.,1,2,"0,5"
2019,"PEREZ TORRES, TANIA",RPK ARASKI,1,2,"0,5"
2019,"PARDO HERVIAS, LAURA",RPK ARASKI,1,2,"0,5"
2019,"COULIBALY, NAIGNOUMA",SPAR CITYLIFT GIRONA,1,3,"0,33"
2019,"MENDY , MAGALI",SPAR CITYLIFT GIRONA,1,3,"0,33"
2019,"XARGAY CASADEMONT, MARTA",SPAR CITYLIFT GIRONA,1,3,"0,33"
2019,"ELONU, ADAORA NNENNA",SPAR CITYLIFT GIRONA,1,3,"0,33"
2019,"SAMUELSON, KARLIE ANNE",PERFUMERIAS AVENIDA,1,3,"0,33"
2019,"VASIC, SONJA",SPAR CITYLIFT GIRONA,1,3,"0,33"
2019,"HOF, EMESE EVA",PERFUMERIAS AVENIDA,1,3,"0,33"
2019,"VILARO ARAGONES, ANDREA",PERFUMERIAS AVENIDA,1,3,"0,33"
2019,"MOLINA PRADOS MARTIN BURO, JUANA MARIA",LOINTEK GERNIKA BIZKAIA,1,1,1
2019,"DIETRICK, BLAKE JULIA",LOINTEK GERNIKA BIZKAIA,1,1,1
2019,"SANCHEZ MARRUFO, BEATRIZ",DURÁN MAQUINARIA ENSINO,1,1,1
2019,"ROUNDTREE, MARGARET YVETTE",LOINTEK GERNIKA BIZKAIA,1,1,1
2019,"MARTINEZ PRAT, NURIA",SPAR CITYLIFT GIRONA,3,3,1
2019,"BISHOP, ABBY KATE",SPAR CITYLIFT GIRONA,3,3,1
2019,"PALAU ALTES, LAIA",SPAR CITYLIFT GIRONA,2,3,"0,67"
2019,"REISINGEROVA , JULIA SUSSANE",VALENCIA B.C.,1,2,"0,5"
2019,"BUCH ROSELL, ROSO",VALENCIA B.C.,1,2,"0,5"
2019,"PEREZ TORRES, TANIA",RPK ARASKI,1,2,"0,5"
2019,"PARDO HERVIAS, LAURA",RPK ARASKI,1,2,"0,5"
2019,"COULIBALY, NAIGNOUMA",SPAR CITYLIFT GIRONA,1,3,"0,33"
2019,"MENDY , MAGALI",SPAR CITYLIFT GIRONA,1,3,"0,33"
2019,"XARGAY CASADEMONT, MARTA",SPAR CITYLIFT GIRONA,1,3,"0,33"
2019,"ELONU, ADAORA NNENNA",SPAR CITYLIFT GIRONA,1,3,"0,33"
2019,"SAMUELSON, KARLIE ANNE",PERFUMERIAS AVENIDA,1,3,"0,33"
2019,"VASIC, SONJA",SPAR CITYLIFT GIRONA,1,3,"0,33"
2019,"HOF, EMESE EVA",PERFUMERIAS AVENIDA,1,3,"0,33"
2019,"VILARO ARAGONES, ANDREA",PERFUMERIAS AVENIDA,1,3,"0,33"
2018,"BROWN , JOY ALEXIS",VALENCIA B.C.,4,5,"0,8"
2018,"VILARO ARAGONES, ANDREA",CADI LA SEU,4,5,"0,8"
2018,"DIAZ CASTELLANO, YURENA",CADI LA SEU,4,5,"0,8"
2018,"GOREE, CYESHA DAMIAN",PERFUMERIAS AVENIDA,3,4,"0,75"
2018,"ERAUNCETAMURGIL AYESTARAN, MARIA",IDK GIPUZKOA,2,3,"0,67"
2018,"NYSTROM, ELLEN ADINA",IDK GIPUZKOA,2,3,"0,67"
2018,"DE SOUZA MACHADO, ERIKA CRISTINA",PERFUMERIAS AVENIDA,4,6,"0,67"
2018,"FLORES COSTA, LAIA",MANN-FILTER CASABLANCA,1,2,"0,5"
2018,"KNIGHT, LESLIE FAYE",MANN-FILTER CASABLANCA,1,2,"0,5"
2018,"GARCIA URLEZAGA, IZASKUN",RPK ARASKI,1,2,"0,5"
2018,"DONGUE, LEIA TANIA DO BASTIAO",SPAR CITYLIFT GIRONA,3,6,"0,5"
2018,"DIALLO DIENG , UMO DIALLO",RPK ARASKI,1,2,"0,5"
2018,"URBANIAK -DORNSTAUDER, QUINN  ASIA",MANN-FILTER CASABLANCA,1,2,"0,5"
2018,"ABALDE DIAZ, TAMARA",VALENCIA B.C.,2,5,"0,4"
2018,"BETTENCOURT CORREIA, MARIA JOAO",VALENCIA B.C.,2,5,"0,4"
2018,"BAHI BLANQUERA, GEORGINA",CADI LA SEU,2,5,"0,4"
2018,"HEMPE, MERRIT RAMONA",CADI LA SEU,2,5,"0,4"
2018,"TIRERA, MEIYA",VALENCIA B.C.,2,5,"0,4"
2018,"PIERRE LOUIS, VIONISE ARON'S",SPAR CITYLIFT GIRONA,2,5,"0,4"
2018,"ELDEBRINK, ELIN",PERFUMERIAS AVENIDA,2,6,"0,33"
2018,"WESTBELD, KATHRYN ELIZABETH",IDK GIPUZKOA,1,3,"0,33"
2018,"REISINGEROVA , JULIA SUSSANE",SPAR CITYLIFT GIRONA,2,6,"0,33"
2018,"VANDERWAL, RACHAEL  ANN",LOINTEK GERNIKA BIZKAIA,1,3,"0,33"
2018,"SKLEPOWICZ, ZUZANNA IDA",CADI LA SEU,1,3,"0,33"
2018,"GONZALEZ DUARTE , LARA",IDK GIPUZKOA,1,3,"0,33"
2018,"DIEZ FERNANDEZ, NAIARA",LOINTEK GERNIKA BIZKAIA,1,3,"0,33"
2018,"RICHARDS, SHEREESHA NATHESHA",CADI LA SEU,1,5,"0,2"
2018,"SANCHEZ MARRUFO, BEATRIZ",SPAR CITYLIFT GIRONA,1,5,"0,2"
2018,"MOORE, TINARA NICOLE",VALENCIA B.C.,1,5,"0,2"
2018,"PUJOL LLUCH, ARIADNA",CADI LA SEU,1,5,"0,2"
2018,"BROWN , JOY ALEXIS",VALENCIA B.C.,4,5,"0,8"
2018,"VILARO ARAGONES, ANDREA",CADI LA SEU,4,5,"0,8"
2018,"DIAZ CASTELLANO, YURENA",CADI LA SEU,4,5,"0,8"
2018,"GOREE, CYESHA DAMIAN",PERFUMERIAS AVENIDA,3,4,"0,75"
2018,"ERAUNCETAMURGIL AYESTARAN, MARIA",IDK GIPUZKOA,2,3,"0,67"
2018,"NYSTROM, ELLEN ADINA",IDK GIPUZKOA,2,3,"0,67"
2018,"DE SOUZA MACHADO, ERIKA CRISTINA",PERFUMERIAS AVENIDA,4,6,"0,67"
2018,"FLORES COSTA, LAIA",MANN-FILTER CASABLANCA,1,2,"0,5"
2018,"KNIGHT, LESLIE FAYE",MANN-FILTER CASABLANCA,1,2,"0,5"
2018,"GARCIA URLEZAGA, IZASKUN",RPK ARASKI,1,2,"0,5"
2018,"DONGUE, LEIA TANIA DO BASTIAO",SPAR CITYLIFT GIRONA,3,6,"0,5"
2018,"DIALLO DIENG , UMO DIALLO",RPK ARASKI,1,2,"0,5"
2018,"URBANIAK -DORNSTAUDER, QUINN  ASIA",MANN-FILTER CASABLANCA,1,2,"0,5"
2018,"ABALDE DIAZ, TAMARA",VALENCIA B.C.,2,5,"0,4"
2018,"BETTENCOURT CORREIA, MARIA JOAO",VALENCIA B.C.,2,5,"0,4"
2018,"BAHI BLANQUERA, GEORGINA",CADI LA SEU,2,5,"0,4"
2018,"HEMPE, MERRIT RAMONA",CADI LA SEU,2,5,"0,4"
2018,"TIRERA, MEIYA",VALENCIA B.C.,2,5,"0,4"
2018,"PIERRE LOUIS, VIONISE ARON'S",SPAR CITYLIFT GIRONA,2,5,"0,4"
2018,"ELDEBRINK, ELIN",PERFUMERIAS AVENIDA,2,6,"0,33"
2018,"WESTBELD, KATHRYN ELIZABETH",IDK GIPUZKOA,1,3,"0,33"
2018,"REISINGEROVA , JULIA SUSSANE",SPAR CITYLIFT GIRONA,2,6,"0,33"
2018,"VANDERWAL, RACHAEL  ANN",LOINTEK GERNIKA BIZKAIA,1,3,"0,33"
2018,"SKLEPOWICZ, ZUZANNA IDA",CADI LA SEU,1,3,"0,33"
2018,"GONZALEZ DUARTE , LARA",IDK GIPUZKOA,1,3,"0,33"
2018,"DIEZ FERNANDEZ, NAIARA",LOINTEK GERNIKA BIZKAIA,1,3,"0,33"
2018,"RICHARDS, SHEREESHA NATHESHA",CADI LA SEU,1,5,"0,2"
2018,"SANCHEZ MARRUFO, BEATRIZ",SPAR CITYLIFT GIRONA,1,5,"0,2"
2018,"MOORE, TINARA NICOLE",VALENCIA B.C.,1,5,"0,2"
2018,"PUJOL LLUCH, ARIADNA",CADI LA SEU,1,5,"0,2"
2017,"STANACEV , ALEKSANDRA",EMBUTIDOS PAJARIEL BEMBIBRE PD,30,26,"1,15"
2017,"PEÑA JUBANY, LAURA",SNATT´S FEMENÍ SANT ADRIÁ,30,26,"1,15"
2017,"ESTEBAS ARMAS, PAULA",CAMPUS PROMETE LF1,30,26,"1,15"
2017,"LOPEZ RODRIGUEZ, AINHOA",QUESOS EL PASTOR,29,26,"1,12"
2017,"NYSTROM, ELLEN ADINA",IDK GIPUZKOA,29,26,"1,12"
2017,"LOPEZ VIVES, HELENA",SNATT´S FEMENÍ SANT ADRIÁ,29,26,"1,12"
2017,"SCOTT, JAMIE GRACE",STAR CENTER-UNI FERROL,29,26,"1,12"
2017,"ARROJO JIMENEZ, MARIA BELEN",SNATT´S FEMENÍ SANT ADRIÁ,29,26,"1,12"
2017,"RICHARDS, SHEREESHA NATHESHA",CADI LA SEU,29,26,"1,12"
2017,"ABALDE DIAZ, TAMARA",MANN-FILTER,29,26,"1,12"
2017,"JOVANOVIC, MILICA",CAMPUS PROMETE LF1,21,19,"1,11"
2017,"ELONU, ADAORA NNENNA",PERFUMERIAS AVENIDA,28,26,"1,08"
2017,"ALSTON, AMERYST DANAE",LOINTEK GERNIKA BIZKAIA,28,26,"1,08"
2017,"CONDE ALCOLADO, MARIA",SPAR CITYLIFT GIRONA,28,26,"1,08"
2017,"LIZARAZU HERRERA, MARINA",QUESOS EL PASTOR,28,26,"1,08"
2017,"RAMOS DO NASCIMENTO, CARLA MARISA",NISSAN  AL-QÁZERES EXTREMADURA,20,19,"1,05"
2017,"GIL COLLADO, LAURA",PERFUMERIAS AVENIDA,20,19,"1,05"
2017,"AGIRRE MUÑOZ, ARRATE",LACTURALE ART ARASKI,24,23,"1,04"
2017,"BUTLER, BRIANNA",QUESOS EL PASTOR,27,26,"1,04"
2017,"ASURMENDI VILLAVERDE, MARIA DEL CARMEN",PERFUMERIAS AVENIDA,26,25,"1,04"
2017,"IVEZIC, JELENA",QUESOS EL PASTOR,18,18,1
2017,"SANCHEZ MARRUFO, BEATRIZ",STAR CENTER-UNI FERROL,24,25,"0,96"
2017,"LAHUERTA MENDOZA, IRENE",MANN-FILTER,25,26,"0,96"
2017,"GINZO ARANTES, PAULA",MOVISTAR ESTUDIANTES,24,25,"0,96"
2017,"VANDERWAL, RACHAEL  ANN",STAR CENTER-UNI FERROL,24,25,"0,96"
2017,"VILA CABIRÓ, MIREIA",SNATT´S FEMENÍ SANT ADRIÁ,16,17,"0,94"
2017,"COULIBALY, MARIAM ALOU",SNATT´S FEMENÍ SANT ADRIÁ,24,26,"0,92"
2017,"HURTADO OBIOLS, CRISTINA",SNATT´S FEMENÍ SANT ADRIÁ,21,23,"0,91"
2017,"BAHI BLANQUERA, GEORGINA",CADI LA SEU,17,19,"0,89"
2017,"VEGA REBORA, GISELA VERONICA",QUESOS EL PASTOR,16,18,"0,89"
2017,"PRINCE , ALEXIS SADE",STAR CENTER-UNI FERROL,23,26,"0,88"
2017,"RILEY , ANDREA CHARMAINE",SNATT´S FEMENÍ SANT ADRIÁ,23,26,"0,88"
2017,"GARCIA URLEZAGA, IZASKUN",LACTURALE ART ARASKI,22,25,"0,88"
2017,"WEAVER, LYNDRA SHAJUAN",IDK GIPUZKOA,23,26,"0,88"
2017,"BOGICEVIC, NINA",MOVISTAR ESTUDIANTES,18,21,"0,86"
2017,"BUCH ROSELL, ROSO",SPAR CITYLIFT GIRONA,22,26,"0,85"
2017,"DIAZ CASTELLANO, YURENA",CADI LA SEU,22,26,"0,85"
2017,"TRAORE, ASTOU",SPAR CITYLIFT GIRONA,21,25,"0,84"
2017,"ROMEO, NICOLE ELAINE",SPAR CITYLIFT GIRONA,20,25,"0,8"
2017,"LO SYLLA, NOGAYE",CADI LA SEU,20,25,"0,8"
2017,"LLOBET CODERCH, ITZIAR",SNATT´S FEMENÍ SANT ADRIÁ,20,26,"0,77"
2017,"SARR, OUMOUL KHAIRY",IDK GIPUZKOA,20,26,"0,77"
2017,"ROBINSON, ANGELICA DANIELLE",PERFUMERIAS AVENIDA,17,23,"0,74"
2017,"GIDDEN, VANESSA NICOLE",CAMPUS PROMETE LF1,14,19,"0,74"
2017,"GOMES COLHADO, NADIA",SPAR CITYLIFT GIRONA,18,25,"0,72"
2017,"DELGADO PONTES, MARINA",STAR CENTER-UNI FERROL,18,26,"0,69"
2017,"MONTENEGRO SANTANA, RITA ESTHER",NISSAN  AL-QÁZERES EXTREMADURA,18,26,"0,69"
2017,"DE SOUZA MACHADO, ERIKA CRISTINA",PERFUMERIAS AVENIDA,15,22,"0,68"
2017,"PINA TOLOSA, MARIA",LOINTEK GERNIKA BIZKAIA,17,26,"0,65"
2017,"MOLINA PRADOS MARTIN BURO, JUANA MARIA",LOINTEK GERNIKA BIZKAIA,16,25,"0,64"
2017,"ALDALUR SOTO, ANE MIREN",LACTURALE ART ARASKI,16,26,"0,62"
2017,"ETXARRI MUNARRIZ, IRATI",LACTURALE ART ARASKI,16,26,"0,62"
2017,"FORASTE GALOBARDES, MIRIAM",NISSAN  AL-QÁZERES EXTREMADURA,16,26,"0,62"
2017,"DIEZ FERNANDEZ, NAIARA",LOINTEK GERNIKA BIZKAIA,16,26,"0,62"
2017,"ADURIZ HERNANI, ONINTZA",IDK GIPUZKOA,16,26,"0,62"
2017,"CLARET GILABERTE, MARTA",SNATT´S FEMENÍ SANT ADRIÁ,15,25,"0,6"
2017,"MENENDEZ ANTOLI, CELIA MARIA",MOVISTAR ESTUDIANTES,15,26,"0,58"
2017,"EVANS, SHANTE MARIE",SPAR CITYLIFT GIRONA,15,26,"0,58"
2017,"KOVACEVIC, BOJANA",SNATT´S FEMENÍ SANT ADRIÁ,13,23,"0,57"
2017,"VAN DEN ADEL, NATALIE ISABELLE",LACTURALE ART ARASKI,12,21,"0,57"
2017,"CALVO DIAZ, ANA BEGOÑA",STAR CENTER-UNI FERROL,14,26,"0,54"
2017,"GONZALEZ DUARTE , LARA",IDK GIPUZKOA,14,26,"0,54"
2017,"REISINGEROVA , JULIA SUSSANE",SNATT´S FEMENÍ SANT ADRIÁ,10,19,"0,53"
2017,"KNIGHT, LESLIE FAYE",CAMPUS PROMETE LF1,11,21,"0,52"
2017,"GUSTAVSSON , ELIN JELENA",EMBUTIDOS PAJARIEL BEMBIBRE PD,13,26,"0,5"
2017,"NICHOLLS GONZALEZ, LAURA",PERFUMERIAS AVENIDA,12,24,"0,5"
2017,"IPARRAGUIRRE ALUSTIZA, SARA",IDK GIPUZKOA,10,20,"0,5"
2017,"LUCAS , ITALEE MALINA",IDK GIPUZKOA,6,13,"0,46"
2017,"PARDO HERVIAS, LAURA",LACTURALE ART ARASKI,10,22,"0,45"
2017,"MARTIN LLAVERIA, MARIONA",NISSAN  AL-QÁZERES EXTREMADURA,11,26,"0,42"
2017,"CALDWELL , TALIA ADAIAH",LOINTEK GERNIKA BIZKAIA,8,19,"0,42"
2017,"ALLEYNE, JILLIAN CHANTEL",IDK GIPUZKOA,9,22,"0,41"
2017,"CORRALES BOHOYO, ELENA",NISSAN  AL-QÁZERES EXTREMADURA,10,26,"0,38"
2017,"ASTROM , ELLEN LOVISA",EMBUTIDOS PAJARIEL BEMBIBRE PD,10,26,"0,38"
2017,"SAN ROMAN FLORES, IRENE",MOVISTAR ESTUDIANTES,10,26,"0,38"
2017,"ALIAGA ROMERO, LAURA",EMBUTIDOS PAJARIEL BEMBIBRE PD,10,26,"0,38"
2017,"HERRERA BOXO, LAURA",CAMPUS PROMETE LF1,9,24,"0,38"
2017,"ROIG SOLER, LAURA",SPAR CITYLIFT GIRONA,6,16,"0,38"
2017,"PASCUA SUAREZ, MARÍA LUCILA",MANN-FILTER,10,26,"0,38"
2017,"GARCIA PAUNERO, CELIA",QUESOS EL PASTOR,9,25,"0,36"
2017,"ARIZTIMUÑO LOPEZ , ITZIAR",LOINTEK GERNIKA BIZKAIA,8,22,"0,36"
2017,"RAKOVIC , KRISTINA",EMBUTIDOS PAJARIEL BEMBIBRE PD,9,26,"0,35"
2017,"CABRERA ARGUELLO, PATRICIA",STAR CENTER-UNI FERROL,9,26,"0,35"
2017,"GOMES DA SILVA, SOFIA CAROLINA",CAMPUS PROMETE LF1,8,26,"0,31"
2017,"LAZARO CASTILLERO, YAIZA",LOINTEK GERNIKA BIZKAIA,7,23,"0,3"
2017,"VELASCO MARTIN, LAURA",MOVISTAR ESTUDIANTES,5,18,"0,28"
2017,"ROMERO GARRIDO, SILVIA",NISSAN  AL-QÁZERES EXTREMADURA,5,18,"0,28"
2017,"NDOYE, BINETA",EMBUTIDOS PAJARIEL BEMBIBRE PD,6,22,"0,27"
2017,"MOLINUEVO GARCIA, CRISTINA",LACTURALE ART ARASKI,6,24,"0,25"
2017,"MAJSTOROVIC, ANJA",QUESOS EL PASTOR,5,22,"0,23"
2017,"SOLER SUAREZ, PATRICIA",MOVISTAR ESTUDIANTES,5,22,"0,23"
2017,"DIALLO DIENG , UMO DIALLO",LACTURALE ART ARASKI,6,26,"0,23"
2017,"ESPARCIA OMEDAS, CAROLINA",MANN-FILTER,4,19,"0,21"
2017,"ERAUNCETAMURGIL AYESTARAN, MARIA",IDK GIPUZKOA,4,20,"0,2"
2017,"ALMINAITE, KRISITINA",SPAR CITYLIFT GIRONA,5,26,"0,19"
2017,"ROMERO GARRIDO, MARÍA",NISSAN  AL-QÁZERES EXTREMADURA,3,16,"0,19"
2017,"RODRIGUEZ DOMINGUEZ, NATALIA",STAR CENTER-UNI FERROL,4,21,"0,19"
2017,"RODRIGUEZ NUÑEZ, CLARA",MOVISTAR ESTUDIANTES,4,22,"0,18"
2017,"SOLER SUAREZ, PATRICIA",MOVISTAR ESTUDIANTES,5,22,"0,23"
2017,"DIALLO DIENG , UMO DIALLO",LACTURALE ART ARASKI,6,26,"0,23"
2017,"ESPARCIA OMEDAS, CAROLINA",MANN-FILTER,4,19,"0,21"
2017,"ERAUNCETAMURGIL AYESTARAN, MARIA",IDK GIPUZKOA,4,20,"0,2"
2017,"ALMINAITE, KRISITINA",SPAR CITYLIFT GIRONA,5,26,"0,19"
2017,"ROMERO GARRIDO, MARÍA",NISSAN  AL-QÁZERES EXTREMADURA,3,16,"0,19"
2017,"RODRIGUEZ DOMINGUEZ, NATALIA",STAR CENTER-UNI FERROL,4,21,"0,19"
2017,"RODRIGUEZ NUÑEZ, CLARA",MOVISTAR ESTUDIANTES,4,22,"0,18"
2016,"MILOVANOVIC, JELENA",PERFUMERIAS AVENIDA,13,5,"2,6"
2016,"IBEKWE, IFUNANYA DEBBIE",SPAR CITYLIFT GIRONA,10,4,"2,5"
2016,"OCETE CASTILLO, GABRIELA",IDK GIPUZKOA,7,3,"2,33"
2016,"GIVENS , KRISI TIJANA",PERFUMERIAS AVENIDA,11,5,"2,2"
2016,"ASURMENDI VILLAVERDE, MARIA DEL CARMEN",LOINTEK GERNIKA BIZKAIA,4,2,2
2016,"ARMSTRONG, ANNE MARIE",LOINTEK GERNIKA BIZKAIA,4,2,2
2016,"GONZALEZ DUARTE , LARA",IDK GIPUZKOA,4,2,2
2016,"COULIBALY, NAIGNOUMA",SPAR CITYLIFT GIRONA,9,5,"1,8"
2016,"DOMINGUEZ FERNANDEZ, SILVIA",PERFUMERIAS AVENIDA,9,5,"1,8"
2016,"BARBEE, SHACOBIA SHAUNTE",STAR CENTER-UNI FERROL,9,5,"1,8"
2016,"ELONU, ADAORA NNENNA",PERFUMERIAS AVENIDA,9,5,"1,8"
2016,"SILVA SERRANO , ROSELIS CAROLINA",LACTURALE ARASKI,7,4,"1,75"
2016,"GIL COLLADO, LAURA",PERFUMERIAS AVENIDA,7,5,"1,4"
2016,"TUDANCA ACEDO, MARTA",LACTURALE ARASKI,5,4,"1,25"
2016,"LIÑEIRA, MARIA CECILIA",LACTURALE ARASKI,5,4,"1,25"
2016,"BEARD, ALANA MONIQUE",PERFUMERIAS AVENIDA,6,5,"1,2"
2016,"BUCH ROSELL, ROSO",SPAR CITYLIFT GIRONA,6,5,"1,2"
2016,"CALVO DIAZ, ANA BEGOÑA",STAR CENTER-UNI FERROL,6,5,"1,2"
2016,"IPARRAGUIRRE ALUSTIZA, SARA",IDK GIPUZKOA,2,2,1
2016,"SARR, OUMOUL KHAIRY",IDK GIPUZKOA,3,3,1
2016,"PETERS, HALEY MCCLOSKEY",SPAR CITYLIFT GIRONA,5,5,1
2016,"DIEZ FERNANDEZ, NAIARA",LOINTEK GERNIKA BIZKAIA,2,2,1
2016,"ETXARRI MUNARRIZ, IRATI",LACTURALE ARASKI,4,4,1
2016,"ALMINAITE, KRISITINA",SPAR CITYLIFT GIRONA,2,2,1
2016,"FERRARI CALABRO, PAOLA ANDREA",IDK GIPUZKOA,2,2,1
2016,"SUAREZ UTRERO, ANA MARIA",STAR CENTER-UNI FERROL,5,5,1
2016,"DE SOUZA MACHADO, ERIKA CRISTINA",PERFUMERIAS AVENIDA,4,5,"0,8"
2016,"PEREZ ARAUJO, MARIA",STAR CENTER-UNI FERROL,4,5,"0,8"
2016,"QUEVEDO CAÑIZARES, LAURA",PERFUMERIAS AVENIDA,3,4,"0,75"
2016,"VELASCO MARTIN, LAURA",LACTURALE ARASKI,3,4,"0,75"
2016,"MILOVANOVIC, JELENA",PERFUMERIAS AVENIDA,13,5,"2,6"
2016,"IBEKWE, IFUNANYA DEBBIE",SPAR CITYLIFT GIRONA,10,4,"2,5"
2016,"OCETE CASTILLO, GABRIELA",IDK GIPUZKOA,7,3,"2,33"
2016,"GIVENS , KRISI TIJANA",PERFUMERIAS AVENIDA,11,5,"2,2"
2016,"ASURMENDI VILLAVERDE, MARIA DEL CARMEN",LOINTEK GERNIKA BIZKAIA,4,2,2
2016,"ARMSTRONG, ANNE MARIE",LOINTEK GERNIKA BIZKAIA,4,2,2
2016,"GONZALEZ DUARTE , LARA",IDK GIPUZKOA,4,2,2
2016,"COULIBALY, NAIGNOUMA",SPAR CITYLIFT GIRONA,9,5,"1,8"
2016,"DOMINGUEZ FERNANDEZ, SILVIA",PERFUMERIAS AVENIDA,9,5,"1,8"
2016,"BARBEE, SHACOBIA SHAUNTE",STAR CENTER-UNI FERROL,9,5,"1,8"
2016,"ELONU, ADAORA NNENNA",PERFUMERIAS AVENIDA,9,5,"1,8"
2016,"SILVA SERRANO , ROSELIS CAROLINA",LACTURALE ARASKI,7,4,"1,75"
2016,"GIL COLLADO, LAURA",PERFUMERIAS AVENIDA,7,5,"1,4"
2016,"TUDANCA ACEDO, MARTA",LACTURALE ARASKI,5,4,"1,25"
2016,"LIÑEIRA, MARIA CECILIA",LACTURALE ARASKI,5,4,"1,25"
2016,"BEARD, ALANA MONIQUE",PERFUMERIAS AVENIDA,6,5,"1,2"
2016,"BUCH ROSELL, ROSO",SPAR CITYLIFT GIRONA,6,5,"1,2"
2016,"CALVO DIAZ, ANA BEGOÑA",STAR CENTER-UNI FERROL,6,5,"1,2"
2016,"IPARRAGUIRRE ALUSTIZA, SARA",IDK GIPUZKOA,2,2,1
2016,"SARR, OUMOUL KHAIRY",IDK GIPUZKOA,3,3,1
2016,"PETERS, HALEY MCCLOSKEY",SPAR CITYLIFT GIRONA,5,5,1
2016,"DIEZ FERNANDEZ, NAIARA",LOINTEK GERNIKA BIZKAIA,2,2,1
2016,"ETXARRI MUNARRIZ, IRATI",LACTURALE ARASKI,4,4,1
2016,"ALMINAITE, KRISITINA",SPAR CITYLIFT GIRONA,2,2,1
2016,"FERRARI CALABRO, PAOLA ANDREA",IDK GIPUZKOA,2,2,1
2016,"SUAREZ UTRERO, ANA MARIA",STAR CENTER-UNI FERROL,5,5,1
2016,"DE SOUZA MACHADO, ERIKA CRISTINA",PERFUMERIAS AVENIDA,4,5,"0,8"
2016,"PEREZ ARAUJO, MARIA",STAR CENTER-UNI FERROL,4,5,"0,8"
2016,"QUEVEDO CAÑIZARES, LAURA",PERFUMERIAS AVENIDA,3,4,"0,75"
2016,"VELASCO MARTIN, LAURA",LACTURALE ARASKI,3,4,"0,75"
2015,"BEARD, ALANA MONIQUE",PERFUMERIAS AVENIDA,15,5,3
2015,"FERRARI CALABRO, PAOLA ANDREA",MANN-FILTER,6,2,3
2015,"IBEKWE, IFUNANYA DEBBIE",SPAR CITYLIFT GIRONA,5,2,"2,5"
2015,"ZLATANOVA, JAKLIN",MANN-FILTER,5,2,"2,5"
2015,"BUCH ROSELL, ROSO",C.B. CONQUERO HUELVA WAGEN,5,2,"2,5"
2015,"OCETE CASTILLO, GABRIELA",MANN-FILTER,4,2,2
2015,"MARGINEAN , GABRIELA",PERFUMERIAS AVENIDA,9,5,"1,8"
2015,"ELONU, ADAORA NNENNA",C.B. CONQUERO HUELVA WAGEN,3,2,"1,5"
2015,"LIEPKALNE, DITA",MANN-FILTER,3,2,"1,5"
2015,"NDOUR, ASTOU BARRO",PERFUMERIAS AVENIDA,7,5,"1,4"
2015,"GIVENS , KRISI TIJANA",SPAR CITYLIFT GIRONA,7,5,"1,4"
2015,"DOMINGUEZ FERNANDEZ, SILVIA",PERFUMERIAS AVENIDA,6,5,"1,2"
2015,"COULIBALY, NAIGNOUMA",SPAR CITYLIFT GIRONA,5,5,1
2015,"DE SA CASTRO NEVES, CATARINA",C.B. CONQUERO HUELVA WAGEN,2,2,1
2015,"JORDANA BOFILL, NOEMI",SPAR CITYLIFT GIRONA,5,5,1
2015,"ESPARCIA OMEDAS, CAROLINA",MANN-FILTER,2,2,1
2015,"RODRIGUEZ MANSO, LEONOR DEL PILAR",PERFUMERIAS AVENIDA,5,5,1
2015,"SPANOU, ARTEMIS",SPAR CITYLIFT GIRONA,4,5,"0,8"
2015,"KOBRYN , EWELINA KATARZYNA",PERFUMERIAS AVENIDA,4,5,"0,8"
2015,"KNEZEVIC, ADRIJANA",SPAR CITYLIFT GIRONA,4,5,"0,8"
2015,"ASURMENDI VILLAVERDE, MARIA DEL CARMEN",PERFUMERIAS AVENIDA,3,5,"0,6"
2015,"TRAORE, AYA",C.B. CONQUERO HUELVA WAGEN,1,2,"0,5"
2015,"PASCUA SUAREZ, MARÍA LUCILA",MANN-FILTER,1,2,"0,5"
2015,"LO SYLLA, NOGAYE",MANN-FILTER,1,2,"0,5"
2015,"PETERS, HALEY MCCLOSKEY",C.B. CONQUERO HUELVA WAGEN,1,2,"0,5"
2015,"CALVO DIAZ, ANA BEGOÑA",MANN-FILTER,1,2,"0,5"
2015,"LUCAS , ITALEE MALINA",SPAR CITYLIFT GIRONA,1,5,"0,2"
2015,"GEMELOS, JACQUELINE ANN",PERFUMERIAS AVENIDA,1,5,"0,2"
2015,"KUKTIENE, VITA",SPAR CITYLIFT GIRONA,1,5,"0,2"
2014,"ELONU, ADAORA NNENNA",C.B. CONQUERO HUELVA WAGEN,8,2,4
2014,"IBEKWE, IFUNANYA DEBBIE",SPAR CITYLIFT GIRONA,12,4,3
2014,"GIL COLLADO, LAURA",CADI LA SEU,7,3,"2,33"
2014,"DE KLEIJN, MARLOU",CADI LA SEU,5,3,"1,67"
2014,"XARGAY CASADEMONT, MARTA",PERFUMERIAS AVENIDA,8,5,"1,6"
2014,"GIDDEN, VANESSA NICOLE",SPAR CITYLIFT GIRONA,6,4,"1,5"
2014,"DAVIS , CHELSEA MARIA",C.B. CONQUERO HUELVA WAGEN,3,2,"1,5"
2014,"SUAREZ UTRERO, ANA MARIA",CADI LA SEU,4,3,"1,33"
2014,"CHAMBERS, BRITTANY MARIE",SPAR CITYLIFT GIRONA,5,4,"1,25"
2014,"ROBINSON, ANGELICA DANIELLE",PERFUMERIAS AVENIDA,6,5,"1,2"
2014,"ORTIZ VIVES, MARIONA",PERFUMERIAS AVENIDA,6,5,"1,2"
2014,"FERRARI CALABRO, PAOLA ANDREA",PERFUMERIAS AVENIDA,6,5,"1,2"
2014,"FERNANDEZ FARRES, MARTA",PERFUMERIAS AVENIDA,6,5,"1,2"
2014,"REZAN, MARIJA",PERFUMERIAS AVENIDA,5,5,1
2014,"ASURMENDI VILLAVERDE, MARIA DEL CARMEN",C.B. CONQUERO HUELVA WAGEN,2,2,1
2014,"TANNER, TYRESE LA SHAY",CADI LA SEU,3,3,1
2014,"JORDANA BOFILL, NOEMI",SPAR CITYLIFT GIRONA,4,4,1
2014,"HIND, BEN ABDELKADER",CADI LA SEU,3,3,1
2014,"PINA TOLOSA, MARIA",C.B. CONQUERO HUELVA WAGEN,2,2,1
2014,"RODRIGUEZ MANSO, LEONOR DEL PILAR",PERFUMERIAS AVENIDA,4,5,"0,8"
2014,"PEREZ TORRES, TANIA",CADI LA SEU,2,3,"0,67"
2014,"BAHI BLANQUERA, GEORGINA",CADI LA SEU,2,3,"0,67"
2014,"BLE, DOUKOLE VANESSA",PERFUMERIAS AVENIDA,3,5,"0,6"
2014,"KUKTIENE, VITA",SPAR CITYLIFT GIRONA,2,4,"0,5"
2014,"BABKINA, ELINA",SPAR CITYLIFT GIRONA,2,4,"0,5"
2014,"PARHAM, AJA DANIELLE",C.B. CONQUERO HUELVA WAGEN,1,2,"0,5"
2014,"CARBO COLOMA, ANNA",SPAR CITYLIFT GIRONA,1,3,"0,33"
2014,"MADU, NDIDI AWELE",CADI LA SEU,1,3,"0,33"
2014,"ABALDE DIAZ, TAMARA",PERFUMERIAS AVENIDA,1,3,"0,33"
2014,"FREIXANET VIEJO, JAEL",SPAR CITYLIFT GIRONA,1,4,"0,25"
2013,"DAVIS , CHELSEA MARIA",GRAN CANARIA 2014,7,3,"2,33"
2013,"CASAS CARRERAS, QUERALT",RIVAS ECOPOLIS,9,5,"1,8"
2013,"GOMEZ IGUAL, ANNA",EMBUTIDOS PAJARIEL BEMBIBRE PD,5,3,"1,67"
2013,"BUCH ROSELL, ROSO",EMBUTIDOS PAJARIEL BEMBIBRE PD,5,3,"1,67"
2013,"ROBINSON, ANGELICA DANIELLE",PERFUMERIAS AVENIDA,8,5,"1,6"
2013,"BERMEJO MORENO, CLARA SUSANA",RIVAS ECOPOLIS,8,5,"1,6"
2013,"ALLISON, RACHEL LINDSAY",RIVAS ECOPOLIS,8,5,"1,6"
2013,"XARGAY CASADEMONT, MARTA",PERFUMERIAS AVENIDA,8,5,"1,6"
2013,"MURPHY, ESHAYA MARIE",PERFUMERIAS AVENIDA,7,5,"1,4"
2013,"ELDEBRINK, FRIDA",RIVAS ECOPOLIS,7,5,"1,4"
2013,"CHAMBERS, BRITTANY MARIE",GRAN CANARIA 2014,4,3,"1,33"
2013,"MONGOMO CARVALLO, MARIA CONCEPCIÓN",GRAN CANARIA 2014,4,3,"1,33"
2013,"MONTENEGRO SANTANA, RITA ESTHER",EMBUTIDOS PAJARIEL BEMBIBRE PD,4,3,"1,33"
2013,"NICHOLLS GONZALEZ, LAURA",RIVAS ECOPOLIS,5,5,1
2013,"REZAN, MARIJA",PERFUMERIAS AVENIDA,5,5,1
2013,"OCETE CASTILLO, GABRIELA",RIVAS ECOPOLIS,5,5,1
2013,"RODRIGUEZ MANSO, LEONOR DEL PILAR",PERFUMERIAS AVENIDA,4,5,"0,8"
2013,"ORTIZ VIVES, MARIONA",PERFUMERIAS AVENIDA,3,4,"0,75"
2013,"O'REILLY, ORLA",EMBUTIDOS PAJARIEL BEMBIBRE PD,2,3,"0,67"
2013,"DIAZ CASTELLANO, YURENA",GRAN CANARIA 2014,2,3,"0,67"
2013,"DENNETT, MELISSA LOUISE",EMBUTIDOS PAJARIEL BEMBIBRE PD,2,3,"0,67"
2013,"HALVARSSON , LOUICE",RIVAS ECOPOLIS,3,5,"0,6"
2013,"HASSELL, JASMINE",RIVAS ECOPOLIS,2,5,"0,4"
2013,"LIEPKALNE, DITA",EMBUTIDOS PAJARIEL BEMBIBRE PD,1,3,"0,33"
2013,"GIMENO MARTINEZ, VEGA",RIVAS ECOPOLIS,1,3,"0,33"
2013,"NDOUR, ASTOU BARRO",GRAN CANARIA 2014,1,3,"0,33"
2013,"CABRERA ARGUELLO, PATRICIA",GRAN CANARIA 2014,1,3,"0,33"
2013,"PETEVA, DANIELA ROSENOVA",EMBUTIDOS PAJARIEL BEMBIBRE PD,1,3,"0,33"
2013,"NDOYE, BINETA",GRAN CANARIA 2014,1,3,"0,33"
2013,"FERNANDEZ FARRES, MARTA",PERFUMERIAS AVENIDA,1,5,"0,2"
2012,"REVUELTO SÁNCHEZ-AGUILERA, MARIA",UNB OBENASA,9,3,3
2012,"ALLISON, RACHEL LINDSAY",BEROIL - CIUDAD DE BURGOS,3,1,3
2012,"GOMEZ IGUAL, ANNA",BEROIL - CIUDAD DE BURGOS,6,2,3
2012,"FERNANDEZ FARRES, MARTA",PERFUMERIAS AVENIDA,10,4,"2,5"
2012,"CASAS CARRERAS, QUERALT",RIVAS ECOPOLIS,10,4,"2,5"
2012,"BERMEJO MORENO, CLARA SUSANA",RIVAS ECOPOLIS,10,4,"2,5"
2012,"PARHAM, AJA DANIELLE",CADI - ICG SOFTWARE,10,4,"2,5"
2012,"GOMEZ IGLESIAS, REGINA",BEROIL - CIUDAD DE BURGOS,4,2,2
2012,"XARGAY CASADEMONT, MARTA",PERFUMERIAS AVENIDA,8,4,2
2012,"SOTIRIOU , AIKATERINA",UNB OBENASA,5,3,"1,67"
2012,"ASURMENDI VILLAVERDE, MARIA DEL CARMEN",UNB OBENASA,5,3,"1,67"
2012,"CRUZ LEBRATO, ANNA",RIVAS ECOPOLIS,6,4,"1,5"
2012,"CARBO COLOMA, ANNA",SPAR UNIGIRONA,7,5,"1,4"
2012,"JORDANA BOFILL, NOEMI",SPAR UNIGIRONA,7,5,"1,4"
2012,"SARR, OUMOUL KHAIRY",SPAR UNIGIRONA,6,5,"1,2"
2012,"GARCIA TORRES, CRISTINA",CADI - ICG SOFTWARE,4,4,1
2012,"MARCOS BENITO, BLANCA",BEROIL - CIUDAD DE BURGOS,2,2,1
2012,"CURRIE , MONIQUE PAULETTE",PERFUMERIAS AVENIDA,4,4,1
2012,"ARGÜELLO CUENCA, PATRICIA",UNB OBENASA,3,3,1
2012,"GIL COLLADO, LAURA",BEROIL - CIUDAD DE BURGOS,2,2,1
2012,"MONTAÑANA GIMENO, ANNA",PERFUMERIAS AVENIDA,1,1,1
2012,"CHUMILLAS PERIS, BERTA",BEROIL - CIUDAD DE BURGOS,2,2,1
2012,"FEASTER, ALISON",SPAR UNIGIRONA,4,4,1
2012,"GOMEZ FERREIROS, SARA",UNB OBENASA,3,3,1
2012,"VAJDA, ANNA",RIVAS ECOPOLIS,3,4,"0,75"
2012,"PASCUA SUAREZ, MARÍA LUCILA",PERFUMERIAS AVENIDA,3,4,"0,75"
2012,"WILLINGHAM, LE`COE LOUISE",PERFUMERIAS AVENIDA,3,4,"0,75"
2012,"NIEDOLA, SABINE",CADI - ICG SOFTWARE,3,4,"0,75"
2012,"HENRY, ANEIKA ANNA-KAY",RIVAS ECOPOLIS,3,4,"0,75"
2012,"BAHI BLANQUERA, GEORGINA",CADI - ICG SOFTWARE,3,4,"0,75"
2012,"REVUELTO SÁNCHEZ-AGUILERA, MARIA",UNB OBENASA,9,3,3
2012,"ALLISON, RACHEL LINDSAY",BEROIL - CIUDAD DE BURGOS,3,1,3
2012,"GOMEZ IGUAL, ANNA",BEROIL - CIUDAD DE BURGOS,6,2,3
2012,"FERNANDEZ FARRES, MARTA",PERFUMERIAS AVENIDA,10,4,"2,5"
2012,"CASAS CARRERAS, QUERALT",RIVAS ECOPOLIS,10,4,"2,5"
2012,"BERMEJO MORENO, CLARA SUSANA",RIVAS ECOPOLIS,10,4,"2,5"
2012,"PARHAM, AJA DANIELLE",CADI - ICG SOFTWARE,10,4,"2,5"
2012,"GOMEZ IGLESIAS, REGINA",BEROIL - CIUDAD DE BURGOS,4,2,2
2012,"XARGAY CASADEMONT, MARTA",PERFUMERIAS AVENIDA,8,4,2
2012,"SOTIRIOU , AIKATERINA",UNB OBENASA,5,3,"1,67"
2012,"ASURMENDI VILLAVERDE, MARIA DEL CARMEN",UNB OBENASA,5,3,"1,67"
2012,"CRUZ LEBRATO, ANNA",RIVAS ECOPOLIS,6,4,"1,5"
2012,"CARBO COLOMA, ANNA",SPAR UNIGIRONA,7,5,"1,4"
2012,"JORDANA BOFILL, NOEMI",SPAR UNIGIRONA,7,5,"1,4"
2012,"SARR, OUMOUL KHAIRY",SPAR UNIGIRONA,6,5,"1,2"
2012,"GARCIA TORRES, CRISTINA",CADI - ICG SOFTWARE,4,4,1
2012,"MARCOS BENITO, BLANCA",BEROIL - CIUDAD DE BURGOS,2,2,1
2012,"CURRIE , MONIQUE PAULETTE",PERFUMERIAS AVENIDA,4,4,1
2012,"ARGÜELLO CUENCA, PATRICIA",UNB OBENASA,3,3,1
2012,"GIL COLLADO, LAURA",BEROIL - CIUDAD DE BURGOS,2,2,1
2012,"MONTAÑANA GIMENO, ANNA",PERFUMERIAS AVENIDA,1,1,1
2012,"CHUMILLAS PERIS, BERTA",BEROIL - CIUDAD DE BURGOS,2,2,1
2012,"FEASTER, ALISON",SPAR UNIGIRONA,4,4,1
2012,"GOMEZ FERREIROS, SARA",UNB OBENASA,3,3,1
2012,"VAJDA, ANNA",RIVAS ECOPOLIS,3,4,"0,75"
2012,"PASCUA SUAREZ, MARÍA LUCILA",PERFUMERIAS AVENIDA,3,4,"0,75"
2012,"WILLINGHAM, LE`COE LOUISE",PERFUMERIAS AVENIDA,3,4,"0,75"
2012,"NIEDOLA, SABINE",CADI - ICG SOFTWARE,3,4,"0,75"
2012,"HENRY, ANEIKA ANNA-KAY",RIVAS ECOPOLIS,3,4,"0,75"
2012,"BAHI BLANQUERA, GEORGINA",CADI - ICG SOFTWARE,3,4,"0,75"
2011,"MURPHY, ESHAYA MARIE",CIUDAD ROS CASARES VALENCIA,10,4,"2,5"
2011,"MOORE, MAYA APRIL",CIUDAD ROS CASARES VALENCIA,6,3,2
2011,"CRUZ LEBRATO, ANNA",RIVAS ECOPOLIS,4,2,2
2011,"NICHOLLS GONZALEZ, LAURA",RIVAS ECOPOLIS,4,2,2
2011,"JORDANA BOFILL, NOEMI",GIRONA FC,4,2,2
2011,"PALAU ALTES, LAIA",CIUDAD ROS CASARES VALENCIA,6,4,"1,5"
2011,"BONNER, DEWANNA TENISE",PERFUMERIAS AVENIDA,6,4,"1,5"
2011,"JONES, ASJHA",RIVAS ECOPOLIS,3,2,"1,5"
2011,"VESELA, JANA",CIUDAD ROS CASARES VALENCIA,4,3,"1,33"
2011,"FERNANDEZ FARRES, MARTA",PERFUMERIAS AVENIDA,5,4,"1,25"
2011,"VAJDA, ANNA",PERFUMERIAS AVENIDA,5,4,"1,25"
2011,"DE SOUZA MACHADO, ERIKA CRISTINA",PERFUMERIAS AVENIDA,5,4,"1,25"
2011,"CARSON, ESSENCE",RIVAS ECOPOLIS,2,2,1
2011,"LYTTLE LYTTLE, SANCHO TRACY CONSTANCE",CIUDAD ROS CASARES VALENCIA,4,4,1
2011,"VEGA REBORA, GISELA VERONICA",GIRONA FC,2,2,1
2011,"KRIVACEVIC, TIJANA",RIVAS ECOPOLIS,1,1,1
2011,"CARBO COLOMA, ANNA",GIRONA FC,2,2,1
2011,"XARGAY CASADEMONT, MARTA",PERFUMERIAS AVENIDA,3,4,"0,75"
2011,"KORSTINE, ILONA",PERFUMERIAS AVENIDA,3,4,"0,75"
2011,"DOMINGUEZ FERNANDEZ, SILVIA",CIUDAD ROS CASARES VALENCIA,3,4,"0,75"
2011,"JACKSON, LAUREN",CIUDAD ROS CASARES VALENCIA,3,4,"0,75"
2011,"ROBINSON, ANGELICA DANIELLE",GIRONA FC,1,2,"0,5"
2011,"BAHI BLANQUERA, GEORGINA",GIRONA FC,1,2,"0,5"
2011,"ANTOJA ROVIRA, LAURA",PERFUMERIAS AVENIDA,2,4,"0,5"
2011,"GARCIA MATA, GEMA",RIVAS ECOPOLIS,1,2,"0,5"
2011,"THORBURN, SHONA LOUISE",GIRONA FC,1,2,"0,5"
2011,"FEASTER, ALISON",PERFUMERIAS AVENIDA,2,4,"0,5"
2011,"WAUTERS, ANN",CIUDAD ROS CASARES VALENCIA,1,4,"0,25"
2011,"SANCHEZ FERNANDEZ, ISABEL",PERFUMERIAS AVENIDA,1,4,"0,25"
2010,"DOUGLAS, KATHRYN",CIUDAD ROS CASARES VALENCIA,7,2,"3,5"
2010,"VALDEMORO MADARIAGA, AMAYA",RIVAS ECOPOLIS,6,2,3
2010,"ZLATANOVA, JAKLIN",MANN FILTER ZARAGOZA,5,2,"2,5"
2010,"VESELA, JANA",CIUDAD ROS CASARES VALENCIA,2,1,2
2010,"BROWN, KIESHA LINDSAY",MANN FILTER ZARAGOZA,4,2,2
2010,"FERNANDEZ FARRES, MARTA",CIUDAD ROS CASARES VALENCIA,4,2,2
2010,"LYTTLE LYTTLE, SANCHO TRACY CONSTANCE",PERFUMERIAS AVENIDA,3,2,"1,5"
2010,"GIMENO MARTINEZ, VEGA",RIVAS ECOPOLIS,3,2,"1,5"
2010,"CRUZ LEBRATO, ANNA",RIVAS ECOPOLIS,3,2,"1,5"
2010,"LAWSON, EDWIGE",CIUDAD ROS CASARES VALENCIA,3,2,"1,5"
2010,"ANOSIKE, NIKOLIKA NONYELUM",CIUDAD ROS CASARES VALENCIA,3,2,"1,5"
2010,"FEASTER, ALISON",MANN FILTER ZARAGOZA,3,2,"1,5"
2010,"SNELL, BELINDA ROSE",PERFUMERIAS AVENIDA,2,2,1
2010,"BRUNSON, REBEKKAH",CIUDAD ROS CASARES VALENCIA,2,2,1
2010,"MONDT, ANKE DE",PERFUMERIAS AVENIDA,2,2,1
2010,"BERMEJO MORENO, CLARA SUSANA",RIVAS ECOPOLIS,2,2,1
2010,"LIMA GARCIA, CINDY ORQUIDEA",CIUDAD ROS CASARES VALENCIA,2,2,1
2010,"BONNER, DEWANNA TENISE",RIVAS ECOPOLIS,2,2,1
2010,"DOMINGUEZ FERNANDEZ, SILVIA",PERFUMERIAS AVENIDA,2,2,1
2010,"ROYO TORRES, MARIA ESTELA",MANN FILTER ZARAGOZA,1,2,"0,5"
2010,"DE SOUZA MACHADO, ERIKA CRISTINA",PERFUMERIAS AVENIDA,1,2,"0,5"
2010,"PALAU ALTES, LAIA",CIUDAD ROS CASARES VALENCIA,1,2,"0,5"
2010,"NICHOLLS GONZALEZ, LAURA",RIVAS ECOPOLIS,1,2,"0,5"
2010,"CASAS CARRERAS, QUERALT",MANN FILTER ZARAGOZA,1,2,"0,5"
2010,"TORRENS SALOM, ALBA",PERFUMERIAS AVENIDA,1,2,"0,5"
2010,"MARTINEZ PRAT, NURIA",CIUDAD ROS CASARES VALENCIA,1,2,"0,5"
2010,"KRESOVIC, INES",MANN FILTER ZARAGOZA,1,2,"0,5"
2009,"PALAU ALTES, LAIA",CIUDAD ROS CASARES VALENCIA,9,4,"2,25"
2009,"MILTON, DELISHA LACHELL",CIUDAD ROS CASARES VALENCIA,8,4,2
2009,"MONTAÑANA GIMENO, ANNA",CIUDAD ROS CASARES VALENCIA,8,4,2
2009,"CRUZ LEBRATO, ANNA",RIVAS ECOPOLIS,4,2,2
2009,"OUVIÑA MODREGO, CRISTINA",MANN FILTER ZARAGOZA,4,2,2
2009,"FEASTER, ALISON",MANN FILTER ZARAGOZA,4,2,2
2009,"VESELA, JANA",CIUDAD ROS CASARES VALENCIA,8,4,2
2009,"BERMEJO MORENO, CLARA SUSANA",RIVAS ECOPOLIS,4,2,2
2009,"VALDEMORO MADARIAGA, AMAYA",CIUDAD ROS CASARES VALENCIA,6,4,"1,5"
2009,"SANCHEZ FERNANDEZ, ISABEL",PERFUMERIAS AVENIDA,5,4,"1,25"
2009,"SNELL, BELINDA ROSE",CIUDAD ROS CASARES VALENCIA,5,4,"1,25"
2009,"LYTTLE LYTTLE, SANCHO TRACY CONSTANCE",PERFUMERIAS AVENIDA,5,4,"1,25"
2009,"PALOMARES VALIENTE, PAULA",MANN FILTER ZARAGOZA,2,2,1
2009,"DICKSON, JESSICA",MANN FILTER ZARAGOZA,2,2,1
2009,"GARCIA PIÑERO, MARIA BEGOÑA",RIVAS ECOPOLIS,2,2,1
2009,"WILLINGHAM, LE`COE LOUISE",PERFUMERIAS AVENIDA,4,4,1
2009,"ABROMAITE, AGNE",MANN FILTER ZARAGOZA,2,2,1
2009,"LANGHORNE , CRYSTAL ALLISON",RIVAS ECOPOLIS,2,2,1
2009,"DOMINGUEZ FERNANDEZ, SILVIA",PERFUMERIAS AVENIDA,3,4,"0,75"
2009,"MONDT, ANKE DE",PERFUMERIAS AVENIDA,3,4,"0,75"
2009,"XARGAY CASADEMONT, MARTA",PERFUMERIAS AVENIDA,3,4,"0,75"
2009,"TORRENS SALOM, ALBA",PERFUMERIAS AVENIDA,3,4,"0,75"
2009,"DE SOUZA MACHADO, ERIKA CRISTINA",CIUDAD ROS CASARES VALENCIA,2,4,"0,5"
2009,"TORNIKIDOU TORNIKIDOU, ELENA",RIVAS ECOPOLIS,1,2,"0,5"
2009,"PODRUG, EMILIJA",PERFUMERIAS AVENIDA,2,4,"0,5"
2009,"AGUILAR LOPEZ , ELISA",CIUDAD ROS CASARES VALENCIA,2,4,"0,5"
2009,"JOENS, CATHERINE ELISABETH",RIVAS ECOPOLIS,1,2,"0,5"
2009,"DUBLJEVIC, JELENA",RIVAS ECOPOLIS,1,2,"0,5"
2009,"UJHELYI, PETRA",RIVAS ECOPOLIS,1,2,"0,5"
2009,"DA SILVA, KATIA",MANN FILTER ZARAGOZA,1,2,"0,5"
2009,"PALAU ALTES, LAIA",CIUDAD ROS CASARES VALENCIA,9,4,"2,25"
2009,"MILTON, DELISHA LACHELL",CIUDAD ROS CASARES VALENCIA,8,4,2
2009,"MONTAÑANA GIMENO, ANNA",CIUDAD ROS CASARES VALENCIA,8,4,2
2009,"CRUZ LEBRATO, ANNA",RIVAS ECOPOLIS,4,2,2
2009,"OUVIÑA MODREGO, CRISTINA",MANN FILTER ZARAGOZA,4,2,2
2009,"FEASTER, ALISON",MANN FILTER ZARAGOZA,4,2,2
2009,"VESELA, JANA",CIUDAD ROS CASARES VALENCIA,8,4,2
2009,"BERMEJO MORENO, CLARA SUSANA",RIVAS ECOPOLIS,4,2,2
2009,"VALDEMORO MADARIAGA, AMAYA",CIUDAD ROS CASARES VALENCIA,6,4,"1,5"
2009,"SANCHEZ FERNANDEZ, ISABEL",PERFUMERIAS AVENIDA,5,4,"1,25"
2009,"SNELL, BELINDA ROSE",CIUDAD ROS CASARES VALENCIA,5,4,"1,25"
2009,"LYTTLE LYTTLE, SANCHO TRACY CONSTANCE",PERFUMERIAS AVENIDA,5,4,"1,25"
2009,"PALOMARES VALIENTE, PAULA",MANN FILTER ZARAGOZA,2,2,1
2009,"DICKSON, JESSICA",MANN FILTER ZARAGOZA,2,2,1
2009,"GARCIA PIÑERO, MARIA BEGOÑA",RIVAS ECOPOLIS,2,2,1
2009,"WILLINGHAM, LE`COE LOUISE",PERFUMERIAS AVENIDA,4,4,1
2009,"ABROMAITE, AGNE",MANN FILTER ZARAGOZA,2,2,1
2009,"LANGHORNE , CRYSTAL ALLISON",RIVAS ECOPOLIS,2,2,1
2009,"DOMINGUEZ FERNANDEZ, SILVIA",PERFUMERIAS AVENIDA,3,4,"0,75"
2009,"MONDT, ANKE DE",PERFUMERIAS AVENIDA,3,4,"0,75"
2009,"XARGAY CASADEMONT, MARTA",PERFUMERIAS AVENIDA,3,4,"0,75"
2009,"TORRENS SALOM, ALBA",PERFUMERIAS AVENIDA,3,4,"0,75"
2009,"DE SOUZA MACHADO, ERIKA CRISTINA",CIUDAD ROS CASARES VALENCIA,2,4,"0,5"
2009,"TORNIKIDOU TORNIKIDOU, ELENA",RIVAS ECOPOLIS,1,2,"0,5"
2009,"PODRUG, EMILIJA",PERFUMERIAS AVENIDA,2,4,"0,5"
2009,"AGUILAR LOPEZ , ELISA",CIUDAD ROS CASARES VALENCIA,2,4,"0,5"
2009,"JOENS, CATHERINE ELISABETH",RIVAS ECOPOLIS,1,2,"0,5"
2009,"DUBLJEVIC, JELENA",RIVAS ECOPOLIS,1,2,"0,5"
2009,"UJHELYI, PETRA",RIVAS ECOPOLIS,1,2,"0,5"
2009,"DA SILVA, KATIA",MANN FILTER ZARAGOZA,1,2,"0,5"
2008,"REVUELTO SÁNCHEZ-AGUILERA, MARIA",CB FEVE SAN JOSÉ,5,2,"2,5"
2008,"BERMEJO MORENO, CLARA SUSANA",RIVAS ECÓPOLIS,7,3,"2,33"
2008,"VESELA, JANA",CIUDAD ROS CASARES,9,4,"2,25"
2008,"MURPHY, ESHAYA MARIE",CB FEVE SAN JOSÉ,4,2,2
2008,"THORBURN, SHONA LOUISE",CB FEVE SAN JOSÉ,4,2,2
2008,"MONTAÑANA GIMENO, ANNA",CIUDAD ROS CASARES,8,4,2
2008,"LIMA GARCIA, CINDY ORQUIDEA",CB FEVE SAN JOSÉ,4,2,2
2008,"BASKO , GUNTA",PERFUMERIAS AVENIDA,9,5,"1,8"
2008,"TORNIKIDOU TORNIKIDOU, ELENA",CIUDAD ROS CASARES,3,2,"1,5"
2008,"HODGES, RONEEKA RAYSHELL",RIVAS ECÓPOLIS,4,3,"1,33"
2008,"ABALDE DIAZ, TAMARA",RIVAS ECÓPOLIS,4,3,"1,33"
2008,"VALDEMORO MADARIAGA, AMAYA",CIUDAD ROS CASARES,5,4,"1,25"
2008,"DE SOUZA MACHADO, ERIKA CRISTINA",CIUDAD ROS CASARES,5,4,"1,25"
2008,"MILTON, DELISHA LACHELL",CIUDAD ROS CASARES,5,4,"1,25"
2008,"WILLINGHAM, LE`COE LOUISE",PERFUMERIAS AVENIDA,6,5,"1,2"
2008,"PINA TOLOSA, MARIA",CB FEVE SAN JOSÉ,2,2,1
2008,"STAMPALIJA, PETRA",PERFUMERIAS AVENIDA,5,5,1
2008,"MONDT, ANKE DE",PERFUMERIAS AVENIDA,4,5,"0,8"
2008,"AGUILAR LOPEZ , ELISA",CIUDAD ROS CASARES,3,4,"0,75"
2008,"PALAU ALTES, LAIA",CIUDAD ROS CASARES,3,4,"0,75"
2008,"DUBLJEVIC, JELENA",RIVAS ECÓPOLIS,2,3,"0,67"
2008,"UJHELYI, PETRA",RIVAS ECÓPOLIS,2,3,"0,67"
2008,"SNOW, MICHELLE",PERFUMERIAS AVENIDA,3,5,"0,6"
2008,"DOMINGUEZ FERNANDEZ, SILVIA",PERFUMERIAS AVENIDA,3,5,"0,6"
2008,"PASCUA SUAREZ, MARÍA LUCILA",CB FEVE SAN JOSÉ,1,2,"0,5"
2008,"VECEROVA, IVANA",CIUDAD ROS CASARES,2,4,"0,5"
2008,"NAVARRETE TRUJILLO, MIREIA",PERFUMERIAS AVENIDA,1,2,"0,5"
2008,"ARGÜELLO CUENCA, PATRICIA",CB FEVE SAN JOSÉ,1,2,"0,5"
2008,"BUTLER, KIMBERLY JOY",CB FEVE SAN JOSÉ,1,2,"0,5"
2008,"ROVIRA RODRIGUEZ, MARIA DEL MAR",PERFUMERIAS AVENIDA,2,5,"0,4"
2008,"REVUELTO SÁNCHEZ-AGUILERA, MARIA",CB FEVE SAN JOSÉ,5,2,"2,5"
2008,"BERMEJO MORENO, CLARA SUSANA",RIVAS ECÓPOLIS,7,3,"2,33"
2008,"VESELA, JANA",CIUDAD ROS CASARES,9,4,"2,25"
2008,"MURPHY, ESHAYA MARIE",CB FEVE SAN JOSÉ,4,2,2
2008,"THORBURN, SHONA LOUISE",CB FEVE SAN JOSÉ,4,2,2
2008,"MONTAÑANA GIMENO, ANNA",CIUDAD ROS CASARES,8,4,2
2008,"LIMA GARCIA, CINDY ORQUIDEA",CB FEVE SAN JOSÉ,4,2,2
2008,"BASKO , GUNTA",PERFUMERIAS AVENIDA,9,5,"1,8"
2008,"TORNIKIDOU TORNIKIDOU, ELENA",CIUDAD ROS CASARES,3,2,"1,5"
2008,"HODGES, RONEEKA RAYSHELL",RIVAS ECÓPOLIS,4,3,"1,33"
2008,"ABALDE DIAZ, TAMARA",RIVAS ECÓPOLIS,4,3,"1,33"
2008,"VALDEMORO MADARIAGA, AMAYA",CIUDAD ROS CASARES,5,4,"1,25"
2008,"DE SOUZA MACHADO, ERIKA CRISTINA",CIUDAD ROS CASARES,5,4,"1,25"
2008,"MILTON, DELISHA LACHELL",CIUDAD ROS CASARES,5,4,"1,25"
2008,"WILLINGHAM, LE`COE LOUISE",PERFUMERIAS AVENIDA,6,5,"1,2"
2008,"PINA TOLOSA, MARIA",CB FEVE SAN JOSÉ,2,2,1
2008,"STAMPALIJA, PETRA",PERFUMERIAS AVENIDA,5,5,1
2008,"MONDT, ANKE DE",PERFUMERIAS AVENIDA,4,5,"0,8"
2008,"AGUILAR LOPEZ , ELISA",CIUDAD ROS CASARES,3,4,"0,75"
2008,"PALAU ALTES, LAIA",CIUDAD ROS CASARES,3,4,"0,75"
2008,"DUBLJEVIC, JELENA",RIVAS ECÓPOLIS,2,3,"0,67"
2008,"UJHELYI, PETRA",RIVAS ECÓPOLIS,2,3,"0,67"
2008,"SNOW, MICHELLE",PERFUMERIAS AVENIDA,3,5,"0,6"
2008,"DOMINGUEZ FERNANDEZ, SILVIA",PERFUMERIAS AVENIDA,3,5,"0,6"
2008,"PASCUA SUAREZ, MARÍA LUCILA",CB FEVE SAN JOSÉ,1,2,"0,5"
2008,"VECEROVA, IVANA",CIUDAD ROS CASARES,2,4,"0,5"
2008,"NAVARRETE TRUJILLO, MIREIA",PERFUMERIAS AVENIDA,1,2,"0,5"
2008,"ARGÜELLO CUENCA, PATRICIA",CB FEVE SAN JOSÉ,1,2,"0,5"
2008,"BUTLER, KIMBERLY JOY",CB FEVE SAN JOSÉ,1,2,"0,5"
2008,"ROVIRA RODRIGUEZ, MARIA DEL MAR",PERFUMERIAS AVENIDA,2,5,"0,4"
2007,"LYTTLE LYTTLE, SANCHO TRACY CONSTANCE",EBE PROMOCIONES SANTA EULALIAI,13,3,"4,33"
2007,"MORALES MARTIN, SILVIA",EBE PROMOCIONES SANTA EULALIAI,9,3,3
2007,"BATTLE , ASHLEY MICHELLE",CLUB BALONCESTO SAN JOSÉ,5,2,"2,5"
2007,"FEASTER, ALISON",CLUB BALONCESTO SAN JOSÉ,4,2,2
2007,"LIMA GARCIA, CINDY ORQUIDEA",CLUB BALONCESTO SAN JOSÉ,4,2,2
2007,"DE SOUZA MACHADO, ERIKA CRISTINA",C. ROS CASARES VALENCIA,10,5,2
2007,"MONTAÑANA GIMENO, ANNA",PERFUMERIAS AVENIDA,11,6,"1,83"
2007,"DOUGLAS, KATHRYN",C. ROS CASARES VALENCIA,9,5,"1,8"
2007,"MILTON, DELISHA LACHELL",C. ROS CASARES VALENCIA,9,5,"1,8"
2007,"SANCHEZ FERNANDEZ, ISABEL",PERFUMERIAS AVENIDA,10,6,"1,67"
2007,"MONDT, ANKE DE",PERFUMERIAS AVENIDA,9,6,"1,5"
2007,"MATIC , IVANKA",PERFUMERIAS AVENIDA,9,6,"1,5"
2007,"PAGE, LINDA A. MURRIEL",CLUB BALONCESTO SAN JOSÉ,3,2,"1,5"
2007,"COHEN, LIRON",CLUB BALONCESTO SAN JOSÉ,3,2,"1,5"
2007,"AGUILAR LOPEZ , ELISA",C. ROS CASARES VALENCIA,7,5,"1,4"
2007,"REID, TRACY LASHAWN",PERFUMERIAS AVENIDA,8,6,"1,33"
2007,"LILJESTRAND, THYRA LINNEA",EBE PROMOCIONES SANTA EULALIAI,4,3,"1,33"
2007,"TORNIKIDOU TORNIKIDOU, ELENA",C. ROS CASARES VALENCIA,5,5,1
2007,"SANTOS DE OLIVEIRA, ALESSANDRA",PERFUMERIAS AVENIDA,2,2,1
2007,"BERMEJO MORENO, CLARA SUSANA",PERFUMERIAS AVENIDA,5,6,"0,83"
2007,"MALTSI, EVANTHIA",C. ROS CASARES VALENCIA,4,5,"0,8"
2007,"DOMINGUEZ FERNANDEZ, SILVIA",PERFUMERIAS AVENIDA,4,6,"0,67"
2007,"PALAU ALTES, LAIA",C. ROS CASARES VALENCIA,3,5,"0,6"
2007,"REVUELTO SÁNCHEZ-AGUILERA, MARIA",CLUB BALONCESTO SAN JOSÉ,1,2,"0,5"
2007,"BJELICA, MILKA",C. ROS CASARES VALENCIA,1,2,"0,5"
2007,"THORBURN, SHONA LOUISE",EBE PROMOCIONES SANTA EULALIAI,1,3,"0,33"
2007,"PONS MOLINA, INGRID",EBE PROMOCIONES SANTA EULALIAI,1,3,"0,33"
2007,"NAVARRETE TRUJILLO, MIREIA",EBE PROMOCIONES SANTA EULALIAI,1,3,"0,33"
2007,"JORDANA BOFILL, NOEMI",C. ROS CASARES VALENCIA,1,4,"0,25"
2007,"FERRAGUT CASTILLO, MARINA",C. ROS CASARES VALENCIA,1,5,"0,2"
2007,"LYTTLE LYTTLE, SANCHO TRACY CONSTANCE",EBE PROMOCIONES SANTA EULALIAI,13,3,"4,33"
2007,"MORALES MARTIN, SILVIA",EBE PROMOCIONES SANTA EULALIAI,9,3,3
2007,"BATTLE , ASHLEY MICHELLE",CLUB BALONCESTO SAN JOSÉ,5,2,"2,5"
2007,"FEASTER, ALISON",CLUB BALONCESTO SAN JOSÉ,4,2,2
2007,"LIMA GARCIA, CINDY ORQUIDEA",CLUB BALONCESTO SAN JOSÉ,4,2,2
2007,"DE SOUZA MACHADO, ERIKA CRISTINA",C. ROS CASARES VALENCIA,10,5,2
2007,"MONTAÑANA GIMENO, ANNA",PERFUMERIAS AVENIDA,11,6,"1,83"
2007,"DOUGLAS, KATHRYN",C. ROS CASARES VALENCIA,9,5,"1,8"
2007,"MILTON, DELISHA LACHELL",C. ROS CASARES VALENCIA,9,5,"1,8"
2007,"SANCHEZ FERNANDEZ, ISABEL",PERFUMERIAS AVENIDA,10,6,"1,67"
2007,"MONDT, ANKE DE",PERFUMERIAS AVENIDA,9,6,"1,5"
2007,"MATIC , IVANKA",PERFUMERIAS AVENIDA,9,6,"1,5"
2007,"PAGE, LINDA A. MURRIEL",CLUB BALONCESTO SAN JOSÉ,3,2,"1,5"
2007,"COHEN, LIRON",CLUB BALONCESTO SAN JOSÉ,3,2,"1,5"
2007,"AGUILAR LOPEZ , ELISA",C. ROS CASARES VALENCIA,7,5,"1,4"
2007,"REID, TRACY LASHAWN",PERFUMERIAS AVENIDA,8,6,"1,33"
2007,"LILJESTRAND, THYRA LINNEA",EBE PROMOCIONES SANTA EULALIAI,4,3,"1,33"
2007,"TORNIKIDOU TORNIKIDOU, ELENA",C. ROS CASARES VALENCIA,5,5,1
2007,"SANTOS DE OLIVEIRA, ALESSANDRA",PERFUMERIAS AVENIDA,2,2,1
2007,"BERMEJO MORENO, CLARA SUSANA",PERFUMERIAS AVENIDA,5,6,"0,83"
2007,"MALTSI, EVANTHIA",C. ROS CASARES VALENCIA,4,5,"0,8"
2007,"DOMINGUEZ FERNANDEZ, SILVIA",PERFUMERIAS AVENIDA,4,6,"0,67"
2007,"PALAU ALTES, LAIA",C. ROS CASARES VALENCIA,3,5,"0,6"
2007,"REVUELTO SÁNCHEZ-AGUILERA, MARIA",CLUB BALONCESTO SAN JOSÉ,1,2,"0,5"
2007,"BJELICA, MILKA",C. ROS CASARES VALENCIA,1,2,"0,5"
2007,"THORBURN, SHONA LOUISE",EBE PROMOCIONES SANTA EULALIAI,1,3,"0,33"
2007,"PONS MOLINA, INGRID",EBE PROMOCIONES SANTA EULALIAI,1,3,"0,33"
2007,"NAVARRETE TRUJILLO, MIREIA",EBE PROMOCIONES SANTA EULALIAI,1,3,"0,33"
2007,"JORDANA BOFILL, NOEMI",C. ROS CASARES VALENCIA,1,4,"0,25"
2007,"FERRAGUT CASTILLO, MARINA",C. ROS CASARES VALENCIA,1,5,"0,2"
2006,"WYCKOFF, BROOKE ELIZABETH",GRAN CANARIA,6,2,3
2006,"BERMEJO MORENO, CLARA SUSANA",PERFUMERIAS AVENIDA,25,9,"2,78"
2006,"REID, TRACY LASHAWN",ACIS INCOSA LEON,5,2,"2,5"
2006,"ALAMO GONZALEZ, ELENA",GRAN CANARIA,4,2,2
2006,"MILTON, DELISHA LACHELL",C. ROS CASARES VALENCIA,20,10,2
2006,"TUUKKANEN, TARU TELLERVO",EXTRUGASA,4,2,2
2006,"CIOCAN, PAULA CRISTINA",ARRANZ-JOPISA BURGOS,8,4,2
2006,"ARDON, LESLIE",EXTRUGASA,4,2,2
2006,"POWELL, NICOLE KRISTEN",PERFUMERIAS AVENIDA,16,9,"1,78"
2006,"MONTAÑANA GIMENO, ANNA",PERFUMERIAS AVENIDA,15,9,"1,67"
2006,"FERNANDEZ FARRES, MARTA",UB F.C BARCELONA,8,5,"1,6"
2006,"SCHUMACHER, KELLY MARIE",UB F.C BARCELONA,8,5,"1,6"
2006,"PAGE, LINDA A. MURRIEL",HONDARRIBIA-IRÚN,3,2,"1,5"
2006,"QUINTERO CASTELLANO, THANIA",HONDARRIBIA-IRÚN,3,2,"1,5"
2006,"GINES GONZALEZ, MARTA",ACIS INCOSA LEON,3,2,"1,5"
2006,"BATTLE , ASHLEY MICHELLE",GRAN CANARIA,3,2,"1,5"
2006,"HERRERA AREVALO, MIRIAM",EXTRUGASA,3,2,"1,5"
2006,"CASTRO MARQUES, IZIANE",HONDARRIBIA-IRÚN,3,2,"1,5"
2006,"HILL, JOANNE KAY",EXTRUGASA,3,2,"1,5"
2006,"ASURMENDI VILLAVERDE, MARIA DEL CARMEN",ARRANZ-JOPISA BURGOS,6,4,"1,5"
2006,"PALAU ALTES, LAIA",C. ROS CASARES VALENCIA,15,10,"1,5"
2006,"MUSOVIC, MILJANA",UB F.C BARCELONA,7,5,"1,4"
2006,"AGUILAR LOPEZ , ELISA",C. ROS CASARES VALENCIA,13,10,"1,3"
2006,"CAMPS COLLELL, LAURA",PERFUMERIAS AVENIDA,11,9,"1,22"
2006,"DOMINGUEZ FERNANDEZ, SILVIA",PERFUMERIAS AVENIDA,10,9,"1,11"
2006,"UJHELYI, PETRA",ARRANZ-JOPISA BURGOS,4,4,1
2006,"MOODY, MEGAN JANELLE",GRAN CANARIA,2,2,1
2006,"MUJANOVIC, RAZIJA",HONDARRIBIA-IRÚN,2,2,1
2006,"GERMAN VELASCO, ICIAR",ARRANZ-JOPISA BURGOS,4,4,1
2006,"ABROMAITE, AGNE",EXTRUGASA,2,2,1
2006,"WYCKOFF, BROOKE ELIZABETH",GRAN CANARIA,6,2,3
2006,"BERMEJO MORENO, CLARA SUSANA",PERFUMERIAS AVENIDA,25,9,"2,78"
2006,"REID, TRACY LASHAWN",ACIS INCOSA LEON,5,2,"2,5"
2006,"ALAMO GONZALEZ, ELENA",GRAN CANARIA,4,2,2
2006,"MILTON, DELISHA LACHELL",C. ROS CASARES VALENCIA,20,10,2
2006,"TUUKKANEN, TARU TELLERVO",EXTRUGASA,4,2,2
2006,"CIOCAN, PAULA CRISTINA",ARRANZ-JOPISA BURGOS,8,4,2
2006,"ARDON, LESLIE",EXTRUGASA,4,2,2
2006,"POWELL, NICOLE KRISTEN",PERFUMERIAS AVENIDA,16,9,"1,78"
2006,"MONTAÑANA GIMENO, ANNA",PERFUMERIAS AVENIDA,15,9,"1,67"
2006,"FERNANDEZ FARRES, MARTA",UB F.C BARCELONA,8,5,"1,6"
2006,"SCHUMACHER, KELLY MARIE",UB F.C BARCELONA,8,5,"1,6"
2006,"PAGE, LINDA A. MURRIEL",HONDARRIBIA-IRÚN,3,2,"1,5"
2006,"QUINTERO CASTELLANO, THANIA",HONDARRIBIA-IRÚN,3,2,"1,5"
2006,"GINES GONZALEZ, MARTA",ACIS INCOSA LEON,3,2,"1,5"
2006,"BATTLE , ASHLEY MICHELLE",GRAN CANARIA,3,2,"1,5"
2006,"HERRERA AREVALO, MIRIAM",EXTRUGASA,3,2,"1,5"
2006,"CASTRO MARQUES, IZIANE",HONDARRIBIA-IRÚN,3,2,"1,5"
2006,"HILL, JOANNE KAY",EXTRUGASA,3,2,"1,5"
2006,"ASURMENDI VILLAVERDE, MARIA DEL CARMEN",ARRANZ-JOPISA BURGOS,6,4,"1,5"
2006,"PALAU ALTES, LAIA",C. ROS CASARES VALENCIA,15,10,"1,5"
2006,"MUSOVIC, MILJANA",UB F.C BARCELONA,7,5,"1,4"
2006,"AGUILAR LOPEZ , ELISA",C. ROS CASARES VALENCIA,13,10,"1,3"
2006,"CAMPS COLLELL, LAURA",PERFUMERIAS AVENIDA,11,9,"1,22"
2006,"DOMINGUEZ FERNANDEZ, SILVIA",PERFUMERIAS AVENIDA,10,9,"1,11"
2006,"UJHELYI, PETRA",ARRANZ-JOPISA BURGOS,4,4,1
2006,"MOODY, MEGAN JANELLE",GRAN CANARIA,2,2,1
2006,"MUJANOVIC, RAZIJA",HONDARRIBIA-IRÚN,2,2,1
2006,"GERMAN VELASCO, ICIAR",ARRANZ-JOPISA BURGOS,4,4,1
2006,"ABROMAITE, AGNE",EXTRUGASA,2,2,1
2005,"ALONSO DIEGO, MARIA JOSE",ARRANZ-JOPISA BURGOS,7,2,"3,5"
2005,"FERNANDEZ FARRES, MARTA",UB F.C BARCELONA,7,2,"3,5"
2005,"REID, TRACY LASHAWN",ACIS INCOSA LEON,6,2,3
2005,"MC WILLIAMS, TAJ MADONA",PERFUMERIAS AVENIDA,6,2,3
2005,"ARCAIN, JANETH DOS SANTOS",ROS CASARES VALENCIA,6,2,3
2005,"ALAMO GONZALEZ, ELENA",CAJACANARIAS,5,2,"2,5"
2005,"TORNIKIDOU TORNIKIDOU, ELENA",PERFUMERIAS AVENIDA,5,2,"2,5"
2005,"JORDANA BOFILL, NOEMI",ROS CASARES VALENCIA,5,2,"2,5"
2005,"PEREZ CAPARROS, ROSA",USP CEU - ADECCO ESTUDIANTES,5,2,"2,5"
2005,"SANCHEZ FERNANDEZ, ISABEL",ACIS INCOSA LEON,5,2,"2,5"
2005,"FERRAGUT CASTILLO, MARINA",HONDARRIBIA-IRÚN,4,2,2
2005,"BERMEJO MORENO, CLARA SUSANA",PERFUMERIAS AVENIDA,4,2,2
2005,"AGUILAR LOPEZ , ELISA",ROS CASARES VALENCIA,4,2,2
2005,"ANTIBE , NICOLE",ROS CASARES VALENCIA,4,2,2
2005,"HOLDSCLAW, CHAMIQUE SHAUNTA",ROS CASARES VALENCIA,4,2,2
2005,"YGUERAVIDE VIANA, SANDRA",ARRANZ-JOPISA BURGOS,3,2,"1,5"
2005,"MONDT, ANKE DE",ARRANZ-JOPISA BURGOS,3,2,"1,5"
2005,"PELAEZ SAN GIL, LOURDES",HONDARRIBIA-IRÚN,3,2,"1,5"
2005,"CAMPS COLLELL, LAURA",PERFUMERIAS AVENIDA,3,2,"1,5"
2005,"TILLIS, ICISS",ACIS INCOSA LEON,3,2,"1,5"
2005,"BROWN, KIESHA LINDSAY",HONDARRIBIA-IRÚN,3,2,"1,5"
2005,"SANTOS LUZ, HELEN CRISTINA",UB F.C BARCELONA,3,2,"1,5"
2005,"HLEDE, KORALJKA",HONDARRIBIA-IRÚN,3,2,"1,5"
2005,"GALLEGO VICARIO, SANDRA",UB F.C BARCELONA,2,2,1
2005,"PONS MOLINA, INGRID",UB F.C BARCELONA,2,2,1
2005,"DE SOUZA MACHADO, ERIKA CRISTINA",UB F.C BARCELONA,2,2,1
2005,"PODKOVALNIKOVA , OLGA",ROS CASARES VALENCIA,1,1,1
2005,"DONAIRE MALAGELADA, ELSA",UB F.C BARCELONA,2,2,1
2005,"DELGADO DIAZ-GUEMES, RAQUEL",HONDARRIBIA-IRÚN,2,2,1
2005,"NAVARRETE TRUJILLO, MIREIA",ARRANZ-JOPISA BURGOS,2,2,1
2005,"ALONSO DIEGO, MARIA JOSE",ARRANZ-JOPISA BURGOS,7,2,"3,5"
2005,"FERNANDEZ FARRES, MARTA",UB F.C BARCELONA,7,2,"3,5"
2005,"REID, TRACY LASHAWN",ACIS INCOSA LEON,6,2,3
2005,"MC WILLIAMS, TAJ MADONA",PERFUMERIAS AVENIDA,6,2,3
2005,"ARCAIN, JANETH DOS SANTOS",ROS CASARES VALENCIA,6,2,3
2005,"ALAMO GONZALEZ, ELENA",CAJACANARIAS,5,2,"2,5"
2005,"TORNIKIDOU TORNIKIDOU, ELENA",PERFUMERIAS AVENIDA,5,2,"2,5"
2005,"JORDANA BOFILL, NOEMI",ROS CASARES VALENCIA,5,2,"2,5"
2005,"PEREZ CAPARROS, ROSA",USP CEU - ADECCO ESTUDIANTES,5,2,"2,5"
2005,"SANCHEZ FERNANDEZ, ISABEL",ACIS INCOSA LEON,5,2,"2,5"
2005,"FERRAGUT CASTILLO, MARINA",HONDARRIBIA-IRÚN,4,2,2
2005,"BERMEJO MORENO, CLARA SUSANA",PERFUMERIAS AVENIDA,4,2,2
2005,"AGUILAR LOPEZ , ELISA",ROS CASARES VALENCIA,4,2,2
2005,"ANTIBE , NICOLE",ROS CASARES VALENCIA,4,2,2
2005,"HOLDSCLAW, CHAMIQUE SHAUNTA",ROS CASARES VALENCIA,4,2,2
2005,"YGUERAVIDE VIANA, SANDRA",ARRANZ-JOPISA BURGOS,3,2,"1,5"
2005,"MONDT, ANKE DE",ARRANZ-JOPISA BURGOS,3,2,"1,5"
2005,"PELAEZ SAN GIL, LOURDES",HONDARRIBIA-IRÚN,3,2,"1,5"
2005,"CAMPS COLLELL, LAURA",PERFUMERIAS AVENIDA,3,2,"1,5"
2005,"TILLIS, ICISS",ACIS INCOSA LEON,3,2,"1,5"
2005,"BROWN, KIESHA LINDSAY",HONDARRIBIA-IRÚN,3,2,"1,5"
2005,"SANTOS LUZ, HELEN CRISTINA",UB F.C BARCELONA,3,2,"1,5"
2005,"HLEDE, KORALJKA",HONDARRIBIA-IRÚN,3,2,"1,5"
2005,"GALLEGO VICARIO, SANDRA",UB F.C BARCELONA,2,2,1
2005,"PONS MOLINA, INGRID",UB F.C BARCELONA,2,2,1
2005,"DE SOUZA MACHADO, ERIKA CRISTINA",UB F.C BARCELONA,2,2,1
2005,"PODKOVALNIKOVA , OLGA",ROS CASARES VALENCIA,1,1,1
2005,"DONAIRE MALAGELADA, ELSA",UB F.C BARCELONA,2,2,1
2005,"DELGADO DIAZ-GUEMES, RAQUEL",HONDARRIBIA-IRÚN,2,2,1
2005,"NAVARRETE TRUJILLO, MIREIA",ARRANZ-JOPISA BURGOS,2,2,1
2004,"VALDEMORO MADARIAGA, AMAYA",ROS CASARES VALENCIA,60,22,"2,73"
2004,"ALONSO DIEGO, MARIA JOSE",ARRANZ - JOPISA BURGOS,54,20,"2,7"
2004,"HAMCHETOU, MAIGA",YAYA MARIA BREOGAN,63,24,"2,63"
2004,"MARTINEZ PRAT, NURIA",PERFUMERIAS AVENIDA,66,26,"2,54"
2004,"HERMOUET, EMMANUELLE",PERFUMERIAS AVENIDA,60,25,"2,4"
2004,"FERNANDEZ FARRES, MARTA",UNIVERSITAT DE BARCELONA - F.C,59,25,"2,36"
2004,"DE SOUZA SOBRAL, LEILA",REAL CLUB CELTA VIGOURBAN,61,26,"2,35"
2004,"MORALES MARTIN, SILVIA",C.B. PUIG D`EN VALLS SANTA EUL,56,24,"2,33"
2004,"DOMINGUEZ FERNANDEZ, SILVIA",USP CEU - ADECCO ESTUDIANTES,58,25,"2,32"
2004,"HILL, JOANNE KAY",ACIS-SUFI LEON,60,26,"2,31"
2004,"TORNIKIDOU TORNIKIDOU, ELENA",HONDARRIBIA - IRÚN,53,25,"2,12"
2004,"CARTER, AMISHA LOLINA",MOTIVA REAL CANOE N.C.,27,13,"2,08"
2004,"GARCIA PIÑERO, MARIA BEGOÑA",HONDARRIBIA - IRÚN,48,26,"1,85"
2004,"BATKOVIC, SUZY ROSE",ROS CASARES VALENCIA,37,20,"1,85"
2004,"CAMPS COLLELL, LAURA",PERFUMERIAS AVENIDA,44,24,"1,83"
2004,"COKER, MONIQUE",EXTRUGASA,44,24,"1,83"
2004,"CUNNINGHAN, DAVALYN",YAYA MARIA BREOGAN,23,13,"1,77"
2004,"MALTSI, EVANTHIA",REAL CLUB CELTA VIGOURBAN,45,26,"1,73"
2004,"GOMEZ NOVO, MARIA ARANZAZU",C.B. PUIG D`EN VALLS SANTA EUL,26,15,"1,73"
2004,"WYCKOFF, BROOKE ELIZABETH",YAYA MARIA BREOGAN,22,13,"1,69"
2004,"GRANDE FLORES, LAURA",CAJACANARIAS,42,25,"1,68"
2004,"STARBIRD, CATHARINE EVELYN",USP CEU - ADECCO ESTUDIANTES,43,26,"1,65"
2004,"JOENS, CATHERINE ELISABETH",C.B. PUIG D`EN VALLS SANTA EUL,21,13,"1,62"
2004,"BERMEJO MORENO, CLARA SUSANA",MANN FILTER ZARAGOZA,42,26,"1,62"
2004,"BROWN, EDWINA LYNN",MOTIVA REAL CANOE N.C.,21,13,"1,62"
2004,"WHITMORE, TAMIKA LACHAN",PERFUMERIAS AVENIDA,34,21,"1,62"
2004,"AGUILAR LOPEZ , ELISA",ROS CASARES VALENCIA,41,26,"1,58"
2004,"BROSOVSZKY, MONIKA IZABELLA",CAJACANARIAS,41,26,"1,58"
2004,"DEYAERT, NELE M.J.",ARRANZ - JOPISA BURGOS,41,26,"1,58"
2004,"CANTERO OSTOS, CRISTINA",REAL CLUB CELTA VIGOURBAN,34,22,"1,55"
2004,"HAYDEN, VANESSA",PERFUMERIAS AVENIDA,14,13,"1,08"
2004,"MARTINEZ PRAT, ROSER",YAYA MARIA BREOGAN,15,14,"1,07"
2004,"FARRIS, BARBARA",PERFUMERIAS AVENIDA,13,13,1
2004,"MARCAUSKAITE, IVETA",ARRANZ - JOPISA BURGOS,13,13,1
2004,"XANTAL SERRET, Mª DEL MAR",CAJACANARIAS,26,26,1
2004,"GALLEGO VICARIO, SANDRA",UNIVERSITAT DE BARCELONA - F.C,23,23,1
2004,"GOMEZ FERREIROS, SARA",EXTRUGASA,25,26,"0,96"
2004,"SANCHEZ MUÑOZ, ALICIA",USP CEU - ADECCO ESTUDIANTES,19,20,"0,95"
2004,"NNINDJEM, AGATHE RACHEL",ROS CASARES VALENCIA,12,13,"0,92"
2004,"BORGES DOS REIS, SONIA",YAYA MARIA BREOGAN,12,13,"0,92"
2004,"TUUKKANEN, TARU TELLERVO",MANN FILTER ZARAGOZA,24,26,"0,92"
2004,"GERMAN VELASCO, ICIAR",YAYA MARIA BREOGAN,21,23,"0,91"
2004,"ZIMERLE, ANNA",ROS CASARES VALENCIA,22,25,"0,88"
2004,"BOONEN, DANA MONIQUE LOUIS",EXTRUGASA,23,26,"0,88"
2004,"NAVARRETE TRUJILLO, MIREIA",MANN FILTER ZARAGOZA,21,24,"0,88"
2004,"ANTON LOPEZ, MONTSERRAT",USP CEU - ADECCO ESTUDIANTES,21,24,"0,88"
2004,"GARCIA MATA, GEMA",REAL CLUB CELTA VIGOURBAN,22,26,"0,85"
2004,"PONS MOLINA, INGRID",UNIVERSITAT DE BARCELONA - F.C,22,26,"0,85"
2004,"MARCOS BENITO, BLANCA",PERFUMERIAS AVENIDA,21,25,"0,84"
2004,"GARCIA TORRES, CRISTINA",UNIVERSITAT DE BARCELONA - F.C,20,25,"0,8"
2004,"DIJON, SANDRA MARCELLE",C.B. PUIG D`EN VALLS SANTA EUL,19,24,"0,79"
2004,"JIMENEZ GALINDO, ANNA ISABEL",C.B. PUIG D`EN VALLS SANTA EUL,18,23,"0,78"
2004,"POLLINI, CATARINA",ROS CASARES VALENCIA,13,17,"0,76"
2004,"LIMA GARCIA, CINDY ORQUIDEA",REAL CLUB CELTA VIGOURBAN,17,23,"0,74"
2004,"CEBRIAN SCHEURER, ELISABET",UNIVERSITAT DE BARCELONA - F.C,19,26,"0,73"
2004,"GARCÍA SALINERO, LAURA",MOTIVA REAL CANOE N.C.,18,25,"0,72"
2004,"BERGERON, EMMANUELLE SARAH SOPHIE",ARRANZ - JOPISA BURGOS,16,23,"0,7"
2004,"TUURE, KAISA MARKETTA",YAYA MARIA BREOGAN,18,26,"0,69"
2004,"ARDON, LESLIE",ACIS-SUFI LEON,9,13,"0,69"
2004,"FERRAGUT CASTILLO, MARINA",HONDARRIBIA - IRÚN,18,26,"0,69"
2004,"GINES GONZALEZ, MARTA",ARRANZ - JOPISA BURGOS,16,24,"0,67"
2004,"CRUZ LEBRATO, ANNA",UNIVERSITAT DE BARCELONA - F.C,10,16,"0,63"
2004,"PASCUA SUAREZ, MARÍA LUCILA",MANN FILTER ZARAGOZA,16,26,"0,62"
2004,"HERRERA AREVALO, MIRIAM",EXTRUGASA,14,23,"0,61"
2004,"GILABERT AVANTE, MONTSERRAT",EXTRUGASA,15,25,"0,6"
2004,"FORNS ESCUDE, NURIA",USP CEU - ADECCO ESTUDIANTES,15,25,"0,6"
2004,"GOMEZ IGLESIAS, REGINA",EXTRUGASA,14,24,"0,58"
2004,"PEREZ CAPARROS, ROSA",USP CEU - ADECCO ESTUDIANTES,15,26,"0,58"
2004,"BERTAL, GERALDINE MARIE ROSE",ARRANZ - JOPISA BURGOS,12,23,"0,52"
2004,"NIEUWVEEN, MARLOUS",CAJACANARIAS,13,26,"0,5"
2004,"QUINTERO CASTELLANO, THANIA",HONDARRIBIA - IRÚN,12,24,"0,5"
2004,"ROYO TORRES, MARIA ESTELA",MANN FILTER ZARAGOZA,11,25,"0,44"
2004,"DENTI MUNTANE, AINA",EXTRUGASA,9,21,"0,43"
2004,"FERRER PEREZ, ESTELA ROSA",ACIS-SUFI LEON,9,21,"0,43"
2004,"KIRETA, SONJA",ROS CASARES VALENCIA,7,17,"0,41"
2004,"DELGADO DIAZ-GUEMES, RAQUEL",HONDARRIBIA - IRÚN,10,25,"0,4"
2004,"ARAMBURU GARAYALDE, LEIRE",HONDARRIBIA - IRÚN,9,25,"0,36"
2004,"HAJDUNE CSASZAR, ANDREA",HONDARRIBIA - IRÚN,8,25,"0,32"
2004,"VILLAR FERNANDEZ, IRIA",C.B. PUIG D`EN VALLS SANTA EUL,8,26,"0,31"
2004,"LAAKSONEN, JENNI JANITA",C.B. PUIG D`EN VALLS SANTA EUL,8,26,"0,31"
2004,"SEGUI CARLES, PAULA",UNIVERSITAT DE BARCELONA - F.C,7,24,"0,29"
2004,"LLAMAS PAJUELO, MARIA NIEVES",PERFUMERIAS AVENIDA,5,20,"0,25"
2004,"YGUERAVIDE VIANA, SANDRA",PERFUMERIAS AVENIDA,6,25,"0,24"
2004,"CASTRILLO VILLANUEVA, SARA",ACIS-SUFI LEON,4,20,"0,2"
2004,"BOLEDA COLET, ANNA",ACIS-SUFI LEON,3,18,"0,17"
2004,"BJORKLUND, JOHANNA HELENA",PERFUMERIAS AVENIDA,2,13,"0,15"
2004,"KÜHN, KATHARINA CHARLOTTA",ACIS-SUFI LEON,4,26,"0,15"
2004,"VAN MALDEREN, LAURENCE",ACIS-SUFI LEON,2,13,"0,15"
2004,"MANDACHE, SIMINA ANDRA",EXTRUGASA,2,13,"0,15"
2004,"MARTIN MERINO, BLANCA",YAYA MARIA BREOGAN,2,18,"0,11"
2004,"RAMIRO DIAZ, NURIA MARIA",ACIS-SUFI LEON,2,21,"0,1"
2004,"RAMIRO DIAZ, NURIA MARIA",ACIS-SUFI LEON,2,21,"0,1"
2003,"PALAU ALTES, LAIA",UNIVERSITAT DE BARCELONA - F.C,15,4,"3,75"
2003,"NOLAN, DEANNA NICOLE",MANN FILTER ZARAGOZA,7,2,"3,5"
2003,"PALOMARES VALIENTE, PAULA",USP CEU - ADECCO ESTUDIANTES,6,2,3
2003,"HAMCHETOU, MAIGA",YAYA MARIA BREOGAN,14,5,"2,8"
2003,"ARAMBURU GARAYALDE, LEIRE",P.C. MENDIBIL,10,4,"2,5"
2003,"PASCUA SUAREZ, MARÍA LUCILA",MANN FILTER ZARAGOZA,5,2,"2,5"
2003,"MARTINEZ PRAT, NURIA",PERFUMERIAS AVENIDA,7,3,"2,33"
2003,"CANTERO OSTOS, CRISTINA",REAL CLUB CELTA BANCO SIMEON,4,2,2
2003,"CEBRIAN SCHEURER, ELISABET",USP CEU - ADECCO ESTUDIANTES,4,2,2
2003,"HOLLAND CORN, KEDRA",ROS CASARES VALENCIA,8,4,2
2003,"CUNNINGHAN, DAVALYN",YAYA MARIA BREOGAN,10,5,2
2003,"GOMEZ IGLESIAS, REGINA",YAYA MARIA BREOGAN,10,5,2
2003,"---, MURRIEL",P.C. MENDIBIL,8,4,2
2003,"BLANCO BERNAL, SONIA",USP CEU - ADECCO ESTUDIANTES,4,2,2
2003,"FALLON, TRISHA NICOLE",ROS CASARES VALENCIA,8,4,2
2003,"POLLINI, CATARINA",YAYA MARIA BREOGAN,9,5,"1,8"
2003,"CONGREAVES, ANDREA FIONA",UNIVERSITAT DE BARCELONA - F.C,7,4,"1,75"
2003,"DE SOUZA MACHADO, ERIKA CRISTINA",UNIVERSITAT DE BARCELONA - F.C,7,4,"1,75"
2003,"VALDEMORO MADARIAGA, AMAYA",ROS CASARES VALENCIA,7,4,"1,75"
2003,"GESTEIRA FERNANDEZ, LIDIA",PERFUMERIAS AVENIDA,5,3,"1,67"
2003,"GOMEZ NOVO, MARIA ARANZAZU",YAYA MARIA BREOGAN,8,5,"1,6"
2003,"PODRUG, EMILIJA",REAL CLUB CELTA BANCO SIMEON,3,2,"1,5"
2003,"BERTHIEU, LUCCIENNE CLAUDINE",ROS CASARES VALENCIA,6,4,"1,5"
2003,"AGUILAR LOPEZ , ELISA",ROS CASARES VALENCIA,6,4,"1,5"
2003,"GARCIA PIÑERO, MARIA BEGOÑA",MANN FILTER ZARAGOZA,3,2,"1,5"
2003,"PELAEZ SAN GIL, LOURDES",P.C. MENDIBIL,6,4,"1,5"
2003,"JORDANA BOFILL, NOEMI",REAL CLUB CELTA BANCO SIMEON,3,2,"1,5"
2003,"BLAHUSKOVA, LUCIE",REAL CLUB CELTA BANCO SIMEON,3,2,"1,5"
2003,"TORNIKIDOU TORNIKIDOU, ELENA",P.C. MENDIBIL,6,4,"1,5"
2003,"DAPO, AMRA",PERFUMERIAS AVENIDA,4,3,"1,33"
2003,"ROVIRA RODRIGUEZ, MARIA DEL MAR",UNIVERSITAT DE BARCELONA - F.C,1,4,"0,25"
2003,"TUURE, KAISA MARKETTA",YAYA MARIA BREOGAN,1,5,"0,2"
2003,"ROVIRA RODRIGUEZ, MARIA DEL MAR",UNIVERSITAT DE BARCELONA - F.C,1,4,"0,25"
2003,"TUURE, KAISA MARKETTA",YAYA MARIA BREOGAN,1,5,"0,2"
2002,"GESTEIRA FERNANDEZ, LIDIA",PERFUMERIAS AVENIDA,2,2,1
2002,"JORDANA BOFILL, NOEMI",REAL CLUB CELTA BANCO SIMEON,2,2,1
2002,"JIMENEZ GALINDO, ANNA ISABEL",C.B. PUIG D`EN VALLS SANTA EUL,1,1,1
2002,"MAGLISCEAU, MICHELLE YVONNE",C.B. CIUDAD DE BURGOS,2,2,1
2002,"ERB, SUMMER ELISABETH",CAJA RURAL DE CANARIAS,4,4,1
2002,"CHRISTOFORAKIS, ATHENA",PERFUMERIAS AVENIDA,2,2,1
2002,"GOUREEVA, JULIA",PERFUMERIAS AVENIDA,2,2,1
2002,"PALAU ALTES, LAIA",UNIVERSITAT DE BARCELONA - F.C,4,4,1
2002,"ALAÑA SEGURA, SHEILA",C.B. CIUDAD DE BURGOS,2,2,1
2002,"MARTINEZ PRAT, NURIA",UNIVERSITAT DE BARCELONA - F.C,3,4,"0,75"
2002,"SEGUI CARLES, PAULA",UNIVERSITAT DE BARCELONA - F.C,3,4,"0,75"
2002,"FERRAGUT CASTILLO, MARINA",FILTROS MANN ZARAGOZA,3,4,"0,75"
2002,"DONAPHIN, BETHANY CAMILLE",CAJA RURAL DE CANARIAS,3,4,"0,75"
2002,"PALMER, WENDY",FILTROS MANN ZARAGOZA,3,4,"0,75"
2002,"---, POLIMIA",C.B. PUIG D`EN VALLS SANTA EUL,1,2,"0,5"
2002,"CANTERO OSTOS, CRISTINA",REAL CLUB CELTA BANCO SIMEON,1,2,"0,5"
2002,"WHITTLE, JENNY",C.B. CIUDAD DE BURGOS,1,2,"0,5"
2002,"JUANES HERNANDEZ, YOLANDA",C.B. CIUDAD DE BURGOS,1,2,"0,5"
2002,"KLEINDIENST, TERESA",C.B. CIUDAD DE BURGOS,1,2,"0,5"
2002,"MORENO MELIAN, ARMINDA",PERFUMERIAS AVENIDA,1,2,"0,5"
2002,"ROVIRA RODRIGUEZ, MARIA DEL MAR",CAJA RURAL DE CANARIAS,2,4,"0,5"
2002,"LIMA GARCIA, CINDY ORQUIDEA",REAL CLUB CELTA BANCO SIMEON,1,2,"0,5"
2002,"SANTOS DE OLIVEIRA, RENATA",REAL CLUB CELTA BANCO SIMEON,1,2,"0,5"
2002,"CALVO VERA, ARANTXA",FILTROS MANN ZARAGOZA,2,4,"0,5"
2002,"MONTESDEOCA VALIDO, EVA",CAJA RURAL DE CANARIAS,1,4,"0,25"
2002,"MIRCHANDANI VILLAR, LIDIA",ROS CASARES VALENCIA,1,4,"0,25"
2002,"SECO SALVADOR, TERESA",FILTROS MANN ZARAGOZA,1,4,"0,25"
2002,"GESTEIRA FERNANDEZ, LIDIA",PERFUMERIAS AVENIDA,2,2,1
2002,"JORDANA BOFILL, NOEMI",REAL CLUB CELTA BANCO SIMEON,2,2,1
2002,"JIMENEZ GALINDO, ANNA ISABEL",C.B. PUIG D`EN VALLS SANTA EUL,1,1,1
2002,"MAGLISCEAU, MICHELLE YVONNE",C.B. CIUDAD DE BURGOS,2,2,1
2002,"ERB, SUMMER ELISABETH",CAJA RURAL DE CANARIAS,4,4,1
2002,"CHRISTOFORAKIS, ATHENA",PERFUMERIAS AVENIDA,2,2,1
2002,"GOUREEVA, JULIA",PERFUMERIAS AVENIDA,2,2,1
2002,"PALAU ALTES, LAIA",UNIVERSITAT DE BARCELONA - F.C,4,4,1
2002,"ALAÑA SEGURA, SHEILA",C.B. CIUDAD DE BURGOS,2,2,1
2002,"MARTINEZ PRAT, NURIA",UNIVERSITAT DE BARCELONA - F.C,3,4,"0,75"
2002,"SEGUI CARLES, PAULA",UNIVERSITAT DE BARCELONA - F.C,3,4,"0,75"
2002,"FERRAGUT CASTILLO, MARINA",FILTROS MANN ZARAGOZA,3,4,"0,75"
2002,"DONAPHIN, BETHANY CAMILLE",CAJA RURAL DE CANARIAS,3,4,"0,75"
2002,"PALMER, WENDY",FILTROS MANN ZARAGOZA,3,4,"0,75"
2002,"---, POLIMIA",C.B. PUIG D`EN VALLS SANTA EUL,1,2,"0,5"
2002,"CANTERO OSTOS, CRISTINA",REAL CLUB CELTA BANCO SIMEON,1,2,"0,5"
2002,"WHITTLE, JENNY",C.B. CIUDAD DE BURGOS,1,2,"0,5"
2002,"JUANES HERNANDEZ, YOLANDA",C.B. CIUDAD DE BURGOS,1,2,"0,5"
2002,"KLEINDIENST, TERESA",C.B. CIUDAD DE BURGOS,1,2,"0,5"
2002,"MORENO MELIAN, ARMINDA",PERFUMERIAS AVENIDA,1,2,"0,5"
2002,"ROVIRA RODRIGUEZ, MARIA DEL MAR",CAJA RURAL DE CANARIAS,2,4,"0,5"
2002,"LIMA GARCIA, CINDY ORQUIDEA",REAL CLUB CELTA BANCO SIMEON,1,2,"0,5"
2002,"SANTOS DE OLIVEIRA, RENATA",REAL CLUB CELTA BANCO SIMEON,1,2,"0,5"
2002,"CALVO VERA, ARANTXA",FILTROS MANN ZARAGOZA,2,4,"0,5"
2002,"MONTESDEOCA VALIDO, EVA",CAJA RURAL DE CANARIAS,1,4,"0,25"
2002,"MIRCHANDANI VILLAR, LIDIA",ROS CASARES VALENCIA,1,4,"0,25"
2002,"SECO SALVADOR, TERESA",FILTROS MANN ZARAGOZA,1,4,"0,25"
2001,"MARTÍNEZ PRAT, NÚRIA",UNIVERSITAT DE BARCELONA B.F.,4,4,1
2001,"CANTERO VILCHES, VERO",CADI LA SEU D´URGELL,2,2,1
2001,"PELAEZ SAN GIL, LOURDES",CAJA RURAL DE CANARIAS,3,3,1
2001,"ANTOJA ROVIRA, LAURA",CADI LA SEU D´URGELL,2,2,1
2001,"GOUREEVA, JULIA",HALCON VIAJES,2,2,1
2001,"GALLEGO VICARIO, SANDRA",FILTROS MANN ZARAGOZA,5,5,1
2001,"---, MARTA",ROS CASARES VALENCIA,4,5,"0,8"
2001,"JORDANA BOFILL, NOEMI",REAL CLUB CELTA BANCO SIMEON,4,5,"0,8"
2001,"CANTERO OSTOS, CRISTINA",FILTROS MANN ZARAGOZA,4,5,"0,8"
2001,"SECO SALVADOR, TERESA",FILTROS MANN ZARAGOZA,3,4,"0,75"
2001,"GESTEIRA FERNANDEZ, LIDIA",ROS CASARES VALENCIA,3,4,"0,75"
2001,"RIVERES ESPARZA, PATRICIA",FILTROS MANN ZARAGOZA,2,3,"0,67"
2001,"BOONEN, DANA MONIQUE LOUIS",ROS CASARES VALENCIA,2,3,"0,67"
2001,"XANTAL SERRET, Mª DEL MAR",REAL CLUB CELTA BANCO SIMEON,3,5,"0,6"
2001,"HODGES, DALE",CADI LA SEU D´URGELL,1,2,"0,5"
2001,"GOMEZ NOVO, MARIA ARANZAZU",YAYA MARIA BREOGAN,1,2,"0,5"
2001,"POLLINI, CATARINA",YAYA MARIA BREOGAN,1,2,"0,5"
2001,"CALVO VERA, ARANTXA",FILTROS MANN ZARAGOZA,2,4,"0,5"
2001,"---, IZIANE CASTRO MARQUEZ",YAYA MARIA BREOGAN,1,2,"0,5"
2001,"MIRCHANDANI VILLAR, LIDIA",ROS CASARES VALENCIA,2,5,"0,4"
2001,"SEGUI CARLES, PAULA",UNIVERSITAT DE BARCELONA B.F.,1,3,"0,33"
2001,"ALAMO GONZALEZ, ELENA MARIA",CAJA RURAL DE CANARIAS,1,3,"0,33"
2001,"LOPEZ VERDU, ALICIA",ROS CASARES VALENCIA,1,3,"0,33"
2001,"NAVARRETE TRUJILLO, MIREIA",REAL CLUB CELTA BANCO SIMEON,1,4,"0,25"
2001,"PALAU ALTES, LAIA",UNIVERSITAT DE BARCELONA B.F.,1,4,"0,25"
2001,"VILLAR FERNANDEZ, IRIA",REAL CLUB CELTA BANCO SIMEON,1,5,"0,2"
2001,"MARTÍNEZ PRAT, NÚRIA",UNIVERSITAT DE BARCELONA B.F.,4,4,1
2001,"CANTERO VILCHES, VERO",CADI LA SEU D´URGELL,2,2,1
2001,"PELAEZ SAN GIL, LOURDES",CAJA RURAL DE CANARIAS,3,3,1
2001,"ANTOJA ROVIRA, LAURA",CADI LA SEU D´URGELL,2,2,1
2001,"GOUREEVA, JULIA",HALCON VIAJES,2,2,1
2001,"GALLEGO VICARIO, SANDRA",FILTROS MANN ZARAGOZA,5,5,1
2001,"---, MARTA",ROS CASARES VALENCIA,4,5,"0,8"
2001,"JORDANA BOFILL, NOEMI",REAL CLUB CELTA BANCO SIMEON,4,5,"0,8"
2001,"CANTERO OSTOS, CRISTINA",FILTROS MANN ZARAGOZA,4,5,"0,8"
2001,"SECO SALVADOR, TERESA",FILTROS MANN ZARAGOZA,3,4,"0,75"
2001,"GESTEIRA FERNANDEZ, LIDIA",ROS CASARES VALENCIA,3,4,"0,75"
2001,"RIVERES ESPARZA, PATRICIA",FILTROS MANN ZARAGOZA,2,3,"0,67"
2001,"BOONEN, DANA MONIQUE LOUIS",ROS CASARES VALENCIA,2,3,"0,67"
2001,"XANTAL SERRET, Mª DEL MAR",REAL CLUB CELTA BANCO SIMEON,3,5,"0,6"
2001,"HODGES, DALE",CADI LA SEU D´URGELL,1,2,"0,5"
2001,"GOMEZ NOVO, MARIA ARANZAZU",YAYA MARIA BREOGAN,1,2,"0,5"
2001,"POLLINI, CATARINA",YAYA MARIA BREOGAN,1,2,"0,5"
2001,"CALVO VERA, ARANTXA",FILTROS MANN ZARAGOZA,2,4,"0,5"
2001,"---, IZIANE CASTRO MARQUEZ",YAYA MARIA BREOGAN,1,2,"0,5"
2001,"MIRCHANDANI VILLAR, LIDIA",ROS CASARES VALENCIA,2,5,"0,4"
2001,"SEGUI CARLES, PAULA",UNIVERSITAT DE BARCELONA B.F.,1,3,"0,33"
2001,"ALAMO GONZALEZ, ELENA MARIA",CAJA RURAL DE CANARIAS,1,3,"0,33"
2001,"LOPEZ VERDU, ALICIA",ROS CASARES VALENCIA,1,3,"0,33"
2001,"NAVARRETE TRUJILLO, MIREIA",REAL CLUB CELTA BANCO SIMEON,1,4,"0,25"
2001,"PALAU ALTES, LAIA",UNIVERSITAT DE BARCELONA B.F.,1,4,"0,25"
2001,"VILLAR FERNANDEZ, IRIA",REAL CLUB CELTA BANCO SIMEON,1,5,"0,2"
2000,"LONGIN, KORANA",UNIVERSITAT DE BARCELONA,4,4,1
2000,"---, ANKE",C.B.N.,2,2,1
2000,"ALAMO GONZALEZ, ELENA",SANDRA GRAN CANARIA,2,2,1
2000,"CEBRIAN SCHEURER, ELISABET",UNIVERSITAT DE BARCELONA,4,4,1
2000,"MARTINEZ ESPEJO, CARMEN",C.B.N.,2,2,1
2000,"LOPEZ VERDU, ALICIA",ROS CASARES,5,5,1
2000,"FERRAGUT CASTILLO, MARINA",ROS CASARES,4,5,"0,8"
2000,"---, ELENA",UNIVERSITAT DE BARCELONA,3,4,"0,75"
2000,"BARGALLO DIAZ, MIREIA",UNIVERSITAT DE BARCELONA,2,3,"0,67"
2000,"JONKUTE, INGRIDA",R.CLUB CELTA BANCO SIMEON,2,3,"0,67"
2000,"BARRIOS PEINADO, NATALIA",B. CIUDAD DE BURGOS,2,3,"0,67"
2000,"VALERO CEBRIAN, PILAR",R.CLUB CELTA BANCO SIMEON,2,3,"0,67"
2000,"GOMEZ NOVO, MARIA ARANZAZU",ENSINO YAYA MARIA,3,5,"0,6"
2000,"PEREZ CAPARROS, ROSA",UNIVERSITAT DE BARCELONA,2,4,"0,5"
2000,"VILLAR FERNANDEZ, IRIA",R.CLUB CELTA BANCO SIMEON,1,2,"0,5"
2000,"DONAIRE MALVELADA, ELSA",SALAMANCA HALCON VIAJES,1,2,"0,5"
2000,"---, JULIA",SALAMANCA HALCON VIAJES,1,2,"0,5"
2000,"HERNÁNDEZ NOVILLO, MARÍA ANTONIA",B. CIUDAD DE BURGOS,1,2,"0,5"
2000,"ALVARADO FALCON, DAIZA MARTA",SANDRA GRAN CANARIA,1,2,"0,5"
2000,"BEZOS MARTÍNEZ, EMMA",SALAMANCA HALCON VIAJES,1,2,"0,5"
2000,"GARCIA FERNANDEZ, BELEN",ENSINO YAYA MARIA,2,5,"0,4"
2000,"GESTEIRA FERNANDEZ, LIDIA",ROS CASARES,1,3,"0,33"
2000,"DOMINGUEZ BERMEJO, DAVINIA",B. CIUDAD DE BURGOS,1,3,"0,33"
2000,"MUJANOVIC, RAZIJA",R.CLUB CELTA BANCO SIMEON,1,3,"0,33"
2000,"LONGIN, KORANA",UNIVERSITAT DE BARCELONA,4,4,1
2000,"---, ANKE",C.B.N.,2,2,1
2000,"ALAMO GONZALEZ, ELENA",SANDRA GRAN CANARIA,2,2,1
2000,"CEBRIAN SCHEURER, ELISABET",UNIVERSITAT DE BARCELONA,4,4,1
2000,"MARTINEZ ESPEJO, CARMEN",C.B.N.,2,2,1
2000,"LOPEZ VERDU, ALICIA",ROS CASARES,5,5,1
2000,"FERRAGUT CASTILLO, MARINA",ROS CASARES,4,5,"0,8"
2000,"---, ELENA",UNIVERSITAT DE BARCELONA,3,4,"0,75"
2000,"BARGALLO DIAZ, MIREIA",UNIVERSITAT DE BARCELONA,2,3,"0,67"
2000,"JONKUTE, INGRIDA",R.CLUB CELTA BANCO SIMEON,2,3,"0,67"
2000,"BARRIOS PEINADO, NATALIA",B. CIUDAD DE BURGOS,2,3,"0,67"
2000,"VALERO CEBRIAN, PILAR",R.CLUB CELTA BANCO SIMEON,2,3,"0,67"
2000,"GOMEZ NOVO, MARIA ARANZAZU",ENSINO YAYA MARIA,3,5,"0,6"
2000,"PEREZ CAPARROS, ROSA",UNIVERSITAT DE BARCELONA,2,4,"0,5"
2000,"VILLAR FERNANDEZ, IRIA",R.CLUB CELTA BANCO SIMEON,1,2,"0,5"
2000,"DONAIRE MALVELADA, ELSA",SALAMANCA HALCON VIAJES,1,2,"0,5"
2000,"---, JULIA",SALAMANCA HALCON VIAJES,1,2,"0,5"
2000,"HERNÁNDEZ NOVILLO, MARÍA ANTONIA",B. CIUDAD DE BURGOS,1,2,"0,5"
2000,"ALVARADO FALCON, DAIZA MARTA",SANDRA GRAN CANARIA,1,2,"0,5"
2000,"BEZOS MARTÍNEZ, EMMA",SALAMANCA HALCON VIAJES,1,2,"0,5"
2000,"GARCIA FERNANDEZ, BELEN",ENSINO YAYA MARIA,2,5,"0,4"
2000,"GESTEIRA FERNANDEZ, LIDIA",ROS CASARES,1,3,"0,33"
2000,"DOMINGUEZ BERMEJO, DAVINIA",B. CIUDAD DE BURGOS,1,3,"0,33"
2000,"MUJANOVIC, RAZIJA",R.CLUB CELTA BANCO SIMEON,1,3,"0,33"
1999,"PELAEZ SAN GIL, LOURDES",SANDRA GRAN CANARIA,9,2,"4,5"
1999,"PONS MOLINA, INGRID",POPULAR BASQUET GODELLA,5,2,"2,5"
1999,"DOBROVICA, ERIKA",R.CLUB CELTA BANCO SIMEON,4,2,2
1999,"VALERO CEBRIAN, PILAR",R.CLUB CELTA BANCO SIMEON,4,2,2
1999,"GESTEIRA FERNANDEZ, LIDIA",POPULAR BASQUET GODELLA,4,2,2
1999,"FERRER ADELANTADO, MARIA TERESA",POPULAR BASQUET GODELLA,2,1,2
1999,"FERNANDEZ FARRES, MARTA",POPULAR BASQUET GODELLA,3,2,"1,5"
1999,"FERRER PEREZ, ESTELA ROSA",SANDRA GRAN CANARIA,3,2,"1,5"
1999,"---, MARIE",SANDRA GRAN CANARIA,3,2,"1,5"
1999,"GARCIA PIÑERO, MARIA BEGOÑA",C.D. ENSINO,3,2,"1,5"
1999,"SÁNCHEZ LUJÁN, ROSAURA DEL CARMEN",SANDRA GRAN CANARIA,3,2,"1,5"
1999,"ALAMO GONZALEZ, ELENA",SANDRA GRAN CANARIA,1,1,1
1999,"GRANDE FLORES, LAURA",R.CLUB CELTA BANCO SIMEON,2,2,1
1999,"PADROS TORTADES, MARIA",POPULAR BASQUET GODELLA,1,1,1
1999,"NAVARRO VIERA, YASMINA",SANDRA GRAN CANARIA,1,1,1
1999,"SANCHEZ FERNANDEZ, ISABEL",C.D. ENSINO,2,2,1
1999,"DELGADO DIAZ-GUEMES, RAQUEL",POPULAR BASQUET GODELLA,2,2,1
1999,"ANTONIKOVA, EVA",POPULAR BASQUET GODELLA,2,2,1
1999,"---, ---",R.CLUB CELTA BANCO SIMEON,1,2,"0,5"
1999,"MORIANA NADAL, PALOMA",SANDRA GRAN CANARIA,1,2,"0,5"
1999,"ARMENTA MONTEAGUDO, MARUXA",C.D. ENSINO,1,2,"0,5"
1999,"LOPEZ VERDU, ALICIA",POPULAR BASQUET GODELLA,1,2,"0,5"
1999,"CRAWLEY, SILVIA YVONNE",C.D. ENSINO,1,2,"0,5"
1999,"SARENAC, RANKICA",SANDRA GRAN CANARIA,1,2,"0,5"
1999,"CEBRIAN SCHEURER, ELISABET",R.CLUB CELTA BANCO SIMEON,1,2,"0,5"
1998,"VALDEMORO MADARIAGA, AMAYA",HALCON VIAJES,10,3,"3,33"
1998,"PASCHAL, TOWANDA DENICE",HALCON VIAJES,9,3,3
1998,"GARCIA PIÑERO, MARIA BEGOÑA",ENSINO,8,3,"2,67"
1998,"MIRCHANDANI VILLAR, LIDIA",SANDRA G. CANARIA,7,3,"2,33"
1998,"PELAEZ SAN GIL, LOURDES",SANDRA G. CANARIA,7,3,"2,33"
1998,"HICKS, JESSIE IVETTE",SANDRA G. CANARIA,6,3,2
1998,"GAMON HERNANDEZ, ASUNCION",SANDRA G. CANARIA,5,3,"1,67"
1998,"SÁNCHEZ LUJÁN, ROSAURA DEL CARMEN",SANDRA G. CANARIA,4,3,"1,33"
1998,"GONZALEZ DIAZ, CARMEN",BANCO SIMEON,4,3,"1,33"
1998,"CEBRIAN SCHEURER, ELISABET",BANCO SIMEON,4,3,"1,33"
1998,"SANCHEZ ORTEGA, PALOMA",BANCO SIMEON,3,3,1
1998,"SANCHEZ FERNANDEZ, ISABEL",ENSINO,3,3,1
1998,"BEZOS MARTÍNEZ, EMMA",HALCON VIAJES,2,3,"0,67"
1998,"GRANDE FLORES, LAURA",BANCO SIMEON,2,3,"0,67"
1998,"MELVIN, CHASITY MONIQUE",BANCO SIMEON,2,3,"0,67"
1998,"DELGADO FERNANDEZ, CONCEPCION",ENSINO,2,3,"0,67"
1998,"SALVADOR VIÑOLAS, MERITXELL",HALCON VIAJES,2,3,"0,67"
1998,"HERNANDEZ ARENCIBIA, PATRICIA DEL PINO",HALCON VIAJES,2,3,"0,67"
1998,"VALERO CEBRIAN, PILAR",BANCO SIMEON,2,3,"0,67"
1998,"JUANES HERNANDEZ, SONIA",HALCON VIAJES,1,2,"0,5"
1998,"XANTAL SERRET, Mª DEL MAR",BANCO SIMEON,1,3,"0,33"
1998,"ARMENTA MONTEAGUDO, MARUXA",ENSINO,1,3,"0,33"
1998,"QUINTERO CASTELLANO, THANIA",SANDRA G. CANARIA,1,3,"0,33"
1998,"JUANES HERNANDEZ, YOLANDA",HALCON VIAJES,1,3,"0,33"
1998,"VILLAR FERNANDEZ, IRIA",BANCO SIMEON,1,3,"0,33"
1997,"VALDEMORO MADARIAGA, AMAYA",POOL GETAFE,14,5,"2,8"
1997,"GAMON HERNANDEZ, ASUNCION",SANDRA G. CANARIA,4,2,2
1997,"SÁNCHEZ LUJÁN, ROSAURA DEL CARMEN",SANDRA G. CANARIA,4,2,2
1997,"VALERO CEBRIAN, PILAR",BANCO SIMEON,10,6,"1,67"
1997,"GRANDE FLORES, LAURA",BANCO SIMEON,8,6,"1,33"
1997,"ANULA ALAMEDA, NIEVES",POOL GETAFE,6,5,"1,2"
1997,"JACKSON, BRENETHA TRISE",POOL GETAFE,6,5,"1,2"
1997,"GALLEGO VICARIO, SANDRA",UNIVERSITARI,3,3,1
1997,"DYDEK, MARGO",POOL GETAFE,5,5,1
1997,"MONTESDEOCA LOPEZ, EVA",SANDRA G. CANARIA,1,1,1
1997,"PEÑA LESMES, SANDRA",UNIVERSITARI,1,1,1
1997,"NAVARRO VIERA, YASMINA",SANDRA G. CANARIA,1,1,1
1997,"PALAU ALTES, LAIA",UNIVERSITARI,3,3,1
1997,"PELAEZ SAN GIL, LOURDES",SANDRA G. CANARIA,2,2,1
1997,"HEMERY, DEBBIE MICHELLE",POOL GETAFE,5,5,1
1997,"VILLAR FERNANDEZ, IRIA",BANCO SIMEON,5,6,"0,83"
1997,"XANTAL SERRET, Mª DEL MAR",BANCO SIMEON,4,6,"0,67"
1997,"FONTS MATEO, NURIA",UNIVERSITARI,2,3,"0,67"
1997,"SANCHEZ ORTEGA, PALOMA",BANCO SIMEON,4,6,"0,67"
1997,"PONS MOLINA, INGRID",UNIVERSITARI,2,3,"0,67"
1997,"JEKABSONE, ANDA",BANCO SIMEON,4,6,"0,67"
1997,"BISETTI RODRIGUEZ, LUISA",UNIVERSITARI,2,3,"0,67"
1997,"CEBRIAN SCHEURER, ELISABET",UNIVERSITARI,2,3,"0,67"
1997,"URQUIJO ALAMO, PATRICIA",SANDRA G. CANARIA,1,2,"0,5"
1997,"ALAMO GONZALEZ, ELENA",SANDRA G. CANARIA,1,2,"0,5"
1997,"RODRIGUEZ TOLEDO, ORANDA",SANDRA G. CANARIA,1,2,"0,5"
1997,"GUERRA TALAVERA, TARINA MARIA",SANDRA G. CANARIA,1,2,"0,5"
1997,"---, HEIKE MARIA",POOL GETAFE,2,5,"0,4"
1997,"ZASSOULSKAYA, NATALIA",POOL GETAFE,1,5,"0,2"
