Temporada,Jugador,Equipo,Tot,Part,Med
2024,"DEMBELE, GNERE ALIMA",CLUB JOVENTUT BADALONA,10,2,5
2024,"MAWULI, STEPHANIE",CASADEMONT ZARAGOZA,23,5,"4,6"
2024,"HOLESINSKA, PETRA",HOZONO GLOBAL JAIRIS,9,2,"4,5"
2024,"CAMILION CUCCARO, JUANA",MOVISTAR ESTUDIANTES,9,2,"4,5"
2024,"AYUSO BAGUR, AINA",HOZONO GLOBAL JAIRIS,8,2,4
2024,"MILLAN MODIA, BLANCA",BAXI FERROL,8,2,4
2024,"CARRERA QUINTANA, RAQUEL",VALENCIA B.C.,20,5,4
2024,"ORTIZ VIVES, MARIONA",CASADEMONT ZARAGOZA,20,5,4
2024,"FRASER, BRIANNA ASHAKI",CASADEMONT ZARAGOZA,8,2,4
2024,"HEMPE, MERRIT RAMONA",CASADEMONT ZARAGOZA,18,5,"3,6"
2024,"WHITTLE, MARENA JOSEPHINE",MOVISTAR ESTUDIANTES,7,2,"3,5"
2024,"PIERA FLO, LAURA",CLUB JOVENTUT BADALONA,7,2,"3,5"
2024,"COULIBALY, MARIAM ALOU",CLUB JOVENTUT BADALONA,7,2,"3,5"
2024,"MELIA, CLAIRE",BAXI FERROL,7,2,"3,5"
2024,"PIERRE LOUIS, VIONISE ARON'S",SPAR GIRONA,13,4,"3,25"
2024,"LUNDQUIST, KLARA MARIA SUSSANE",SPAR GIRONA,13,4,"3,25"
2024,"MASSEY, BILLIE KIM",HOZONO GLOBAL JAIRIS,6,2,3
2024,"SALVADORES ALVAREZ, ANGELA",MOVISTAR ESTUDIANTES,6,2,3
2024,"KONE , SIKA",PERFUMERIAS AVENIDA,11,4,"2,75"
2024,"MARTIN CARRION, IYANA",PERFUMERIAS AVENIDA,11,4,"2,75"
2024,"TURNER, YVONNE NICOLE",VALENCIA B.C.,13,5,"2,6"
2024,"ALEXANDER, KAYLA JANINE",VALENCIA B.C.,13,5,"2,6"
2024,"ELDEBRINK, FRIDA",HOZONO GLOBAL JAIRIS,5,2,"2,5"
2024,"DOMINGUEZ FERNANDEZ, SILVIA",PERFUMERIAS AVENIDA,10,4,"2,5"
2024,"GIL COLLADO, LAURA",PERFUMERIAS AVENIDA,10,4,"2,5"
2024,"TORRENS SALOM, ALBA",VALENCIA B.C.,12,5,"2,4"
2024,"FLORES COSTA, LAIA",CASADEMONT ZARAGOZA,12,5,"2,4"
2024,"YGUERAVIDE VIANA, SANDRA",SPAR GIRONA,9,4,"2,25"
2024,"CARTER, ARICA DERRIS",PERFUMERIAS AVENIDA,9,4,"2,25"
2024,"FIEBICH, LEONIE",VALENCIA B.C.,11,5,"2,2"
2024,"EVANS, SHANTE MARIE",CASADEMONT ZARAGOZA,4,5,"0,8"
2024,"LOPEZ RODRIGUEZ, AINHOA",SPAR GIRONA,3,4,"0,75"
2024,"GUERRERO ALCANTARA, CAROLINA",SPAR GIRONA,3,4,"0,75"
2024,"NYSTROM, ELLEN ADINA",CASADEMONT ZARAGOZA,3,4,"0,75"
2024,"BURA, PATRICIA",MOVISTAR ESTUDIANTES,1,2,"0,5"
2024,"JOINER, MOIRA MACY",BAXI FERROL,1,2,"0,5"
2024,"ALARCON OTERO, TXELL",HOZONO GLOBAL JAIRIS,1,2,"0,5"
2024,"SARAVIA LOGROÑO, PAULA",MOVISTAR ESTUDIANTES,1,2,"0,5"
2024,"LEKOVIC, MARIJA",PERFUMERIAS AVENIDA,1,2,"0,5"
2024,"OMA GIRALT, HELENA",CASADEMONT ZARAGOZA,2,5,"0,4"
2024,"JESPERSEN , MARIA STEEN",PERFUMERIAS AVENIDA,1,3,"0,33"
2024,"VILARO ARAGONES, ANDREA",PERFUMERIAS AVENIDA,1,4,"0,25"
2024,"JANKOVIC, MASA",PERFUMERIAS AVENIDA,1,4,"0,25"
2024,"EVANS, SHANTE MARIE",CASADEMONT ZARAGOZA,4,5,"0,8"
2024,"LOPEZ RODRIGUEZ, AINHOA",SPAR GIRONA,3,4,"0,75"
2024,"GUERRERO ALCANTARA, CAROLINA",SPAR GIRONA,3,4,"0,75"
2024,"NYSTROM, ELLEN ADINA",CASADEMONT ZARAGOZA,3,4,"0,75"
2024,"BURA, PATRICIA",MOVISTAR ESTUDIANTES,1,2,"0,5"
2024,"JOINER, MOIRA MACY",BAXI FERROL,1,2,"0,5"
2024,"ALARCON OTERO, TXELL",HOZONO GLOBAL JAIRIS,1,2,"0,5"
2024,"SARAVIA LOGROÑO, PAULA",MOVISTAR ESTUDIANTES,1,2,"0,5"
2024,"LEKOVIC, MARIJA",PERFUMERIAS AVENIDA,1,2,"0,5"
2024,"OMA GIRALT, HELENA",CASADEMONT ZARAGOZA,2,5,"0,4"
2024,"JESPERSEN , MARIA STEEN",PERFUMERIAS AVENIDA,1,3,"0,33"
2024,"VILARO ARAGONES, ANDREA",PERFUMERIAS AVENIDA,1,4,"0,25"
2024,"JANKOVIC, MASA",PERFUMERIAS AVENIDA,1,4,"0,25"
2023,"GINZO ARANTES, PAULA",VALENCIA B.C.,5,6,"0,83"
2023,"VILARO ARAGONES, ANDREA",PERFUMERIAS AVENIDA,5,6,"0,83"
2023,"CANELLA RODRIGUEZ, MARTA",SPAR GIRONA,3,4,"0,75"
2023,"GULBE, ALEKSA",CASADEMONT ZARAGOZA,3,4,"0,75"
2023,"POINTER, KHAYLA NICOLE",CASADEMONT ZARAGOZA,2,3,"0,67"
2023,"NICHOLSON, LAUREN MARIE",SPAR GIRONA,2,3,"0,67"
2023,"KALIN, MARIANNE FANNY",BAXI FERROL,1,2,"0,5"
2023,"DELAERE, ANTONIA LAURA A.",PERFUMERIAS AVENIDA,3,6,"0,5"
2023,"TORRENS SALOM, ALBA",VALENCIA B.C.,2,4,"0,5"
2023,"WESTERIK, LAURA",IDK EUSKOTREN,1,2,"0,5"
2023,"FAM THIAM, AWA",VALENCIA B.C.,1,2,"0,5"
2023,"FEQUIERE, JESSICA",BAXI FERROL,1,2,"0,5"
2023,"NELSON, CHELSEA KEIANA",HOZONO GLOBAL JAIRIS,1,2,"0,5"
2023,"LOPEZ RODRIGUEZ, AINHOA",SPAR GIRONA,1,4,"0,25"
2023,"GINZO ARANTES, PAULA",VALENCIA B.C.,5,6,"0,83"
2023,"VILARO ARAGONES, ANDREA",PERFUMERIAS AVENIDA,5,6,"0,83"
2023,"CANELLA RODRIGUEZ, MARTA",SPAR GIRONA,3,4,"0,75"
2023,"GULBE, ALEKSA",CASADEMONT ZARAGOZA,3,4,"0,75"
2023,"POINTER, KHAYLA NICOLE",CASADEMONT ZARAGOZA,2,3,"0,67"
2023,"NICHOLSON, LAUREN MARIE",SPAR GIRONA,2,3,"0,67"
2023,"KALIN, MARIANNE FANNY",BAXI FERROL,1,2,"0,5"
2023,"DELAERE, ANTONIA LAURA A.",PERFUMERIAS AVENIDA,3,6,"0,5"
2023,"TORRENS SALOM, ALBA",VALENCIA B.C.,2,4,"0,5"
2023,"WESTERIK, LAURA",IDK EUSKOTREN,1,2,"0,5"
2023,"FAM THIAM, AWA",VALENCIA B.C.,1,2,"0,5"
2023,"FEQUIERE, JESSICA",BAXI FERROL,1,2,"0,5"
2023,"NELSON, CHELSEA KEIANA",HOZONO GLOBAL JAIRIS,1,2,"0,5"
2023,"LOPEZ RODRIGUEZ, AINHOA",SPAR GIRONA,1,4,"0,25"
2023,"GINZO ARANTES, PAULA",VALENCIA B.C.,5,6,"0,83"
2023,"VILARO ARAGONES, ANDREA",PERFUMERIAS AVENIDA,5,6,"0,83"
2023,"CANELLA RODRIGUEZ, MARTA",SPAR GIRONA,3,4,"0,75"
2023,"GULBE, ALEKSA",CASADEMONT ZARAGOZA,3,4,"0,75"
2023,"POINTER, KHAYLA NICOLE",CASADEMONT ZARAGOZA,2,3,"0,67"
2023,"NICHOLSON, LAUREN MARIE",SPAR GIRONA,2,3,"0,67"
2023,"KALIN, MARIANNE FANNY",BAXI FERROL,1,2,"0,5"
2023,"DELAERE, ANTONIA LAURA A.",PERFUMERIAS AVENIDA,3,6,"0,5"
2023,"TORRENS SALOM, ALBA",VALENCIA B.C.,2,4,"0,5"
2023,"WESTERIK, LAURA",IDK EUSKOTREN,1,2,"0,5"
2023,"FAM THIAM, AWA",VALENCIA B.C.,1,2,"0,5"
2023,"FEQUIERE, JESSICA",BAXI FERROL,1,2,"0,5"
2023,"NELSON, CHELSEA KEIANA",HOZONO GLOBAL JAIRIS,1,2,"0,5"
2023,"LOPEZ RODRIGUEZ, AINHOA",SPAR GIRONA,1,4,"0,25"
2022,"SALVADORES ALVAREZ, ANGELA",VALENCIA B.C.,4,6,"0,67"
2022,"FAM THIAM, AWA",VALENCIA B.C.,3,5,"0,6"
2022,"GULBE, ALEKSA",PERFUMERIAS AVENIDA,3,5,"0,6"
2022,"ALONSO DE ARMIÑO RIAÑO, GRACIA",CASADEMONT ZARAGOZA,2,4,"0,5"
2022,"MESKONYTE , GABIJA",LOINTEK GERNIKA BIZKAIA,1,2,"0,5"
2022,"SOLER RAMIÓ, JÚLIA",CADI LA SEU,1,2,"0,5"
2022,"VUCETIC, JELENA",CADI LA SEU,1,2,"0,5"
2022,"GELDOF, SERENA LYNN PETRA",CASADEMONT ZARAGOZA,2,4,"0,5"
2022,"GUERRERO ALCANTARA, CAROLINA",BARÇA CBS,2,4,"0,5"
2022,"STRAUTMANE, PAULA",CADI LA SEU,1,2,"0,5"
2022,"CONDE DURAN, ITSASO",MOVISTAR ESTUDIANTES,1,2,"0,5"
2022,"MOLLENHAUER, ALEXANDRA JOY",MOVISTAR ESTUDIANTES,1,2,"0,5"
2022,"MIRCHEVA, VIKTORIA VLADIMIROVNA",BARÇA CBS,1,4,"0,25"
2022,"ANDERSON, JOLENE NANCY",BARÇA CBS,1,4,"0,25"
2022,"SALVADORES ALVAREZ, ANGELA",VALENCIA B.C.,4,6,"0,67"
2022,"FAM THIAM, AWA",VALENCIA B.C.,3,5,"0,6"
2022,"GULBE, ALEKSA",PERFUMERIAS AVENIDA,3,5,"0,6"
2022,"ALONSO DE ARMIÑO RIAÑO, GRACIA",CASADEMONT ZARAGOZA,2,4,"0,5"
2022,"MESKONYTE , GABIJA",LOINTEK GERNIKA BIZKAIA,1,2,"0,5"
2022,"SOLER RAMIÓ, JÚLIA",CADI LA SEU,1,2,"0,5"
2022,"VUCETIC, JELENA",CADI LA SEU,1,2,"0,5"
2022,"GELDOF, SERENA LYNN PETRA",CASADEMONT ZARAGOZA,2,4,"0,5"
2022,"GUERRERO ALCANTARA, CAROLINA",BARÇA CBS,2,4,"0,5"
2022,"STRAUTMANE, PAULA",CADI LA SEU,1,2,"0,5"
2022,"CONDE DURAN, ITSASO",MOVISTAR ESTUDIANTES,1,2,"0,5"
2022,"MOLLENHAUER, ALEXANDRA JOY",MOVISTAR ESTUDIANTES,1,2,"0,5"
2022,"MIRCHEVA, VIKTORIA VLADIMIROVNA",BARÇA CBS,1,4,"0,25"
2022,"ANDERSON, JOLENE NANCY",BARÇA CBS,1,4,"0,25"
2022,"SALVADORES ALVAREZ, ANGELA",VALENCIA B.C.,4,6,"0,67"
2022,"FAM THIAM, AWA",VALENCIA B.C.,3,5,"0,6"
2022,"GULBE, ALEKSA",PERFUMERIAS AVENIDA,3,5,"0,6"
2022,"ALONSO DE ARMIÑO RIAÑO, GRACIA",CASADEMONT ZARAGOZA,2,4,"0,5"
2022,"MESKONYTE , GABIJA",LOINTEK GERNIKA BIZKAIA,1,2,"0,5"
2022,"SOLER RAMIÓ, JÚLIA",CADI LA SEU,1,2,"0,5"
2022,"VUCETIC, JELENA",CADI LA SEU,1,2,"0,5"
2022,"GELDOF, SERENA LYNN PETRA",CASADEMONT ZARAGOZA,2,4,"0,5"
2022,"GUERRERO ALCANTARA, CAROLINA",BARÇA CBS,2,4,"0,5"
2022,"STRAUTMANE, PAULA",CADI LA SEU,1,2,"0,5"
2022,"CONDE DURAN, ITSASO",MOVISTAR ESTUDIANTES,1,2,"0,5"
2022,"MOLLENHAUER, ALEXANDRA JOY",MOVISTAR ESTUDIANTES,1,2,"0,5"
2022,"MIRCHEVA, VIKTORIA VLADIMIROVNA",BARÇA CBS,1,4,"0,25"
2022,"ANDERSON, JOLENE NANCY",BARÇA CBS,1,4,"0,25"
2021,"MOORE, TINARA NICOLE",LOINTEK GERNIKA BIZKAIA,1,2,"0,5"
2021,"CONDE DURAN, ITSASO",MOVISTAR ESTUDIANTES,1,2,"0,5"
2021,"ORTIZ VIVES, MARIONA",MOVISTAR ESTUDIANTES,1,2,"0,5"
2021,"ESPIN DE SANCHO, MARIA",MOVISTAR ESTUDIANTES,1,2,"0,5"
2021,"FINGALL, NADIA ANGELIQUE",MOVISTAR ESTUDIANTES,1,2,"0,5"
2021,"LUKACOVICOVA, KLAUDIA",CADI LA SEU,2,4,"0,5"
2021,"BROWN , JOY ALEXIS",IDK EUSKOTREN,1,2,"0,5"
2021,"BROTONS PASCUAL, MONTSERRAT",CADI LA SEU,1,3,"0,33"
2021,"SEGURA MORENO, LORENA",VALENCIA B.C.,1,5,"0,2"
2021,"MOORE, TINARA NICOLE",LOINTEK GERNIKA BIZKAIA,1,2,"0,5"
2021,"CONDE DURAN, ITSASO",MOVISTAR ESTUDIANTES,1,2,"0,5"
2021,"ORTIZ VIVES, MARIONA",MOVISTAR ESTUDIANTES,1,2,"0,5"
2021,"ESPIN DE SANCHO, MARIA",MOVISTAR ESTUDIANTES,1,2,"0,5"
2021,"FINGALL, NADIA ANGELIQUE",MOVISTAR ESTUDIANTES,1,2,"0,5"
2021,"LUKACOVICOVA, KLAUDIA",CADI LA SEU,2,4,"0,5"
2021,"BROWN , JOY ALEXIS",IDK EUSKOTREN,1,2,"0,5"
2021,"BROTONS PASCUAL, MONTSERRAT",CADI LA SEU,1,3,"0,33"
2021,"SEGURA MORENO, LORENA",VALENCIA B.C.,1,5,"0,2"
2021,"MOORE, TINARA NICOLE",LOINTEK GERNIKA BIZKAIA,1,2,"0,5"
2021,"CONDE DURAN, ITSASO",MOVISTAR ESTUDIANTES,1,2,"0,5"
2021,"ORTIZ VIVES, MARIONA",MOVISTAR ESTUDIANTES,1,2,"0,5"
2021,"ESPIN DE SANCHO, MARIA",MOVISTAR ESTUDIANTES,1,2,"0,5"
2021,"FINGALL, NADIA ANGELIQUE",MOVISTAR ESTUDIANTES,1,2,"0,5"
2021,"LUKACOVICOVA, KLAUDIA",CADI LA SEU,2,4,"0,5"
2021,"BROWN , JOY ALEXIS",IDK EUSKOTREN,1,2,"0,5"
2021,"BROTONS PASCUAL, MONTSERRAT",CADI LA SEU,1,3,"0,33"
2021,"SEGURA MORENO, LORENA",VALENCIA B.C.,1,5,"0,2"
2020,"NYINGIFA, ATONYE JENNIFER",MOVISTAR ESTUDIANTES,2,2,1
2020,"VAN DEN ADEL, NATALIE ISABELLE",DURÁN MAQUINARIA ENSINO,2,2,1
2020,"DIALLO DIENG , UMO DIALLO",PERFUMERIAS AVENIDA,3,3,1
2020,"KOSTOURKOVA, MARIA IVANOVA",CIUDAD DE LA LAGUNA TENERIFE,2,2,1
2020,"PALAU ALTES, LAIA",SPAR GIRONA,4,4,1
2020,"VILARO ARAGONES, ANDREA",PERFUMERIAS AVENIDA,4,5,"0,8"
2020,"FERRARI CALABRO, PAOLA ANDREA",SPAR GIRONA,3,4,"0,75"
2020,"RAKSANYI, KRISZTINA",CIUDAD DE LA LAGUNA TENERIFE,1,2,"0,5"
2020,"SANTIBAÑEZ HERRERO, INES",PERFUMERIAS AVENIDA,1,2,"0,5"
2020,"HERMIDA HERRAEZ, MARTA",SPAR GRAN CANARIA,1,2,"0,5"
2020,"BRITO HERNANDEZ, CARLA",SPAR GRAN CANARIA,1,2,"0,5"
2020,"IVANOVIC, MILICA",LOINTEK GERNIKA BIZKAIA,2,4,"0,5"
2020,"PRIETO MARTINEZ, ALBA",DURÁN MAQUINARIA ENSINO,1,2,"0,5"
2020,"ALBERDI LARRUCEA, MARTA",LOINTEK GERNIKA BIZKAIA,1,2,"0,5"
2020,"ESPIN DE SANCHO, MARIA",MOVISTAR ESTUDIANTES,1,2,"0,5"
2020,"SAMUELSON, KARLIE ANNE",PERFUMERIAS AVENIDA,3,7,"0,43"
2020,"JUSKAITE, LAURA",VALENCIA B.C.,3,7,"0,43"
2020,"PINA TOLOSA, MARIA",VALENCIA B.C.,1,5,"0,2"
2020,"NYINGIFA, ATONYE JENNIFER",MOVISTAR ESTUDIANTES,2,2,1
2020,"VAN DEN ADEL, NATALIE ISABELLE",DURÁN MAQUINARIA ENSINO,2,2,1
2020,"DIALLO DIENG , UMO DIALLO",PERFUMERIAS AVENIDA,3,3,1
2020,"KOSTOURKOVA, MARIA IVANOVA",CIUDAD DE LA LAGUNA TENERIFE,2,2,1
2020,"PALAU ALTES, LAIA",SPAR GIRONA,4,4,1
2020,"VILARO ARAGONES, ANDREA",PERFUMERIAS AVENIDA,4,5,"0,8"
2020,"FERRARI CALABRO, PAOLA ANDREA",SPAR GIRONA,3,4,"0,75"
2020,"RAKSANYI, KRISZTINA",CIUDAD DE LA LAGUNA TENERIFE,1,2,"0,5"
2020,"SANTIBAÑEZ HERRERO, INES",PERFUMERIAS AVENIDA,1,2,"0,5"
2020,"HERMIDA HERRAEZ, MARTA",SPAR GRAN CANARIA,1,2,"0,5"
2020,"BRITO HERNANDEZ, CARLA",SPAR GRAN CANARIA,1,2,"0,5"
2020,"IVANOVIC, MILICA",LOINTEK GERNIKA BIZKAIA,2,4,"0,5"
2020,"PRIETO MARTINEZ, ALBA",DURÁN MAQUINARIA ENSINO,1,2,"0,5"
2020,"ALBERDI LARRUCEA, MARTA",LOINTEK GERNIKA BIZKAIA,1,2,"0,5"
2020,"ESPIN DE SANCHO, MARIA",MOVISTAR ESTUDIANTES,1,2,"0,5"
2020,"SAMUELSON, KARLIE ANNE",PERFUMERIAS AVENIDA,3,7,"0,43"
2020,"JUSKAITE, LAURA",VALENCIA B.C.,3,7,"0,43"
2020,"PINA TOLOSA, MARIA",VALENCIA B.C.,1,5,"0,2"
2020,"NYINGIFA, ATONYE JENNIFER",MOVISTAR ESTUDIANTES,2,2,1
2020,"VAN DEN ADEL, NATALIE ISABELLE",DURÁN MAQUINARIA ENSINO,2,2,1
2020,"DIALLO DIENG , UMO DIALLO",PERFUMERIAS AVENIDA,3,3,1
2020,"KOSTOURKOVA, MARIA IVANOVA",CIUDAD DE LA LAGUNA TENERIFE,2,2,1
2020,"PALAU ALTES, LAIA",SPAR GIRONA,4,4,1
2020,"VILARO ARAGONES, ANDREA",PERFUMERIAS AVENIDA,4,5,"0,8"
2020,"FERRARI CALABRO, PAOLA ANDREA",SPAR GIRONA,3,4,"0,75"
2020,"RAKSANYI, KRISZTINA",CIUDAD DE LA LAGUNA TENERIFE,1,2,"0,5"
2020,"SANTIBAÑEZ HERRERO, INES",PERFUMERIAS AVENIDA,1,2,"0,5"
2020,"HERMIDA HERRAEZ, MARTA",SPAR GRAN CANARIA,1,2,"0,5"
2020,"BRITO HERNANDEZ, CARLA",SPAR GRAN CANARIA,1,2,"0,5"
2020,"IVANOVIC, MILICA",LOINTEK GERNIKA BIZKAIA,2,4,"0,5"
2020,"PRIETO MARTINEZ, ALBA",DURÁN MAQUINARIA ENSINO,1,2,"0,5"
2020,"ALBERDI LARRUCEA, MARTA",LOINTEK GERNIKA BIZKAIA,1,2,"0,5"
2020,"ESPIN DE SANCHO, MARIA",MOVISTAR ESTUDIANTES,1,2,"0,5"
2020,"SAMUELSON, KARLIE ANNE",PERFUMERIAS AVENIDA,3,7,"0,43"
2020,"JUSKAITE, LAURA",VALENCIA B.C.,3,7,"0,43"
2020,"PINA TOLOSA, MARIA",VALENCIA B.C.,1,5,"0,2"
2019,"ATKINSON, TANAYA MECHELLE",CIUDAD DE LA LAGUNA TENERIFE,1,1,1
2019,"PARKS , ROBYN LASHAE",VALENCIA B.C.,1,2,"0,5"
2019,"VILARO ARAGONES, ANDREA",PERFUMERIAS AVENIDA,1,3,"0,33"
2019,"ATKINSON, TANAYA MECHELLE",CIUDAD DE LA LAGUNA TENERIFE,1,1,1
2019,"PARKS , ROBYN LASHAE",VALENCIA B.C.,1,2,"0,5"
2019,"VILARO ARAGONES, ANDREA",PERFUMERIAS AVENIDA,1,3,"0,33"
2019,"ATKINSON, TANAYA MECHELLE",CIUDAD DE LA LAGUNA TENERIFE,1,1,1
2019,"PARKS , ROBYN LASHAE",VALENCIA B.C.,1,2,"0,5"
2019,"VILARO ARAGONES, ANDREA",PERFUMERIAS AVENIDA,1,3,"0,33"
2018,"BETTENCOURT CORREIA, MARIA JOAO",VALENCIA B.C.,4,5,"0,8"
2018,"GOREE, CYESHA DAMIAN",PERFUMERIAS AVENIDA,3,4,"0,75"
2018,"AIJANEN, MARIA ANNIINA",CADI LA SEU,3,4,"0,75"
2018,"ADURIZ HERNANI, ONINTZA",IDK GIPUZKOA,2,3,"0,67"
2018,"MAZIONYTE, GINTARE",LOINTEK GERNIKA BIZKAIA,2,3,"0,67"
2018,"MOLINUEVO GARCIA, CRISTINA",RPK ARASKI,1,2,"0,5"
2018,"ARIZTIMUÑO LOPEZ , ITZIAR",LOINTEK GERNIKA BIZKAIA,1,2,"0,5"
2018,"BUCH ROSELL, ROSO",SPAR CITYLIFT GIRONA,3,6,"0,5"
2018,"SANCHEZ MARRUFO, BEATRIZ",SPAR CITYLIFT GIRONA,2,5,"0,4"
2018,"BANHAM, RACHAEL MARIE",LOINTEK GERNIKA BIZKAIA,1,3,"0,33"
2018,"SKLEPOWICZ, ZUZANNA IDA",CADI LA SEU,1,3,"0,33"
2018,"BETTENCOURT CORREIA, MARIA JOAO",VALENCIA B.C.,4,5,"0,8"
2018,"GOREE, CYESHA DAMIAN",PERFUMERIAS AVENIDA,3,4,"0,75"
2018,"AIJANEN, MARIA ANNIINA",CADI LA SEU,3,4,"0,75"
2018,"ADURIZ HERNANI, ONINTZA",IDK GIPUZKOA,2,3,"0,67"
2018,"MAZIONYTE, GINTARE",LOINTEK GERNIKA BIZKAIA,2,3,"0,67"
2018,"MOLINUEVO GARCIA, CRISTINA",RPK ARASKI,1,2,"0,5"
2018,"ARIZTIMUÑO LOPEZ , ITZIAR",LOINTEK GERNIKA BIZKAIA,1,2,"0,5"
2018,"BUCH ROSELL, ROSO",SPAR CITYLIFT GIRONA,3,6,"0,5"
2018,"SANCHEZ MARRUFO, BEATRIZ",SPAR CITYLIFT GIRONA,2,5,"0,4"
2018,"BANHAM, RACHAEL MARIE",LOINTEK GERNIKA BIZKAIA,1,3,"0,33"
2018,"SKLEPOWICZ, ZUZANNA IDA",CADI LA SEU,1,3,"0,33"
2018,"BETTENCOURT CORREIA, MARIA JOAO",VALENCIA B.C.,4,5,"0,8"
2018,"GOREE, CYESHA DAMIAN",PERFUMERIAS AVENIDA,3,4,"0,75"
2018,"AIJANEN, MARIA ANNIINA",CADI LA SEU,3,4,"0,75"
2018,"ADURIZ HERNANI, ONINTZA",IDK GIPUZKOA,2,3,"0,67"
2018,"MAZIONYTE, GINTARE",LOINTEK GERNIKA BIZKAIA,2,3,"0,67"
2018,"MOLINUEVO GARCIA, CRISTINA",RPK ARASKI,1,2,"0,5"
2018,"ARIZTIMUÑO LOPEZ , ITZIAR",LOINTEK GERNIKA BIZKAIA,1,2,"0,5"
2018,"BUCH ROSELL, ROSO",SPAR CITYLIFT GIRONA,3,6,"0,5"
2018,"SANCHEZ MARRUFO, BEATRIZ",SPAR CITYLIFT GIRONA,2,5,"0,4"
2018,"BANHAM, RACHAEL MARIE",LOINTEK GERNIKA BIZKAIA,1,3,"0,33"
2018,"SKLEPOWICZ, ZUZANNA IDA",CADI LA SEU,1,3,"0,33"
2017,"FORASTE GALOBARDES, MIRIAM",NISSAN  AL-QÁZERES EXTREMADURA,46,26,"1,77"
2017,"GARCIA URLEZAGA, IZASKUN",LACTURALE ART ARASKI,44,25,"1,76"
2017,"PRINCE , ALEXIS SADE",STAR CENTER-UNI FERROL,45,26,"1,73"
2017,"LOPEZ VIVES, HELENA",SNATT´S FEMENÍ SANT ADRIÁ,45,26,"1,73"
2017,"DE SOUZA MACHADO, ERIKA CRISTINA",PERFUMERIAS AVENIDA,37,22,"1,68"
2017,"MOLINA PRADOS MARTIN BURO, JUANA MARIA",LOINTEK GERNIKA BIZKAIA,42,25,"1,68"
2017,"GINZO ARANTES, PAULA",MOVISTAR ESTUDIANTES,42,25,"1,68"
2017,"HERRERA BOXO, LAURA",CAMPUS PROMETE LF1,39,24,"1,63"
2017,"ALDALUR SOTO, ANE MIREN",LACTURALE ART ARASKI,41,26,"1,58"
2017,"OMA GIRALT, HELENA",CADI LA SEU,25,16,"1,56"
2017,"IVEZIC, JELENA",QUESOS EL PASTOR,27,18,"1,5"
2017,"MONTOLIU MATIAS, MARTA",CADI LA SEU,39,26,"1,5"
2017,"LOPEZ RODRIGUEZ, AINHOA",QUESOS EL PASTOR,37,26,"1,42"
2017,"DIALLO DIENG , UMO DIALLO",LACTURALE ART ARASKI,37,26,"1,42"
2017,"HURTADO OBIOLS, CRISTINA",SNATT´S FEMENÍ SANT ADRIÁ,31,23,"1,35"
2017,"CONDE ALCOLADO, MARIA",SPAR CITYLIFT GIRONA,35,26,"1,35"
2017,"NYSTROM, ELLEN ADINA",IDK GIPUZKOA,34,26,"1,31"
2017,"GUSTAVSSON , ELIN JELENA",EMBUTIDOS PAJARIEL BEMBIBRE PD,33,26,"1,27"
2017,"ESTEBAS ARMAS, PAULA",CAMPUS PROMETE LF1,33,26,"1,27"
2017,"MONTENEGRO SANTANA, RITA ESTHER",NISSAN  AL-QÁZERES EXTREMADURA,33,26,"1,27"
2017,"BUCH ROSELL, ROSO",SPAR CITYLIFT GIRONA,33,26,"1,27"
2017,"DIAZ CASTELLANO, YURENA",CADI LA SEU,33,26,"1,27"
2017,"MENDY , MAGALI",SPAR CITYLIFT GIRONA,31,25,"1,24"
2017,"PEÑA JUBANY, LAURA",SNATT´S FEMENÍ SANT ADRIÁ,32,26,"1,23"
2017,"JOVANOVIC, MILICA",CAMPUS PROMETE LF1,23,19,"1,21"
2017,"BOGICEVIC, NINA",MOVISTAR ESTUDIANTES,25,21,"1,19"
2017,"BUTLER, BRIANNA",QUESOS EL PASTOR,30,26,"1,15"
2017,"DELGADO PONTES, MARINA",STAR CENTER-UNI FERROL,30,26,"1,15"
2017,"MESTDAGH, KIM",PERFUMERIAS AVENIDA,18,16,"1,13"
2017,"GIVENS , KRISI TIJANA",PERFUMERIAS AVENIDA,28,25,"1,12"
2017,"FORASTE GALOBARDES, MIRIAM",NISSAN  AL-QÁZERES EXTREMADURA,46,26,"1,77"
2017,"GARCIA URLEZAGA, IZASKUN",LACTURALE ART ARASKI,44,25,"1,76"
2017,"PRINCE , ALEXIS SADE",STAR CENTER-UNI FERROL,45,26,"1,73"
2017,"LOPEZ VIVES, HELENA",SNATT´S FEMENÍ SANT ADRIÁ,45,26,"1,73"
2017,"DE SOUZA MACHADO, ERIKA CRISTINA",PERFUMERIAS AVENIDA,37,22,"1,68"
2017,"MOLINA PRADOS MARTIN BURO, JUANA MARIA",LOINTEK GERNIKA BIZKAIA,42,25,"1,68"
2017,"GINZO ARANTES, PAULA",MOVISTAR ESTUDIANTES,42,25,"1,68"
2017,"HERRERA BOXO, LAURA",CAMPUS PROMETE LF1,39,24,"1,63"
2017,"ALDALUR SOTO, ANE MIREN",LACTURALE ART ARASKI,41,26,"1,58"
2017,"OMA GIRALT, HELENA",CADI LA SEU,25,16,"1,56"
2017,"IVEZIC, JELENA",QUESOS EL PASTOR,27,18,"1,5"
2017,"MONTOLIU MATIAS, MARTA",CADI LA SEU,39,26,"1,5"
2017,"LOPEZ RODRIGUEZ, AINHOA",QUESOS EL PASTOR,37,26,"1,42"
2017,"DIALLO DIENG , UMO DIALLO",LACTURALE ART ARASKI,37,26,"1,42"
2017,"HURTADO OBIOLS, CRISTINA",SNATT´S FEMENÍ SANT ADRIÁ,31,23,"1,35"
2017,"CONDE ALCOLADO, MARIA",SPAR CITYLIFT GIRONA,35,26,"1,35"
2017,"NYSTROM, ELLEN ADINA",IDK GIPUZKOA,34,26,"1,31"
2017,"GUSTAVSSON , ELIN JELENA",EMBUTIDOS PAJARIEL BEMBIBRE PD,33,26,"1,27"
2017,"ESTEBAS ARMAS, PAULA",CAMPUS PROMETE LF1,33,26,"1,27"
2017,"MONTENEGRO SANTANA, RITA ESTHER",NISSAN  AL-QÁZERES EXTREMADURA,33,26,"1,27"
2017,"BUCH ROSELL, ROSO",SPAR CITYLIFT GIRONA,33,26,"1,27"
2017,"DIAZ CASTELLANO, YURENA",CADI LA SEU,33,26,"1,27"
2017,"MENDY , MAGALI",SPAR CITYLIFT GIRONA,31,25,"1,24"
2017,"PEÑA JUBANY, LAURA",SNATT´S FEMENÍ SANT ADRIÁ,32,26,"1,23"
2017,"JOVANOVIC, MILICA",CAMPUS PROMETE LF1,23,19,"1,21"
2017,"BOGICEVIC, NINA",MOVISTAR ESTUDIANTES,25,21,"1,19"
2017,"BUTLER, BRIANNA",QUESOS EL PASTOR,30,26,"1,15"
2017,"DELGADO PONTES, MARINA",STAR CENTER-UNI FERROL,30,26,"1,15"
2017,"MESTDAGH, KIM",PERFUMERIAS AVENIDA,18,16,"1,13"
2017,"GIVENS , KRISI TIJANA",PERFUMERIAS AVENIDA,28,25,"1,12"
2017,"PASIC, JOVANA",EMBUTIDOS PAJARIEL BEMBIBRE PD,27,25,"1,08"
2017,"ETXARRI MUNARRIZ, IRATI",LACTURALE ART ARASKI,27,26,"1,04"
2017,"LO SYLLA, NOGAYE",CADI LA SEU,26,25,"1,04"
2017,"ASURMENDI VILLAVERDE, MARIA DEL CARMEN",PERFUMERIAS AVENIDA,25,25,1
2017,"VILA CABIRÓ, MIREIA",SNATT´S FEMENÍ SANT ADRIÁ,17,17,1
2017,"SOLER SUAREZ, PATRICIA",MOVISTAR ESTUDIANTES,21,22,"0,95"
2017,"ADURIZ HERNANI, ONINTZA",IDK GIPUZKOA,24,26,"0,92"
2017,"SAN ROMAN FLORES, IRENE",MOVISTAR ESTUDIANTES,23,26,"0,88"
2017,"ALMINAITE, KRISITINA",SPAR CITYLIFT GIRONA,23,26,"0,88"
2017,"AGIRRE MUÑOZ, ARRATE",LACTURALE ART ARASKI,19,23,"0,83"
2017,"GARCIA PAUNERO, CELIA",QUESOS EL PASTOR,20,25,"0,8"
2017,"ARIZTIMUÑO LOPEZ , ITZIAR",LOINTEK GERNIKA BIZKAIA,16,22,"0,73"
2017,"IPARRAGUIRRE ALUSTIZA, SARA",IDK GIPUZKOA,14,20,"0,7"
2017,"RAMOS DO NASCIMENTO, CARLA MARISA",NISSAN  AL-QÁZERES EXTREMADURA,13,19,"0,68"
2017,"LLOBET CODERCH, ITZIAR",SNATT´S FEMENÍ SANT ADRIÁ,17,26,"0,65"
2017,"LAZARO CASTILLERO, YAIZA",LOINTEK GERNIKA BIZKAIA,15,23,"0,65"
2017,"DIEZ FERNANDEZ, NAIARA",LOINTEK GERNIKA BIZKAIA,16,26,"0,62"
2017,"VELASCO MARTIN, LAURA",MOVISTAR ESTUDIANTES,11,18,"0,61"
2017,"ROMERO GARRIDO, SILVIA",NISSAN  AL-QÁZERES EXTREMADURA,11,18,"0,61"
2017,"ROIG SOLER, LAURA",SPAR CITYLIFT GIRONA,9,16,"0,56"
2017,"CALVO DIAZ, ANA BEGOÑA",STAR CENTER-UNI FERROL,14,26,"0,54"
2017,"MAJSTOROVIC, ANJA",QUESOS EL PASTOR,11,22,"0,5"
2017,"RODRIGUEZ NUÑEZ, CLARA",MOVISTAR ESTUDIANTES,10,22,"0,45"
2017,"CLARET GILABERTE, MARTA",SNATT´S FEMENÍ SANT ADRIÁ,11,25,"0,44"
2017,"ASTROM , ELLEN LOVISA",EMBUTIDOS PAJARIEL BEMBIBRE PD,11,26,"0,42"
2017,"LAHUERTA MENDOZA, IRENE",MANN-FILTER,11,26,"0,42"
2017,"MARTIN LLAVERIA, MARIONA",NISSAN  AL-QÁZERES EXTREMADURA,11,26,"0,42"
2017,"NDOYE, BINETA",EMBUTIDOS PAJARIEL BEMBIBRE PD,9,22,"0,41"
2017,"KOVACEVIC, BOJANA",SNATT´S FEMENÍ SANT ADRIÁ,9,23,"0,39"
2017,"MOLINUEVO GARCIA, CRISTINA",LACTURALE ART ARASKI,9,24,"0,38"
2017,"CORRALES BOHOYO, ELENA",NISSAN  AL-QÁZERES EXTREMADURA,9,26,"0,35"
2017,"ROMERO GARRIDO, MARÍA",NISSAN  AL-QÁZERES EXTREMADURA,5,16,"0,31"
2017,"ERAUNCETAMURGIL AYESTARAN, MARIA",IDK GIPUZKOA,6,20,"0,3"
2017,"ALIAGA ROMERO, LAURA",EMBUTIDOS PAJARIEL BEMBIBRE PD,7,26,"0,27"
2017,"PARDO HERVIAS, LAURA",LACTURALE ART ARASKI,4,22,"0,18"
2017,"CABRERA ARGUELLO, PATRICIA",STAR CENTER-UNI FERROL,3,26,"0,12"
2017,"ESPARCIA OMEDAS, CAROLINA",MANN-FILTER,1,19,"0,05"
2017,"RODRIGUEZ DOMINGUEZ, NATALIA",STAR CENTER-UNI FERROL,1,21,"0,05"
2017,"CORRALES BOHOYO, ELENA",NISSAN  AL-QÁZERES EXTREMADURA,9,26,"0,35"
2017,"ROMERO GARRIDO, MARÍA",NISSAN  AL-QÁZERES EXTREMADURA,5,16,"0,31"
2017,"ERAUNCETAMURGIL AYESTARAN, MARIA",IDK GIPUZKOA,6,20,"0,3"
2017,"ALIAGA ROMERO, LAURA",EMBUTIDOS PAJARIEL BEMBIBRE PD,7,26,"0,27"
2017,"PARDO HERVIAS, LAURA",LACTURALE ART ARASKI,4,22,"0,18"
2017,"CABRERA ARGUELLO, PATRICIA",STAR CENTER-UNI FERROL,3,26,"0,12"
2017,"ESPARCIA OMEDAS, CAROLINA",MANN-FILTER,1,19,"0,05"
2017,"RODRIGUEZ DOMINGUEZ, NATALIA",STAR CENTER-UNI FERROL,1,21,"0,05"
2016,"IBEKWE, IFUNANYA DEBBIE",SPAR CITYLIFT GIRONA,22,4,"5,5"
2016,"SANCHEZ MARRUFO, BEATRIZ",STAR CENTER-UNI FERROL,23,5,"4,6"
2016,"ASURMENDI VILLAVERDE, MARIA DEL CARMEN",LOINTEK GERNIKA BIZKAIA,9,2,"4,5"
2016,"COULIBALY, NAIGNOUMA",SPAR CITYLIFT GIRONA,22,5,"4,4"
2016,"DOMINGUEZ FERNANDEZ, SILVIA",PERFUMERIAS AVENIDA,20,5,4
2016,"TUDANCA ACEDO, MARTA",LACTURALE ARASKI,16,4,4
2016,"BULGAK, ADUT ATEM",IDK GIPUZKOA,11,3,"3,67"
2016,"BARBEE, SHACOBIA SHAUNTE",STAR CENTER-UNI FERROL,18,5,"3,6"
2016,"MILOVANOVIC, JELENA",PERFUMERIAS AVENIDA,18,5,"3,6"
2016,"GOMES COLHADO, NADIA",IDK GIPUZKOA,10,3,"3,33"
2016,"VELASCO MARTIN, LAURA",LACTURALE ARASKI,13,4,"3,25"
2016,"RODRIGUEZ MANSO, LEONOR DEL PILAR",SPAR CITYLIFT GIRONA,15,5,3
2016,"OCETE CASTILLO, GABRIELA",IDK GIPUZKOA,9,3,3
2016,"SILVA SERRANO , ROSELIS CAROLINA",LACTURALE ARASKI,11,4,"2,75"
2016,"PINA TOLOSA, MARIA",LOINTEK GERNIKA BIZKAIA,5,2,"2,5"
2016,"MOKANGO, CHANEL MODIRI",LOINTEK GERNIKA BIZKAIA,5,2,"2,5"
2016,"PEREZ ARAUJO, MARIA",STAR CENTER-UNI FERROL,12,5,"2,4"
2016,"SUAREZ UTRERO, ANA MARIA",STAR CENTER-UNI FERROL,12,5,"2,4"
2016,"FERRARI CALABRO, PAOLA ANDREA",IDK GIPUZKOA,4,2,2
2016,"JEFFERSON , LAQUINTA JOY",STAR CENTER-UNI FERROL,10,5,2
2016,"BUCH ROSELL, ROSO",SPAR CITYLIFT GIRONA,10,5,2
2016,"CALVO DIAZ, ANA BEGOÑA",STAR CENTER-UNI FERROL,9,5,"1,8"
2016,"DE SOUZA MACHADO, ERIKA CRISTINA",PERFUMERIAS AVENIDA,9,5,"1,8"
2016,"LIÑEIRA, MARIA CECILIA",LACTURALE ARASKI,7,4,"1,75"
2016,"ADURIZ HERNANI, ONINTZA",IDK GIPUZKOA,5,3,"1,67"
2016,"JORDANA BOFILL, NOEMI",SPAR CITYLIFT GIRONA,8,5,"1,6"
2016,"ELONU, ADAORA NNENNA",PERFUMERIAS AVENIDA,8,5,"1,6"
2016,"SPANOU, ARTEMIS",SPAR CITYLIFT GIRONA,8,5,"1,6"
2016,"GONZALEZ DUARTE , LARA",IDK GIPUZKOA,3,2,"1,5"
2016,"ALDALUR SOTO, ANE MIREN",LACTURALE ARASKI,6,4,"1,5"
2016,"IBEKWE, IFUNANYA DEBBIE",SPAR CITYLIFT GIRONA,22,4,"5,5"
2016,"SANCHEZ MARRUFO, BEATRIZ",STAR CENTER-UNI FERROL,23,5,"4,6"
2016,"ASURMENDI VILLAVERDE, MARIA DEL CARMEN",LOINTEK GERNIKA BIZKAIA,9,2,"4,5"
2016,"COULIBALY, NAIGNOUMA",SPAR CITYLIFT GIRONA,22,5,"4,4"
2016,"DOMINGUEZ FERNANDEZ, SILVIA",PERFUMERIAS AVENIDA,20,5,4
2016,"TUDANCA ACEDO, MARTA",LACTURALE ARASKI,16,4,4
2016,"BULGAK, ADUT ATEM",IDK GIPUZKOA,11,3,"3,67"
2016,"BARBEE, SHACOBIA SHAUNTE",STAR CENTER-UNI FERROL,18,5,"3,6"
2016,"MILOVANOVIC, JELENA",PERFUMERIAS AVENIDA,18,5,"3,6"
2016,"GOMES COLHADO, NADIA",IDK GIPUZKOA,10,3,"3,33"
2016,"VELASCO MARTIN, LAURA",LACTURALE ARASKI,13,4,"3,25"
2016,"RODRIGUEZ MANSO, LEONOR DEL PILAR",SPAR CITYLIFT GIRONA,15,5,3
2016,"OCETE CASTILLO, GABRIELA",IDK GIPUZKOA,9,3,3
2016,"SILVA SERRANO , ROSELIS CAROLINA",LACTURALE ARASKI,11,4,"2,75"
2016,"PINA TOLOSA, MARIA",LOINTEK GERNIKA BIZKAIA,5,2,"2,5"
2016,"MOKANGO, CHANEL MODIRI",LOINTEK GERNIKA BIZKAIA,5,2,"2,5"
2016,"PEREZ ARAUJO, MARIA",STAR CENTER-UNI FERROL,12,5,"2,4"
2016,"SUAREZ UTRERO, ANA MARIA",STAR CENTER-UNI FERROL,12,5,"2,4"
2016,"FERRARI CALABRO, PAOLA ANDREA",IDK GIPUZKOA,4,2,2
2016,"JEFFERSON , LAQUINTA JOY",STAR CENTER-UNI FERROL,10,5,2
2016,"BUCH ROSELL, ROSO",SPAR CITYLIFT GIRONA,10,5,2
2016,"CALVO DIAZ, ANA BEGOÑA",STAR CENTER-UNI FERROL,9,5,"1,8"
2016,"DE SOUZA MACHADO, ERIKA CRISTINA",PERFUMERIAS AVENIDA,9,5,"1,8"
2016,"LIÑEIRA, MARIA CECILIA",LACTURALE ARASKI,7,4,"1,75"
2016,"ADURIZ HERNANI, ONINTZA",IDK GIPUZKOA,5,3,"1,67"
2016,"JORDANA BOFILL, NOEMI",SPAR CITYLIFT GIRONA,8,5,"1,6"
2016,"ELONU, ADAORA NNENNA",PERFUMERIAS AVENIDA,8,5,"1,6"
2016,"SPANOU, ARTEMIS",SPAR CITYLIFT GIRONA,8,5,"1,6"
2016,"GONZALEZ DUARTE , LARA",IDK GIPUZKOA,3,2,"1,5"
2016,"ALDALUR SOTO, ANE MIREN",LACTURALE ARASKI,6,4,"1,5"
2015,"OCETE CASTILLO, GABRIELA",MANN-FILTER,12,2,6
2015,"COULIBALY, NAIGNOUMA",SPAR CITYLIFT GIRONA,26,5,"5,2"
2015,"ELONU, ADAORA NNENNA",C.B. CONQUERO HUELVA WAGEN,10,2,5
2015,"CALDWELL , TALIA ADAIAH",C.B. CONQUERO HUELVA WAGEN,5,1,5
2015,"GIVENS , KRISI TIJANA",SPAR CITYLIFT GIRONA,24,5,"4,8"
2015,"FERRARI CALABRO, PAOLA ANDREA",MANN-FILTER,7,2,"3,5"
2015,"PASCUA SUAREZ, MARÍA LUCILA",MANN-FILTER,7,2,"3,5"
2015,"JORDANA BOFILL, NOEMI",SPAR CITYLIFT GIRONA,16,5,"3,2"
2015,"TRAORE, AYA",C.B. CONQUERO HUELVA WAGEN,6,2,3
2015,"DOMINGUEZ FERNANDEZ, SILVIA",PERFUMERIAS AVENIDA,15,5,3
2015,"IBEKWE, IFUNANYA DEBBIE",SPAR CITYLIFT GIRONA,5,2,"2,5"
2015,"BUCH ROSELL, ROSO",C.B. CONQUERO HUELVA WAGEN,5,2,"2,5"
2015,"BEARD, ALANA MONIQUE",PERFUMERIAS AVENIDA,11,5,"2,2"
2015,"LO SYLLA, NOGAYE",MANN-FILTER,4,2,2
2015,"LIEPKALNE, DITA",MANN-FILTER,4,2,2
2015,"MARGINEAN , GABRIELA",PERFUMERIAS AVENIDA,10,5,2
2015,"ZLATANOVA, JAKLIN",MANN-FILTER,4,2,2
2015,"SPANOU, ARTEMIS",SPAR CITYLIFT GIRONA,9,5,"1,8"
2015,"NDOUR, ASTOU BARRO",PERFUMERIAS AVENIDA,9,5,"1,8"
2015,"GIDDEN, VANESSA NICOLE",PERFUMERIAS AVENIDA,5,3,"1,67"
2015,"KNEZEVIC, ADRIJANA",SPAR CITYLIFT GIRONA,8,5,"1,6"
2015,"PETERS, HALEY MCCLOSKEY",C.B. CONQUERO HUELVA WAGEN,3,2,"1,5"
2015,"VITOLA, KRISTINE",PERFUMERIAS AVENIDA,6,4,"1,5"
2015,"RODRIGUEZ MANSO, LEONOR DEL PILAR",PERFUMERIAS AVENIDA,7,5,"1,4"
2015,"KOBRYN , EWELINA KATARZYNA",PERFUMERIAS AVENIDA,7,5,"1,4"
2015,"ESPARCIA OMEDAS, CAROLINA",MANN-FILTER,2,2,1
2015,"DE SA CASTRO NEVES, CATARINA",C.B. CONQUERO HUELVA WAGEN,2,2,1
2015,"GEMELOS, JACQUELINE ANN",PERFUMERIAS AVENIDA,4,5,"0,8"
2015,"ASURMENDI VILLAVERDE, MARIA DEL CARMEN",PERFUMERIAS AVENIDA,4,5,"0,8"
2015,"KUKTIENE, VITA",SPAR CITYLIFT GIRONA,2,5,"0,4"
2015,"OCETE CASTILLO, GABRIELA",MANN-FILTER,12,2,6
2015,"COULIBALY, NAIGNOUMA",SPAR CITYLIFT GIRONA,26,5,"5,2"
2015,"ELONU, ADAORA NNENNA",C.B. CONQUERO HUELVA WAGEN,10,2,5
2015,"CALDWELL , TALIA ADAIAH",C.B. CONQUERO HUELVA WAGEN,5,1,5
2015,"GIVENS , KRISI TIJANA",SPAR CITYLIFT GIRONA,24,5,"4,8"
2015,"FERRARI CALABRO, PAOLA ANDREA",MANN-FILTER,7,2,"3,5"
2015,"PASCUA SUAREZ, MARÍA LUCILA",MANN-FILTER,7,2,"3,5"
2015,"JORDANA BOFILL, NOEMI",SPAR CITYLIFT GIRONA,16,5,"3,2"
2015,"TRAORE, AYA",C.B. CONQUERO HUELVA WAGEN,6,2,3
2015,"DOMINGUEZ FERNANDEZ, SILVIA",PERFUMERIAS AVENIDA,15,5,3
2015,"IBEKWE, IFUNANYA DEBBIE",SPAR CITYLIFT GIRONA,5,2,"2,5"
2015,"BUCH ROSELL, ROSO",C.B. CONQUERO HUELVA WAGEN,5,2,"2,5"
2015,"BEARD, ALANA MONIQUE",PERFUMERIAS AVENIDA,11,5,"2,2"
2015,"LO SYLLA, NOGAYE",MANN-FILTER,4,2,2
2015,"LIEPKALNE, DITA",MANN-FILTER,4,2,2
2015,"MARGINEAN , GABRIELA",PERFUMERIAS AVENIDA,10,5,2
2015,"ZLATANOVA, JAKLIN",MANN-FILTER,4,2,2
2015,"SPANOU, ARTEMIS",SPAR CITYLIFT GIRONA,9,5,"1,8"
2015,"NDOUR, ASTOU BARRO",PERFUMERIAS AVENIDA,9,5,"1,8"
2015,"GIDDEN, VANESSA NICOLE",PERFUMERIAS AVENIDA,5,3,"1,67"
2015,"KNEZEVIC, ADRIJANA",SPAR CITYLIFT GIRONA,8,5,"1,6"
2015,"PETERS, HALEY MCCLOSKEY",C.B. CONQUERO HUELVA WAGEN,3,2,"1,5"
2015,"VITOLA, KRISTINE",PERFUMERIAS AVENIDA,6,4,"1,5"
2015,"RODRIGUEZ MANSO, LEONOR DEL PILAR",PERFUMERIAS AVENIDA,7,5,"1,4"
2015,"KOBRYN , EWELINA KATARZYNA",PERFUMERIAS AVENIDA,7,5,"1,4"
2015,"ESPARCIA OMEDAS, CAROLINA",MANN-FILTER,2,2,1
2015,"DE SA CASTRO NEVES, CATARINA",C.B. CONQUERO HUELVA WAGEN,2,2,1
2015,"GEMELOS, JACQUELINE ANN",PERFUMERIAS AVENIDA,4,5,"0,8"
2015,"ASURMENDI VILLAVERDE, MARIA DEL CARMEN",PERFUMERIAS AVENIDA,4,5,"0,8"
2015,"KUKTIENE, VITA",SPAR CITYLIFT GIRONA,2,5,"0,4"
2014,"XARGAY CASADEMONT, MARTA",PERFUMERIAS AVENIDA,26,5,"5,2"
2014,"GIL COLLADO, LAURA",CADI LA SEU,13,3,"4,33"
2014,"JORDANA BOFILL, NOEMI",SPAR CITYLIFT GIRONA,17,4,"4,25"
2014,"GIDDEN, VANESSA NICOLE",SPAR CITYLIFT GIRONA,17,4,"4,25"
2014,"HIND, BEN ABDELKADER",CADI LA SEU,12,3,4
2014,"REZAN, MARIJA",PERFUMERIAS AVENIDA,18,5,"3,6"
2014,"ELONU, ADAORA NNENNA",C.B. CONQUERO HUELVA WAGEN,7,2,"3,5"
2014,"IBEKWE, IFUNANYA DEBBIE",SPAR CITYLIFT GIRONA,14,4,"3,5"
2014,"PEREZ TORRES, TANIA",CADI LA SEU,9,3,3
2014,"CHAMBERS, BRITTANY MARIE",SPAR CITYLIFT GIRONA,12,4,3
2014,"BAHI BLANQUERA, GEORGINA",CADI LA SEU,8,3,"2,67"
2014,"TANNER, TYRESE LA SHAY",CADI LA SEU,8,3,"2,67"
2014,"PARHAM, AJA DANIELLE",C.B. CONQUERO HUELVA WAGEN,5,2,"2,5"
2014,"DAVIS , CHELSEA MARIA",C.B. CONQUERO HUELVA WAGEN,5,2,"2,5"
2014,"ROBINSON, ANGELICA DANIELLE",PERFUMERIAS AVENIDA,12,5,"2,4"
2014,"FERNANDEZ FARRES, MARTA",PERFUMERIAS AVENIDA,11,5,"2,2"
2014,"PASCUA SUAREZ, MARÍA LUCILA",C.B. CONQUERO HUELVA WAGEN,4,2,2
2014,"KUKTIENE, VITA",SPAR CITYLIFT GIRONA,7,4,"1,75"
2014,"DE KLEIJN, MARLOU",CADI LA SEU,5,3,"1,67"
2014,"SUAREZ UTRERO, ANA MARIA",CADI LA SEU,5,3,"1,67"
2014,"ASURMENDI VILLAVERDE, MARIA DEL CARMEN",C.B. CONQUERO HUELVA WAGEN,3,2,"1,5"
2014,"PINA TOLOSA, MARIA",C.B. CONQUERO HUELVA WAGEN,3,2,"1,5"
2014,"BLE, DOUKOLE VANESSA",PERFUMERIAS AVENIDA,7,5,"1,4"
2014,"FERRARI CALABRO, PAOLA ANDREA",PERFUMERIAS AVENIDA,7,5,"1,4"
2014,"ABALDE DIAZ, TAMARA",PERFUMERIAS AVENIDA,4,3,"1,33"
2014,"MADU, NDIDI AWELE",CADI LA SEU,4,3,"1,33"
2014,"MONTAÑANA GIMENO, ANNA",PERFUMERIAS AVENIDA,1,1,1
2014,"BABKINA, ELINA",SPAR CITYLIFT GIRONA,4,4,1
2014,"ORTIZ VIVES, MARIONA",PERFUMERIAS AVENIDA,4,5,"0,8"
2014,"RODRIGUEZ MANSO, LEONOR DEL PILAR",PERFUMERIAS AVENIDA,4,5,"0,8"
2014,"XARGAY CASADEMONT, MARTA",PERFUMERIAS AVENIDA,26,5,"5,2"
2014,"GIL COLLADO, LAURA",CADI LA SEU,13,3,"4,33"
2014,"JORDANA BOFILL, NOEMI",SPAR CITYLIFT GIRONA,17,4,"4,25"
2014,"GIDDEN, VANESSA NICOLE",SPAR CITYLIFT GIRONA,17,4,"4,25"
2014,"HIND, BEN ABDELKADER",CADI LA SEU,12,3,4
2014,"REZAN, MARIJA",PERFUMERIAS AVENIDA,18,5,"3,6"
2014,"ELONU, ADAORA NNENNA",C.B. CONQUERO HUELVA WAGEN,7,2,"3,5"
2014,"IBEKWE, IFUNANYA DEBBIE",SPAR CITYLIFT GIRONA,14,4,"3,5"
2014,"PEREZ TORRES, TANIA",CADI LA SEU,9,3,3
2014,"CHAMBERS, BRITTANY MARIE",SPAR CITYLIFT GIRONA,12,4,3
2014,"BAHI BLANQUERA, GEORGINA",CADI LA SEU,8,3,"2,67"
2014,"TANNER, TYRESE LA SHAY",CADI LA SEU,8,3,"2,67"
2014,"PARHAM, AJA DANIELLE",C.B. CONQUERO HUELVA WAGEN,5,2,"2,5"
2014,"DAVIS , CHELSEA MARIA",C.B. CONQUERO HUELVA WAGEN,5,2,"2,5"
2014,"ROBINSON, ANGELICA DANIELLE",PERFUMERIAS AVENIDA,12,5,"2,4"
2014,"FERNANDEZ FARRES, MARTA",PERFUMERIAS AVENIDA,11,5,"2,2"
2014,"PASCUA SUAREZ, MARÍA LUCILA",C.B. CONQUERO HUELVA WAGEN,4,2,2
2014,"KUKTIENE, VITA",SPAR CITYLIFT GIRONA,7,4,"1,75"
2014,"DE KLEIJN, MARLOU",CADI LA SEU,5,3,"1,67"
2014,"SUAREZ UTRERO, ANA MARIA",CADI LA SEU,5,3,"1,67"
2014,"ASURMENDI VILLAVERDE, MARIA DEL CARMEN",C.B. CONQUERO HUELVA WAGEN,3,2,"1,5"
2014,"PINA TOLOSA, MARIA",C.B. CONQUERO HUELVA WAGEN,3,2,"1,5"
2014,"BLE, DOUKOLE VANESSA",PERFUMERIAS AVENIDA,7,5,"1,4"
2014,"FERRARI CALABRO, PAOLA ANDREA",PERFUMERIAS AVENIDA,7,5,"1,4"
2014,"ABALDE DIAZ, TAMARA",PERFUMERIAS AVENIDA,4,3,"1,33"
2014,"MADU, NDIDI AWELE",CADI LA SEU,4,3,"1,33"
2014,"MONTAÑANA GIMENO, ANNA",PERFUMERIAS AVENIDA,1,1,1
2014,"BABKINA, ELINA",SPAR CITYLIFT GIRONA,4,4,1
2014,"ORTIZ VIVES, MARIONA",PERFUMERIAS AVENIDA,4,5,"0,8"
2014,"RODRIGUEZ MANSO, LEONOR DEL PILAR",PERFUMERIAS AVENIDA,4,5,"0,8"
2013,"MONTENEGRO SANTANA, RITA ESTHER",EMBUTIDOS PAJARIEL BEMBIBRE PD,14,3,"4,67"
2013,"ELDEBRINK, FRIDA",RIVAS ECOPOLIS,23,5,"4,6"
2013,"MURPHY, ESHAYA MARIE",PERFUMERIAS AVENIDA,21,5,"4,2"
2013,"NDOUR, ASTOU BARRO",GRAN CANARIA 2014,12,3,4
2013,"ROBINSON, ANGELICA DANIELLE",PERFUMERIAS AVENIDA,19,5,"3,8"
2013,"NICHOLLS GONZALEZ, LAURA",RIVAS ECOPOLIS,15,5,3
2013,"GOMEZ IGUAL, ANNA",EMBUTIDOS PAJARIEL BEMBIBRE PD,8,3,"2,67"
2013,"CHAMBERS, BRITTANY MARIE",GRAN CANARIA 2014,8,3,"2,67"
2013,"DIAZ CASTELLANO, YURENA",GRAN CANARIA 2014,8,3,"2,67"
2013,"DAVIS , CHELSEA MARIA",GRAN CANARIA 2014,7,3,"2,33"
2013,"DENNETT, MELISSA LOUISE",EMBUTIDOS PAJARIEL BEMBIBRE PD,7,3,"2,33"
2013,"BUCH ROSELL, ROSO",EMBUTIDOS PAJARIEL BEMBIBRE PD,6,3,2
2013,"LIEPKALNE, DITA",EMBUTIDOS PAJARIEL BEMBIBRE PD,6,3,2
2013,"CISSE, MARIEME",GRAN CANARIA 2014,2,1,2
2013,"GIMENO MARTINEZ, VEGA",RIVAS ECOPOLIS,5,3,"1,67"
2013,"NDOYE, BINETA",GRAN CANARIA 2014,5,3,"1,67"
2013,"XARGAY CASADEMONT, MARTA",PERFUMERIAS AVENIDA,8,5,"1,6"
2013,"ALLISON, RACHEL LINDSAY",RIVAS ECOPOLIS,8,5,"1,6"
2013,"REZAN, MARIJA",PERFUMERIAS AVENIDA,8,5,"1,6"
2013,"HASSELL, JASMINE",RIVAS ECOPOLIS,6,5,"1,2"
2013,"HALVARSSON , LOUICE",RIVAS ECOPOLIS,6,5,"1,2"
2013,"PETEVA, DANIELA ROSENOVA",EMBUTIDOS PAJARIEL BEMBIBRE PD,3,3,1
2013,"QUEVEDO CAÑIZARES, LAURA",RIVAS ECOPOLIS,1,1,1
2013,"OCETE CASTILLO, GABRIELA",RIVAS ECOPOLIS,5,5,1
2013,"O'REILLY, ORLA",EMBUTIDOS PAJARIEL BEMBIBRE PD,3,3,1
2013,"CASAS CARRERAS, QUERALT",RIVAS ECOPOLIS,4,5,"0,8"
2013,"BERMEJO MORENO, CLARA SUSANA",RIVAS ECOPOLIS,4,5,"0,8"
2013,"CABRERA ARGUELLO, PATRICIA",GRAN CANARIA 2014,2,3,"0,67"
2013,"RODRIGUEZ MANSO, LEONOR DEL PILAR",PERFUMERIAS AVENIDA,3,5,"0,6"
2013,"MONGOMO CARVALLO, MARIA CONCEPCIÓN",GRAN CANARIA 2014,1,3,"0,33"
2013,"MONTENEGRO SANTANA, RITA ESTHER",EMBUTIDOS PAJARIEL BEMBIBRE PD,14,3,"4,67"
2013,"ELDEBRINK, FRIDA",RIVAS ECOPOLIS,23,5,"4,6"
2013,"MURPHY, ESHAYA MARIE",PERFUMERIAS AVENIDA,21,5,"4,2"
2013,"NDOUR, ASTOU BARRO",GRAN CANARIA 2014,12,3,4
2013,"ROBINSON, ANGELICA DANIELLE",PERFUMERIAS AVENIDA,19,5,"3,8"
2013,"NICHOLLS GONZALEZ, LAURA",RIVAS ECOPOLIS,15,5,3
2013,"GOMEZ IGUAL, ANNA",EMBUTIDOS PAJARIEL BEMBIBRE PD,8,3,"2,67"
2013,"CHAMBERS, BRITTANY MARIE",GRAN CANARIA 2014,8,3,"2,67"
2013,"DIAZ CASTELLANO, YURENA",GRAN CANARIA 2014,8,3,"2,67"
2013,"DAVIS , CHELSEA MARIA",GRAN CANARIA 2014,7,3,"2,33"
2013,"DENNETT, MELISSA LOUISE",EMBUTIDOS PAJARIEL BEMBIBRE PD,7,3,"2,33"
2013,"BUCH ROSELL, ROSO",EMBUTIDOS PAJARIEL BEMBIBRE PD,6,3,2
2013,"LIEPKALNE, DITA",EMBUTIDOS PAJARIEL BEMBIBRE PD,6,3,2
2013,"CISSE, MARIEME",GRAN CANARIA 2014,2,1,2
2013,"GIMENO MARTINEZ, VEGA",RIVAS ECOPOLIS,5,3,"1,67"
2013,"NDOYE, BINETA",GRAN CANARIA 2014,5,3,"1,67"
2013,"XARGAY CASADEMONT, MARTA",PERFUMERIAS AVENIDA,8,5,"1,6"
2013,"ALLISON, RACHEL LINDSAY",RIVAS ECOPOLIS,8,5,"1,6"
2013,"REZAN, MARIJA",PERFUMERIAS AVENIDA,8,5,"1,6"
2013,"HASSELL, JASMINE",RIVAS ECOPOLIS,6,5,"1,2"
2013,"HALVARSSON , LOUICE",RIVAS ECOPOLIS,6,5,"1,2"
2013,"PETEVA, DANIELA ROSENOVA",EMBUTIDOS PAJARIEL BEMBIBRE PD,3,3,1
2013,"QUEVEDO CAÑIZARES, LAURA",RIVAS ECOPOLIS,1,1,1
2013,"OCETE CASTILLO, GABRIELA",RIVAS ECOPOLIS,5,5,1
2013,"O'REILLY, ORLA",EMBUTIDOS PAJARIEL BEMBIBRE PD,3,3,1
2013,"CASAS CARRERAS, QUERALT",RIVAS ECOPOLIS,4,5,"0,8"
2013,"BERMEJO MORENO, CLARA SUSANA",RIVAS ECOPOLIS,4,5,"0,8"
2013,"CABRERA ARGUELLO, PATRICIA",GRAN CANARIA 2014,2,3,"0,67"
2013,"RODRIGUEZ MANSO, LEONOR DEL PILAR",PERFUMERIAS AVENIDA,3,5,"0,6"
2013,"MONGOMO CARVALLO, MARIA CONCEPCIÓN",GRAN CANARIA 2014,1,3,"0,33"
2012,"ALLISON, RACHEL LINDSAY",BEROIL - CIUDAD DE BURGOS,6,1,6
2012,"CURRIE , MONIQUE PAULETTE",PERFUMERIAS AVENIDA,18,4,"4,5"
2012,"GOMEZ IGUAL, ANNA",BEROIL - CIUDAD DE BURGOS,8,2,4
2012,"MONROE, JACINTA LISETTE",SPAR UNIGIRONA,19,5,"3,8"
2012,"TRAORE, ASTOU",CADI - ICG SOFTWARE,15,4,"3,75"
2012,"ASURMENDI VILLAVERDE, MARIA DEL CARMEN",UNB OBENASA,11,3,"3,67"
2012,"SOTIRIOU , AIKATERINA",UNB OBENASA,10,3,"3,33"
2012,"JORDANA BOFILL, NOEMI",SPAR UNIGIRONA,16,5,"3,2"
2012,"WILLINGHAM, LE`COE LOUISE",PERFUMERIAS AVENIDA,12,4,3
2012,"CRUZ LEBRATO, ANNA",RIVAS ECOPOLIS,12,4,3
2012,"CHUMILLAS PERIS, BERTA",BEROIL - CIUDAD DE BURGOS,6,2,3
2012,"XARGAY CASADEMONT, MARTA",PERFUMERIAS AVENIDA,12,4,3
2012,"REVUELTO SÁNCHEZ-AGUILERA, MARIA",UNB OBENASA,9,3,3
2012,"PARHAM, AJA DANIELLE",CADI - ICG SOFTWARE,11,4,"2,75"
2012,"CASAS CARRERAS, QUERALT",RIVAS ECOPOLIS,11,4,"2,75"
2012,"HONTI, KATALIN",RIVAS ECOPOLIS,10,4,"2,5"
2012,"GIL COLLADO, LAURA",BEROIL - CIUDAD DE BURGOS,5,2,"2,5"
2012,"HERRERA BOXO, LAURA",UNB OBENASA,7,3,"2,33"
2012,"HENRY, ANEIKA ANNA-KAY",RIVAS ECOPOLIS,9,4,"2,25"
2012,"SULCIUTE, EGLE",PERFUMERIAS AVENIDA,9,4,"2,25"
2012,"CARBO COLOMA, ANNA",SPAR UNIGIRONA,11,5,"2,2"
2012,"PINA TOLOSA, MARIA",PERFUMERIAS AVENIDA,2,1,2
2012,"BERMEJO MORENO, CLARA SUSANA",RIVAS ECOPOLIS,8,4,2
2012,"COVINGTON, ARHONDA",CADI - ICG SOFTWARE,8,4,2
2012,"BRAVARD , CIERRA  NICHOLE",SPAR UNIGIRONA,10,5,2
2012,"CUEVAS MEDIAVILLA, AITANA",BEROIL - CIUDAD DE BURGOS,4,2,2
2012,"BARTONOVA , KATERINA",CADI - ICG SOFTWARE,7,4,"1,75"
2012,"MORRISON JARA, ZIOMARA ESKET",RIVAS ECOPOLIS,7,4,"1,75"
2012,"GOMEZ FERREIROS, SARA",UNB OBENASA,5,3,"1,67"
2012,"DE KLEIJN, MARLOU",CADI - ICG SOFTWARE,6,4,"1,5"
2012,"ALLISON, RACHEL LINDSAY",BEROIL - CIUDAD DE BURGOS,6,1,6
2012,"CURRIE , MONIQUE PAULETTE",PERFUMERIAS AVENIDA,18,4,"4,5"
2012,"GOMEZ IGUAL, ANNA",BEROIL - CIUDAD DE BURGOS,8,2,4
2012,"MONROE, JACINTA LISETTE",SPAR UNIGIRONA,19,5,"3,8"
2012,"TRAORE, ASTOU",CADI - ICG SOFTWARE,15,4,"3,75"
2012,"ASURMENDI VILLAVERDE, MARIA DEL CARMEN",UNB OBENASA,11,3,"3,67"
2012,"SOTIRIOU , AIKATERINA",UNB OBENASA,10,3,"3,33"
2012,"JORDANA BOFILL, NOEMI",SPAR UNIGIRONA,16,5,"3,2"
2012,"WILLINGHAM, LE`COE LOUISE",PERFUMERIAS AVENIDA,12,4,3
2012,"CRUZ LEBRATO, ANNA",RIVAS ECOPOLIS,12,4,3
2012,"CHUMILLAS PERIS, BERTA",BEROIL - CIUDAD DE BURGOS,6,2,3
2012,"XARGAY CASADEMONT, MARTA",PERFUMERIAS AVENIDA,12,4,3
2012,"REVUELTO SÁNCHEZ-AGUILERA, MARIA",UNB OBENASA,9,3,3
2012,"PARHAM, AJA DANIELLE",CADI - ICG SOFTWARE,11,4,"2,75"
2012,"CASAS CARRERAS, QUERALT",RIVAS ECOPOLIS,11,4,"2,75"
2012,"HONTI, KATALIN",RIVAS ECOPOLIS,10,4,"2,5"
2012,"GIL COLLADO, LAURA",BEROIL - CIUDAD DE BURGOS,5,2,"2,5"
2012,"HERRERA BOXO, LAURA",UNB OBENASA,7,3,"2,33"
2012,"HENRY, ANEIKA ANNA-KAY",RIVAS ECOPOLIS,9,4,"2,25"
2012,"SULCIUTE, EGLE",PERFUMERIAS AVENIDA,9,4,"2,25"
2012,"CARBO COLOMA, ANNA",SPAR UNIGIRONA,11,5,"2,2"
2012,"PINA TOLOSA, MARIA",PERFUMERIAS AVENIDA,2,1,2
2012,"BERMEJO MORENO, CLARA SUSANA",RIVAS ECOPOLIS,8,4,2
2012,"COVINGTON, ARHONDA",CADI - ICG SOFTWARE,8,4,2
2012,"BRAVARD , CIERRA  NICHOLE",SPAR UNIGIRONA,10,5,2
2012,"CUEVAS MEDIAVILLA, AITANA",BEROIL - CIUDAD DE BURGOS,4,2,2
2012,"BARTONOVA , KATERINA",CADI - ICG SOFTWARE,7,4,"1,75"
2012,"MORRISON JARA, ZIOMARA ESKET",RIVAS ECOPOLIS,7,4,"1,75"
2012,"GOMEZ FERREIROS, SARA",UNB OBENASA,5,3,"1,67"
2012,"DE KLEIJN, MARLOU",CADI - ICG SOFTWARE,6,4,"1,5"
2011,"JORDANA BOFILL, NOEMI",GIRONA FC,9,2,"4,5"
2011,"ROBINSON, ANGELICA DANIELLE",GIRONA FC,8,2,4
2011,"CRUZ LEBRATO, ANNA",RIVAS ECOPOLIS,8,2,4
2011,"BONNER, DEWANNA TENISE",PERFUMERIAS AVENIDA,16,4,4
2011,"DE SOUZA MACHADO, ERIKA CRISTINA",PERFUMERIAS AVENIDA,15,4,"3,75"
2011,"SARR, OUMOUL KHAIRY",GIRONA FC,7,2,"3,5"
2011,"WAUTERS, ANN",CIUDAD ROS CASARES VALENCIA,14,4,"3,5"
2011,"THORBURN, SHONA LOUISE",GIRONA FC,7,2,"3,5"
2011,"MOORE, MAYA APRIL",CIUDAD ROS CASARES VALENCIA,10,3,"3,33"
2011,"DOMINGUEZ FERNANDEZ, SILVIA",CIUDAD ROS CASARES VALENCIA,11,4,"2,75"
2011,"CARSON, ESSENCE",RIVAS ECOPOLIS,5,2,"2,5"
2011,"GIMENO MARTINEZ, VEGA",RIVAS ECOPOLIS,4,2,2
2011,"NICHOLLS GONZALEZ, LAURA",RIVAS ECOPOLIS,4,2,2
2011,"XARGAY CASADEMONT, MARTA",PERFUMERIAS AVENIDA,8,4,2
2011,"JONES, ASJHA",RIVAS ECOPOLIS,4,2,2
2011,"KORSTINE, ILONA",PERFUMERIAS AVENIDA,7,4,"1,75"
2011,"YACOUBOU, ISABELLE",CIUDAD ROS CASARES VALENCIA,7,4,"1,75"
2011,"PIRSIC, SANDRA",RIVAS ECOPOLIS,3,2,"1,5"
2011,"AGUILAR LOPEZ , ELISA",RIVAS ECOPOLIS,3,2,"1,5"
2011,"RUANO ORIOLA, OLGA",GIRONA FC,3,2,"1,5"
2011,"JACKSON, LAUREN",CIUDAD ROS CASARES VALENCIA,6,4,"1,5"
2011,"MURPHY, ESHAYA MARIE",CIUDAD ROS CASARES VALENCIA,6,4,"1,5"
2011,"PALAU ALTES, LAIA",CIUDAD ROS CASARES VALENCIA,6,4,"1,5"
2011,"ANTOJA ROVIRA, LAURA",PERFUMERIAS AVENIDA,5,4,"1,25"
2011,"VALDEMORO MADARIAGA, AMAYA",RIVAS ECOPOLIS,2,2,1
2011,"CLARET GILABERTE, MARTA",GIRONA FC,1,1,1
2011,"GARCIA MATA, GEMA",RIVAS ECOPOLIS,2,2,1
2011,"VESELA, JANA",CIUDAD ROS CASARES VALENCIA,3,3,1
2011,"FEASTER, ALISON",PERFUMERIAS AVENIDA,3,4,"0,75"
2011,"SANCHEZ FERNANDEZ, ISABEL",PERFUMERIAS AVENIDA,3,4,"0,75"
2011,"JORDANA BOFILL, NOEMI",GIRONA FC,9,2,"4,5"
2011,"ROBINSON, ANGELICA DANIELLE",GIRONA FC,8,2,4
2011,"CRUZ LEBRATO, ANNA",RIVAS ECOPOLIS,8,2,4
2011,"BONNER, DEWANNA TENISE",PERFUMERIAS AVENIDA,16,4,4
2011,"DE SOUZA MACHADO, ERIKA CRISTINA",PERFUMERIAS AVENIDA,15,4,"3,75"
2011,"SARR, OUMOUL KHAIRY",GIRONA FC,7,2,"3,5"
2011,"WAUTERS, ANN",CIUDAD ROS CASARES VALENCIA,14,4,"3,5"
2011,"THORBURN, SHONA LOUISE",GIRONA FC,7,2,"3,5"
2011,"MOORE, MAYA APRIL",CIUDAD ROS CASARES VALENCIA,10,3,"3,33"
2011,"DOMINGUEZ FERNANDEZ, SILVIA",CIUDAD ROS CASARES VALENCIA,11,4,"2,75"
2011,"CARSON, ESSENCE",RIVAS ECOPOLIS,5,2,"2,5"
2011,"GIMENO MARTINEZ, VEGA",RIVAS ECOPOLIS,4,2,2
2011,"NICHOLLS GONZALEZ, LAURA",RIVAS ECOPOLIS,4,2,2
2011,"XARGAY CASADEMONT, MARTA",PERFUMERIAS AVENIDA,8,4,2
2011,"JONES, ASJHA",RIVAS ECOPOLIS,4,2,2
2011,"KORSTINE, ILONA",PERFUMERIAS AVENIDA,7,4,"1,75"
2011,"YACOUBOU, ISABELLE",CIUDAD ROS CASARES VALENCIA,7,4,"1,75"
2011,"PIRSIC, SANDRA",RIVAS ECOPOLIS,3,2,"1,5"
2011,"AGUILAR LOPEZ , ELISA",RIVAS ECOPOLIS,3,2,"1,5"
2011,"RUANO ORIOLA, OLGA",GIRONA FC,3,2,"1,5"
2011,"JACKSON, LAUREN",CIUDAD ROS CASARES VALENCIA,6,4,"1,5"
2011,"MURPHY, ESHAYA MARIE",CIUDAD ROS CASARES VALENCIA,6,4,"1,5"
2011,"PALAU ALTES, LAIA",CIUDAD ROS CASARES VALENCIA,6,4,"1,5"
2011,"ANTOJA ROVIRA, LAURA",PERFUMERIAS AVENIDA,5,4,"1,25"
2011,"VALDEMORO MADARIAGA, AMAYA",RIVAS ECOPOLIS,2,2,1
2011,"CLARET GILABERTE, MARTA",GIRONA FC,1,1,1
2011,"GARCIA MATA, GEMA",RIVAS ECOPOLIS,2,2,1
2011,"VESELA, JANA",CIUDAD ROS CASARES VALENCIA,3,3,1
2011,"FEASTER, ALISON",PERFUMERIAS AVENIDA,3,4,"0,75"
2011,"SANCHEZ FERNANDEZ, ISABEL",PERFUMERIAS AVENIDA,3,4,"0,75"
2010,"ANOSIKE, NIKOLIKA NONYELUM",CIUDAD ROS CASARES VALENCIA,10,2,5
2010,"DOUGLAS, KATHRYN",CIUDAD ROS CASARES VALENCIA,10,2,5
2010,"LYTTLE LYTTLE, SANCHO TRACY CONSTANCE",PERFUMERIAS AVENIDA,10,2,5
2010,"BRUNSON, REBEKKAH",CIUDAD ROS CASARES VALENCIA,9,2,"4,5"
2010,"KRESOVIC, INES",MANN FILTER ZARAGOZA,6,2,3
2010,"FEASTER, ALISON",MANN FILTER ZARAGOZA,6,2,3
2010,"MONDT, ANKE DE",PERFUMERIAS AVENIDA,6,2,3
2010,"BONNER, DEWANNA TENISE",RIVAS ECOPOLIS,6,2,3
2010,"DOMINGUEZ FERNANDEZ, SILVIA",PERFUMERIAS AVENIDA,5,2,"2,5"
2010,"CRUZ LEBRATO, ANNA",RIVAS ECOPOLIS,5,2,"2,5"
2010,"VALDEMORO MADARIAGA, AMAYA",RIVAS ECOPOLIS,4,2,2
2010,"LIMA GARCIA, CINDY ORQUIDEA",CIUDAD ROS CASARES VALENCIA,4,2,2
2010,"FERNANDEZ FARRES, MARTA",CIUDAD ROS CASARES VALENCIA,4,2,2
2010,"OUVIÑA MODREGO, CRISTINA",MANN FILTER ZARAGOZA,4,2,2
2010,"NICHOLLS GONZALEZ, LAURA",RIVAS ECOPOLIS,4,2,2
2010,"PINA TOLOSA, MARIA",MANN FILTER ZARAGOZA,4,2,2
2010,"PARIS, COURTNEY LYNNE",RIVAS ECOPOLIS,3,2,"1,5"
2010,"MARTINEZ PRAT, NURIA",CIUDAD ROS CASARES VALENCIA,3,2,"1,5"
2010,"SANCHEZ FERNANDEZ, ISABEL",PERFUMERIAS AVENIDA,3,2,"1,5"
2010,"MONTAÑANA GIMENO, ANNA",PERFUMERIAS AVENIDA,3,2,"1,5"
2010,"DE SOUZA MACHADO, ERIKA CRISTINA",PERFUMERIAS AVENIDA,3,2,"1,5"
2010,"HENRY, ANEIKA ANNA-KAY",MANN FILTER ZARAGOZA,3,2,"1,5"
2010,"PASCUA SUAREZ, MARÍA LUCILA",MANN FILTER ZARAGOZA,3,2,"1,5"
2010,"PALAU ALTES, LAIA",CIUDAD ROS CASARES VALENCIA,2,2,1
2010,"BROWN, KIESHA LINDSAY",MANN FILTER ZARAGOZA,2,2,1
2010,"ROYO TORRES, MARIA ESTELA",MANN FILTER ZARAGOZA,2,2,1
2010,"GIL COLLADO, LAURA",PERFUMERIAS AVENIDA,1,1,1
2010,"LAWSON, EDWIGE",CIUDAD ROS CASARES VALENCIA,2,2,1
2010,"VESELA, JANA",CIUDAD ROS CASARES VALENCIA,1,1,1
2010,"AGUILAR LOPEZ , ELISA",RIVAS ECOPOLIS,2,2,1
2010,"ANOSIKE, NIKOLIKA NONYELUM",CIUDAD ROS CASARES VALENCIA,10,2,5
2010,"DOUGLAS, KATHRYN",CIUDAD ROS CASARES VALENCIA,10,2,5
2010,"LYTTLE LYTTLE, SANCHO TRACY CONSTANCE",PERFUMERIAS AVENIDA,10,2,5
2010,"BRUNSON, REBEKKAH",CIUDAD ROS CASARES VALENCIA,9,2,"4,5"
2010,"KRESOVIC, INES",MANN FILTER ZARAGOZA,6,2,3
2010,"FEASTER, ALISON",MANN FILTER ZARAGOZA,6,2,3
2010,"MONDT, ANKE DE",PERFUMERIAS AVENIDA,6,2,3
2010,"BONNER, DEWANNA TENISE",RIVAS ECOPOLIS,6,2,3
2010,"DOMINGUEZ FERNANDEZ, SILVIA",PERFUMERIAS AVENIDA,5,2,"2,5"
2010,"CRUZ LEBRATO, ANNA",RIVAS ECOPOLIS,5,2,"2,5"
2010,"VALDEMORO MADARIAGA, AMAYA",RIVAS ECOPOLIS,4,2,2
2010,"LIMA GARCIA, CINDY ORQUIDEA",CIUDAD ROS CASARES VALENCIA,4,2,2
2010,"FERNANDEZ FARRES, MARTA",CIUDAD ROS CASARES VALENCIA,4,2,2
2010,"OUVIÑA MODREGO, CRISTINA",MANN FILTER ZARAGOZA,4,2,2
2010,"NICHOLLS GONZALEZ, LAURA",RIVAS ECOPOLIS,4,2,2
2010,"PINA TOLOSA, MARIA",MANN FILTER ZARAGOZA,4,2,2
2010,"PARIS, COURTNEY LYNNE",RIVAS ECOPOLIS,3,2,"1,5"
2010,"MARTINEZ PRAT, NURIA",CIUDAD ROS CASARES VALENCIA,3,2,"1,5"
2010,"SANCHEZ FERNANDEZ, ISABEL",PERFUMERIAS AVENIDA,3,2,"1,5"
2010,"MONTAÑANA GIMENO, ANNA",PERFUMERIAS AVENIDA,3,2,"1,5"
2010,"DE SOUZA MACHADO, ERIKA CRISTINA",PERFUMERIAS AVENIDA,3,2,"1,5"
2010,"HENRY, ANEIKA ANNA-KAY",MANN FILTER ZARAGOZA,3,2,"1,5"
2010,"PASCUA SUAREZ, MARÍA LUCILA",MANN FILTER ZARAGOZA,3,2,"1,5"
2010,"PALAU ALTES, LAIA",CIUDAD ROS CASARES VALENCIA,2,2,1
2010,"BROWN, KIESHA LINDSAY",MANN FILTER ZARAGOZA,2,2,1
2010,"ROYO TORRES, MARIA ESTELA",MANN FILTER ZARAGOZA,2,2,1
2010,"GIL COLLADO, LAURA",PERFUMERIAS AVENIDA,1,1,1
2010,"LAWSON, EDWIGE",CIUDAD ROS CASARES VALENCIA,2,2,1
2010,"VESELA, JANA",CIUDAD ROS CASARES VALENCIA,1,1,1
2010,"AGUILAR LOPEZ , ELISA",RIVAS ECOPOLIS,2,2,1
2009,"LYTTLE LYTTLE, SANCHO TRACY CONSTANCE",PERFUMERIAS AVENIDA,21,4,"5,25"
2009,"DE SOUZA MACHADO, ERIKA CRISTINA",CIUDAD ROS CASARES VALENCIA,17,4,"4,25"
2009,"LANGHORNE , CRYSTAL ALLISON",RIVAS ECOPOLIS,8,2,4
2009,"DUBLJEVIC, JELENA",RIVAS ECOPOLIS,8,2,4
2009,"CRUZ LEBRATO, ANNA",RIVAS ECOPOLIS,8,2,4
2009,"SANCHEZ FERNANDEZ, ISABEL",PERFUMERIAS AVENIDA,15,4,"3,75"
2009,"MILTON, DELISHA LACHELL",CIUDAD ROS CASARES VALENCIA,15,4,"3,75"
2009,"PASCUA SUAREZ, MARÍA LUCILA",MANN FILTER ZARAGOZA,7,2,"3,5"
2009,"DOMINGUEZ FERNANDEZ, SILVIA",PERFUMERIAS AVENIDA,12,4,3
2009,"OUVIÑA MODREGO, CRISTINA",MANN FILTER ZARAGOZA,6,2,3
2009,"PALAU ALTES, LAIA",CIUDAD ROS CASARES VALENCIA,11,4,"2,75"
2009,"FEASTER, ALISON",MANN FILTER ZARAGOZA,5,2,"2,5"
2009,"BERMEJO MORENO, CLARA SUSANA",RIVAS ECOPOLIS,5,2,"2,5"
2009,"WILLINGHAM, LE`COE LOUISE",PERFUMERIAS AVENIDA,9,4,"2,25"
2009,"SNELL, BELINDA ROSE",CIUDAD ROS CASARES VALENCIA,9,4,"2,25"
2009,"STEN, TIINA IRENE",MANN FILTER ZARAGOZA,4,2,2
2009,"ABROMAITE, AGNE",MANN FILTER ZARAGOZA,4,2,2
2009,"VALDEMORO MADARIAGA, AMAYA",CIUDAD ROS CASARES VALENCIA,8,4,2
2009,"VESELA, JANA",CIUDAD ROS CASARES VALENCIA,7,4,"1,75"
2009,"TORRENS SALOM, ALBA",PERFUMERIAS AVENIDA,6,4,"1,5"
2009,"PODKOVALNIKOVA , OLGA",PERFUMERIAS AVENIDA,6,4,"1,5"
2009,"DA SILVA, KATIA",MANN FILTER ZARAGOZA,3,2,"1,5"
2009,"LIMA GARCIA, CINDY ORQUIDEA",CIUDAD ROS CASARES VALENCIA,1,1,1
2009,"UJHELYI, PETRA",RIVAS ECOPOLIS,2,2,1
2009,"JOENS, CATHERINE ELISABETH",RIVAS ECOPOLIS,2,2,1
2009,"MONTAÑANA GIMENO, ANNA",CIUDAD ROS CASARES VALENCIA,4,4,1
2009,"AGUILAR LOPEZ , ELISA",CIUDAD ROS CASARES VALENCIA,4,4,1
2009,"MONDT, ANKE DE",PERFUMERIAS AVENIDA,4,4,1
2009,"TORNIKIDOU TORNIKIDOU, ELENA",RIVAS ECOPOLIS,2,2,1
2009,"XARGAY CASADEMONT, MARTA",PERFUMERIAS AVENIDA,4,4,1
2009,"LYTTLE LYTTLE, SANCHO TRACY CONSTANCE",PERFUMERIAS AVENIDA,21,4,"5,25"
2009,"DE SOUZA MACHADO, ERIKA CRISTINA",CIUDAD ROS CASARES VALENCIA,17,4,"4,25"
2009,"LANGHORNE , CRYSTAL ALLISON",RIVAS ECOPOLIS,8,2,4
2009,"DUBLJEVIC, JELENA",RIVAS ECOPOLIS,8,2,4
2009,"CRUZ LEBRATO, ANNA",RIVAS ECOPOLIS,8,2,4
2009,"SANCHEZ FERNANDEZ, ISABEL",PERFUMERIAS AVENIDA,15,4,"3,75"
2009,"MILTON, DELISHA LACHELL",CIUDAD ROS CASARES VALENCIA,15,4,"3,75"
2009,"PASCUA SUAREZ, MARÍA LUCILA",MANN FILTER ZARAGOZA,7,2,"3,5"
2009,"DOMINGUEZ FERNANDEZ, SILVIA",PERFUMERIAS AVENIDA,12,4,3
2009,"OUVIÑA MODREGO, CRISTINA",MANN FILTER ZARAGOZA,6,2,3
2009,"PALAU ALTES, LAIA",CIUDAD ROS CASARES VALENCIA,11,4,"2,75"
2009,"FEASTER, ALISON",MANN FILTER ZARAGOZA,5,2,"2,5"
2009,"BERMEJO MORENO, CLARA SUSANA",RIVAS ECOPOLIS,5,2,"2,5"
2009,"WILLINGHAM, LE`COE LOUISE",PERFUMERIAS AVENIDA,9,4,"2,25"
2009,"SNELL, BELINDA ROSE",CIUDAD ROS CASARES VALENCIA,9,4,"2,25"
2009,"STEN, TIINA IRENE",MANN FILTER ZARAGOZA,4,2,2
2009,"ABROMAITE, AGNE",MANN FILTER ZARAGOZA,4,2,2
2009,"VALDEMORO MADARIAGA, AMAYA",CIUDAD ROS CASARES VALENCIA,8,4,2
2009,"VESELA, JANA",CIUDAD ROS CASARES VALENCIA,7,4,"1,75"
2009,"TORRENS SALOM, ALBA",PERFUMERIAS AVENIDA,6,4,"1,5"
2009,"PODKOVALNIKOVA , OLGA",PERFUMERIAS AVENIDA,6,4,"1,5"
2009,"DA SILVA, KATIA",MANN FILTER ZARAGOZA,3,2,"1,5"
2009,"LIMA GARCIA, CINDY ORQUIDEA",CIUDAD ROS CASARES VALENCIA,1,1,1
2009,"UJHELYI, PETRA",RIVAS ECOPOLIS,2,2,1
2009,"JOENS, CATHERINE ELISABETH",RIVAS ECOPOLIS,2,2,1
2009,"MONTAÑANA GIMENO, ANNA",CIUDAD ROS CASARES VALENCIA,4,4,1
2009,"AGUILAR LOPEZ , ELISA",CIUDAD ROS CASARES VALENCIA,4,4,1
2009,"MONDT, ANKE DE",PERFUMERIAS AVENIDA,4,4,1
2009,"TORNIKIDOU TORNIKIDOU, ELENA",RIVAS ECOPOLIS,2,2,1
2009,"XARGAY CASADEMONT, MARTA",PERFUMERIAS AVENIDA,4,4,1
2008,"SANCHEZ FERNANDEZ, ISABEL",PERFUMERIAS AVENIDA,20,5,4
2008,"WILLINGHAM, LE`COE LOUISE",PERFUMERIAS AVENIDA,19,5,"3,8"
2008,"BERMEJO MORENO, CLARA SUSANA",RIVAS ECÓPOLIS,11,3,"3,67"
2008,"SNOW, MICHELLE",PERFUMERIAS AVENIDA,18,5,"3,6"
2008,"REVUELTO SÁNCHEZ-AGUILERA, MARIA",CB FEVE SAN JOSÉ,7,2,"3,5"
2008,"MILTON, DELISHA LACHELL",CIUDAD ROS CASARES,14,4,"3,5"
2008,"MURPHY, ESHAYA MARIE",CB FEVE SAN JOSÉ,7,2,"3,5"
2008,"DUBLJEVIC, JELENA",RIVAS ECÓPOLIS,10,3,"3,33"
2008,"THORBURN, SHONA LOUISE",CB FEVE SAN JOSÉ,6,2,3
2008,"MONTAÑANA GIMENO, ANNA",CIUDAD ROS CASARES,12,4,3
2008,"PINA TOLOSA, MARIA",CB FEVE SAN JOSÉ,6,2,3
2008,"HODGES, RONEEKA RAYSHELL",RIVAS ECÓPOLIS,9,3,3
2008,"WIGGINS, CANDICE DANA",CIUDAD ROS CASARES,9,4,"2,25"
2008,"PALAU ALTES, LAIA",CIUDAD ROS CASARES,9,4,"2,25"
2008,"VALDEMORO MADARIAGA, AMAYA",CIUDAD ROS CASARES,8,4,2
2008,"DE SOUZA MACHADO, ERIKA CRISTINA",CIUDAD ROS CASARES,8,4,2
2008,"ROVIRA RODRIGUEZ, MARIA DEL MAR",PERFUMERIAS AVENIDA,10,5,2
2008,"RILEY, RUTH ELLEN",RIVAS ECÓPOLIS,5,3,"1,67"
2008,"UJHELYI, PETRA",RIVAS ECÓPOLIS,5,3,"1,67"
2008,"BASKO , GUNTA",PERFUMERIAS AVENIDA,8,5,"1,6"
2008,"STAMPALIJA, PETRA",PERFUMERIAS AVENIDA,8,5,"1,6"
2008,"LIMA GARCIA, CINDY ORQUIDEA",CB FEVE SAN JOSÉ,3,2,"1,5"
2008,"DOMINGUEZ FERNANDEZ, SILVIA",PERFUMERIAS AVENIDA,7,5,"1,4"
2008,"ABALDE DIAZ, TAMARA",RIVAS ECÓPOLIS,4,3,"1,33"
2008,"PASCUA SUAREZ, MARÍA LUCILA",CB FEVE SAN JOSÉ,2,2,1
2008,"VESELA, JANA",CIUDAD ROS CASARES,4,4,1
2008,"ARGÜELLO CUENCA, PATRICIA",CB FEVE SAN JOSÉ,2,2,1
2008,"TORNIKIDOU TORNIKIDOU, ELENA",CIUDAD ROS CASARES,2,2,1
2008,"MONDT, ANKE DE",PERFUMERIAS AVENIDA,4,5,"0,8"
2008,"AGUILAR LOPEZ , ELISA",CIUDAD ROS CASARES,3,4,"0,75"
2008,"SANCHEZ FERNANDEZ, ISABEL",PERFUMERIAS AVENIDA,20,5,4
2008,"WILLINGHAM, LE`COE LOUISE",PERFUMERIAS AVENIDA,19,5,"3,8"
2008,"BERMEJO MORENO, CLARA SUSANA",RIVAS ECÓPOLIS,11,3,"3,67"
2008,"SNOW, MICHELLE",PERFUMERIAS AVENIDA,18,5,"3,6"
2008,"REVUELTO SÁNCHEZ-AGUILERA, MARIA",CB FEVE SAN JOSÉ,7,2,"3,5"
2008,"MILTON, DELISHA LACHELL",CIUDAD ROS CASARES,14,4,"3,5"
2008,"MURPHY, ESHAYA MARIE",CB FEVE SAN JOSÉ,7,2,"3,5"
2008,"DUBLJEVIC, JELENA",RIVAS ECÓPOLIS,10,3,"3,33"
2008,"THORBURN, SHONA LOUISE",CB FEVE SAN JOSÉ,6,2,3
2008,"MONTAÑANA GIMENO, ANNA",CIUDAD ROS CASARES,12,4,3
2008,"PINA TOLOSA, MARIA",CB FEVE SAN JOSÉ,6,2,3
2008,"HODGES, RONEEKA RAYSHELL",RIVAS ECÓPOLIS,9,3,3
2008,"WIGGINS, CANDICE DANA",CIUDAD ROS CASARES,9,4,"2,25"
2008,"PALAU ALTES, LAIA",CIUDAD ROS CASARES,9,4,"2,25"
2008,"VALDEMORO MADARIAGA, AMAYA",CIUDAD ROS CASARES,8,4,2
2008,"DE SOUZA MACHADO, ERIKA CRISTINA",CIUDAD ROS CASARES,8,4,2
2008,"ROVIRA RODRIGUEZ, MARIA DEL MAR",PERFUMERIAS AVENIDA,10,5,2
2008,"RILEY, RUTH ELLEN",RIVAS ECÓPOLIS,5,3,"1,67"
2008,"UJHELYI, PETRA",RIVAS ECÓPOLIS,5,3,"1,67"
2008,"BASKO , GUNTA",PERFUMERIAS AVENIDA,8,5,"1,6"
2008,"STAMPALIJA, PETRA",PERFUMERIAS AVENIDA,8,5,"1,6"
2008,"LIMA GARCIA, CINDY ORQUIDEA",CB FEVE SAN JOSÉ,3,2,"1,5"
2008,"DOMINGUEZ FERNANDEZ, SILVIA",PERFUMERIAS AVENIDA,7,5,"1,4"
2008,"ABALDE DIAZ, TAMARA",RIVAS ECÓPOLIS,4,3,"1,33"
2008,"PASCUA SUAREZ, MARÍA LUCILA",CB FEVE SAN JOSÉ,2,2,1
2008,"VESELA, JANA",CIUDAD ROS CASARES,4,4,1
2008,"ARGÜELLO CUENCA, PATRICIA",CB FEVE SAN JOSÉ,2,2,1
2008,"TORNIKIDOU TORNIKIDOU, ELENA",CIUDAD ROS CASARES,2,2,1
2008,"MONDT, ANKE DE",PERFUMERIAS AVENIDA,4,5,"0,8"
2008,"AGUILAR LOPEZ , ELISA",CIUDAD ROS CASARES,3,4,"0,75"
2007,"COHEN, LIRON",CLUB BALONCESTO SAN JOSÉ,8,2,4
2007,"MONTAÑANA GIMENO, ANNA",PERFUMERIAS AVENIDA,23,6,"3,83"
2007,"BERMEJO MORENO, CLARA SUSANA",PERFUMERIAS AVENIDA,23,6,"3,83"
2007,"MATIC , IVANKA",PERFUMERIAS AVENIDA,22,6,"3,67"
2007,"MILTON, DELISHA LACHELL",C. ROS CASARES VALENCIA,17,5,"3,4"
2007,"SANCHEZ FERNANDEZ, ISABEL",PERFUMERIAS AVENIDA,19,6,"3,17"
2007,"LIMA GARCIA, CINDY ORQUIDEA",CLUB BALONCESTO SAN JOSÉ,6,2,3
2007,"MORALES MARTIN, SILVIA",EBE PROMOCIONES SANTA EULALIAI,9,3,3
2007,"LYTTLE LYTTLE, SANCHO TRACY CONSTANCE",EBE PROMOCIONES SANTA EULALIAI,9,3,3
2007,"PAGE, LINDA A. MURRIEL",CLUB BALONCESTO SAN JOSÉ,6,2,3
2007,"DOUGLAS, KATHRYN",C. ROS CASARES VALENCIA,15,5,3
2007,"THORBURN, SHONA LOUISE",EBE PROMOCIONES SANTA EULALIAI,8,3,"2,67"
2007,"DE SOUZA MACHADO, ERIKA CRISTINA",C. ROS CASARES VALENCIA,12,5,"2,4"
2007,"TORNIKIDOU TORNIKIDOU, ELENA",C. ROS CASARES VALENCIA,11,5,"2,2"
2007,"REID, TRACY LASHAWN",PERFUMERIAS AVENIDA,11,6,"1,83"
2007,"LILJESTRAND, THYRA LINNEA",EBE PROMOCIONES SANTA EULALIAI,5,3,"1,67"
2007,"MONDT, ANKE DE",PERFUMERIAS AVENIDA,9,6,"1,5"
2007,"SANTOS DE OLIVEIRA, ALESSANDRA",PERFUMERIAS AVENIDA,3,2,"1,5"
2007,"AGUILAR LOPEZ , ELISA",C. ROS CASARES VALENCIA,7,5,"1,4"
2007,"GOMEZ IGUAL, ANNA",CLUB BALONCESTO SAN JOSÉ,1,1,1
2007,"FEASTER, ALISON",CLUB BALONCESTO SAN JOSÉ,2,2,1
2007,"NAVARRO SALLES, LAURA",EBE PROMOCIONES SANTA EULALIAI,3,3,1
2007,"BATTLE , ASHLEY MICHELLE",CLUB BALONCESTO SAN JOSÉ,2,2,1
2007,"RASMUSSEN, KRISTEN",EBE PROMOCIONES SANTA EULALIAI,3,3,1
2007,"PASCUA SUAREZ, MARÍA LUCILA",CLUB BALONCESTO SAN JOSÉ,2,2,1
2007,"REVUELTO SÁNCHEZ-AGUILERA, MARIA",CLUB BALONCESTO SAN JOSÉ,2,2,1
2007,"MALTSI, EVANTHIA",C. ROS CASARES VALENCIA,4,5,"0,8"
2007,"PALAU ALTES, LAIA",C. ROS CASARES VALENCIA,4,5,"0,8"
2007,"FERRAGUT CASTILLO, MARINA",C. ROS CASARES VALENCIA,4,5,"0,8"
2007,"JORDANA BOFILL, NOEMI",C. ROS CASARES VALENCIA,3,4,"0,75"
2007,"COHEN, LIRON",CLUB BALONCESTO SAN JOSÉ,8,2,4
2007,"MONTAÑANA GIMENO, ANNA",PERFUMERIAS AVENIDA,23,6,"3,83"
2007,"BERMEJO MORENO, CLARA SUSANA",PERFUMERIAS AVENIDA,23,6,"3,83"
2007,"MATIC , IVANKA",PERFUMERIAS AVENIDA,22,6,"3,67"
2007,"MILTON, DELISHA LACHELL",C. ROS CASARES VALENCIA,17,5,"3,4"
2007,"SANCHEZ FERNANDEZ, ISABEL",PERFUMERIAS AVENIDA,19,6,"3,17"
2007,"LIMA GARCIA, CINDY ORQUIDEA",CLUB BALONCESTO SAN JOSÉ,6,2,3
2007,"MORALES MARTIN, SILVIA",EBE PROMOCIONES SANTA EULALIAI,9,3,3
2007,"LYTTLE LYTTLE, SANCHO TRACY CONSTANCE",EBE PROMOCIONES SANTA EULALIAI,9,3,3
2007,"PAGE, LINDA A. MURRIEL",CLUB BALONCESTO SAN JOSÉ,6,2,3
2007,"DOUGLAS, KATHRYN",C. ROS CASARES VALENCIA,15,5,3
2007,"THORBURN, SHONA LOUISE",EBE PROMOCIONES SANTA EULALIAI,8,3,"2,67"
2007,"DE SOUZA MACHADO, ERIKA CRISTINA",C. ROS CASARES VALENCIA,12,5,"2,4"
2007,"TORNIKIDOU TORNIKIDOU, ELENA",C. ROS CASARES VALENCIA,11,5,"2,2"
2007,"REID, TRACY LASHAWN",PERFUMERIAS AVENIDA,11,6,"1,83"
2007,"LILJESTRAND, THYRA LINNEA",EBE PROMOCIONES SANTA EULALIAI,5,3,"1,67"
2007,"MONDT, ANKE DE",PERFUMERIAS AVENIDA,9,6,"1,5"
2007,"SANTOS DE OLIVEIRA, ALESSANDRA",PERFUMERIAS AVENIDA,3,2,"1,5"
2007,"AGUILAR LOPEZ , ELISA",C. ROS CASARES VALENCIA,7,5,"1,4"
2007,"GOMEZ IGUAL, ANNA",CLUB BALONCESTO SAN JOSÉ,1,1,1
2007,"FEASTER, ALISON",CLUB BALONCESTO SAN JOSÉ,2,2,1
2007,"NAVARRO SALLES, LAURA",EBE PROMOCIONES SANTA EULALIAI,3,3,1
2007,"BATTLE , ASHLEY MICHELLE",CLUB BALONCESTO SAN JOSÉ,2,2,1
2007,"RASMUSSEN, KRISTEN",EBE PROMOCIONES SANTA EULALIAI,3,3,1
2007,"PASCUA SUAREZ, MARÍA LUCILA",CLUB BALONCESTO SAN JOSÉ,2,2,1
2007,"REVUELTO SÁNCHEZ-AGUILERA, MARIA",CLUB BALONCESTO SAN JOSÉ,2,2,1
2007,"MALTSI, EVANTHIA",C. ROS CASARES VALENCIA,4,5,"0,8"
2007,"PALAU ALTES, LAIA",C. ROS CASARES VALENCIA,4,5,"0,8"
2007,"FERRAGUT CASTILLO, MARINA",C. ROS CASARES VALENCIA,4,5,"0,8"
2007,"JORDANA BOFILL, NOEMI",C. ROS CASARES VALENCIA,3,4,"0,75"
2006,"SANCHEZ FERNANDEZ, ISABEL",ACIS INCOSA LEON,13,2,"6,5"
2006,"HILL, JOANNE KAY",EXTRUGASA,11,2,"5,5"
2006,"CASTRO MARQUES, IZIANE",HONDARRIBIA-IRÚN,11,2,"5,5"
2006,"TUUKKANEN, TARU TELLERVO",EXTRUGASA,9,2,"4,5"
2006,"FERNANDEZ FARRES, MARTA",UB F.C BARCELONA,22,5,"4,4"
2006,"POWELL, NICOLE KRISTEN",PERFUMERIAS AVENIDA,39,9,"4,33"
2006,"MUJANOVIC, RAZIJA",HONDARRIBIA-IRÚN,8,2,4
2006,"PAGE, LINDA A. MURRIEL",HONDARRIBIA-IRÚN,8,2,4
2006,"ZURRO ALFONSO, MARTA",ARRANZ-JOPISA BURGOS,15,4,"3,75"
2006,"MILTON, DELISHA LACHELL",C. ROS CASARES VALENCIA,37,10,"3,7"
2006,"BERMEJO MORENO, CLARA SUSANA",PERFUMERIAS AVENIDA,32,9,"3,56"
2006,"MONTAÑANA GIMENO, ANNA",PERFUMERIAS AVENIDA,31,9,"3,44"
2006,"BATTLE , ASHLEY MICHELLE",GRAN CANARIA,6,2,3
2006,"ALAMO GONZALEZ, ELENA",GRAN CANARIA,6,2,3
2006,"DA SILVA SANTOS, KELLY",ACIS INCOSA LEON,6,2,3
2006,"DOMINGUEZ FERNANDEZ, SILVIA",PERFUMERIAS AVENIDA,27,9,3
2006,"SCHUMACHER, KELLY MARIE",UB F.C BARCELONA,15,5,3
2006,"UJHELYI, PETRA",ARRANZ-JOPISA BURGOS,11,4,"2,75"
2006,"VALERO CEBRIAN, PILAR",GRAN CANARIA,5,2,"2,5"
2006,"ABROMAITE, AGNE",EXTRUGASA,5,2,"2,5"
2006,"GOMEZ FERREIROS, SARA",EXTRUGASA,5,2,"2,5"
2006,"ROVIRA RODRIGUEZ, MARIA DEL MAR",ACIS INCOSA LEON,5,2,"2,5"
2006,"MONDT, ANKE DE",ARRANZ-JOPISA BURGOS,9,4,"2,25"
2006,"CIOCAN, PAULA CRISTINA",ARRANZ-JOPISA BURGOS,9,4,"2,25"
2006,"PALAU ALTES, LAIA",C. ROS CASARES VALENCIA,22,10,"2,2"
2006,"DE SOUZA MACHADO, ERIKA CRISTINA",C. ROS CASARES VALENCIA,21,10,"2,1"
2006,"PETROVIC, SONJA",UB F.C BARCELONA,10,5,2
2006,"GULAK, PATRYCJA ANNA",ACIS INCOSA LEON,4,2,2
2006,"ANTOJA ROVIRA, LAURA",HONDARRIBIA-IRÚN,4,2,2
2006,"TORNIKIDOU TORNIKIDOU, ELENA",C. ROS CASARES VALENCIA,19,10,"1,9"
2006,"WECKER, KENDRA RENEE",UB F.C BARCELONA,3,5,"0,6"
2006,"JORDANA BOFILL, NOEMI",C. ROS CASARES VALENCIA,5,9,"0,56"
2006,"FERRAGUT CASTILLO, MARINA",C. ROS CASARES VALENCIA,5,10,"0,5"
2006,"GRANDE FLORES, LAURA",GRAN CANARIA,1,2,"0,5"
2006,"QUINTERO CASTELLANO, THANIA",HONDARRIBIA-IRÚN,1,2,"0,5"
2006,"GINES GONZALEZ, MARTA",ACIS INCOSA LEON,1,2,"0,5"
2006,"VILLAR FERNANDEZ, IRIA",ARRANZ-JOPISA BURGOS,2,4,"0,5"
2006,"KNEZEVIC, ADRIJANA",PERFUMERIAS AVENIDA,2,4,"0,5"
2006,"XANTAL SERRET, Mª DEL MAR",GRAN CANARIA,1,2,"0,5"
2006,"HERRERA AREVALO, MIRIAM",EXTRUGASA,1,2,"0,5"
2006,"WECKER, KENDRA RENEE",UB F.C BARCELONA,3,5,"0,6"
2006,"JORDANA BOFILL, NOEMI",C. ROS CASARES VALENCIA,5,9,"0,56"
2006,"FERRAGUT CASTILLO, MARINA",C. ROS CASARES VALENCIA,5,10,"0,5"
2006,"GRANDE FLORES, LAURA",GRAN CANARIA,1,2,"0,5"
2006,"QUINTERO CASTELLANO, THANIA",HONDARRIBIA-IRÚN,1,2,"0,5"
2006,"GINES GONZALEZ, MARTA",ACIS INCOSA LEON,1,2,"0,5"
2006,"VILLAR FERNANDEZ, IRIA",ARRANZ-JOPISA BURGOS,2,4,"0,5"
2006,"KNEZEVIC, ADRIJANA",PERFUMERIAS AVENIDA,2,4,"0,5"
2006,"XANTAL SERRET, Mª DEL MAR",GRAN CANARIA,1,2,"0,5"
2006,"HERRERA AREVALO, MIRIAM",EXTRUGASA,1,2,"0,5"
2005,"ALAMO GONZALEZ, ELENA",CAJACANARIAS,3,2,"1,5"
2005,"ARCAIN, JANETH DOS SANTOS",ROS CASARES VALENCIA,3,2,"1,5"
2005,"TORNIKIDOU TORNIKIDOU, ELENA",PERFUMERIAS AVENIDA,3,2,"1,5"
2005,"MONDT, ANKE DE",ARRANZ-JOPISA BURGOS,3,2,"1,5"
2005,"NAVARRETE TRUJILLO, MIREIA",ARRANZ-JOPISA BURGOS,3,2,"1,5"
2005,"CAMPS COLLELL, LAURA",PERFUMERIAS AVENIDA,3,2,"1,5"
2005,"GALLEGO VICARIO, SANDRA",UB F.C BARCELONA,3,2,"1,5"
2005,"PASCUA SUAREZ, MARÍA LUCILA",ACIS INCOSA LEON,3,2,"1,5"
2005,"ALONSO DIEGO, MARIA JOSE",ARRANZ-JOPISA BURGOS,3,2,"1,5"
2005,"GRANDE FLORES, LAURA",CAJACANARIAS,2,2,1
2005,"PODKOVALNIKOVA , OLGA",ROS CASARES VALENCIA,1,1,1
2005,"DELGADO DIAZ-GUEMES, RAQUEL",HONDARRIBIA-IRÚN,2,2,1
2005,"BERMEJO MORENO, CLARA SUSANA",PERFUMERIAS AVENIDA,2,2,1
2005,"MORENO GARCIA, ANA M.",HONDARRIBIA-IRÚN,1,1,1
2005,"SCHUMACHER, KELLY MARIE",PERFUMERIAS AVENIDA,2,2,1
2005,"ANTIBE , NICOLE",ROS CASARES VALENCIA,2,2,1
2005,"MONTESDEOCA LOPEZ, EVA",CAJACANARIAS,2,2,1
2005,"CRUZ LEBRATO, ANNA",ARRANZ-JOPISA BURGOS,2,2,1
2005,"HAJDUNE CSASZAR, ANDREA",HONDARRIBIA-IRÚN,2,2,1
2005,"VILLAR FERNANDEZ, IRIA",ARRANZ-JOPISA BURGOS,2,2,1
2005,"HILL, JOANNE KAY",USP CEU - ADECCO ESTUDIANTES,2,2,1
2005,"SALGADO SANCHEZ, IRENE",ACIS INCOSA LEON,1,1,1
2005,"ARDON, LESLIE",ACIS INCOSA LEON,1,2,"0,5"
2005,"MARCOS BENITO, BLANCA",PERFUMERIAS AVENIDA,1,2,"0,5"
2005,"YGUERAVIDE VIANA, SANDRA",ARRANZ-JOPISA BURGOS,1,2,"0,5"
2005,"ALVAREZ PEREZ, LAURA",PERFUMERIAS AVENIDA,1,2,"0,5"
2005,"MUJANOVIC, RAZIJA",UB F.C BARCELONA,1,2,"0,5"
2005,"PEREZ CAPARROS, ROSA",USP CEU - ADECCO ESTUDIANTES,1,2,"0,5"
2005,"TOMOVA, MILENA MITKOVA",PERFUMERIAS AVENIDA,1,2,"0,5"
2005,"ROVIRA RODRIGUEZ, MARIA DEL MAR",ACIS INCOSA LEON,1,2,"0,5"
2005,"ALAMO GONZALEZ, ELENA",CAJACANARIAS,3,2,"1,5"
2005,"ARCAIN, JANETH DOS SANTOS",ROS CASARES VALENCIA,3,2,"1,5"
2005,"TORNIKIDOU TORNIKIDOU, ELENA",PERFUMERIAS AVENIDA,3,2,"1,5"
2005,"MONDT, ANKE DE",ARRANZ-JOPISA BURGOS,3,2,"1,5"
2005,"NAVARRETE TRUJILLO, MIREIA",ARRANZ-JOPISA BURGOS,3,2,"1,5"
2005,"CAMPS COLLELL, LAURA",PERFUMERIAS AVENIDA,3,2,"1,5"
2005,"GALLEGO VICARIO, SANDRA",UB F.C BARCELONA,3,2,"1,5"
2005,"PASCUA SUAREZ, MARÍA LUCILA",ACIS INCOSA LEON,3,2,"1,5"
2005,"ALONSO DIEGO, MARIA JOSE",ARRANZ-JOPISA BURGOS,3,2,"1,5"
2005,"GRANDE FLORES, LAURA",CAJACANARIAS,2,2,1
2005,"PODKOVALNIKOVA , OLGA",ROS CASARES VALENCIA,1,1,1
2005,"DELGADO DIAZ-GUEMES, RAQUEL",HONDARRIBIA-IRÚN,2,2,1
2005,"BERMEJO MORENO, CLARA SUSANA",PERFUMERIAS AVENIDA,2,2,1
2005,"MORENO GARCIA, ANA M.",HONDARRIBIA-IRÚN,1,1,1
2005,"SCHUMACHER, KELLY MARIE",PERFUMERIAS AVENIDA,2,2,1
2005,"ANTIBE , NICOLE",ROS CASARES VALENCIA,2,2,1
2005,"MONTESDEOCA LOPEZ, EVA",CAJACANARIAS,2,2,1
2005,"CRUZ LEBRATO, ANNA",ARRANZ-JOPISA BURGOS,2,2,1
2005,"HAJDUNE CSASZAR, ANDREA",HONDARRIBIA-IRÚN,2,2,1
2005,"VILLAR FERNANDEZ, IRIA",ARRANZ-JOPISA BURGOS,2,2,1
2005,"HILL, JOANNE KAY",USP CEU - ADECCO ESTUDIANTES,2,2,1
2005,"SALGADO SANCHEZ, IRENE",ACIS INCOSA LEON,1,1,1
2005,"ARDON, LESLIE",ACIS INCOSA LEON,1,2,"0,5"
2005,"MARCOS BENITO, BLANCA",PERFUMERIAS AVENIDA,1,2,"0,5"
2005,"YGUERAVIDE VIANA, SANDRA",ARRANZ-JOPISA BURGOS,1,2,"0,5"
2005,"ALVAREZ PEREZ, LAURA",PERFUMERIAS AVENIDA,1,2,"0,5"
2005,"MUJANOVIC, RAZIJA",UB F.C BARCELONA,1,2,"0,5"
2005,"PEREZ CAPARROS, ROSA",USP CEU - ADECCO ESTUDIANTES,1,2,"0,5"
2005,"TOMOVA, MILENA MITKOVA",PERFUMERIAS AVENIDA,1,2,"0,5"
2005,"ROVIRA RODRIGUEZ, MARIA DEL MAR",ACIS INCOSA LEON,1,2,"0,5"
2004,"FARRIS, BARBARA",PERFUMERIAS AVENIDA,42,13,"3,23"
2004,"ROVIRA RODRIGUEZ, MARIA DEL MAR",ACIS-SUFI LEON,84,26,"3,23"
2004,"ALAMO GONZALEZ, ELENA",CAJACANARIAS,75,24,"3,13"
2004,"BROSOVSZKY, MONIKA IZABELLA",CAJACANARIAS,80,26,"3,08"
2004,"BERMEJO MORENO, CLARA SUSANA",MANN FILTER ZARAGOZA,79,26,"3,04"
2004,"STARBIRD, CATHARINE EVELYN",USP CEU - ADECCO ESTUDIANTES,78,26,3
2004,"DIJON, SANDRA MARCELLE",C.B. PUIG D`EN VALLS SANTA EUL,71,24,"2,96"
2004,"NNINDJEM, AGATHE RACHEL",ROS CASARES VALENCIA,38,13,"2,92"
2004,"RASMUSSEN, KRISTEN",MANN FILTER ZARAGOZA,73,25,"2,92"
2004,"DE SOUZA MACHADO, ERIKA CRISTINA",UNIVERSITAT DE BARCELONA - F.C,67,23,"2,91"
2004,"DAPO, AMRA",MOTIVA REAL CANOE N.C.,37,13,"2,85"
2004,"NIEUWVEEN, MARLOUS",CAJACANARIAS,73,26,"2,81"
2004,"BLANCO BERNAL, SONIA",USP CEU - ADECCO ESTUDIANTES,73,26,"2,81"
2004,"GARCIA PIÑERO, MARIA BEGOÑA",HONDARRIBIA - IRÚN,71,26,"2,73"
2004,"BORGES DOS REIS, SONIA",YAYA MARIA BREOGAN,34,13,"2,62"
2004,"LIMA GARCIA, CINDY ORQUIDEA",REAL CLUB CELTA VIGOURBAN,57,23,"2,48"
2004,"HERMOUET, EMMANUELLE",PERFUMERIAS AVENIDA,62,25,"2,48"
2004,"MONTESDEOCA LOPEZ, EVA",CAJACANARIAS,64,26,"2,46"
2004,"SÁNCHEZ LUJÁN, ROSAURA DEL CARMEN",ROS CASARES VALENCIA,64,26,"2,46"
2004,"GOMEZ NOVO, MARIA ARANZAZU",C.B. PUIG D`EN VALLS SANTA EUL,35,15,"2,33"
2004,"GRANDE FLORES, LAURA",CAJACANARIAS,58,25,"2,32"
2004,"WYCKOFF, BROOKE ELIZABETH",YAYA MARIA BREOGAN,30,13,"2,31"
2004,"HAYDEN, VANESSA",PERFUMERIAS AVENIDA,29,13,"2,23"
2004,"CEBRIAN SCHEURER, ELISABET",UNIVERSITAT DE BARCELONA - F.C,56,26,"2,15"
2004,"PASCUA SUAREZ, MARÍA LUCILA",MANN FILTER ZARAGOZA,55,26,"2,12"
2004,"CAMPS COLLELL, LAURA",PERFUMERIAS AVENIDA,49,24,"2,04"
2004,"NAVARRETE TRUJILLO, MIREIA",MANN FILTER ZARAGOZA,49,24,"2,04"
2004,"DONAIRE MALAGELADA, ELSA",ARRANZ - JOPISA BURGOS,52,26,2
2004,"SALGADO SANCHEZ, IRENE",YAYA MARIA BREOGAN,48,24,2
2004,"TEMNIK, KATJA",C.B. PUIG D`EN VALLS SANTA EUL,52,26,2
2004,"IVEY, NIELE DEIRDRE",MANN FILTER ZARAGOZA,36,18,2
2004,"HERNANDEZ ESTEBAN, SILVIA",MOTIVA REAL CANOE N.C.,50,25,2
2004,"MONDT, ANKE DE",EXTRUGASA,51,26,"1,96"
2004,"GOMEZ IGUAL, ANNA",C.B. PUIG D`EN VALLS SANTA EUL,50,26,"1,92"
2004,"PELAEZ SAN GIL, LOURDES",HONDARRIBIA - IRÚN,48,25,"1,92"
2004,"GILABERT AVANTE, MONTSERRAT",EXTRUGASA,48,25,"1,92"
2004,"GALLEGO VICARIO, SANDRA",UNIVERSITAT DE BARCELONA - F.C,44,23,"1,91"
2004,"JOENS, CATHERINE ELISABETH",C.B. PUIG D`EN VALLS SANTA EUL,24,13,"1,85"
2004,"FERRAGUT CASTILLO, MARINA",HONDARRIBIA - IRÚN,48,26,"1,85"
2004,"PONS MOLINA, INGRID",UNIVERSITAT DE BARCELONA - F.C,45,26,"1,73"
2004,"REVUELTO SÁNCHEZ-AGUILERA, MARIA",REAL CLUB CELTA VIGOURBAN,44,26,"1,69"
2004,"JORDANA BOFILL, NOEMI",ROS CASARES VALENCIA,43,26,"1,65"
2004,"MARTINEZ PRAT, ROSER",YAYA MARIA BREOGAN,23,14,"1,64"
2004,"SANTOS LUZ, HELEN CRISTINA",UNIVERSITAT DE BARCELONA - F.C,42,26,"1,62"
2004,"JIMENEZ GALINDO, ANNA ISABEL",C.B. PUIG D`EN VALLS SANTA EUL,37,23,"1,61"
2004,"LAAKSONEN, JENNI JANITA",C.B. PUIG D`EN VALLS SANTA EUL,40,26,"1,54"
2004,"KÜHN, KATHARINA CHARLOTTA",ACIS-SUFI LEON,40,26,"1,54"
2004,"XANTAL SERRET, Mª DEL MAR",CAJACANARIAS,40,26,"1,54"
2004,"POLLINI, CATARINA",ROS CASARES VALENCIA,26,17,"1,53"
2004,"BERTAL, GERALDINE MARIE ROSE",ARRANZ - JOPISA BURGOS,35,23,"1,52"
2004,"ANTOJA ROVIRA, LAURA",UNIVERSITAT DE BARCELONA - F.C,36,24,"1,5"
2004,"LEWIS, TYNESHA",ACIS-SUFI LEON,19,13,"1,46"
2004,"GERMAN VELASCO, ICIAR",YAYA MARIA BREOGAN,33,23,"1,43"
2004,"TUURE, KAISA MARKETTA",YAYA MARIA BREOGAN,37,26,"1,42"
2004,"GINES GONZALEZ, MARTA",ARRANZ - JOPISA BURGOS,32,24,"1,33"
2004,"GARCIA TORRES, CRISTINA",UNIVERSITAT DE BARCELONA - F.C,32,25,"1,28"
2004,"GARCÍA SALINERO, LAURA",MOTIVA REAL CANOE N.C.,31,25,"1,24"
2004,"GARCIA MATA, GEMA",REAL CLUB CELTA VIGOURBAN,32,26,"1,23"
2004,"VALERO CEBRIAN, PILAR",MANN FILTER ZARAGOZA,23,19,"1,21"
2004,"PEREZ CAPARROS, ROSA",USP CEU - ADECCO ESTUDIANTES,31,26,"1,19"
2004,"VAN MALDEREN, LAURENCE",ACIS-SUFI LEON,15,13,"1,15"
2004,"PARDO VAZQUEZ, MARIA DEL CARMEN",USP CEU - ADECCO ESTUDIANTES,17,15,"1,13"
2004,"ANTON LOPEZ, MONTSERRAT",USP CEU - ADECCO ESTUDIANTES,26,24,"1,08"
2004,"MANDACHE, SIMINA ANDRA",EXTRUGASA,14,13,"1,08"
2004,"DENTI MUNTANE, AINA",EXTRUGASA,22,21,"1,05"
2004,"LLAMAS PAJUELO, MARIA NIEVES",PERFUMERIAS AVENIDA,21,20,"1,05"
2004,"ZIMERLE, ANNA",ROS CASARES VALENCIA,26,25,"1,04"
2004,"AGUILAR LOPEZ , ELISA",ROS CASARES VALENCIA,24,26,"0,92"
2004,"SANCHEZ MUÑOZ, ALICIA",USP CEU - ADECCO ESTUDIANTES,18,20,"0,9"
2004,"MARTIN MERINO, BLANCA",YAYA MARIA BREOGAN,16,18,"0,89"
2004,"FORNS ESCUDE, NURIA",USP CEU - ADECCO ESTUDIANTES,22,25,"0,88"
2004,"GOMEZ FERREIROS, SARA",EXTRUGASA,23,26,"0,88"
2004,"BERGERON, EMMANUELLE SARAH SOPHIE",ARRANZ - JOPISA BURGOS,20,23,"0,87"
2004,"VILLAR FERNANDEZ, IRIA",C.B. PUIG D`EN VALLS SANTA EUL,22,26,"0,85"
2004,"BARLIN, NINA ELISABETH",YAYA MARIA BREOGAN,11,13,"0,85"
2004,"SEGUI CARLES, PAULA",UNIVERSITAT DE BARCELONA - F.C,20,24,"0,83"
2004,"FERRER PEREZ, ESTELA ROSA",ACIS-SUFI LEON,17,21,"0,81"
2004,"HAJDUNE CSASZAR, ANDREA",HONDARRIBIA - IRÚN,20,25,"0,8"
2004,"MARCOS BENITO, BLANCA",PERFUMERIAS AVENIDA,18,25,"0,72"
2004,"ROYO TORRES, MARIA ESTELA",MANN FILTER ZARAGOZA,18,25,"0,72"
2004,"GOMEZ IGLESIAS, REGINA",EXTRUGASA,17,24,"0,71"
2004,"CASTRILLO VILLANUEVA, SARA",ACIS-SUFI LEON,13,20,"0,65"
2004,"YGUERAVIDE VIANA, SANDRA",PERFUMERIAS AVENIDA,16,25,"0,64"
2004,"BJORKLUND, JOHANNA HELENA",PERFUMERIAS AVENIDA,8,13,"0,62"
2004,"HERRERA AREVALO, MIRIAM",EXTRUGASA,14,23,"0,61"
2004,"CRUZ LEBRATO, ANNA",UNIVERSITAT DE BARCELONA - F.C,9,16,"0,56"
2004,"ARAMBURU GARAYALDE, LEIRE",HONDARRIBIA - IRÚN,14,25,"0,56"
2004,"ARDON, LESLIE",ACIS-SUFI LEON,6,13,"0,46"
2004,"ALAÑA SEGURA, SHEILA",REAL CLUB CELTA VIGOURBAN,7,16,"0,44"
2004,"QUINTERO CASTELLANO, THANIA",HONDARRIBIA - IRÚN,10,24,"0,42"
2004,"RAMIRO DIAZ, NURIA MARIA",ACIS-SUFI LEON,7,21,"0,33"
2004,"DELGADO DIAZ-GUEMES, RAQUEL",HONDARRIBIA - IRÚN,7,25,"0,28"
2004,"BOLEDA COLET, ANNA",ACIS-SUFI LEON,3,18,"0,17"
2004,"BARRANCO CASTILLO, ROSA MARIA",MANN FILTER ZARAGOZA,1,17,"0,06"
2004,"RAMIRO DIAZ, NURIA MARIA",ACIS-SUFI LEON,7,21,"0,33"
2004,"DELGADO DIAZ-GUEMES, RAQUEL",HONDARRIBIA - IRÚN,7,25,"0,28"
2004,"BOLEDA COLET, ANNA",ACIS-SUFI LEON,3,18,"0,17"
2004,"BARRANCO CASTILLO, ROSA MARIA",MANN FILTER ZARAGOZA,1,17,"0,06"
2003,"MARTINEZ PRAT, NURIA",PERFUMERIAS AVENIDA,19,3,"6,33"
2003,"---, MURRIEL",P.C. MENDIBIL,24,4,6
2003,"SANCHEZ FERNANDEZ, ISABEL",UNIVERSITAT DE BARCELONA - F.C,23,4,"5,75"
2003,"TORNIKIDOU TORNIKIDOU, ELENA",P.C. MENDIBIL,21,4,"5,25"
2003,"HAMCHETOU, MAIGA",YAYA MARIA BREOGAN,24,5,"4,8"
2003,"FALLON, TRISHA NICOLE",ROS CASARES VALENCIA,19,4,"4,75"
2003,"ZURRO ALFONSO, MARTA",MANN FILTER ZARAGOZA,9,2,"4,5"
2003,"PALOMARES VALIENTE, PAULA",USP CEU - ADECCO ESTUDIANTES,9,2,"4,5"
2003,"CUNNINGHAN, DAVALYN",YAYA MARIA BREOGAN,22,5,"4,4"
2003,"CEBRIAN SCHEURER, ELISABET",USP CEU - ADECCO ESTUDIANTES,8,2,4
2003,"BLANCO BERNAL, SONIA",USP CEU - ADECCO ESTUDIANTES,8,2,4
2003,"CASTRO MARQUES, IZIANE",PERFUMERIAS AVENIDA,12,3,4
2003,"BLAHUSKOVA, LUCIE",REAL CLUB CELTA BANCO SIMEON,8,2,4
2003,"PALAU ALTES, LAIA",UNIVERSITAT DE BARCELONA - F.C,14,4,"3,5"
2003,"GARCIA PIÑERO, MARIA BEGOÑA",MANN FILTER ZARAGOZA,7,2,"3,5"
2003,"TUUKKANEN, TARU TELLERVO",PERFUMERIAS AVENIDA,10,3,"3,33"
2003,"DAPO, AMRA",PERFUMERIAS AVENIDA,10,3,"3,33"
2003,"BERTHIEU, LUCCIENNE CLAUDINE",ROS CASARES VALENCIA,13,4,"3,25"
2003,"GOMEZ NOVO, MARIA ARANZAZU",YAYA MARIA BREOGAN,16,5,"3,2"
2003,"CARRERA PEREZ, ANDREA",REAL CLUB CELTA BANCO SIMEON,3,1,3
2003,"PASCUA SUAREZ, MARÍA LUCILA",MANN FILTER ZARAGOZA,6,2,3
2003,"FERNANDEZ FARRES, MARTA",ROS CASARES VALENCIA,11,4,"2,75"
2003,"DE SOUZA MACHADO, ERIKA CRISTINA",UNIVERSITAT DE BARCELONA - F.C,11,4,"2,75"
2003,"PELAEZ SAN GIL, LOURDES",P.C. MENDIBIL,11,4,"2,75"
2003,"GALLEGO VICARIO, SANDRA",UNIVERSITAT DE BARCELONA - F.C,11,4,"2,75"
2003,"PODRUG, EMILIJA",REAL CLUB CELTA BANCO SIMEON,5,2,"2,5"
2003,"ARAMBURU GARAYALDE, LEIRE",P.C. MENDIBIL,10,4,"2,5"
2003,"REVUELTO SÁNCHEZ-AGUILERA, MARIA",REAL CLUB CELTA BANCO SIMEON,5,2,"2,5"
2003,"LIMA GARCIA, CINDY ORQUIDEA",REAL CLUB CELTA BANCO SIMEON,5,2,"2,5"
2003,"FERRAGUT CASTILLO, MARINA",PERFUMERIAS AVENIDA,7,3,"2,33"
2003,"FORNS ESCUDE, NURIA",USP CEU - ADECCO ESTUDIANTES,1,2,"0,5"
2003,"STARBIRD, CATHARINE EVELYN",USP CEU - ADECCO ESTUDIANTES,1,2,"0,5"
2003,"VIEIRA FREITAS, CARLA SOFIA",YAYA MARIA BREOGAN,2,5,"0,4"
2003,"FORNS ESCUDE, NURIA",USP CEU - ADECCO ESTUDIANTES,1,2,"0,5"
2003,"STARBIRD, CATHARINE EVELYN",USP CEU - ADECCO ESTUDIANTES,1,2,"0,5"
2003,"VIEIRA FREITAS, CARLA SOFIA",YAYA MARIA BREOGAN,2,5,"0,4"
2002,"ALONSO DIEGO, MARIA JOSE",C.B. PUIG D`EN VALLS SANTA EUL,4,2,2
2002,"ALAMO GONZALEZ, ELENA MARIA",CAJA RURAL DE CANARIAS,4,2,2
2002,"PASCUA SUAREZ, MARÍA LUCILA",FILTROS MANN ZARAGOZA,8,4,2
2002,"HLEDE, KORALJKA",PERFUMERIAS AVENIDA,4,2,2
2002,"SMITH, TANGELA NICOLE",ROS CASARES VALENCIA,8,4,2
2002,"GALLEGO VICARIO, SANDRA",FILTROS MANN ZARAGOZA,7,4,"1,75"
2002,"MARTINEZ PRAT, NURIA",UNIVERSITAT DE BARCELONA - F.C,5,4,"1,25"
2002,"VALERO CEBRIAN, PILAR",C.B. CIUDAD DE BURGOS,2,2,1
2002,"AHIJADO REYERO, MAR",C.B. CIUDAD DE BURGOS,1,1,1
2002,"MONTESDEOCA VALIDO, EVA",CAJA RURAL DE CANARIAS,4,4,1
2002,"CALVO VERA, ARANTXA",FILTROS MANN ZARAGOZA,4,4,1
2002,"KLEINDIENST, TERESA",C.B. CIUDAD DE BURGOS,2,2,1
2002,"QUINTERO CASTELLANO, THANIA",CAJA RURAL DE CANARIAS,3,3,1
2002,"CONGREAVES, ANDREA FIONA",UNIVERSITAT DE BARCELONA - F.C,4,4,1
2002,"WHITTLE, JENNY",C.B. CIUDAD DE BURGOS,2,2,1
2002,"CHRISTOFORAKIS, ATHENA",PERFUMERIAS AVENIDA,2,2,1
2002,"MORRO LOPEZ, SARA",C.B. PUIG D`EN VALLS SANTA EUL,1,1,1
2002,"CASTAÑO BUJANDA, ESTIBALIZ",C.B. CIUDAD DE BURGOS,1,1,1
2002,"SANTOS LUZ, HELEN CRISTINA",FILTROS MANN ZARAGOZA,3,4,"0,75"
2002,"MIRCHANDANI VILLAR, LIDIA",ROS CASARES VALENCIA,3,4,"0,75"
2002,"ROVIRA RODRIGUEZ, MARIA DEL MAR",CAJA RURAL DE CANARIAS,3,4,"0,75"
2002,"MORALES MARTIN, SILVIA",C.B. PUIG D`EN VALLS SANTA EUL,1,2,"0,5"
2002,"SEGUI CARLES, PAULA",UNIVERSITAT DE BARCELONA - F.C,2,4,"0,5"
2002,"PALMER, WENDY",FILTROS MANN ZARAGOZA,2,4,"0,5"
2002,"GESTEIRA FERNANDEZ, LIDIA",PERFUMERIAS AVENIDA,1,2,"0,5"
2002,"---, POLIMIA",C.B. PUIG D`EN VALLS SANTA EUL,1,2,"0,5"
2002,"SOTO FERNÁNDEZ, MARÍA VICTORIA",C.B. CIUDAD DE BURGOS,1,2,"0,5"
2002,"MERCADAL ESCOLANO, PAOLA",FILTROS MANN ZARAGOZA,1,3,"0,33"
2002,"AGUILAR LOPEZ , ELISA",ROS CASARES VALENCIA,1,4,"0,25"
2002,"ALONSO DIEGO, MARIA JOSE",C.B. PUIG D`EN VALLS SANTA EUL,4,2,2
2002,"ALAMO GONZALEZ, ELENA MARIA",CAJA RURAL DE CANARIAS,4,2,2
2002,"PASCUA SUAREZ, MARÍA LUCILA",FILTROS MANN ZARAGOZA,8,4,2
2002,"HLEDE, KORALJKA",PERFUMERIAS AVENIDA,4,2,2
2002,"SMITH, TANGELA NICOLE",ROS CASARES VALENCIA,8,4,2
2002,"GALLEGO VICARIO, SANDRA",FILTROS MANN ZARAGOZA,7,4,"1,75"
2002,"MARTINEZ PRAT, NURIA",UNIVERSITAT DE BARCELONA - F.C,5,4,"1,25"
2002,"VALERO CEBRIAN, PILAR",C.B. CIUDAD DE BURGOS,2,2,1
2002,"AHIJADO REYERO, MAR",C.B. CIUDAD DE BURGOS,1,1,1
2002,"MONTESDEOCA VALIDO, EVA",CAJA RURAL DE CANARIAS,4,4,1
2002,"CALVO VERA, ARANTXA",FILTROS MANN ZARAGOZA,4,4,1
2002,"KLEINDIENST, TERESA",C.B. CIUDAD DE BURGOS,2,2,1
2002,"QUINTERO CASTELLANO, THANIA",CAJA RURAL DE CANARIAS,3,3,1
2002,"CONGREAVES, ANDREA FIONA",UNIVERSITAT DE BARCELONA - F.C,4,4,1
2002,"WHITTLE, JENNY",C.B. CIUDAD DE BURGOS,2,2,1
2002,"CHRISTOFORAKIS, ATHENA",PERFUMERIAS AVENIDA,2,2,1
2002,"MORRO LOPEZ, SARA",C.B. PUIG D`EN VALLS SANTA EUL,1,1,1
2002,"CASTAÑO BUJANDA, ESTIBALIZ",C.B. CIUDAD DE BURGOS,1,1,1
2002,"SANTOS LUZ, HELEN CRISTINA",FILTROS MANN ZARAGOZA,3,4,"0,75"
2002,"MIRCHANDANI VILLAR, LIDIA",ROS CASARES VALENCIA,3,4,"0,75"
2002,"ROVIRA RODRIGUEZ, MARIA DEL MAR",CAJA RURAL DE CANARIAS,3,4,"0,75"
2002,"MORALES MARTIN, SILVIA",C.B. PUIG D`EN VALLS SANTA EUL,1,2,"0,5"
2002,"SEGUI CARLES, PAULA",UNIVERSITAT DE BARCELONA - F.C,2,4,"0,5"
2002,"PALMER, WENDY",FILTROS MANN ZARAGOZA,2,4,"0,5"
2002,"GESTEIRA FERNANDEZ, LIDIA",PERFUMERIAS AVENIDA,1,2,"0,5"
2002,"---, POLIMIA",C.B. PUIG D`EN VALLS SANTA EUL,1,2,"0,5"
2002,"SOTO FERNÁNDEZ, MARÍA VICTORIA",C.B. CIUDAD DE BURGOS,1,2,"0,5"
2002,"MERCADAL ESCOLANO, PAOLA",FILTROS MANN ZARAGOZA,1,3,"0,33"
2002,"AGUILAR LOPEZ , ELISA",ROS CASARES VALENCIA,1,4,"0,25"
2001,"MARTÍNEZ PRAT, NÚRIA",UNIVERSITAT DE BARCELONA B.F.,8,4,2
2001,"KHOUDACHOVA, ELENA",REAL CLUB CELTA BANCO SIMEON,9,5,"1,8"
2001,"MORALES MARTIN, SILVIA",CADI LA SEU D´URGELL,3,2,"1,5"
2001,"PALAU ALTES, LAIA",UNIVERSITAT DE BARCELONA B.F.,6,4,"1,5"
2001,"ALVARO BASCUÑANA, ANA BELEN",UNIVERSITAT DE BARCELONA B.F.,6,4,"1,5"
2001,"GESTEIRA FERNANDEZ, LIDIA",ROS CASARES VALENCIA,6,4,"1,5"
2001,"POLLINI, CATARINA",YAYA MARIA BREOGAN,3,2,"1,5"
2001,"PIQUE SOLE, MERITXELL",CADI LA SEU D´URGELL,3,2,"1,5"
2001,"---, MARTA",ROS CASARES VALENCIA,7,5,"1,4"
2001,"DA SILVA, KATIA",FILTROS MANN ZARAGOZA,7,5,"1,4"
2001,"VALDEMORO MADARIAGA, AMAYA",ROS CASARES VALENCIA,7,5,"1,4"
2001,"BROWN, KIESHA LINDSAY",FILTROS MANN ZARAGOZA,4,3,"1,33"
2001,"CALVO VERA, ARANTXA",FILTROS MANN ZARAGOZA,5,4,"1,25"
2001,"PONS MOLINA, INGRID",ROS CASARES VALENCIA,6,5,"1,2"
2001,"FUNES MARTINEZ, CRISTINA",CADI LA SEU D´URGELL,1,1,1
2001,"CAMPS COLLELL, LAURA",CADI LA SEU D´URGELL,2,2,1
2001,"OWENS, SHANTIA AYONNA",CAJA RURAL DE CANARIAS,3,3,1
2001,"LUCENA BREA, VICTORIA",YAYA MARIA BREOGAN,1,1,1
2001,"VILOUTA RAMA, MARIA",REAL CLUB CELTA BANCO SIMEON,1,1,1
2001,"MULDERS, SUSANNE",UNIVERSITAT DE BARCELONA B.F.,1,1,1
2001,"PELAEZ SAN GIL, LOURDES",CAJA RURAL DE CANARIAS,3,3,1
2001,"---, THANIA",CAJA RURAL DE CANARIAS,3,3,1
2001,"XANTAL SERRET, Mª DEL MAR",REAL CLUB CELTA BANCO SIMEON,5,5,1
2001,"PASCUA SUAREZ, MARÍA LUCILA",FILTROS MANN ZARAGOZA,4,5,"0,8"
2001,"ASKAMP, MARLIES",ROS CASARES VALENCIA,4,5,"0,8"
2001,"JORDANA BOFILL, NOEMI",REAL CLUB CELTA BANCO SIMEON,4,5,"0,8"
2001,"SEGUI CARLES, PAULA",UNIVERSITAT DE BARCELONA B.F.,2,3,"0,67"
2001,"VILLAR FERNANDEZ, IRIA",REAL CLUB CELTA BANCO SIMEON,3,5,"0,6"
2001,"MONTESDEOCA LÓPEZ, EVA",CAJA RURAL DE CANARIAS,1,2,"0,5"
2001,"SALGADO SANCHEZ, IRENE",YAYA MARIA BREOGAN,1,2,"0,5"
2001,"JUANES HERNANDEZ, YOLANDA",HALCON VIAJES,1,2,"0,5"
2001,"MIRCHANDANI VILLAR, LIDIA",ROS CASARES VALENCIA,2,5,"0,4"
2001,"RIVERES ESPARZA, PATRICIA",FILTROS MANN ZARAGOZA,1,3,"0,33"
2001,"BOONEN, DANA MONIQUE LOUIS",ROS CASARES VALENCIA,1,3,"0,33"
2001,"NAVARRETE TRUJILLO, MIREIA",REAL CLUB CELTA BANCO SIMEON,1,4,"0,25"
2001,"JUANES HERNANDEZ, YOLANDA",HALCON VIAJES,1,2,"0,5"
2001,"MIRCHANDANI VILLAR, LIDIA",ROS CASARES VALENCIA,2,5,"0,4"
2001,"RIVERES ESPARZA, PATRICIA",FILTROS MANN ZARAGOZA,1,3,"0,33"
2001,"BOONEN, DANA MONIQUE LOUIS",ROS CASARES VALENCIA,1,3,"0,33"
2001,"NAVARRETE TRUJILLO, MIREIA",REAL CLUB CELTA BANCO SIMEON,1,4,"0,25"
2000,"PONS MOLINA, INGRID",ROS CASARES,11,5,"2,2"
2000,"GALLEGO VICARIO, SANDRA",UNIVERSITAT DE BARCELONA,8,4,2
2000,"FERRAGUT CASTILLO, MARINA",ROS CASARES,10,5,2
2000,"JORDANA BOFILL, NOEMI",R.CLUB CELTA BANCO SIMEON,6,3,2
2000,"VALERO CEBRIAN, PILAR",R.CLUB CELTA BANCO SIMEON,6,3,2
2000,"XANTAL SERRET, Mª DEL MAR",R.CLUB CELTA BANCO SIMEON,6,3,2
2000,"LONGIN, KORANA",UNIVERSITAT DE BARCELONA,8,4,2
2000,"NAVARRO VIERA, MARIA GUADALUPE",SANDRA GRAN CANARIA,2,1,2
2000,"ERB, SUMMER ELISABETH",SANDRA GRAN CANARIA,4,2,2
2000,"FERNANDEZ FARRES, MARTA",ROS CASARES,8,5,"1,6"
2000,"GILLON, JENNER",SANDRA GRAN CANARIA,3,2,"1,5"
2000,"MONTAÑANA GIMENO, ANNA",SALAMANCA HALCON VIAJES,3,2,"1,5"
2000,"GOMEZ NOVO, MARIA ARANZAZU",ENSINO YAYA MARIA,7,5,"1,4"
2000,"PALAU ALTES, LAIA",UNIVERSITAT DE BARCELONA,5,4,"1,25"
2000,"DELGADO DIAZ-GUEMES, RAQUEL",ROS CASARES,6,5,"1,2"
2000,"PEREZ CAPARROS, ROSA",UNIVERSITAT DE BARCELONA,4,4,1
2000,"DOMINGUEZ BERMEJO, DAVINIA",B. CIUDAD DE BURGOS,3,3,1
2000,"VILLAR FERNANDEZ, IRIA",R.CLUB CELTA BANCO SIMEON,1,2,"0,5"
2000,"---, ---",ROS CASARES,1,2,"0,5"
2000,"AGUILAR LOPEZ , ELISA",SALAMANCA HALCON VIAJES,1,2,"0,5"
2000,"ALAÑA SEGURA, SHEILA",ROS CASARES,1,2,"0,5"
2000,"SEGUI CARLES, PAULA",UNIVERSITAT DE BARCELONA,2,4,"0,5"
2000,"ALVARADO FALCON, DAIZA MARTA",SANDRA GRAN CANARIA,1,2,"0,5"
2000,"GRANDE FLORES, LAURA",R.CLUB CELTA BANCO SIMEON,1,2,"0,5"
2000,"MONTESDEOCA LOPEZ, EVA",SANDRA GRAN CANARIA,1,2,"0,5"
2000,"ZRNIC, JELENA",C.B.N.,1,2,"0,5"
2000,"---, ANKE",C.B.N.,1,2,"0,5"
2000,"GARCIA FERNANDEZ, BELEN",ENSINO YAYA MARIA,1,5,"0,2"
2000,"PONS MOLINA, INGRID",ROS CASARES,11,5,"2,2"
2000,"GALLEGO VICARIO, SANDRA",UNIVERSITAT DE BARCELONA,8,4,2
2000,"FERRAGUT CASTILLO, MARINA",ROS CASARES,10,5,2
2000,"JORDANA BOFILL, NOEMI",R.CLUB CELTA BANCO SIMEON,6,3,2
2000,"VALERO CEBRIAN, PILAR",R.CLUB CELTA BANCO SIMEON,6,3,2
2000,"XANTAL SERRET, Mª DEL MAR",R.CLUB CELTA BANCO SIMEON,6,3,2
2000,"LONGIN, KORANA",UNIVERSITAT DE BARCELONA,8,4,2
2000,"NAVARRO VIERA, MARIA GUADALUPE",SANDRA GRAN CANARIA,2,1,2
2000,"ERB, SUMMER ELISABETH",SANDRA GRAN CANARIA,4,2,2
2000,"FERNANDEZ FARRES, MARTA",ROS CASARES,8,5,"1,6"
2000,"GILLON, JENNER",SANDRA GRAN CANARIA,3,2,"1,5"
2000,"MONTAÑANA GIMENO, ANNA",SALAMANCA HALCON VIAJES,3,2,"1,5"
2000,"GOMEZ NOVO, MARIA ARANZAZU",ENSINO YAYA MARIA,7,5,"1,4"
2000,"PALAU ALTES, LAIA",UNIVERSITAT DE BARCELONA,5,4,"1,25"
2000,"DELGADO DIAZ-GUEMES, RAQUEL",ROS CASARES,6,5,"1,2"
2000,"PEREZ CAPARROS, ROSA",UNIVERSITAT DE BARCELONA,4,4,1
2000,"DOMINGUEZ BERMEJO, DAVINIA",B. CIUDAD DE BURGOS,3,3,1
2000,"VILLAR FERNANDEZ, IRIA",R.CLUB CELTA BANCO SIMEON,1,2,"0,5"
2000,"---, ---",ROS CASARES,1,2,"0,5"
2000,"AGUILAR LOPEZ , ELISA",SALAMANCA HALCON VIAJES,1,2,"0,5"
2000,"ALAÑA SEGURA, SHEILA",ROS CASARES,1,2,"0,5"
2000,"SEGUI CARLES, PAULA",UNIVERSITAT DE BARCELONA,2,4,"0,5"
2000,"ALVARADO FALCON, DAIZA MARTA",SANDRA GRAN CANARIA,1,2,"0,5"
2000,"GRANDE FLORES, LAURA",R.CLUB CELTA BANCO SIMEON,1,2,"0,5"
2000,"MONTESDEOCA LOPEZ, EVA",SANDRA GRAN CANARIA,1,2,"0,5"
2000,"ZRNIC, JELENA",C.B.N.,1,2,"0,5"
2000,"---, ANKE",C.B.N.,1,2,"0,5"
2000,"GARCIA FERNANDEZ, BELEN",ENSINO YAYA MARIA,1,5,"0,2"
1999,"RODRIGUEZ TOLEDO, ORANDA",C.D. ENSINO,1,2,"0,5"
1999,"RAMIRO DIAZ, NURIA MARIA",C.D. ENSINO,1,2,"0,5"
1999,"ARMENTA MONTEAGUDO, MARUXA",C.D. ENSINO,1,2,"0,5"
1999,"JORDANA BOFILL, NOEMI",POPULAR BASQUET GODELLA,1,2,"0,5"
1999,"RODRIGUEZ TOLEDO, ORANDA",C.D. ENSINO,1,2,"0,5"
1999,"RAMIRO DIAZ, NURIA MARIA",C.D. ENSINO,1,2,"0,5"
1999,"ARMENTA MONTEAGUDO, MARUXA",C.D. ENSINO,1,2,"0,5"
1999,"JORDANA BOFILL, NOEMI",POPULAR BASQUET GODELLA,1,2,"0,5"
1998,"VALDEMORO MADARIAGA, AMAYA",HALCON VIAJES,27,3,9
1998,"GARCIA PIÑERO, MARIA BEGOÑA",ENSINO,22,3,"7,33"
1998,"HICKS, JESSIE IVETTE",SANDRA G. CANARIA,17,3,"5,67"
1998,"SÁNCHEZ LUJÁN, ROSAURA DEL CARMEN",SANDRA G. CANARIA,16,3,"5,33"
1998,"GAMON HERNANDEZ, ASUNCION",SANDRA G. CANARIA,14,3,"4,67"
1998,"JONKUTE, INGRIDA",ENSINO,14,3,"4,67"
1998,"SANCHEZ FERNANDEZ, ISABEL",ENSINO,13,3,"4,33"
1998,"GRANDE FLORES, LAURA",BANCO SIMEON,11,3,"3,67"
1998,"MIRCHANDANI VILLAR, LIDIA",SANDRA G. CANARIA,11,3,"3,67"
1998,"MELVIN, CHASITY MONIQUE",BANCO SIMEON,10,3,"3,33"
1998,"PELAEZ SAN GIL, LOURDES",SANDRA G. CANARIA,9,3,3
1998,"BEZOS MARTÍNEZ, EMMA",HALCON VIAJES,9,3,3
1998,"GONZALEZ DIAZ, CARMEN",BANCO SIMEON,8,3,"2,67"
1998,"ARMENTA MONTEAGUDO, MARUXA",ENSINO,8,3,"2,67"
1998,"LLAMAS PAJUELO, MARIA NIEVES",HALCON VIAJES,6,3,2
1998,"HERNANDEZ ARENCIBIA, PATRICIA DEL PINO",HALCON VIAJES,5,3,"1,67"
1998,"JUANES HERNANDEZ, YOLANDA",HALCON VIAJES,5,3,"1,67"
1998,"CEBRIAN SCHEURER, ELISABET",BANCO SIMEON,5,3,"1,67"
1998,"PASCHAL, TOWANDA DENICE",HALCON VIAJES,4,3,"1,33"
1998,"DELGADO FERNANDEZ, CONCEPCION",ENSINO,4,3,"1,33"
1998,"VALERO CEBRIAN, PILAR",BANCO SIMEON,4,3,"1,33"
1998,"SALVADOR VIÑOLAS, MERITXELL",HALCON VIAJES,3,3,1
1998,"SANCHEZ ORTEGA, PALOMA",BANCO SIMEON,3,3,1
1998,"DIAZ ESPEJO, CARMEN",ENSINO,1,1,1
1998,"JUANES HERNANDEZ, SONIA",HALCON VIAJES,2,2,1
1998,"QUINTERO CASTELLANO, THANIA",SANDRA G. CANARIA,2,3,"0,67"
1998,"MORIANA NADAL, PALOMA",SANDRA G. CANARIA,2,3,"0,67"
1998,"MERILLAS LOPEZ, ELSA",ENSINO,1,2,"0,5"
1998,"VILLAR FERNANDEZ, IRIA",BANCO SIMEON,1,3,"0,33"
1997,"CEBRIAN SCHEURER, ELISABET",UNIVERSITARI,17,3,"5,67"
1997,"SÁNCHEZ LUJÁN, ROSAURA DEL CARMEN",SANDRA G. CANARIA,10,2,5
1997,"PELAEZ SAN GIL, LOURDES",SANDRA G. CANARIA,9,2,"4,5"
1997,"ANULA ALAMEDA, NIEVES",POOL GETAFE,21,5,"4,2"
1997,"DYDEK, MARGO",POOL GETAFE,19,5,"3,8"
1997,"GRANDE FLORES, LAURA",BANCO SIMEON,22,6,"3,67"
1997,"RODRIGUEZ TOLEDO, ORANDA",SANDRA G. CANARIA,6,2,3
1997,"JEKABSONE, ANDA",BANCO SIMEON,17,6,"2,83"
1997,"VALERO CEBRIAN, PILAR",BANCO SIMEON,17,6,"2,83"
1997,"VALDEMORO MADARIAGA, AMAYA",POOL GETAFE,14,5,"2,8"
1997,"ALAMO GONZALEZ, ELENA",SANDRA G. CANARIA,5,2,"2,5"
1997,"---, HEIKE MARIA",POOL GETAFE,12,5,"2,4"
1997,"PONS MOLINA, INGRID",UNIVERSITARI,7,3,"2,33"
1997,"XANTAL SERRET, Mª DEL MAR",BANCO SIMEON,12,6,2
1997,"MIRCHANDANI VILLAR, LIDIA",SANDRA G. CANARIA,4,2,2
1997,"GAMON HERNANDEZ, ASUNCION",SANDRA G. CANARIA,4,2,2
1997,"SANCHEZ ORTEGA, PALOMA",BANCO SIMEON,11,6,"1,83"
1997,"ZASSOULSKAYA, NATALIA",POOL GETAFE,9,5,"1,8"
1997,"FONTS MATEO, NURIA",UNIVERSITARI,4,3,"1,33"
1997,"BISETTI RODRIGUEZ, LUISA",UNIVERSITARI,4,3,"1,33"
1997,"GALLEGO VICARIO, SANDRA",UNIVERSITARI,4,3,"1,33"
1997,"JACKSON, BRENETHA TRISE",POOL GETAFE,6,5,"1,2"
1997,"ODEUS, ASA MARIANNE",POOL GETAFE,2,2,1
1997,"MORIANA NADAL, PALOMA",SANDRA G. CANARIA,2,2,1
1997,"HEMERY, DEBBIE MICHELLE",POOL GETAFE,4,5,"0,8"
1997,"GUERRA TALAVERA, TARINA MARIA",SANDRA G. CANARIA,1,2,"0,5"
1997,"KOSTIC, TANJA NATASA",POOL GETAFE,2,4,"0,5"
1997,"URQUIJO ALAMO, PATRICIA",SANDRA G. CANARIA,1,2,"0,5"
1997,"RODRIGUEZ AVILA, BLANCA",POOL GETAFE,1,2,"0,5"
1997,"PALAU ALTES, LAIA",UNIVERSITARI,1,3,"0,33"
1997,"CEBRIAN SCHEURER, ELISABET",UNIVERSITARI,17,3,"5,67"
1997,"SÁNCHEZ LUJÁN, ROSAURA DEL CARMEN",SANDRA G. CANARIA,10,2,5
1997,"PELAEZ SAN GIL, LOURDES",SANDRA G. CANARIA,9,2,"4,5"
1997,"ANULA ALAMEDA, NIEVES",POOL GETAFE,21,5,"4,2"
1997,"DYDEK, MARGO",POOL GETAFE,19,5,"3,8"
1997,"GRANDE FLORES, LAURA",BANCO SIMEON,22,6,"3,67"
1997,"RODRIGUEZ TOLEDO, ORANDA",SANDRA G. CANARIA,6,2,3
1997,"JEKABSONE, ANDA",BANCO SIMEON,17,6,"2,83"
1997,"VALERO CEBRIAN, PILAR",BANCO SIMEON,17,6,"2,83"
1997,"VALDEMORO MADARIAGA, AMAYA",POOL GETAFE,14,5,"2,8"
1997,"ALAMO GONZALEZ, ELENA",SANDRA G. CANARIA,5,2,"2,5"
1997,"---, HEIKE MARIA",POOL GETAFE,12,5,"2,4"
1997,"PONS MOLINA, INGRID",UNIVERSITARI,7,3,"2,33"
1997,"XANTAL SERRET, Mª DEL MAR",BANCO SIMEON,12,6,2
1997,"MIRCHANDANI VILLAR, LIDIA",SANDRA G. CANARIA,4,2,2
1997,"GAMON HERNANDEZ, ASUNCION",SANDRA G. CANARIA,4,2,2
1997,"SANCHEZ ORTEGA, PALOMA",BANCO SIMEON,11,6,"1,83"
1997,"ZASSOULSKAYA, NATALIA",POOL GETAFE,9,5,"1,8"
1997,"FONTS MATEO, NURIA",UNIVERSITARI,4,3,"1,33"
1997,"BISETTI RODRIGUEZ, LUISA",UNIVERSITARI,4,3,"1,33"
1997,"GALLEGO VICARIO, SANDRA",UNIVERSITARI,4,3,"1,33"
1997,"JACKSON, BRENETHA TRISE",POOL GETAFE,6,5,"1,2"
1997,"ODEUS, ASA MARIANNE",POOL GETAFE,2,2,1
1997,"MORIANA NADAL, PALOMA",SANDRA G. CANARIA,2,2,1
1997,"HEMERY, DEBBIE MICHELLE",POOL GETAFE,4,5,"0,8"
1997,"GUERRA TALAVERA, TARINA MARIA",SANDRA G. CANARIA,1,2,"0,5"
1997,"KOSTIC, TANJA NATASA",POOL GETAFE,2,4,"0,5"
1997,"URQUIJO ALAMO, PATRICIA",SANDRA G. CANARIA,1,2,"0,5"
1997,"RODRIGUEZ AVILA, BLANCA",POOL GETAFE,1,2,"0,5"
1997,"PALAU ALTES, LAIA",UNIVERSITARI,1,3,"0,33"
