Temporada,Jugador,Equipo,Tot,Part,Med
2024,"CANELLA RODRIGUEZ, MARTA",SPAR GIRONA,7 / 9,4,"77,78"
2024,"KONE , SIKA",PERFUMERIAS AVENIDA,2 / 3,4,"66,67"
2024,"TOPUZOVIC, KRISTINA",MOVISTAR ESTUDIANTES,2 / 3,1,"66,67"
2024,"CARRERA QUINTANA, RAQUEL",VALENCIA B.C.,6 / 10,5,60
2024,"ROMERO GONZALEZ, LETICIA",VALENCIA B.C.,3 / 5,3,60
2024,"CRUZ LEBRATO, ANNA",CLUB JOVENTUT BADALONA,3 / 5,2,60
2024,"LUNDQUIST, KLARA MARIA SUSSANE",SPAR GIRONA,5 / 9,4,"55,56"
2024,"HEMPE, MERRIT RAMONA",CASADEMONT ZARAGOZA,8 / 16,5,50
2024,"NYSTROM, ELLEN ADINA",CASADEMONT ZARAGOZA,3 / 6,4,50
2024,"MILLAN MODIA, BLANCA",BAXI FERROL,3 / 6,2,50
2024,"CAMILION CUCCARO, JUANA",MOVISTAR ESTUDIANTES,2 / 4,2,50
2024,"BERTSCH, MORGAN QUINN",HOZONO GLOBAL JAIRIS,2 / 4,1,50
2024,"FRASER, BRIANNA ASHAKI",CASADEMONT ZARAGOZA,2 / 4,2,50
2024,"ATKINSON, TANAYA MECHELLE",CASADEMONT ZARAGOZA,1 / 2,1,50
2024,"SARAVIA LOGROÑO, PAULA",MOVISTAR ESTUDIANTES,1 / 2,2,50
2024,"GELDOF, SERENA LYNN PETRA",CLUB JOVENTUT BADALONA,1 / 2,2,50
2024,"JESPERSEN , MARIA STEEN",PERFUMERIAS AVENIDA,1 / 2,3,50
2024,"PUEYO MELCHOR, HELENA",CASADEMONT ZARAGOZA,10 / 22,5,"45,45"
2024,"WHITTLE, MARENA JOSEPHINE",MOVISTAR ESTUDIANTES,4 / 9,2,"44,44"
2024,"CARTER, ARICA DERRIS",PERFUMERIAS AVENIDA,11 / 25,4,44
2024,"MAWULI, STEPHANIE",CASADEMONT ZARAGOZA,6 / 14,5,"42,86"
2024,"ELDEBRINK, FRIDA",HOZONO GLOBAL JAIRIS,6 / 14,2,"42,86"
2024,"GUERRERO ALCANTARA, CAROLINA",SPAR GIRONA,6 / 14,4,"42,86"
2024,"LOPEZ RODRIGUEZ, AINHOA",SPAR GIRONA,3 / 7,4,"42,86"
2024,"DELAERE, ANTONIA LAURA A.",PERFUMERIAS AVENIDA,2 / 5,4,40
2024,"IAGUPOVA, ALINA",VALENCIA B.C.,6 / 16,4,"37,5"
2024,"JOINER, MOIRA MACY",BAXI FERROL,3 / 8,2,"37,5"
2024,"SANCHEZ RAMOS PEREDA, ALBA",BAXI FERROL,3 / 8,2,"37,5"
2024,"FIEBICH, LEONIE",VALENCIA B.C.,8 / 22,5,"36,36"
2024,"TORRENS SALOM, ALBA",VALENCIA B.C.,8 / 22,5,"36,36"
2024,"VENNEMA, IRIS",CLUB JOVENTUT BADALONA,0 / 3,2,0
2024,"LATORRE ALCANTARA, ISABEL",MOVISTAR ESTUDIANTES,0 / 3,2,0
2024,"PIERA FLO, LAURA",CLUB JOVENTUT BADALONA,0 / 2,2,0
2024,"BANASZAK, LILIANA ALEKSANDRA",MOVISTAR ESTUDIANTES,0 / 2,2,0
2024,"VENNEMA, IRIS",CLUB JOVENTUT BADALONA,0 / 3,2,0
2024,"LATORRE ALCANTARA, ISABEL",MOVISTAR ESTUDIANTES,0 / 3,2,0
2024,"PIERA FLO, LAURA",CLUB JOVENTUT BADALONA,0 / 2,2,0
2024,"BANASZAK, LILIANA ALEKSANDRA",MOVISTAR ESTUDIANTES,0 / 2,2,0
2023,"BETTENCOURT CORREIA, MARIA JOAO",HOZONO GLOBAL JAIRIS,0 / 2,2,0
2023,"WESTERIK, LAURA",IDK EUSKOTREN,0 / 2,2,0
2023,"BETTENCOURT CORREIA, MARIA JOAO",HOZONO GLOBAL JAIRIS,0 / 2,2,0
2023,"WESTERIK, LAURA",IDK EUSKOTREN,0 / 2,2,0
2023,"BETTENCOURT CORREIA, MARIA JOAO",HOZONO GLOBAL JAIRIS,0 / 2,2,0
2023,"WESTERIK, LAURA",IDK EUSKOTREN,0 / 2,2,0
2022,"GRETTER, MELISA PAOLA",MOVISTAR ESTUDIANTES,0 / 3,2,0
2022,"GRETTER, MELISA PAOLA",MOVISTAR ESTUDIANTES,0 / 3,2,0
2022,"GRETTER, MELISA PAOLA",MOVISTAR ESTUDIANTES,0 / 3,2,0
2021,"ROMERO GONZALEZ, LETICIA",VALENCIA B.C.,2 / 8,6,25
2021,"BUCH ROSELL, ROSO",LOINTEK GERNIKA BIZKAIA,2 / 8,2,25
2021,"HEMPE, MERRIT RAMONA",CASADEMONT ZARAGOZA,1 / 4,2,25
2021,"OUVIÑA MODREGO, CRISTINA",VALENCIA B.C.,5 / 23,6,"21,74"
2021,"DE SANTIAGO OTERO, BEGOÑA",MOVISTAR ESTUDIANTES,2 / 10,2,20
2021,"CALHOUN, SIERRA LASHE",CASADEMONT ZARAGOZA,2 / 10,2,20
2021,"SEGURA MORENO, LORENA",VALENCIA B.C.,1 / 5,5,20
2021,"CASAS CARRERAS, QUERALT",VALENCIA B.C.,1 / 5,6,20
2021,"BURKE, KENNEDY VALENTINE",SPAR GIRONA,3 / 16,4,"18,75"
2021,"GULICH, MARIE ISABELLE",VALENCIA B.C.,2 / 11,6,"18,18"
2021,"GERMAN VELASCO, ICIAR",VALENCIA B.C.,1 / 6,5,"16,67"
2021,"DRAMMEH, BINTA MOMMY DAISY",SPAR GIRONA,1 / 7,3,"14,29"
2021,"COX, LAUREN ELIZABETH",IDK EUSKOTREN,1 / 7,2,"14,29"
2021,"VILARO ARAGONES, ANDREA",PERFUMERIAS AVENIDA,1 / 9,6,"11,11"
2021,"GRETTER, MELISA PAOLA",MOVISTAR ESTUDIANTES,0 / 7,2,0
2021,"ESPAÑA ALMENDRO, MARIA",IDK EUSKOTREN,0 / 6,2,0
2021,"BRCANINOVIC, MELISA",LOINTEK GERNIKA BIZKAIA,0 / 5,2,0
2021,"REISINGEROVA , JULIA SUSSANE",SPAR GIRONA,0 / 5,4,0
2021,"ORTIZ VIVES, MARIONA",MOVISTAR ESTUDIANTES,0 / 4,2,0
2021,"CARRERA QUINTANA, RAQUEL",VALENCIA B.C.,0 / 3,6,0
2021,"DIAZ CASTELLANO, YURENA",IDK EUSKOTREN,0 / 3,2,0
2021,"SOLER RAMIÓ, JÚLIA",CADI LA SEU,0 / 3,4,0
2021,"SILVA SERRANO , ROSELIS CAROLINA",LOINTEK GERNIKA BIZKAIA,0 / 2,2,0
2021,"ROMERO GONZALEZ, LETICIA",VALENCIA B.C.,2 / 8,6,25
2021,"BUCH ROSELL, ROSO",LOINTEK GERNIKA BIZKAIA,2 / 8,2,25
2021,"HEMPE, MERRIT RAMONA",CASADEMONT ZARAGOZA,1 / 4,2,25
2021,"OUVIÑA MODREGO, CRISTINA",VALENCIA B.C.,5 / 23,6,"21,74"
2021,"DE SANTIAGO OTERO, BEGOÑA",MOVISTAR ESTUDIANTES,2 / 10,2,20
2021,"CALHOUN, SIERRA LASHE",CASADEMONT ZARAGOZA,2 / 10,2,20
2021,"SEGURA MORENO, LORENA",VALENCIA B.C.,1 / 5,5,20
2021,"CASAS CARRERAS, QUERALT",VALENCIA B.C.,1 / 5,6,20
2021,"BURKE, KENNEDY VALENTINE",SPAR GIRONA,3 / 16,4,"18,75"
2021,"GULICH, MARIE ISABELLE",VALENCIA B.C.,2 / 11,6,"18,18"
2021,"GERMAN VELASCO, ICIAR",VALENCIA B.C.,1 / 6,5,"16,67"
2021,"DRAMMEH, BINTA MOMMY DAISY",SPAR GIRONA,1 / 7,3,"14,29"
2021,"COX, LAUREN ELIZABETH",IDK EUSKOTREN,1 / 7,2,"14,29"
2021,"VILARO ARAGONES, ANDREA",PERFUMERIAS AVENIDA,1 / 9,6,"11,11"
2021,"GRETTER, MELISA PAOLA",MOVISTAR ESTUDIANTES,0 / 7,2,0
2021,"ESPAÑA ALMENDRO, MARIA",IDK EUSKOTREN,0 / 6,2,0
2021,"BRCANINOVIC, MELISA",LOINTEK GERNIKA BIZKAIA,0 / 5,2,0
2021,"REISINGEROVA , JULIA SUSSANE",SPAR GIRONA,0 / 5,4,0
2021,"ORTIZ VIVES, MARIONA",MOVISTAR ESTUDIANTES,0 / 4,2,0
2021,"CARRERA QUINTANA, RAQUEL",VALENCIA B.C.,0 / 3,6,0
2021,"DIAZ CASTELLANO, YURENA",IDK EUSKOTREN,0 / 3,2,0
2021,"SOLER RAMIÓ, JÚLIA",CADI LA SEU,0 / 3,4,0
2021,"SILVA SERRANO , ROSELIS CAROLINA",LOINTEK GERNIKA BIZKAIA,0 / 2,2,0
2020,"FERRARI CALABRO, PAOLA ANDREA",SPAR GIRONA,5 / 16,4,"31,25"
2020,"SAMUELSON, KATIE LOU",PERFUMERIAS AVENIDA,11 / 36,7,"30,56"
2020,"STANACEV , ALEKSANDRA",DURÁN MAQUINARIA ENSINO,2 / 7,2,"28,57"
2020,"CASAS CARRERAS, QUERALT",VALENCIA B.C.,3 / 11,6,"27,27"
2020,"GRETTER, MELISA PAOLA",MOVISTAR ESTUDIANTES,3 / 11,2,"27,27"
2020,"GIMENO MARTINEZ, VEGA",DURÁN MAQUINARIA ENSINO,1 / 4,1,25
2020,"MONTENEGRO SANTANA, RITA ESTHER",CIUDAD DE LA LAGUNA TENERIFE,1 / 4,2,25
2020,"RAMAN, JANA GEORGES R",MOVISTAR ESTUDIANTES,1 / 4,2,25
2020,"NYINGIFA, ATONYE JENNIFER",MOVISTAR ESTUDIANTES,1 / 4,2,25
2020,"VASIC, SONJA",SPAR GIRONA,4 / 17,4,"23,53"
2020,"N'DIAYE, DJENEBA",SPAR GRAN CANARIA,3 / 13,2,"23,08"
2020,"ALIAGA ROMERO, LAURA",DURÁN MAQUINARIA ENSINO,2 / 10,2,20
2020,"BURANI, AGOSTINA PAOLA",MOVISTAR ESTUDIANTES,2 / 10,2,20
2020,"ROUNDTREE, MARGARET YVETTE",LOINTEK GERNIKA BIZKAIA,1 / 5,4,20
2020,"BETTENCOURT CORREIA, MARIA JOAO",CIUDAD DE LA LAGUNA TENERIFE,2 / 11,2,"18,18"
2020,"GRAY, CHELSEA NICHELLE",SPAR GIRONA,2 / 12,4,"16,67"
2020,"RAKSANYI, KRISZTINA",CIUDAD DE LA LAGUNA TENERIFE,1 / 6,2,"16,67"
2020,"HAYES, RENARA TIFFANY",PERFUMERIAS AVENIDA,2 / 17,5,"11,76"
2020,"GULICH, MARIE ISABELLE",VALENCIA B.C.,1 / 10,7,10
2020,"JUSKAITE, LAURA",VALENCIA B.C.,1 / 10,7,10
2020,"CARTER, ARICA DERRIS",MOVISTAR ESTUDIANTES,0 / 10,2,0
2020,"OCETE CASTILLO, GABRIELA",CIUDAD DE LA LAGUNA TENERIFE,0 / 5,2,0
2020,"IVANOVIC, MILICA",LOINTEK GERNIKA BIZKAIA,0 / 5,4,0
2020,"ATKINSON, TANAYA MECHELLE",CIUDAD DE LA LAGUNA TENERIFE,0 / 4,2,0
2020,"HEMPE, MERRIT RAMONA",DURÁN MAQUINARIA ENSINO,0 / 4,2,0
2020,"HARTMANN, ALINA WAYAN",SPAR GRAN CANARIA,0 / 3,2,0
2020,"PINA TOLOSA, MARIA",VALENCIA B.C.,0 / 3,5,0
2020,"ABDI, FARHIYA",CIUDAD DE LA LAGUNA TENERIFE,0 / 2,2,0
2020,"LO SYLLA, NOGAYE",LOINTEK GERNIKA BIZKAIA,0 / 2,3,0
2020,"FLORES COSTA, LAIA",SPAR GIRONA,0 / 2,2,0
2020,"SOLER RAMIÓ, JÚLIA",SPAR GIRONA,0 / 2,2,0
2020,"SOLER RAMIÓ, JÚLIA",SPAR GIRONA,0 / 2,2,0
2019,"NOGIC, JOVANA",CADI LA SEU,0 / 5,1,0
2019,"CAZORLA MEDINA, MARIA TERESA",PERFUMERIAS AVENIDA,0 / 5,3,0
2019,"RAMAN, JANA GEORGES R",VALENCIA B.C.,0 / 5,2,0
2019,"ODWYER, FIONA EILISH",DURÁN MAQUINARIA ENSINO,0 / 3,1,0
2019,"SANCHEZ MARRUFO, BEATRIZ",DURÁN MAQUINARIA ENSINO,0 / 3,1,0
2019,"PUJOL LLUCH, ARIADNA",CADI LA SEU,0 / 3,1,0
2019,"ELONU, ADAORA NNENNA",SPAR CITYLIFT GIRONA,0 / 3,3,0
2019,"CASAS CARRERAS, QUERALT",VALENCIA B.C.,0 / 3,2,0
2019,"BINTOU, DIEME MARIZY",CIUDAD DE LA LAGUNA TENERIFE,0 / 2,1,0
2019,"LOPEZ RODRIGUEZ, AINHOA",DURÁN MAQUINARIA ENSINO,0 / 2,1,0
2019,"LOYD, KALIS HELENA",DURÁN MAQUINARIA ENSINO,0 / 2,1,0
2019,"MARTINEZ PRAT, NURIA",SPAR CITYLIFT GIRONA,0 / 2,3,0
2019,"VAN DEN ADEL, NATALIE ISABELLE",RPK ARASKI,0 / 2,2,0
2019,"MONTENEGRO SANTANA, RITA ESTHER",CIUDAD DE LA LAGUNA TENERIFE,0 / 2,1,0
2019,"PEDRALS BARRIOS, CRISTINA",CIUDAD DE LA LAGUNA TENERIFE,0 / 2,1,0
2019,"PEÑA JUBANY, LAURA",CADI LA SEU,0 / 2,1,0
2019,"NOGIC, JOVANA",CADI LA SEU,0 / 5,1,0
2019,"CAZORLA MEDINA, MARIA TERESA",PERFUMERIAS AVENIDA,0 / 5,3,0
2019,"RAMAN, JANA GEORGES R",VALENCIA B.C.,0 / 5,2,0
2019,"ODWYER, FIONA EILISH",DURÁN MAQUINARIA ENSINO,0 / 3,1,0
2019,"SANCHEZ MARRUFO, BEATRIZ",DURÁN MAQUINARIA ENSINO,0 / 3,1,0
2019,"PUJOL LLUCH, ARIADNA",CADI LA SEU,0 / 3,1,0
2019,"ELONU, ADAORA NNENNA",SPAR CITYLIFT GIRONA,0 / 3,3,0
2019,"CASAS CARRERAS, QUERALT",VALENCIA B.C.,0 / 3,2,0
2019,"BINTOU, DIEME MARIZY",CIUDAD DE LA LAGUNA TENERIFE,0 / 2,1,0
2019,"LOPEZ RODRIGUEZ, AINHOA",DURÁN MAQUINARIA ENSINO,0 / 2,1,0
2019,"LOYD, KALIS HELENA",DURÁN MAQUINARIA ENSINO,0 / 2,1,0
2019,"MARTINEZ PRAT, NURIA",SPAR CITYLIFT GIRONA,0 / 2,3,0
2019,"VAN DEN ADEL, NATALIE ISABELLE",RPK ARASKI,0 / 2,2,0
2019,"MONTENEGRO SANTANA, RITA ESTHER",CIUDAD DE LA LAGUNA TENERIFE,0 / 2,1,0
2019,"PEDRALS BARRIOS, CRISTINA",CIUDAD DE LA LAGUNA TENERIFE,0 / 2,1,0
2019,"PEÑA JUBANY, LAURA",CADI LA SEU,0 / 2,1,0
2018,"PUJOL LLUCH, ARIADNA",CADI LA SEU,3 / 11,5,"27,27"
2018,"GOMEZ IGUAL, ANNA",VALENCIA B.C.,3 / 11,5,"27,27"
2018,"DIAZ CASTELLANO, YURENA",CADI LA SEU,8 / 30,5,"26,67"
2018,"BETTENCOURT CORREIA, MARIA JOAO",VALENCIA B.C.,4 / 15,5,"26,67"
2018,"DOMINGUEZ FERNANDEZ, SILVIA",PERFUMERIAS AVENIDA,6 / 23,6,"26,09"
2018,"WILLIAMS, COURTNEY MONAE",LOINTEK GERNIKA BIZKAIA,1 / 4,3,25
2018,"SANCHEZ MARRUFO, BEATRIZ",SPAR CITYLIFT GIRONA,1 / 4,5,25
2018,"KRAKER, MEHRYN DONEGAN",CADI LA SEU,5 / 24,5,"20,83"
2018,"BUCH ROSELL, ROSO",SPAR CITYLIFT GIRONA,3 / 15,6,20
2018,"BAHI BLANQUERA, GEORGINA",CADI LA SEU,2 / 10,5,20
2018,"ELDEBRINK, ELIN",PERFUMERIAS AVENIDA,2 / 12,6,"16,67"
2018,"PEREZ TORRES, TANIA",MANN-FILTER CASABLANCA,1 / 6,2,"16,67"
2018,"HEMPE, MERRIT RAMONA",CADI LA SEU,2 / 13,5,"15,38"
2018,"WILLIAMS, GABRIELLE LISA",SPAR CITYLIFT GIRONA,2 / 15,6,"13,33"
2018,"PALAU ALTES, LAIA",SPAR CITYLIFT GIRONA,0 / 6,6,0
2018,"ETXARRI MUNARRIZ, IRATI",CADI LA SEU,0 / 4,5,0
2018,"SARR, OUMOUL KHAIRY",IDK GIPUZKOA,0 / 3,3,0
2018,"LAHUERTA MENDOZA, IRENE",MANN-FILTER CASABLANCA,0 / 3,2,0
2018,"PARDO HERVIAS, LAURA",RPK ARASKI,0 / 3,2,0
2018,"DRAMMEH, BINTA MOMMY DAISY",RPK ARASKI,0 / 3,1,0
2018,"VAN DEN ADEL, NATALIE ISABELLE",RPK ARASKI,0 / 3,2,0
2018,"ROUNDTREE, MARGARET YVETTE",LOINTEK GERNIKA BIZKAIA,0 / 3,3,0
2018,"ROBINSON, ANGELICA DANIELLE",PERFUMERIAS AVENIDA,0 / 3,6,0
2018,"HERNANDEZ ORTIZ, ZOE",MANN-FILTER CASABLANCA,0 / 2,2,0
2018,"FLORES COSTA, LAIA",MANN-FILTER CASABLANCA,0 / 2,2,0
2018,"TIRERA, MEIYA",VALENCIA B.C.,0 / 2,5,0
2018,"ARROJO JIMENEZ, MARIA BELEN",PERFUMERIAS AVENIDA,0 / 2,4,0
2018,"ABALDE DIAZ, TAMARA",VALENCIA B.C.,0 / 2,5,0
2018,"PUJOL LLUCH, ARIADNA",CADI LA SEU,3 / 11,5,"27,27"
2018,"GOMEZ IGUAL, ANNA",VALENCIA B.C.,3 / 11,5,"27,27"
2018,"DIAZ CASTELLANO, YURENA",CADI LA SEU,8 / 30,5,"26,67"
2018,"BETTENCOURT CORREIA, MARIA JOAO",VALENCIA B.C.,4 / 15,5,"26,67"
2018,"DOMINGUEZ FERNANDEZ, SILVIA",PERFUMERIAS AVENIDA,6 / 23,6,"26,09"
2018,"WILLIAMS, COURTNEY MONAE",LOINTEK GERNIKA BIZKAIA,1 / 4,3,25
2018,"SANCHEZ MARRUFO, BEATRIZ",SPAR CITYLIFT GIRONA,1 / 4,5,25
2018,"KRAKER, MEHRYN DONEGAN",CADI LA SEU,5 / 24,5,"20,83"
2018,"BUCH ROSELL, ROSO",SPAR CITYLIFT GIRONA,3 / 15,6,20
2018,"BAHI BLANQUERA, GEORGINA",CADI LA SEU,2 / 10,5,20
2018,"ELDEBRINK, ELIN",PERFUMERIAS AVENIDA,2 / 12,6,"16,67"
2018,"PEREZ TORRES, TANIA",MANN-FILTER CASABLANCA,1 / 6,2,"16,67"
2018,"HEMPE, MERRIT RAMONA",CADI LA SEU,2 / 13,5,"15,38"
2018,"WILLIAMS, GABRIELLE LISA",SPAR CITYLIFT GIRONA,2 / 15,6,"13,33"
2018,"PALAU ALTES, LAIA",SPAR CITYLIFT GIRONA,0 / 6,6,0
2018,"ETXARRI MUNARRIZ, IRATI",CADI LA SEU,0 / 4,5,0
2018,"SARR, OUMOUL KHAIRY",IDK GIPUZKOA,0 / 3,3,0
2018,"LAHUERTA MENDOZA, IRENE",MANN-FILTER CASABLANCA,0 / 3,2,0
2018,"PARDO HERVIAS, LAURA",RPK ARASKI,0 / 3,2,0
2018,"DRAMMEH, BINTA MOMMY DAISY",RPK ARASKI,0 / 3,1,0
2018,"VAN DEN ADEL, NATALIE ISABELLE",RPK ARASKI,0 / 3,2,0
2018,"ROUNDTREE, MARGARET YVETTE",LOINTEK GERNIKA BIZKAIA,0 / 3,3,0
2018,"ROBINSON, ANGELICA DANIELLE",PERFUMERIAS AVENIDA,0 / 3,6,0
2018,"HERNANDEZ ORTIZ, ZOE",MANN-FILTER CASABLANCA,0 / 2,2,0
2018,"FLORES COSTA, LAIA",MANN-FILTER CASABLANCA,0 / 2,2,0
2018,"TIRERA, MEIYA",VALENCIA B.C.,0 / 2,5,0
2018,"ARROJO JIMENEZ, MARIA BELEN",PERFUMERIAS AVENIDA,0 / 2,4,0
2018,"ABALDE DIAZ, TAMARA",VALENCIA B.C.,0 / 2,5,0
2017,"GUSTAVSSON , ELIN JELENA",EMBUTIDOS PAJARIEL BEMBIBRE PD,24 / 73,26,"32,88"
2017,"BUTLER, BRIANNA",QUESOS EL PASTOR,55 / 168,26,"32,74"
2017,"BUCH ROSELL, ROSO",SPAR CITYLIFT GIRONA,26 / 80,26,"32,5"
2017,"CALVO DIAZ, ANA BEGOÑA",STAR CENTER-UNI FERROL,15 / 47,26,"31,91"
2017,"LUCAS , ITALEE MALINA",IDK GIPUZKOA,15 / 47,13,"31,91"
2017,"CLARET GILABERTE, MARTA",SNATT´S FEMENÍ SANT ADRIÁ,22 / 69,25,"31,88"
2017,"AGIRRE MUÑOZ, ARRATE",LACTURALE ART ARASKI,18 / 57,23,"31,58"
2017,"TUDANCA ACEDO, MARTA",LACTURALE ART ARASKI,29 / 92,19,"31,52"
2017,"MAJSTOROVIC, ANJA",QUESOS EL PASTOR,11 / 35,22,"31,43"
2017,"BRKIC, IVA",IDK GIPUZKOA,35 / 113,26,"30,97"
2017,"SELBY, SHAYANN RAQUEL",MOVISTAR ESTUDIANTES,17 / 55,18,"30,91"
2017,"SAN ROMAN FLORES, IRENE",MOVISTAR ESTUDIANTES,29 / 94,26,"30,85"
2017,"JOVANOVIC, MILICA",CAMPUS PROMETE LF1,40 / 130,19,"30,77"
2017,"RILEY , ANDREA CHARMAINE",SNATT´S FEMENÍ SANT ADRIÁ,38 / 125,26,"30,4"
2017,"BARBEE, SHACOBIA SHAUNTE",MANN-FILTER,27 / 89,26,"30,34"
2017,"VANDERWAL, RACHAEL  ANN",STAR CENTER-UNI FERROL,20 / 66,25,"30,3"
2017,"SILVA SERRANO , ROSELIS CAROLINA",LACTURALE ART ARASKI,33 / 109,25,"30,28"
2017,"MARTIN LLAVERIA, MARIONA",NISSAN  AL-QÁZERES EXTREMADURA,9 / 30,26,30
2017,"OMA GIRALT, HELENA",CADI LA SEU,8 / 27,16,"29,63"
2017,"VAN DEN ADEL, NATALIE ISABELLE",LACTURALE ART ARASKI,18 / 61,21,"29,51"
2017,"QUIRANTE MARTINEZ, ALEJANDRA",MOVISTAR ESTUDIANTES,30 / 103,26,"29,13"
2017,"ALDALUR SOTO, ANE MIREN",LACTURALE ART ARASKI,21 / 73,26,"28,77"
2017,"ARROJO JIMENEZ, MARIA BELEN",SNATT´S FEMENÍ SANT ADRIÁ,22 / 77,26,"28,57"
2017,"MOLINA PRADOS MARTIN BURO, JUANA MARIA",LOINTEK GERNIKA BIZKAIA,18 / 63,25,"28,57"
2017,"CONDE ALCOLADO, MARIA",SPAR CITYLIFT GIRONA,16 / 56,26,"28,57"
2017,"IVEZIC, JELENA",QUESOS EL PASTOR,11 / 39,18,"28,21"
2017,"LIZARAZU HERRERA, MARINA",QUESOS EL PASTOR,25 / 89,26,"28,09"
2017,"LOPEZ VIVES, HELENA",SNATT´S FEMENÍ SANT ADRIÁ,23 / 83,26,"27,71"
2017,"DOMINGUEZ FERNANDEZ, SILVIA",PERFUMERIAS AVENIDA,14 / 52,24,"26,92"
2017,"LAHUERTA MENDOZA, IRENE",MANN-FILTER,8 / 30,26,"26,67"
2017,"COOPER, SHAYLA JONIQUE",NISSAN  AL-QÁZERES EXTREMADURA,11 / 42,16,"26,19"
2017,"LLOBET CODERCH, ITZIAR",SNATT´S FEMENÍ SANT ADRIÁ,11 / 44,26,25
2017,"ESTEBAS ARMAS, PAULA",CAMPUS PROMETE LF1,22 / 90,26,"24,44"
2017,"PEÑA JUBANY, LAURA",SNATT´S FEMENÍ SANT ADRIÁ,16 / 66,26,"24,24"
2017,"GARCIA URLEZAGA, IZASKUN",LACTURALE ART ARASKI,8 / 33,25,"24,24"
2017,"MONTOLIU MATIAS, MARTA",CADI LA SEU,11 / 46,26,"23,91"
2017,"LO SYLLA, NOGAYE",CADI LA SEU,7 / 30,25,"23,33"
2017,"PEREZ ARAUJO, MARIA",STAR CENTER-UNI FERROL,17 / 73,26,"23,29"
2017,"GONZALEZ DUARTE , LARA",IDK GIPUZKOA,7 / 31,26,"22,58"
2017,"OCETE CASTILLO, GABRIELA",MANN-FILTER,12 / 54,26,"22,22"
2017,"BAHI BLANQUERA, GEORGINA",CADI LA SEU,8 / 37,19,"21,62"
2017,"QUEVEDO CAÑIZARES, LAURA",NISSAN  AL-QÁZERES EXTREMADURA,12 / 56,13,"21,43"
2017,"VILARO ARAGONES, ANDREA",CADI LA SEU,16 / 75,25,"21,33"
2017,"HALL , PRECIOUS TANZIE KYTRONIA",CAMPUS PROMETE LF1,12 / 60,20,20
2017,"MENENDEZ ANTOLI, CELIA MARIA",MOVISTAR ESTUDIANTES,13 / 66,26,"19,7"
2017,"HURTADO OBIOLS, CRISTINA",SNATT´S FEMENÍ SANT ADRIÁ,13 / 68,23,"19,12"
2017,"JENKINS, ALISIA LA´JEWEL CHARLESNEIA",QUESOS EL PASTOR,11 / 59,18,"18,64"
2017,"NYSTROM, ELLEN ADINA",IDK GIPUZKOA,5 / 31,26,"16,13"
2017,"BROWN , BRITTANY DANIELLE",EMBUTIDOS PAJARIEL BEMBIBRE PD,15 / 96,26,"15,63"
2017,"COOPER, SHAYLA JONIQUE",NISSAN  AL-QÁZERES EXTREMADURA,11 / 42,16,"26,19"
2017,"LLOBET CODERCH, ITZIAR",SNATT´S FEMENÍ SANT ADRIÁ,11 / 44,26,25
2017,"ESTEBAS ARMAS, PAULA",CAMPUS PROMETE LF1,22 / 90,26,"24,44"
2017,"PEÑA JUBANY, LAURA",SNATT´S FEMENÍ SANT ADRIÁ,16 / 66,26,"24,24"
2017,"GARCIA URLEZAGA, IZASKUN",LACTURALE ART ARASKI,8 / 33,25,"24,24"
2017,"MONTOLIU MATIAS, MARTA",CADI LA SEU,11 / 46,26,"23,91"
2017,"LO SYLLA, NOGAYE",CADI LA SEU,7 / 30,25,"23,33"
2017,"PEREZ ARAUJO, MARIA",STAR CENTER-UNI FERROL,17 / 73,26,"23,29"
2017,"GONZALEZ DUARTE , LARA",IDK GIPUZKOA,7 / 31,26,"22,58"
2017,"OCETE CASTILLO, GABRIELA",MANN-FILTER,12 / 54,26,"22,22"
2017,"BAHI BLANQUERA, GEORGINA",CADI LA SEU,8 / 37,19,"21,62"
2017,"QUEVEDO CAÑIZARES, LAURA",NISSAN  AL-QÁZERES EXTREMADURA,12 / 56,13,"21,43"
2017,"VILARO ARAGONES, ANDREA",CADI LA SEU,16 / 75,25,"21,33"
2017,"HALL , PRECIOUS TANZIE KYTRONIA",CAMPUS PROMETE LF1,12 / 60,20,20
2017,"MENENDEZ ANTOLI, CELIA MARIA",MOVISTAR ESTUDIANTES,13 / 66,26,"19,7"
2017,"HURTADO OBIOLS, CRISTINA",SNATT´S FEMENÍ SANT ADRIÁ,13 / 68,23,"19,12"
2017,"JENKINS, ALISIA LA´JEWEL CHARLESNEIA",QUESOS EL PASTOR,11 / 59,18,"18,64"
2017,"NYSTROM, ELLEN ADINA",IDK GIPUZKOA,5 / 31,26,"16,13"
2017,"BROWN , BRITTANY DANIELLE",EMBUTIDOS PAJARIEL BEMBIBRE PD,15 / 96,26,"15,63"
2016,"VELASCO MARTIN, LAURA",LACTURALE ARASKI,1 / 6,4,"16,67"
2016,"ASURMENDI VILLAVERDE, MARIA DEL CARMEN",LOINTEK GERNIKA BIZKAIA,2 / 14,2,"14,29"
2016,"BEARD, ALANA MONIQUE",PERFUMERIAS AVENIDA,1 / 7,5,"14,29"
2016,"BULGAK, ADUT ATEM",IDK GIPUZKOA,1 / 8,3,"12,5"
2016,"ROUNDTREE, MARGARET YVETTE",LACTURALE ARASKI,1 / 9,3,"11,11"
2016,"FERRARI CALABRO, PAOLA ANDREA",IDK GIPUZKOA,1 / 11,2,"9,09"
2016,"SPANOU, ARTEMIS",SPAR CITYLIFT GIRONA,0 / 11,5,0
2016,"MARGINEAN , GABRIELA",PERFUMERIAS AVENIDA,0 / 6,4,0
2016,"IPARRAGUIRRE ALUSTIZA, SARA",IDK GIPUZKOA,0 / 3,2,0
2016,"OLABARRIA BARINAGARREMENTERIA, IULENE",IDK GIPUZKOA,0 / 2,2,0
2016,"MOLINUEVO GARCIA, CRISTINA",LACTURALE ARASKI,0 / 2,2,0
2016,"VELASCO MARTIN, LAURA",LACTURALE ARASKI,1 / 6,4,"16,67"
2016,"ASURMENDI VILLAVERDE, MARIA DEL CARMEN",LOINTEK GERNIKA BIZKAIA,2 / 14,2,"14,29"
2016,"BEARD, ALANA MONIQUE",PERFUMERIAS AVENIDA,1 / 7,5,"14,29"
2016,"BULGAK, ADUT ATEM",IDK GIPUZKOA,1 / 8,3,"12,5"
2016,"ROUNDTREE, MARGARET YVETTE",LACTURALE ARASKI,1 / 9,3,"11,11"
2016,"FERRARI CALABRO, PAOLA ANDREA",IDK GIPUZKOA,1 / 11,2,"9,09"
2016,"SPANOU, ARTEMIS",SPAR CITYLIFT GIRONA,0 / 11,5,0
2016,"MARGINEAN , GABRIELA",PERFUMERIAS AVENIDA,0 / 6,4,0
2016,"IPARRAGUIRRE ALUSTIZA, SARA",IDK GIPUZKOA,0 / 3,2,0
2016,"OLABARRIA BARINAGARREMENTERIA, IULENE",IDK GIPUZKOA,0 / 2,2,0
2016,"MOLINUEVO GARCIA, CRISTINA",LACTURALE ARASKI,0 / 2,2,0
2015,"KOBRYN , EWELINA KATARZYNA",PERFUMERIAS AVENIDA,2 / 2,5,100
2015,"KNEZEVIC, ADRIJANA",SPAR CITYLIFT GIRONA,2 / 3,5,"66,67"
2015,"TRAORE, AYA",C.B. CONQUERO HUELVA WAGEN,3 / 5,2,60
2015,"IBEKWE, IFUNANYA DEBBIE",SPAR CITYLIFT GIRONA,7 / 12,2,"58,33"
2015,"PETERS, HALEY MCCLOSKEY",C.B. CONQUERO HUELVA WAGEN,8 / 14,2,"57,14"
2015,"LIEPKALNE, DITA",MANN-FILTER,3 / 6,2,50
2015,"VITOLA, KRISTINE",PERFUMERIAS AVENIDA,1 / 2,4,50
2015,"HERNANDEZ SANCHEZ, CLARA",PERFUMERIAS AVENIDA,1 / 2,2,50
2015,"RODRIGUEZ MANSO, LEONOR DEL PILAR",PERFUMERIAS AVENIDA,9 / 19,5,"47,37"
2015,"BEARD, ALANA MONIQUE",PERFUMERIAS AVENIDA,4 / 10,5,40
2015,"SPANOU, ARTEMIS",SPAR CITYLIFT GIRONA,6 / 16,5,"37,5"
2015,"ASURMENDI VILLAVERDE, MARIA DEL CARMEN",PERFUMERIAS AVENIDA,7 / 19,5,"36,84"
2015,"MARGINEAN , GABRIELA",PERFUMERIAS AVENIDA,7 / 19,5,"36,84"
2015,"GIVENS , KRISI TIJANA",SPAR CITYLIFT GIRONA,5 / 14,5,"35,71"
2015,"FERRARI CALABRO, PAOLA ANDREA",MANN-FILTER,7 / 20,2,35
2015,"JORDANA BOFILL, NOEMI",SPAR CITYLIFT GIRONA,9 / 27,5,"33,33"
2015,"CALVO DIAZ, ANA BEGOÑA",MANN-FILTER,1 / 3,2,"33,33"
2015,"KUKTIENE, VITA",SPAR CITYLIFT GIRONA,5 / 16,5,"31,25"
2015,"GEMELOS, JACQUELINE ANN",PERFUMERIAS AVENIDA,6 / 21,5,"28,57"
2015,"DOMINGUEZ FERNANDEZ, SILVIA",PERFUMERIAS AVENIDA,4 / 15,5,"26,67"
2015,"DE SA CASTRO NEVES, CATARINA",C.B. CONQUERO HUELVA WAGEN,1 / 5,2,20
2015,"BUCH ROSELL, ROSO",C.B. CONQUERO HUELVA WAGEN,2 / 11,2,"18,18"
2015,"LUCAS , ITALEE MALINA",SPAR CITYLIFT GIRONA,3 / 21,5,"14,29"
2015,"OCETE CASTILLO, GABRIELA",MANN-FILTER,0 / 5,2,0
2015,"NDOUR, ASTOU BARRO",PERFUMERIAS AVENIDA,0 / 2,5,0
2014,"KUKTIENE, VITA",SPAR CITYLIFT GIRONA,7 / 13,4,"53,85"
2014,"TANNER, TYRESE LA SHAY",CADI LA SEU,2 / 4,3,50
2014,"PEREZ TORRES, TANIA",CADI LA SEU,6 / 14,3,"42,86"
2014,"RODRIGUEZ MANSO, LEONOR DEL PILAR",PERFUMERIAS AVENIDA,6 / 16,5,"37,5"
2014,"PINA TOLOSA, MARIA",C.B. CONQUERO HUELVA WAGEN,3 / 8,2,"37,5"
2014,"ASURMENDI VILLAVERDE, MARIA DEL CARMEN",C.B. CONQUERO HUELVA WAGEN,4 / 11,2,"36,36"
2014,"JORDANA BOFILL, NOEMI",SPAR CITYLIFT GIRONA,9 / 26,4,"34,62"
2014,"BABKINA, ELINA",SPAR CITYLIFT GIRONA,2 / 7,4,"28,57"
2014,"HIND, BEN ABDELKADER",CADI LA SEU,5 / 18,3,"27,78"
2014,"CHAMBERS, BRITTANY MARIE",SPAR CITYLIFT GIRONA,4 / 15,4,"26,67"
2014,"GERMAN VELASCO, ICIAR",C.B. CONQUERO HUELVA WAGEN,1 / 5,2,20
2014,"SUAREZ UTRERO, ANA MARIA",CADI LA SEU,1 / 5,3,20
2014,"FERRARI CALABRO, PAOLA ANDREA",PERFUMERIAS AVENIDA,5 / 29,5,"17,24"
2014,"XARGAY CASADEMONT, MARTA",PERFUMERIAS AVENIDA,2 / 12,5,"16,67"
2014,"ROBINSON, ANGELICA DANIELLE",PERFUMERIAS AVENIDA,1 / 6,5,"16,67"
2014,"DE KLEIJN, MARLOU",CADI LA SEU,1 / 6,3,"16,67"
2014,"FERNANDEZ FARRES, MARTA",PERFUMERIAS AVENIDA,2 / 13,5,"15,38"
2014,"BAHI BLANQUERA, GEORGINA",CADI LA SEU,2 / 16,3,"12,5"
2014,"FREIXANET VIEJO, JAEL",SPAR CITYLIFT GIRONA,0 / 7,4,0
2014,"GIL COLLADO, LAURA",CADI LA SEU,0 / 7,3,0
2014,"ORTIZ VIVES, MARIONA",PERFUMERIAS AVENIDA,0 / 5,5,0
2014,"ELONU, ADAORA NNENNA",C.B. CONQUERO HUELVA WAGEN,0 / 2,2,0
2014,"PARHAM, AJA DANIELLE",C.B. CONQUERO HUELVA WAGEN,0 / 2,2,0
2014,"CARBO COLOMA, ANNA",SPAR CITYLIFT GIRONA,0 / 2,3,0
2014,"IBEKWE, IFUNANYA DEBBIE",SPAR CITYLIFT GIRONA,0 / 2,4,0
2013,"O'REILLY, ORLA",EMBUTIDOS PAJARIEL BEMBIBRE PD,3 / 5,3,60
2013,"BUCH ROSELL, ROSO",EMBUTIDOS PAJARIEL BEMBIBRE PD,4 / 7,3,"57,14"
2013,"CABRERA ARGUELLO, PATRICIA",GRAN CANARIA 2014,7 / 13,3,"53,85"
2013,"VIVAS SACRAMENTO, ELISABET",EMBUTIDOS PAJARIEL BEMBIBRE PD,1 / 2,3,50
2013,"MONGOMO CARVALLO, MARIA CONCEPCIÓN",GRAN CANARIA 2014,1 / 2,3,50
2013,"GIMENO MARTINEZ, VEGA",RIVAS ECOPOLIS,5 / 11,3,"45,45"
2013,"OCETE CASTILLO, GABRIELA",RIVAS ECOPOLIS,6 / 14,5,"42,86"
2013,"GOMEZ IGUAL, ANNA",EMBUTIDOS PAJARIEL BEMBIBRE PD,5 / 14,3,"35,71"
2013,"ELDEBRINK, FRIDA",RIVAS ECOPOLIS,9 / 26,5,"34,62"
2013,"NDOUR, ASTOU BARRO",GRAN CANARIA 2014,1 / 3,3,"33,33"
2013,"ALLISON, RACHEL LINDSAY",RIVAS ECOPOLIS,4 / 13,5,"30,77"
2013,"MONTENEGRO SANTANA, RITA ESTHER",EMBUTIDOS PAJARIEL BEMBIBRE PD,4 / 15,3,"26,67"
2013,"RODRIGUEZ MANSO, LEONOR DEL PILAR",PERFUMERIAS AVENIDA,5 / 19,5,"26,32"
2013,"LIEPKALNE, DITA",EMBUTIDOS PAJARIEL BEMBIBRE PD,3 / 12,3,25
2013,"CASAS CARRERAS, QUERALT",RIVAS ECOPOLIS,3 / 12,5,25
2013,"ROBINSON, ANGELICA DANIELLE",PERFUMERIAS AVENIDA,1 / 5,5,20
2013,"MURPHY, ESHAYA MARIE",PERFUMERIAS AVENIDA,4 / 24,5,"16,67"
2013,"CHAMBERS, BRITTANY MARIE",GRAN CANARIA 2014,3 / 19,3,"15,79"
2013,"XARGAY CASADEMONT, MARTA",PERFUMERIAS AVENIDA,3 / 21,5,"14,29"
2013,"DIAZ CASTELLANO, YURENA",GRAN CANARIA 2014,1 / 8,3,"12,5"
2013,"FERNANDEZ FARRES, MARTA",PERFUMERIAS AVENIDA,1 / 12,5,"8,33"
2013,"BERMEJO MORENO, CLARA SUSANA",RIVAS ECOPOLIS,1 / 14,5,"7,14"
2013,"QUEVEDO CAÑIZARES, LAURA",RIVAS ECOPOLIS,0 / 3,1,0
2013,"PETEVA, DANIELA ROSENOVA",EMBUTIDOS PAJARIEL BEMBIBRE PD,0 / 2,3,0
2013,"NICHOLLS GONZALEZ, LAURA",RIVAS ECOPOLIS,0 / 2,5,0
2012,"PINA TOLOSA, MARIA",PERFUMERIAS AVENIDA,2 / 2,1,100
2012,"GIL COLLADO, LAURA",BEROIL - CIUDAD DE BURGOS,2 / 3,2,"66,67"
2012,"MORRISON JARA, ZIOMARA ESKET",RIVAS ECOPOLIS,2 / 3,4,"66,67"
2012,"XARGAY CASADEMONT, MARTA",PERFUMERIAS AVENIDA,4 / 7,4,"57,14"
2012,"HERRERA SANTESTEBAN, RAQUEL",UNB OBENASA,1 / 2,3,50
2012,"REVUELTO SÁNCHEZ-AGUILERA, MARIA",UNB OBENASA,4 / 9,3,"44,44"
2012,"FERRARI CALABRO, PAOLA ANDREA",PERFUMERIAS AVENIDA,4 / 9,4,"44,44"
2012,"PARHAM, AJA DANIELLE",CADI - ICG SOFTWARE,7 / 16,4,"43,75"
2012,"HONTI, KATALIN",RIVAS ECOPOLIS,3 / 7,4,"42,86"
2012,"ASURMENDI VILLAVERDE, MARIA DEL CARMEN",UNB OBENASA,5 / 12,3,"41,67"
2012,"TRAORE, ASTOU",CADI - ICG SOFTWARE,4 / 10,4,40
2012,"KURASOVA, OLEKSANDRA",RIVAS ECOPOLIS,4 / 10,4,40
2012,"COVINGTON, ARHONDA",CADI - ICG SOFTWARE,4 / 11,4,"36,36"
2012,"CASAS CARRERAS, QUERALT",RIVAS ECOPOLIS,5 / 15,4,"33,33"
2012,"SOTIRIOU , AIKATERINA",UNB OBENASA,4 / 12,3,"33,33"
2012,"ANTOJA ROVIRA, LAURA",PERFUMERIAS AVENIDA,2 / 6,4,"33,33"
2012,"BOU LLOVERAS, EVA",SPAR UNIGIRONA,2 / 6,5,"33,33"
2012,"CHUMILLAS PERIS, BERTA",BEROIL - CIUDAD DE BURGOS,3 / 10,2,30
2012,"FEASTER, ALISON",SPAR UNIGIRONA,4 / 14,4,"28,57"
2012,"SULCIUTE, EGLE",PERFUMERIAS AVENIDA,4 / 14,4,"28,57"
2012,"DE KLEIJN, MARLOU",CADI - ICG SOFTWARE,2 / 7,4,"28,57"
2012,"GARCIA TORRES, CRISTINA",CADI - ICG SOFTWARE,2 / 7,4,"28,57"
2012,"CRUZ LEBRATO, ANNA",RIVAS ECOPOLIS,3 / 11,4,"27,27"
2012,"GOMEZ FERREIROS, SARA",UNB OBENASA,2 / 8,3,25
2012,"BARTONOVA , KATERINA",CADI - ICG SOFTWARE,2 / 8,4,25
2012,"CURRIE , MONIQUE PAULETTE",PERFUMERIAS AVENIDA,2 / 8,4,25
2012,"ARGÜELLO CUENCA, PATRICIA",UNB OBENASA,4 / 17,3,"23,53"
2012,"JORDANA BOFILL, NOEMI",SPAR UNIGIRONA,7 / 30,5,"23,33"
2012,"CARBO COLOMA, ANNA",SPAR UNIGIRONA,3 / 13,5,"23,08"
2012,"FERNANDEZ FARRES, MARTA",PERFUMERIAS AVENIDA,2 / 10,4,20
2012,"PINA TOLOSA, MARIA",PERFUMERIAS AVENIDA,2 / 2,1,100
2012,"GIL COLLADO, LAURA",BEROIL - CIUDAD DE BURGOS,2 / 3,2,"66,67"
2012,"MORRISON JARA, ZIOMARA ESKET",RIVAS ECOPOLIS,2 / 3,4,"66,67"
2012,"XARGAY CASADEMONT, MARTA",PERFUMERIAS AVENIDA,4 / 7,4,"57,14"
2012,"HERRERA SANTESTEBAN, RAQUEL",UNB OBENASA,1 / 2,3,50
2012,"REVUELTO SÁNCHEZ-AGUILERA, MARIA",UNB OBENASA,4 / 9,3,"44,44"
2012,"FERRARI CALABRO, PAOLA ANDREA",PERFUMERIAS AVENIDA,4 / 9,4,"44,44"
2012,"PARHAM, AJA DANIELLE",CADI - ICG SOFTWARE,7 / 16,4,"43,75"
2012,"HONTI, KATALIN",RIVAS ECOPOLIS,3 / 7,4,"42,86"
2012,"ASURMENDI VILLAVERDE, MARIA DEL CARMEN",UNB OBENASA,5 / 12,3,"41,67"
2012,"TRAORE, ASTOU",CADI - ICG SOFTWARE,4 / 10,4,40
2012,"KURASOVA, OLEKSANDRA",RIVAS ECOPOLIS,4 / 10,4,40
2012,"COVINGTON, ARHONDA",CADI - ICG SOFTWARE,4 / 11,4,"36,36"
2012,"CASAS CARRERAS, QUERALT",RIVAS ECOPOLIS,5 / 15,4,"33,33"
2012,"SOTIRIOU , AIKATERINA",UNB OBENASA,4 / 12,3,"33,33"
2012,"ANTOJA ROVIRA, LAURA",PERFUMERIAS AVENIDA,2 / 6,4,"33,33"
2012,"BOU LLOVERAS, EVA",SPAR UNIGIRONA,2 / 6,5,"33,33"
2012,"CHUMILLAS PERIS, BERTA",BEROIL - CIUDAD DE BURGOS,3 / 10,2,30
2012,"FEASTER, ALISON",SPAR UNIGIRONA,4 / 14,4,"28,57"
2012,"SULCIUTE, EGLE",PERFUMERIAS AVENIDA,4 / 14,4,"28,57"
2012,"DE KLEIJN, MARLOU",CADI - ICG SOFTWARE,2 / 7,4,"28,57"
2012,"GARCIA TORRES, CRISTINA",CADI - ICG SOFTWARE,2 / 7,4,"28,57"
2012,"CRUZ LEBRATO, ANNA",RIVAS ECOPOLIS,3 / 11,4,"27,27"
2012,"GOMEZ FERREIROS, SARA",UNB OBENASA,2 / 8,3,25
2012,"BARTONOVA , KATERINA",CADI - ICG SOFTWARE,2 / 8,4,25
2012,"CURRIE , MONIQUE PAULETTE",PERFUMERIAS AVENIDA,2 / 8,4,25
2012,"ARGÜELLO CUENCA, PATRICIA",UNB OBENASA,4 / 17,3,"23,53"
2012,"JORDANA BOFILL, NOEMI",SPAR UNIGIRONA,7 / 30,5,"23,33"
2012,"CARBO COLOMA, ANNA",SPAR UNIGIRONA,3 / 13,5,"23,08"
2012,"FERNANDEZ FARRES, MARTA",PERFUMERIAS AVENIDA,2 / 10,4,20
2011,"ANTOJA ROVIRA, LAURA",PERFUMERIAS AVENIDA,8 / 11,4,"72,73"
2011,"WAUTERS, ANN",CIUDAD ROS CASARES VALENCIA,3 / 5,4,60
2011,"VAJDA, ANNA",PERFUMERIAS AVENIDA,5 / 10,4,50
2011,"CRUZ LEBRATO, ANNA",RIVAS ECOPOLIS,2 / 4,2,50
2011,"FREIXANET VIEJO, JAEL",PERFUMERIAS AVENIDA,1 / 2,3,50
2011,"FEASTER, ALISON",PERFUMERIAS AVENIDA,3 / 7,4,"42,86"
2011,"SANCHEZ FERNANDEZ, ISABEL",PERFUMERIAS AVENIDA,3 / 8,4,"37,5"
2011,"JACKSON, LAUREN",CIUDAD ROS CASARES VALENCIA,5 / 15,4,"33,33"
2011,"DOMINGUEZ FERNANDEZ, SILVIA",CIUDAD ROS CASARES VALENCIA,2 / 6,4,"33,33"
2011,"MOORE, MAYA APRIL",CIUDAD ROS CASARES VALENCIA,4 / 14,3,"28,57"
2011,"JORDANA BOFILL, NOEMI",GIRONA FC,3 / 11,2,"27,27"
2011,"THORBURN, SHONA LOUISE",GIRONA FC,3 / 12,2,25
2011,"BONNER, DEWANNA TENISE",PERFUMERIAS AVENIDA,3 / 12,4,25
2011,"PALAU ALTES, LAIA",CIUDAD ROS CASARES VALENCIA,2 / 8,4,25
2011,"MURPHY, ESHAYA MARIE",CIUDAD ROS CASARES VALENCIA,2 / 10,4,20
2011,"BAHI BLANQUERA, GEORGINA",GIRONA FC,1 / 5,2,20
2011,"XARGAY CASADEMONT, MARTA",PERFUMERIAS AVENIDA,2 / 11,4,"18,18"
2011,"FERNANDEZ FARRES, MARTA",PERFUMERIAS AVENIDA,1 / 6,4,"16,67"
2011,"CARSON, ESSENCE",RIVAS ECOPOLIS,0 / 4,2,0
2011,"GARCIA MATA, GEMA",RIVAS ECOPOLIS,0 / 3,2,0
2011,"AGUILAR LOPEZ , ELISA",RIVAS ECOPOLIS,0 / 3,2,0
2011,"CARBO COLOMA, ANNA",GIRONA FC,0 / 3,2,0
2011,"VESELA, JANA",CIUDAD ROS CASARES VALENCIA,0 / 2,3,0
2011,"SARR, OUMOUL KHAIRY",GIRONA FC,0 / 2,2,0
2010,"CASAS CARRERAS, QUERALT",MANN FILTER ZARAGOZA,2 / 3,2,"66,67"
2010,"BERMEJO MORENO, CLARA SUSANA",RIVAS ECOPOLIS,2 / 3,2,"66,67"
2010,"VESELA, JANA",CIUDAD ROS CASARES VALENCIA,2 / 3,1,"66,67"
2010,"VALDEMORO MADARIAGA, AMAYA",RIVAS ECOPOLIS,5 / 10,2,50
2010,"FEASTER, ALISON",MANN FILTER ZARAGOZA,4 / 8,2,50
2010,"TORRENS SALOM, ALBA",PERFUMERIAS AVENIDA,2 / 4,2,50
2010,"GIMENO MARTINEZ, VEGA",RIVAS ECOPOLIS,1 / 2,2,50
2010,"KRESOVIC, INES",MANN FILTER ZARAGOZA,4 / 10,2,40
2010,"DOUGLAS, KATHRYN",CIUDAD ROS CASARES VALENCIA,2 / 5,2,40
2010,"MONTAÑANA GIMENO, ANNA",PERFUMERIAS AVENIDA,2 / 5,2,40
2010,"MONDT, ANKE DE",PERFUMERIAS AVENIDA,2 / 6,2,"33,33"
2010,"CRUZ LEBRATO, ANNA",RIVAS ECOPOLIS,1 / 3,2,"33,33"
2010,"BONNER, DEWANNA TENISE",RIVAS ECOPOLIS,2 / 8,2,25
2010,"DOMINGUEZ FERNANDEZ, SILVIA",PERFUMERIAS AVENIDA,1 / 4,2,25
2010,"PINA TOLOSA, MARIA",MANN FILTER ZARAGOZA,1 / 4,2,25
2010,"AGUILAR LOPEZ , ELISA",RIVAS ECOPOLIS,1 / 4,2,25
2010,"SNELL, BELINDA ROSE",PERFUMERIAS AVENIDA,1 / 5,2,20
2010,"FERNANDEZ FARRES, MARTA",CIUDAD ROS CASARES VALENCIA,1 / 5,2,20
2010,"LAWSON, EDWIGE",CIUDAD ROS CASARES VALENCIA,1 / 9,2,"11,11"
2010,"MARTINEZ PRAT, NURIA",CIUDAD ROS CASARES VALENCIA,0 / 4,2,0
2010,"OUVIÑA MODREGO, CRISTINA",MANN FILTER ZARAGOZA,0 / 4,2,0
2010,"BROWN, KIESHA LINDSAY",MANN FILTER ZARAGOZA,0 / 3,2,0
2010,"ZLATANOVA, JAKLIN",MANN FILTER ZARAGOZA,0 / 3,2,0
2010,"XARGAY CASADEMONT, MARTA",PERFUMERIAS AVENIDA,0 / 2,2,0
2009,"SANCHEZ FERNANDEZ, ISABEL",PERFUMERIAS AVENIDA,4 / 4,4,100
2009,"MILTON, DELISHA LACHELL",CIUDAD ROS CASARES VALENCIA,8 / 11,4,"72,73"
2009,"JOENS, CATHERINE ELISABETH",RIVAS ECOPOLIS,5 / 7,2,"71,43"
2009,"DRLJACA, LJUBICA",CIUDAD ROS CASARES VALENCIA,2 / 3,2,"66,67"
2009,"VESELA, JANA",CIUDAD ROS CASARES VALENCIA,2 / 3,4,"66,67"
2009,"DOMINGUEZ FERNANDEZ, SILVIA",PERFUMERIAS AVENIDA,8 / 15,4,"53,33"
2009,"BERMEJO MORENO, CLARA SUSANA",RIVAS ECOPOLIS,2 / 4,2,50
2009,"GOMEZ IGUAL, ANNA",MANN FILTER ZARAGOZA,1 / 2,2,50
2009,"FEASTER, ALISON",MANN FILTER ZARAGOZA,6 / 14,2,"42,86"
2009,"SNELL, BELINDA ROSE",CIUDAD ROS CASARES VALENCIA,8 / 19,4,"42,11"
2009,"VALDEMORO MADARIAGA, AMAYA",CIUDAD ROS CASARES VALENCIA,6 / 16,4,"37,5"
2009,"TORRENS SALOM, ALBA",PERFUMERIAS AVENIDA,6 / 16,4,"37,5"
2009,"PALOMARES VALIENTE, PAULA",MANN FILTER ZARAGOZA,3 / 8,2,"37,5"
2009,"XARGAY CASADEMONT, MARTA",PERFUMERIAS AVENIDA,1 / 3,4,"33,33"
2009,"MONTAÑANA GIMENO, ANNA",CIUDAD ROS CASARES VALENCIA,4 / 15,4,"26,67"
2009,"STEN, TIINA IRENE",MANN FILTER ZARAGOZA,1 / 4,2,25
2009,"OUVIÑA MODREGO, CRISTINA",MANN FILTER ZARAGOZA,1 / 4,2,25
2009,"MONDT, ANKE DE",PERFUMERIAS AVENIDA,4 / 19,4,"21,05"
2009,"AGUILAR LOPEZ , ELISA",CIUDAD ROS CASARES VALENCIA,1 / 9,4,"11,11"
2009,"WILLINGHAM, LE`COE LOUISE",PERFUMERIAS AVENIDA,1 / 12,4,"8,33"
2009,"DUBLJEVIC, JELENA",RIVAS ECOPOLIS,0 / 5,2,0
2009,"PALAU ALTES, LAIA",CIUDAD ROS CASARES VALENCIA,0 / 2,4,0
2009,"PASCUA SUAREZ, MARÍA LUCILA",MANN FILTER ZARAGOZA,0 / 2,2,0
2009,"ROYO TORRES, MARIA ESTELA",MANN FILTER ZARAGOZA,0 / 2,2,0
2009,"GARCIA PIÑERO, MARIA BEGOÑA",RIVAS ECOPOLIS,0 / 2,2,0
2008,"HERNANDEZ ESTEBAN, SILVIA",RIVAS ECÓPOLIS,3 / 5,3,60
2008,"PALAU ALTES, LAIA",CIUDAD ROS CASARES,4 / 7,4,"57,14"
2008,"MILTON, DELISHA LACHELL",CIUDAD ROS CASARES,4 / 7,4,"57,14"
2008,"MURPHY, ESHAYA MARIE",CB FEVE SAN JOSÉ,4 / 7,2,"57,14"
2008,"VESELA, JANA",CIUDAD ROS CASARES,1 / 2,4,50
2008,"VALDEMORO MADARIAGA, AMAYA",CIUDAD ROS CASARES,6 / 13,4,"46,15"
2008,"REVUELTO SÁNCHEZ-AGUILERA, MARIA",CB FEVE SAN JOSÉ,3 / 7,2,"42,86"
2008,"HODGES, RONEEKA RAYSHELL",RIVAS ECÓPOLIS,7 / 17,3,"41,18"
2008,"AGUILAR LOPEZ , ELISA",CIUDAD ROS CASARES,4 / 10,4,40
2008,"BASKO , GUNTA",PERFUMERIAS AVENIDA,7 / 19,5,"36,84"
2008,"SANCHEZ FERNANDEZ, ISABEL",PERFUMERIAS AVENIDA,4 / 11,5,"36,36"
2008,"MONDT, ANKE DE",PERFUMERIAS AVENIDA,10 / 30,5,"33,33"
2008,"MONTAÑANA GIMENO, ANNA",CIUDAD ROS CASARES,3 / 9,4,"33,33"
2008,"ROVIRA RODRIGUEZ, MARIA DEL MAR",PERFUMERIAS AVENIDA,3 / 9,5,"33,33"
2008,"DOMINGUEZ FERNANDEZ, SILVIA",PERFUMERIAS AVENIDA,2 / 6,5,"33,33"
2008,"SEGUI CARLES, PAULA",CB FEVE SAN JOSÉ,1 / 3,2,"33,33"
2008,"BUTLER, KIMBERLY JOY",CB FEVE SAN JOSÉ,1 / 3,2,"33,33"
2008,"ABALDE DIAZ, TAMARA",RIVAS ECÓPOLIS,3 / 10,3,30
2008,"WILLINGHAM, LE`COE LOUISE",PERFUMERIAS AVENIDA,3 / 12,5,25
2008,"DUBLJEVIC, JELENA",RIVAS ECÓPOLIS,2 / 8,3,25
2008,"CAMPS COLLELL, LAURA",RIVAS ECÓPOLIS,2 / 10,3,20
2008,"WIGGINS, CANDICE DANA",CIUDAD ROS CASARES,1 / 7,4,"14,29"
2008,"BERMEJO MORENO, CLARA SUSANA",RIVAS ECÓPOLIS,0 / 10,3,0
2008,"THORBURN, SHONA LOUISE",CB FEVE SAN JOSÉ,0 / 5,2,0
2008,"PEREZ CAPARROS, ROSA",CB FEVE SAN JOSÉ,0 / 5,2,0
2008,"ARGÜELLO CUENCA, PATRICIA",CB FEVE SAN JOSÉ,0 / 3,2,0
2008,"PASCUA SUAREZ, MARÍA LUCILA",CB FEVE SAN JOSÉ,0 / 2,2,0
2007,"PALAU ALTES, LAIA",C. ROS CASARES VALENCIA,4 / 6,5,"66,67"
2007,"MALTSI, EVANTHIA",C. ROS CASARES VALENCIA,5 / 10,5,50
2007,"JORDANA BOFILL, NOEMI",C. ROS CASARES VALENCIA,3 / 6,4,50
2007,"PASCUA SUAREZ, MARÍA LUCILA",CLUB BALONCESTO SAN JOSÉ,1 / 2,2,50
2007,"NAVARRO SALLES, LAURA",EBE PROMOCIONES SANTA EULALIAI,1 / 2,3,50
2007,"NAVARRETE TRUJILLO, MIREIA",EBE PROMOCIONES SANTA EULALIAI,1 / 2,3,50
2007,"MONDT, ANKE DE",PERFUMERIAS AVENIDA,14 / 32,6,"43,75"
2007,"LILJESTRAND, THYRA LINNEA",EBE PROMOCIONES SANTA EULALIAI,7 / 16,3,"43,75"
2007,"BERMEJO MORENO, CLARA SUSANA",PERFUMERIAS AVENIDA,3 / 7,6,"42,86"
2007,"RASMUSSEN, KRISTEN",EBE PROMOCIONES SANTA EULALIAI,3 / 7,3,"42,86"
2007,"FEASTER, ALISON",CLUB BALONCESTO SAN JOSÉ,5 / 12,2,"41,67"
2007,"ALAÑA SEGURA, SHEILA",PERFUMERIAS AVENIDA,2 / 5,6,40
2007,"DOUGLAS, KATHRYN",C. ROS CASARES VALENCIA,7 / 18,5,"38,89"
2007,"AGUILAR LOPEZ , ELISA",C. ROS CASARES VALENCIA,7 / 19,5,"36,84"
2007,"SANCHEZ FERNANDEZ, ISABEL",PERFUMERIAS AVENIDA,6 / 17,6,"35,29"
2007,"MILTON, DELISHA LACHELL",C. ROS CASARES VALENCIA,2 / 6,5,"33,33"
2007,"DOMINGUEZ FERNANDEZ, SILVIA",PERFUMERIAS AVENIDA,2 / 6,6,"33,33"
2007,"THORBURN, SHONA LOUISE",EBE PROMOCIONES SANTA EULALIAI,3 / 10,3,30
2007,"FERRAGUT CASTILLO, MARINA",C. ROS CASARES VALENCIA,2 / 7,5,"28,57"
2007,"MATIC , IVANKA",PERFUMERIAS AVENIDA,1 / 5,6,20
2007,"MONTAÑANA GIMENO, ANNA",PERFUMERIAS AVENIDA,4 / 21,6,"19,05"
2007,"COHEN, LIRON",CLUB BALONCESTO SAN JOSÉ,0 / 5,2,0
2007,"BATTLE , ASHLEY MICHELLE",CLUB BALONCESTO SAN JOSÉ,0 / 4,2,0
2007,"REVUELTO SÁNCHEZ-AGUILERA, MARIA",CLUB BALONCESTO SAN JOSÉ,0 / 4,2,0
2007,"MORALES MARTIN, SILVIA",EBE PROMOCIONES SANTA EULALIAI,0 / 3,3,0
2007,"HERRADAS MARTIN, IRENE",EBE PROMOCIONES SANTA EULALIAI,0 / 3,2,0
2007,"TORNIKIDOU TORNIKIDOU, ELENA",C. ROS CASARES VALENCIA,0 / 2,5,0
2007,"SEGUI CARLES, PAULA",CLUB BALONCESTO SAN JOSÉ,0 / 2,2,0
2007,"BJELICA, MILKA",C. ROS CASARES VALENCIA,0 / 2,2,0
2006,"FERRAGUT CASTILLO, MARINA",C. ROS CASARES VALENCIA,5 / 8,10,"62,5"
2006,"GOMEZ FERREIROS, SARA",EXTRUGASA,4 / 7,2,"57,14"
2006,"JORDANA BOFILL, NOEMI",C. ROS CASARES VALENCIA,5 / 9,9,"55,56"
2006,"GERMAN VELASCO, ICIAR",ARRANZ-JOPISA BURGOS,6 / 11,4,"54,55"
2006,"FERNANDEZ FARRES, MARTA",UB F.C BARCELONA,7 / 13,5,"53,85"
2006,"JANSONE, LIENE",PERFUMERIAS AVENIDA,9 / 17,9,"52,94"
2006,"MONDT, ANKE DE",ARRANZ-JOPISA BURGOS,13 / 25,4,52
2006,"QUINTERO CASTELLANO, THANIA",HONDARRIBIA-IRÚN,1 / 2,2,50
2006,"TORNIKIDOU TORNIKIDOU, ELENA",C. ROS CASARES VALENCIA,1 / 2,10,50
2006,"ZURRO ALFONSO, MARTA",ARRANZ-JOPISA BURGOS,1 / 2,4,50
2006,"GULAK, PATRYCJA ANNA",ACIS INCOSA LEON,1 / 2,2,50
2006,"WYCKOFF, BROOKE ELIZABETH",GRAN CANARIA,4 / 9,2,"44,44"
2006,"FEASTER, ALISON",C. ROS CASARES VALENCIA,13 / 30,10,"43,33"
2006,"POWELL, NICOLE KRISTEN",PERFUMERIAS AVENIDA,29 / 67,9,"43,28"
2006,"CASTRO MARQUES, IZIANE",HONDARRIBIA-IRÚN,5 / 12,2,"41,67"
2006,"MUSOVIC, MILJANA",UB F.C BARCELONA,6 / 15,5,40
2006,"CRUZ LEBRATO, ANNA",ARRANZ-JOPISA BURGOS,2 / 5,4,40
2006,"AGUILAR LOPEZ , ELISA",C. ROS CASARES VALENCIA,18 / 47,10,"38,3"
2006,"BATTLE , ASHLEY MICHELLE",GRAN CANARIA,3 / 8,2,"37,5"
2006,"CAMPS COLLELL, LAURA",PERFUMERIAS AVENIDA,4 / 11,9,"36,36"
2006,"PALAU ALTES, LAIA",C. ROS CASARES VALENCIA,6 / 18,10,"33,33"
2006,"DENTI MUNTANE, AINA",GRAN CANARIA,1 / 3,2,"33,33"
2006,"PELAEZ SAN GIL, LOURDES",HONDARRIBIA-IRÚN,3 / 10,2,30
2006,"DOMINGUEZ FERNANDEZ, SILVIA",PERFUMERIAS AVENIDA,5 / 17,9,"29,41"
2006,"MILTON, DELISHA LACHELL",C. ROS CASARES VALENCIA,5 / 20,10,25
2006,"BERMEJO MORENO, CLARA SUSANA",PERFUMERIAS AVENIDA,3 / 12,9,25
2006,"ALAMO GONZALEZ, ELENA",GRAN CANARIA,2 / 8,2,25
2006,"ASURMENDI VILLAVERDE, MARIA DEL CARMEN",ARRANZ-JOPISA BURGOS,2 / 8,4,25
2006,"GALLEGO VICARIO, SANDRA",UB F.C BARCELONA,1 / 4,5,25
2006,"HILL, JOANNE KAY",EXTRUGASA,1 / 4,2,25
2006,"FERRAGUT CASTILLO, MARINA",C. ROS CASARES VALENCIA,5 / 8,10,"62,5"
2006,"GOMEZ FERREIROS, SARA",EXTRUGASA,4 / 7,2,"57,14"
2006,"JORDANA BOFILL, NOEMI",C. ROS CASARES VALENCIA,5 / 9,9,"55,56"
2006,"GERMAN VELASCO, ICIAR",ARRANZ-JOPISA BURGOS,6 / 11,4,"54,55"
2006,"FERNANDEZ FARRES, MARTA",UB F.C BARCELONA,7 / 13,5,"53,85"
2006,"JANSONE, LIENE",PERFUMERIAS AVENIDA,9 / 17,9,"52,94"
2006,"MONDT, ANKE DE",ARRANZ-JOPISA BURGOS,13 / 25,4,52
2006,"QUINTERO CASTELLANO, THANIA",HONDARRIBIA-IRÚN,1 / 2,2,50
2006,"TORNIKIDOU TORNIKIDOU, ELENA",C. ROS CASARES VALENCIA,1 / 2,10,50
2006,"ZURRO ALFONSO, MARTA",ARRANZ-JOPISA BURGOS,1 / 2,4,50
2006,"GULAK, PATRYCJA ANNA",ACIS INCOSA LEON,1 / 2,2,50
2006,"WYCKOFF, BROOKE ELIZABETH",GRAN CANARIA,4 / 9,2,"44,44"
2006,"FEASTER, ALISON",C. ROS CASARES VALENCIA,13 / 30,10,"43,33"
2006,"POWELL, NICOLE KRISTEN",PERFUMERIAS AVENIDA,29 / 67,9,"43,28"
2006,"CASTRO MARQUES, IZIANE",HONDARRIBIA-IRÚN,5 / 12,2,"41,67"
2006,"MUSOVIC, MILJANA",UB F.C BARCELONA,6 / 15,5,40
2006,"CRUZ LEBRATO, ANNA",ARRANZ-JOPISA BURGOS,2 / 5,4,40
2006,"AGUILAR LOPEZ , ELISA",C. ROS CASARES VALENCIA,18 / 47,10,"38,3"
2006,"BATTLE , ASHLEY MICHELLE",GRAN CANARIA,3 / 8,2,"37,5"
2006,"CAMPS COLLELL, LAURA",PERFUMERIAS AVENIDA,4 / 11,9,"36,36"
2006,"PALAU ALTES, LAIA",C. ROS CASARES VALENCIA,6 / 18,10,"33,33"
2006,"DENTI MUNTANE, AINA",GRAN CANARIA,1 / 3,2,"33,33"
2006,"PELAEZ SAN GIL, LOURDES",HONDARRIBIA-IRÚN,3 / 10,2,30
2006,"DOMINGUEZ FERNANDEZ, SILVIA",PERFUMERIAS AVENIDA,5 / 17,9,"29,41"
2006,"MILTON, DELISHA LACHELL",C. ROS CASARES VALENCIA,5 / 20,10,25
2006,"BERMEJO MORENO, CLARA SUSANA",PERFUMERIAS AVENIDA,3 / 12,9,25
2006,"ALAMO GONZALEZ, ELENA",GRAN CANARIA,2 / 8,2,25
2006,"ASURMENDI VILLAVERDE, MARIA DEL CARMEN",ARRANZ-JOPISA BURGOS,2 / 8,4,25
2006,"GALLEGO VICARIO, SANDRA",UB F.C BARCELONA,1 / 4,5,25
2006,"HILL, JOANNE KAY",EXTRUGASA,1 / 4,2,25
2005,"CRUZ LEBRATO, ANNA",ARRANZ-JOPISA BURGOS,2 / 2,2,100
2005,"JORDANA BOFILL, NOEMI",ROS CASARES VALENCIA,6 / 7,2,"85,71"
2005,"HLEDE, KORALJKA",HONDARRIBIA-IRÚN,4 / 5,2,80
2005,"DONAIRE MALAGELADA, ELSA",UB F.C BARCELONA,2 / 3,2,"66,67"
2005,"TILLIS, ICISS",ACIS INCOSA LEON,2 / 3,2,"66,67"
2005,"SANTOS LUZ, HELEN CRISTINA",UB F.C BARCELONA,4 / 7,2,"57,14"
2005,"ROVIRA RODRIGUEZ, MARIA DEL MAR",ACIS INCOSA LEON,6 / 12,2,50
2005,"GALLEGO VICARIO, SANDRA",UB F.C BARCELONA,6 / 12,2,50
2005,"FERRAGUT CASTILLO, MARINA",HONDARRIBIA-IRÚN,2 / 4,2,50
2005,"TOMOVA, MILENA MITKOVA",PERFUMERIAS AVENIDA,1 / 2,2,50
2005,"HOLDSCLAW, CHAMIQUE SHAUNTA",ROS CASARES VALENCIA,1 / 2,2,50
2005,"ARDON, LESLIE",ACIS INCOSA LEON,2 / 5,2,40
2005,"BERMEJO MORENO, CLARA SUSANA",PERFUMERIAS AVENIDA,2 / 5,2,40
2005,"AGUILAR LOPEZ , ELISA",ROS CASARES VALENCIA,4 / 11,2,"36,36"
2005,"VALERO CEBRIAN, PILAR",CAJACANARIAS,4 / 12,2,"33,33"
2005,"NAVARRETE TRUJILLO, MIREIA",ARRANZ-JOPISA BURGOS,2 / 6,2,"33,33"
2005,"BENNINGFIELD, JENNIFER ANN",ARRANZ-JOPISA BURGOS,1 / 3,2,"33,33"
2005,"ARCAIN, JANETH DOS SANTOS",ROS CASARES VALENCIA,1 / 3,2,"33,33"
2005,"CAMPS COLLELL, LAURA",PERFUMERIAS AVENIDA,3 / 10,2,30
2005,"PEREZ CAPARROS, ROSA",USP CEU - ADECCO ESTUDIANTES,2 / 7,2,"28,57"
2005,"MARCOS BENITO, BLANCA",PERFUMERIAS AVENIDA,2 / 7,2,"28,57"
2005,"PINA TOLOSA, MARIA",USP CEU - ADECCO ESTUDIANTES,2 / 7,2,"28,57"
2005,"SANCHEZ FERNANDEZ, ISABEL",ACIS INCOSA LEON,3 / 11,2,"27,27"
2005,"ANTOJA ROVIRA, LAURA",UB F.C BARCELONA,1 / 4,2,25
2005,"DOMINGUEZ FERNANDEZ, SILVIA",USP CEU - ADECCO ESTUDIANTES,1 / 4,2,25
2005,"DEYAERT, NELE M.J.",ARRANZ-JOPISA BURGOS,1 / 4,2,25
2005,"PELAEZ SAN GIL, LOURDES",HONDARRIBIA-IRÚN,2 / 9,2,"22,22"
2005,"SCHUMACHER, KELLY MARIE",PERFUMERIAS AVENIDA,1 / 6,2,"16,67"
2005,"MONDT, ANKE DE",ARRANZ-JOPISA BURGOS,1 / 13,2,"7,69"
2005,"ALAMO GONZALEZ, ELENA",CAJACANARIAS,0 / 9,2,0
2005,"CRUZ LEBRATO, ANNA",ARRANZ-JOPISA BURGOS,2 / 2,2,100
2005,"JORDANA BOFILL, NOEMI",ROS CASARES VALENCIA,6 / 7,2,"85,71"
2005,"HLEDE, KORALJKA",HONDARRIBIA-IRÚN,4 / 5,2,80
2005,"DONAIRE MALAGELADA, ELSA",UB F.C BARCELONA,2 / 3,2,"66,67"
2005,"TILLIS, ICISS",ACIS INCOSA LEON,2 / 3,2,"66,67"
2005,"SANTOS LUZ, HELEN CRISTINA",UB F.C BARCELONA,4 / 7,2,"57,14"
2005,"ROVIRA RODRIGUEZ, MARIA DEL MAR",ACIS INCOSA LEON,6 / 12,2,50
2005,"GALLEGO VICARIO, SANDRA",UB F.C BARCELONA,6 / 12,2,50
2005,"FERRAGUT CASTILLO, MARINA",HONDARRIBIA-IRÚN,2 / 4,2,50
2005,"TOMOVA, MILENA MITKOVA",PERFUMERIAS AVENIDA,1 / 2,2,50
2005,"HOLDSCLAW, CHAMIQUE SHAUNTA",ROS CASARES VALENCIA,1 / 2,2,50
2005,"ARDON, LESLIE",ACIS INCOSA LEON,2 / 5,2,40
2005,"BERMEJO MORENO, CLARA SUSANA",PERFUMERIAS AVENIDA,2 / 5,2,40
2005,"AGUILAR LOPEZ , ELISA",ROS CASARES VALENCIA,4 / 11,2,"36,36"
2005,"VALERO CEBRIAN, PILAR",CAJACANARIAS,4 / 12,2,"33,33"
2005,"NAVARRETE TRUJILLO, MIREIA",ARRANZ-JOPISA BURGOS,2 / 6,2,"33,33"
2005,"BENNINGFIELD, JENNIFER ANN",ARRANZ-JOPISA BURGOS,1 / 3,2,"33,33"
2005,"ARCAIN, JANETH DOS SANTOS",ROS CASARES VALENCIA,1 / 3,2,"33,33"
2005,"CAMPS COLLELL, LAURA",PERFUMERIAS AVENIDA,3 / 10,2,30
2005,"PEREZ CAPARROS, ROSA",USP CEU - ADECCO ESTUDIANTES,2 / 7,2,"28,57"
2005,"MARCOS BENITO, BLANCA",PERFUMERIAS AVENIDA,2 / 7,2,"28,57"
2005,"PINA TOLOSA, MARIA",USP CEU - ADECCO ESTUDIANTES,2 / 7,2,"28,57"
2005,"SANCHEZ FERNANDEZ, ISABEL",ACIS INCOSA LEON,3 / 11,2,"27,27"
2005,"ANTOJA ROVIRA, LAURA",UB F.C BARCELONA,1 / 4,2,25
2005,"DOMINGUEZ FERNANDEZ, SILVIA",USP CEU - ADECCO ESTUDIANTES,1 / 4,2,25
2005,"DEYAERT, NELE M.J.",ARRANZ-JOPISA BURGOS,1 / 4,2,25
2005,"PELAEZ SAN GIL, LOURDES",HONDARRIBIA-IRÚN,2 / 9,2,"22,22"
2005,"SCHUMACHER, KELLY MARIE",PERFUMERIAS AVENIDA,1 / 6,2,"16,67"
2005,"MONDT, ANKE DE",ARRANZ-JOPISA BURGOS,1 / 13,2,"7,69"
2005,"ALAMO GONZALEZ, ELENA",CAJACANARIAS,0 / 9,2,0
2004,"HERMOUET, EMMANUELLE",PERFUMERIAS AVENIDA,48 / 105,25,"45,71"
2004,"JOENS, CATHERINE ELISABETH",C.B. PUIG D`EN VALLS SANTA EUL,40 / 90,13,"44,44"
2004,"YGUERAVIDE VIANA, SANDRA",PERFUMERIAS AVENIDA,17 / 39,25,"43,59"
2004,"ARDON, LESLIE",ACIS-SUFI LEON,13 / 30,13,"43,33"
2004,"MAGLISCEAU, MICHELLE YVONNE",ACIS-SUFI LEON,12 / 28,26,"42,86"
2004,"LEWIS, TYNESHA",ACIS-SUFI LEON,12 / 28,13,"42,86"
2004,"AGUILAR LOPEZ , ELISA",ROS CASARES VALENCIA,48 / 113,26,"42,48"
2004,"RASMUSSEN, KRISTEN",MANN FILTER ZARAGOZA,22 / 52,25,"42,31"
2004,"ALONSO DIEGO, MARIA JOSE",ARRANZ - JOPISA BURGOS,17 / 41,20,"41,46"
2004,"MALTSI, EVANTHIA",REAL CLUB CELTA VIGOURBAN,48 / 116,26,"41,38"
2004,"DEYAERT, NELE M.J.",ARRANZ - JOPISA BURGOS,31 / 75,26,"41,33"
2004,"FORNS ESCUDE, NURIA",USP CEU - ADECCO ESTUDIANTES,12 / 30,25,40
2004,"XANTAL SERRET, Mª DEL MAR",CAJACANARIAS,79 / 198,26,"39,9"
2004,"JIMENEZ GALINDO, ANNA ISABEL",C.B. PUIG D`EN VALLS SANTA EUL,22 / 56,23,"39,29"
2004,"SANTOS LUZ, HELEN CRISTINA",UNIVERSITAT DE BARCELONA - F.C,46 / 121,26,"38,02"
2004,"MARCOS BENITO, BLANCA",PERFUMERIAS AVENIDA,11 / 29,25,"37,93"
2004,"GARCIA MATA, GEMA",REAL CLUB CELTA VIGOURBAN,24 / 64,26,"37,5"
2004,"HERNANDEZ ESTEBAN, SILVIA",MOTIVA REAL CANOE N.C.,37 / 99,25,"37,37"
2004,"STARBIRD, CATHARINE EVELYN",USP CEU - ADECCO ESTUDIANTES,44 / 118,26,"37,29"
2004,"GOMEZ IGUAL, ANNA",C.B. PUIG D`EN VALLS SANTA EUL,13 / 35,26,"37,14"
2004,"QUINTERO CASTELLANO, THANIA",HONDARRIBIA - IRÚN,13 / 35,24,"37,14"
2004,"ZIMERLE, ANNA",ROS CASARES VALENCIA,14 / 38,25,"36,84"
2004,"GARCIA PIÑERO, MARIA BEGOÑA",HONDARRIBIA - IRÚN,36 / 98,26,"36,73"
2004,"FERNANDEZ FARRES, MARTA",UNIVERSITAT DE BARCELONA - F.C,29 / 80,25,"36,25"
2004,"VALDEMORO MADARIAGA, AMAYA",ROS CASARES VALENCIA,49 / 136,22,"36,03"
2004,"MARTINEZ PRAT, NURIA",PERFUMERIAS AVENIDA,32 / 90,26,"35,56"
2004,"PALOMARES VALIENTE, PAULA",MOTIVA REAL CANOE N.C.,44 / 125,26,"35,2"
2004,"JORDANA BOFILL, NOEMI",ROS CASARES VALENCIA,25 / 73,26,"34,25"
2004,"MARTINEZ PRAT, ROSER",YAYA MARIA BREOGAN,15 / 44,14,"34,09"
2004,"VALERO CEBRIAN, PILAR",MANN FILTER ZARAGOZA,26 / 77,19,"33,77"
2004,"CAMPS COLLELL, LAURA",PERFUMERIAS AVENIDA,10 / 41,24,"24,39"
2004,"SALGADO SANCHEZ, IRENE",YAYA MARIA BREOGAN,18 / 74,24,"24,32"
2004,"GOMEZ IGLESIAS, REGINA",EXTRUGASA,8 / 34,24,"23,53"
2004,"COKER, MONIQUE",EXTRUGASA,14 / 70,24,20
2004,"HILL, JOANNE KAY",ACIS-SUFI LEON,8 / 41,26,"19,51"
2004,"CANTERO OSTOS, CRISTINA",REAL CLUB CELTA VIGOURBAN,13 / 67,22,"19,4"
2004,"TUUKKANEN, TARU TELLERVO",MANN FILTER ZARAGOZA,11 / 59,26,"18,64"
2004,"WYCKOFF, BROOKE ELIZABETH",YAYA MARIA BREOGAN,7 / 39,13,"17,95"
2004,"DONAIRE MALAGELADA, ELSA",ARRANZ - JOPISA BURGOS,8 / 60,26,"13,33"
2004,"GOMEZ NOVO, MARIA ARANZAZU",C.B. PUIG D`EN VALLS SANTA EUL,5 / 40,15,"12,5"
2004,"CAMPS COLLELL, LAURA",PERFUMERIAS AVENIDA,10 / 41,24,"24,39"
2004,"SALGADO SANCHEZ, IRENE",YAYA MARIA BREOGAN,18 / 74,24,"24,32"
2004,"GOMEZ IGLESIAS, REGINA",EXTRUGASA,8 / 34,24,"23,53"
2004,"COKER, MONIQUE",EXTRUGASA,14 / 70,24,20
2004,"HILL, JOANNE KAY",ACIS-SUFI LEON,8 / 41,26,"19,51"
2004,"CANTERO OSTOS, CRISTINA",REAL CLUB CELTA VIGOURBAN,13 / 67,22,"19,4"
2004,"TUUKKANEN, TARU TELLERVO",MANN FILTER ZARAGOZA,11 / 59,26,"18,64"
2004,"WYCKOFF, BROOKE ELIZABETH",YAYA MARIA BREOGAN,7 / 39,13,"17,95"
2004,"DONAIRE MALAGELADA, ELSA",ARRANZ - JOPISA BURGOS,8 / 60,26,"13,33"
2004,"GOMEZ NOVO, MARIA ARANZAZU",C.B. PUIG D`EN VALLS SANTA EUL,5 / 40,15,"12,5"
2003,"VIEIRA FREITAS, CARLA SOFIA",YAYA MARIA BREOGAN,3 / 16,5,"18,75"
2003,"SALGADO SANCHEZ, IRENE",YAYA MARIA BREOGAN,2 / 13,5,"15,38"
2003,"CASTRO MARQUES, IZIANE",PERFUMERIAS AVENIDA,3 / 21,3,"14,29"
2003,"ARAMBURU GARAYALDE, LEIRE",P.C. MENDIBIL,1 / 8,4,"12,5"
2003,"SANCHEZ FERNANDEZ, ISABEL",UNIVERSITAT DE BARCELONA - F.C,1 / 8,4,"12,5"
2003,"MARTINEZ PRAT, NURIA",PERFUMERIAS AVENIDA,0 / 7,3,0
2003,"HAMCHETOU, MAIGA",YAYA MARIA BREOGAN,0 / 6,5,0
2003,"REVUELTO SÁNCHEZ-AGUILERA, MARIA",REAL CLUB CELTA BANCO SIMEON,0 / 6,2,0
2003,"PIIPARI, REETTA SINIKKA KARINE",MANN FILTER ZARAGOZA,0 / 3,2,0
2003,"BLAHUSKOVA, LUCIE",REAL CLUB CELTA BANCO SIMEON,0 / 2,2,0
2003,"GOUREEVA, JULIA",PERFUMERIAS AVENIDA,0 / 2,3,0
2003,"POLLINI, CATARINA",YAYA MARIA BREOGAN,0 / 2,5,0
2003,"VIEIRA FREITAS, CARLA SOFIA",YAYA MARIA BREOGAN,3 / 16,5,"18,75"
2003,"SALGADO SANCHEZ, IRENE",YAYA MARIA BREOGAN,2 / 13,5,"15,38"
2003,"CASTRO MARQUES, IZIANE",PERFUMERIAS AVENIDA,3 / 21,3,"14,29"
2003,"ARAMBURU GARAYALDE, LEIRE",P.C. MENDIBIL,1 / 8,4,"12,5"
2003,"SANCHEZ FERNANDEZ, ISABEL",UNIVERSITAT DE BARCELONA - F.C,1 / 8,4,"12,5"
2003,"MARTINEZ PRAT, NURIA",PERFUMERIAS AVENIDA,0 / 7,3,0
2003,"HAMCHETOU, MAIGA",YAYA MARIA BREOGAN,0 / 6,5,0
2003,"REVUELTO SÁNCHEZ-AGUILERA, MARIA",REAL CLUB CELTA BANCO SIMEON,0 / 6,2,0
2003,"PIIPARI, REETTA SINIKKA KARINE",MANN FILTER ZARAGOZA,0 / 3,2,0
2003,"BLAHUSKOVA, LUCIE",REAL CLUB CELTA BANCO SIMEON,0 / 2,2,0
2003,"GOUREEVA, JULIA",PERFUMERIAS AVENIDA,0 / 2,3,0
2003,"POLLINI, CATARINA",YAYA MARIA BREOGAN,0 / 2,5,0
2002,"AGUILAR LOPEZ , ELISA",ROS CASARES VALENCIA,4 / 18,4,"22,22"
2002,"ALAMO GONZALEZ, ELENA MARIA",CAJA RURAL DE CANARIAS,1 / 5,2,20
2002,"WHITTLE, JENNY",C.B. CIUDAD DE BURGOS,1 / 5,2,20
2002,"SECO SALVADOR, TERESA",FILTROS MANN ZARAGOZA,1 / 6,4,"16,67"
2002,"MARTINEZ PRAT, NURIA",UNIVERSITAT DE BARCELONA - F.C,1 / 6,4,"16,67"
2002,"XANTAL SERRET, Mª DEL MAR",C.B. CIUDAD DE BURGOS,1 / 8,2,"12,5"
2002,"REVUELTO SÁNCHEZ-AGUILERA, MARIA",REAL CLUB CELTA BANCO SIMEON,0 / 6,2,0
2002,"MC WILLIAMS, TAJ MADONA",C.B. PUIG D`EN VALLS SANTA EUL,0 / 5,2,0
2002,"MAGLISCEAU, MICHELLE YVONNE",C.B. CIUDAD DE BURGOS,0 / 2,2,0
2002,"GRANDE FLORES, LAURA",C.B. CIUDAD DE BURGOS,0 / 2,2,0
2002,"JOHNSON, SHANNON REGINA",PERFUMERIAS AVENIDA,0 / 2,2,0
2002,"HLEDE, KORALJKA",PERFUMERIAS AVENIDA,0 / 2,2,0
2002,"MORENO MELIAN, ARMINDA",PERFUMERIAS AVENIDA,0 / 2,2,0
2002,"AGUILAR LOPEZ , ELISA",ROS CASARES VALENCIA,4 / 18,4,"22,22"
2002,"ALAMO GONZALEZ, ELENA MARIA",CAJA RURAL DE CANARIAS,1 / 5,2,20
2002,"WHITTLE, JENNY",C.B. CIUDAD DE BURGOS,1 / 5,2,20
2002,"SECO SALVADOR, TERESA",FILTROS MANN ZARAGOZA,1 / 6,4,"16,67"
2002,"MARTINEZ PRAT, NURIA",UNIVERSITAT DE BARCELONA - F.C,1 / 6,4,"16,67"
2002,"XANTAL SERRET, Mª DEL MAR",C.B. CIUDAD DE BURGOS,1 / 8,2,"12,5"
2002,"REVUELTO SÁNCHEZ-AGUILERA, MARIA",REAL CLUB CELTA BANCO SIMEON,0 / 6,2,0
2002,"MC WILLIAMS, TAJ MADONA",C.B. PUIG D`EN VALLS SANTA EUL,0 / 5,2,0
2002,"MAGLISCEAU, MICHELLE YVONNE",C.B. CIUDAD DE BURGOS,0 / 2,2,0
2002,"GRANDE FLORES, LAURA",C.B. CIUDAD DE BURGOS,0 / 2,2,0
2002,"JOHNSON, SHANNON REGINA",PERFUMERIAS AVENIDA,0 / 2,2,0
2002,"HLEDE, KORALJKA",PERFUMERIAS AVENIDA,0 / 2,2,0
2002,"MORENO MELIAN, ARMINDA",PERFUMERIAS AVENIDA,0 / 2,2,0
2001,"---, IZIANE CASTRO MARQUEZ",YAYA MARIA BREOGAN,2 / 15,2,"13,33"
2001,"CANTERO OSTOS, CRISTINA",FILTROS MANN ZARAGOZA,1 / 9,5,"11,11"
2001,"ANTOJA ROVIRA, LAURA",CADI LA SEU D´URGELL,1 / 10,2,10
2001,"FERRAGUT CASTILLO, MARINA",FILTROS MANN ZARAGOZA,1 / 11,5,"9,09"
2001,"BROWN, KIESHA LINDSAY",FILTROS MANN ZARAGOZA,0 / 7,3,0
2001,"JUANES HERNANDEZ, YOLANDA",HALCON VIAJES,0 / 3,2,0
2001,"MORALES MARTIN, SILVIA",CADI LA SEU D´URGELL,0 / 2,2,0
2001,"NOVILLO TARRES, ESTER",CADI LA SEU D´URGELL,0 / 2,1,0
2001,"CRAWFORD, SHALA",CADI LA SEU D´URGELL,0 / 2,2,0
2001,"GRANDE FLORES, LAURA",REAL CLUB CELTA BANCO SIMEON,0 / 2,5,0
2001,"MARTINEZ PRAT, ROSER",UNIVERSITAT DE BARCELONA B.F.,0 / 2,1,0
2001,"---, MARTA",ROS CASARES VALENCIA,0 / 2,5,0
2001,"---, IZIANE CASTRO MARQUEZ",YAYA MARIA BREOGAN,2 / 15,2,"13,33"
2001,"CANTERO OSTOS, CRISTINA",FILTROS MANN ZARAGOZA,1 / 9,5,"11,11"
2001,"ANTOJA ROVIRA, LAURA",CADI LA SEU D´URGELL,1 / 10,2,10
2001,"FERRAGUT CASTILLO, MARINA",FILTROS MANN ZARAGOZA,1 / 11,5,"9,09"
2001,"BROWN, KIESHA LINDSAY",FILTROS MANN ZARAGOZA,0 / 7,3,0
2001,"JUANES HERNANDEZ, YOLANDA",HALCON VIAJES,0 / 3,2,0
2001,"MORALES MARTIN, SILVIA",CADI LA SEU D´URGELL,0 / 2,2,0
2001,"NOVILLO TARRES, ESTER",CADI LA SEU D´URGELL,0 / 2,1,0
2001,"CRAWFORD, SHALA",CADI LA SEU D´URGELL,0 / 2,2,0
2001,"GRANDE FLORES, LAURA",REAL CLUB CELTA BANCO SIMEON,0 / 2,5,0
2001,"MARTINEZ PRAT, ROSER",UNIVERSITAT DE BARCELONA B.F.,0 / 2,1,0
2001,"---, MARTA",ROS CASARES VALENCIA,0 / 2,5,0
2000,"---, KELLY ANNE",C.B.N.,1 / 4,2,25
2000,"GARCIA PIÑERO, MARIA BEGOÑA",ENSINO YAYA MARIA,6 / 25,5,24
2000,"DELGADO DIAZ-GUEMES, RAQUEL",ROS CASARES,2 / 10,5,20
2000,"FERNANDEZ FARRES, MARTA",ROS CASARES,1 / 5,5,20
2000,"VALDEMORO MADARIAGA, AMAYA",SALAMANCA HALCON VIAJES,1 / 5,2,20
2000,"SANCHEZ FERNANDEZ, ISABEL",ENSINO YAYA MARIA,2 / 11,5,"18,18"
2000,"FERRAGUT CASTILLO, MARINA",ROS CASARES,2 / 11,5,"18,18"
2000,"PELAEZ SAN GIL, LOURDES",SANDRA GRAN CANARIA,1 / 13,2,"7,69"
2000,"ALONSO DIEGO, MARIA JOSE",B. CIUDAD DE BURGOS,0 / 6,3,0
2000,"JUANES HERNANDEZ, YOLANDA",C.B.N.,0 / 3,2,0
2000,"ALVARADO FALCON, DAIZA MARTA",SANDRA GRAN CANARIA,0 / 2,2,0
2000,"ZRNIC, JELENA",C.B.N.,0 / 2,2,0
2000,"---, MICHELLE",C.B.N.,0 / 2,2,0
2000,"---, KELLY ANNE",C.B.N.,1 / 4,2,25
2000,"GARCIA PIÑERO, MARIA BEGOÑA",ENSINO YAYA MARIA,6 / 25,5,24
2000,"DELGADO DIAZ-GUEMES, RAQUEL",ROS CASARES,2 / 10,5,20
2000,"FERNANDEZ FARRES, MARTA",ROS CASARES,1 / 5,5,20
2000,"VALDEMORO MADARIAGA, AMAYA",SALAMANCA HALCON VIAJES,1 / 5,2,20
2000,"SANCHEZ FERNANDEZ, ISABEL",ENSINO YAYA MARIA,2 / 11,5,"18,18"
2000,"FERRAGUT CASTILLO, MARINA",ROS CASARES,2 / 11,5,"18,18"
2000,"PELAEZ SAN GIL, LOURDES",SANDRA GRAN CANARIA,1 / 13,2,"7,69"
2000,"ALONSO DIEGO, MARIA JOSE",B. CIUDAD DE BURGOS,0 / 6,3,0
2000,"JUANES HERNANDEZ, YOLANDA",C.B.N.,0 / 3,2,0
2000,"ALVARADO FALCON, DAIZA MARTA",SANDRA GRAN CANARIA,0 / 2,2,0
2000,"ZRNIC, JELENA",C.B.N.,0 / 2,2,0
2000,"---, MICHELLE",C.B.N.,0 / 2,2,0
1999,"PONS MOLINA, INGRID",POPULAR BASQUET GODELLA,2 / 2,2,100
1999,"SANCHEZ FERNANDEZ, ISABEL",C.D. ENSINO,3 / 4,2,75
1999,"JORDANA BOFILL, NOEMI",POPULAR BASQUET GODELLA,5 / 9,2,"55,56"
1999,"SANCHEZ ORTEGA, PALOMA",R.CLUB CELTA BANCO SIMEON,3 / 6,2,50
1999,"XANTAL SERRET, Mª DEL MAR",R.CLUB CELTA BANCO SIMEON,3 / 6,2,50
1999,"FERNANDEZ FARRES, MARTA",POPULAR BASQUET GODELLA,1 / 2,2,50
1999,"GARCIA PIÑERO, MARIA BEGOÑA",C.D. ENSINO,5 / 11,2,"45,45"
1999,"PELAEZ SAN GIL, LOURDES",SANDRA GRAN CANARIA,4 / 10,2,40
1999,"DELGADO FERNANDEZ, CONCEPCION",C.D. ENSINO,1 / 3,2,"33,33"
1999,"GESTEIRA FERNANDEZ, LIDIA",POPULAR BASQUET GODELLA,4 / 14,2,"28,57"
1999,"SÁNCHEZ LUJÁN, ROSAURA DEL CARMEN",SANDRA GRAN CANARIA,2 / 7,2,"28,57"
1999,"LOPEZ VERDU, ALICIA",POPULAR BASQUET GODELLA,1 / 4,2,25
1999,"VALERO CEBRIAN, PILAR",R.CLUB CELTA BANCO SIMEON,1 / 4,2,25
1999,"FERRER PEREZ, ESTELA ROSA",SANDRA GRAN CANARIA,1 / 6,2,"16,67"
1999,"MORIANA NADAL, PALOMA",SANDRA GRAN CANARIA,0 / 2,2,0
1999,"ARMENTA MONTEAGUDO, MARUXA",C.D. ENSINO,0 / 2,2,0
1999,"JONKUTE, INGRIDA",C.D. ENSINO,0 / 2,2,0
1999,"BISETTI RODRIGUEZ, LUISA",R.CLUB CELTA BANCO SIMEON,0 / 2,2,0
1998,"DELGADO FERNANDEZ, CONCEPCION",ENSINO,2 / 2,3,100
1998,"SANCHEZ ORTEGA, PALOMA",BANCO SIMEON,7 / 10,3,70
1998,"QUINTERO CASTELLANO, THANIA",SANDRA G. CANARIA,2 / 3,3,"66,67"
1998,"MIRCHANDANI VILLAR, LIDIA",SANDRA G. CANARIA,4 / 8,3,50
1998,"GONZALEZ DIAZ, CARMEN",BANCO SIMEON,4 / 8,3,50
1998,"CEBRIAN SCHEURER, ELISABET",BANCO SIMEON,2 / 4,3,50
1998,"VALDEMORO MADARIAGA, AMAYA",HALCON VIAJES,7 / 18,3,"38,89"
1998,"HERNANDEZ ARENCIBIA, PATRICIA DEL PINO",HALCON VIAJES,6 / 16,3,"37,5"
1998,"GARCIA PIÑERO, MARIA BEGOÑA",ENSINO,4 / 11,3,"36,36"
1998,"SÁNCHEZ LUJÁN, ROSAURA DEL CARMEN",SANDRA G. CANARIA,4 / 11,3,"36,36"
1998,"XANTAL SERRET, Mª DEL MAR",BANCO SIMEON,3 / 9,3,"33,33"
1998,"PELAEZ SAN GIL, LOURDES",SANDRA G. CANARIA,3 / 18,3,"16,67"
1998,"VALERO CEBRIAN, PILAR",BANCO SIMEON,1 / 6,3,"16,67"
1998,"ARMENTA MONTEAGUDO, MARUXA",ENSINO,1 / 8,3,"12,5"
1998,"JUANES HERNANDEZ, YOLANDA",HALCON VIAJES,0 / 4,3,0
1998,"SANCHEZ FERNANDEZ, ISABEL",ENSINO,0 / 3,3,0
1998,"GRANDE FLORES, LAURA",BANCO SIMEON,0 / 2,3,0
1997,"---, HEIKE MARIA",POOL GETAFE,4 / 5,5,80
1997,"HEMERY, DEBBIE MICHELLE",POOL GETAFE,5 / 9,5,"55,56"
1997,"VALERO CEBRIAN, PILAR",BANCO SIMEON,7 / 13,6,"53,85"
1997,"ANULA ALAMEDA, NIEVES",POOL GETAFE,7 / 14,5,50
1997,"VALDEMORO MADARIAGA, AMAYA",POOL GETAFE,9 / 19,5,"47,37"
1997,"GALLEGO VICARIO, SANDRA",UNIVERSITARI,9 / 22,3,"40,91"
1997,"SANCHEZ ORTEGA, PALOMA",BANCO SIMEON,4 / 11,6,"36,36"
1997,"XANTAL SERRET, Mª DEL MAR",BANCO SIMEON,5 / 16,6,"31,25"
1997,"JACKSON, BRENETHA TRISE",POOL GETAFE,3 / 11,5,"27,27"
1997,"PALAU ALTES, LAIA",UNIVERSITARI,2 / 8,3,25
1997,"CANO MARTINEZ, LAURA",UNIVERSITARI,1 / 4,3,25
1997,"GRANDE FLORES, LAURA",BANCO SIMEON,2 / 12,6,"16,67"
1997,"PELAEZ SAN GIL, LOURDES",SANDRA G. CANARIA,1 / 6,2,"16,67"
1997,"SÁNCHEZ LUJÁN, ROSAURA DEL CARMEN",SANDRA G. CANARIA,1 / 7,2,"14,29"
1997,"ZASSOULSKAYA, NATALIA",POOL GETAFE,0 / 3,5,0
