Temporada,Jugador,Equipo,Tot,Part,Med
2024,"COULIBALY, MARIAM ALOU",CLUB JOVENTUT BADALONA,71:58,2,35:59
2024,"DEMBELE, GNERE ALIMA",CLUB JOVENTUT BADALONA,67:45,2,33:52
2024,"FIEBICH, LEONIE",VALENCIA B.C.,168:33,5,33:42
2024,"POSPÍŠILOVÁ, JULIE",BAXI FERROL,65:24,2,32:42
2024,"CANELLA RODRIGUEZ, MARTA",SPAR GIRONA,129:16,4,32:19
2024,"WHITTLE, MARENA JOSEPHINE",MOVISTAR ESTUDIANTES,63:57,2,31:58
2024,"LUNDQUIST, KLARA MARIA SUSSANE",SPAR GIRONA,123:17,4,30:49
2024,"MATAIX GUILL, ANGELA",BAXI FERROL,61:23,2,30:41
2024,"KONE , SIKA",PERFUMERIAS AVENIDA,120:45,4,30:11
2024,"CARTER, ARICA DERRIS",PERFUMERIAS AVENIDA,120:30,4,30:07
2024,"ORTIZ VIVES, MARIONA",CASADEMONT ZARAGOZA,149:51,5,29:58
2024,"GIL COLLADO, LAURA",PERFUMERIAS AVENIDA,119:45,4,29:56
2024,"AYUSO BAGUR, AINA",HOZONO GLOBAL JAIRIS,59:47,2,29:53
2024,"MAWULI, STEPHANIE",CASADEMONT ZARAGOZA,145:48,5,29:09
2024,"LÓPEZ-SÉNÉCHAL, LOU",HOZONO GLOBAL JAIRIS,58:10,2,29:05
2024,"IAGUPOVA, ALINA",VALENCIA B.C.,115:20,4,28:50
2024,"CAMILION CUCCARO, JUANA",MOVISTAR ESTUDIANTES,57:25,2,28:42
2024,"FRASER, BRIANNA ASHAKI",CASADEMONT ZARAGOZA,57:23,2,28:41
2024,"MELIA, CLAIRE",BAXI FERROL,57:16,2,28:38
2024,"RAMETTE, ELISE CLAUDINE",CLUB JOVENTUT BADALONA,56:48,2,28:24
2024,"HRISTOVA, BORISLAVA",SPAR GIRONA,113:28,4,28:22
2024,"PUEYO MELCHOR, HELENA",CASADEMONT ZARAGOZA,141:22,5,28:16
2024,"HEMPE, MERRIT RAMONA",CASADEMONT ZARAGOZA,138:22,5,27:40
2024,"JOINER, MOIRA MACY",BAXI FERROL,53:51,2,26:55
2024,"ELDEBRINK, FRIDA",HOZONO GLOBAL JAIRIS,53:44,2,26:52
2024,"TURNER, YVONNE NICOLE",VALENCIA B.C.,132:28,5,26:29
2024,"ALONSO DE ARMIÑO RIAÑO, GRACIA",MOVISTAR ESTUDIANTES,51:51,2,25:55
2024,"PIERA FLO, LAURA",CLUB JOVENTUT BADALONA,51:30,2,25:45
2024,"TATE, IMANI TY LEAH",SPAR GIRONA,102:23,4,25:35
2024,"MANÉ, MARIE",CASADEMONT ZARAGOZA,126:06,5,25:13
2024,"ROMERO GONZALEZ, LETICIA",VALENCIA B.C.,47:44,3,15:54
2024,"FLORES COSTA, LAIA",CASADEMONT ZARAGOZA,71:17,5,14:15
2024,"BURA, PATRICIA",MOVISTAR ESTUDIANTES,27:44,2,13:52
2024,"NYSTROM, ELLEN ADINA",CASADEMONT ZARAGOZA,52:15,4,13:03
2024,"EVANS, SHANTE MARIE",CASADEMONT ZARAGOZA,63:12,5,12:38
2024,"VENNEMA, IRIS",CLUB JOVENTUT BADALONA,25:00,2,12:30
2024,"MENENDEZ TORRES, CARLOTA",BAXI FERROL,24:57,2,12:28
2024,"OMA GIRALT, HELENA",CASADEMONT ZARAGOZA,60:35,5,12:07
2024,"JESPERSEN , MARIA STEEN",PERFUMERIAS AVENIDA,34:56,3,11:38
2024,"DAVIS, JORI N.",BAXI FERROL,11:37,1,11:37
2024,"MAVUNGA, TAFADZWA STEPHANIE PAULA",VALENCIA B.C.,53:56,5,10:47
2024,"GELDOF, SERENA LYNN PETRA",CLUB JOVENTUT BADALONA,20:17,2,10:08
2024,"GRANDE PARDO, CARMEN",HOZONO GLOBAL JAIRIS,08:50,1,08:50
2024,"SARAVIA LOGROÑO, PAULA",MOVISTAR ESTUDIANTES,17:20,2,08:40
2024,"COTANO DE JUAN, REBECA",CLUB JOVENTUT BADALONA,11:36,2,05:48
2024,"JANKOVIC, MASA",PERFUMERIAS AVENIDA,22:39,4,05:39
2024,"LEKOVIC, MARIJA",PERFUMERIAS AVENIDA,07:31,2,03:45
2024,"FLOREZ GETINO, ALICIA",VALENCIA B.C.,18:11,5,03:38
2024,"DEMBELE TRAORE, MAMA",VALENCIA B.C.,10:48,5,02:09
2024,"RIBAS BOSCH, BERTA",SPAR GIRONA,01:59,1,01:59
2024,"ROMERO GONZALEZ, LETICIA",VALENCIA B.C.,47:44,3,15:54
2024,"FLORES COSTA, LAIA",CASADEMONT ZARAGOZA,71:17,5,14:15
2024,"BURA, PATRICIA",MOVISTAR ESTUDIANTES,27:44,2,13:52
2024,"NYSTROM, ELLEN ADINA",CASADEMONT ZARAGOZA,52:15,4,13:03
2024,"EVANS, SHANTE MARIE",CASADEMONT ZARAGOZA,63:12,5,12:38
2024,"VENNEMA, IRIS",CLUB JOVENTUT BADALONA,25:00,2,12:30
2024,"MENENDEZ TORRES, CARLOTA",BAXI FERROL,24:57,2,12:28
2024,"OMA GIRALT, HELENA",CASADEMONT ZARAGOZA,60:35,5,12:07
2024,"JESPERSEN , MARIA STEEN",PERFUMERIAS AVENIDA,34:56,3,11:38
2024,"DAVIS, JORI N.",BAXI FERROL,11:37,1,11:37
2024,"MAVUNGA, TAFADZWA STEPHANIE PAULA",VALENCIA B.C.,53:56,5,10:47
2024,"GELDOF, SERENA LYNN PETRA",CLUB JOVENTUT BADALONA,20:17,2,10:08
2024,"GRANDE PARDO, CARMEN",HOZONO GLOBAL JAIRIS,08:50,1,08:50
2024,"SARAVIA LOGROÑO, PAULA",MOVISTAR ESTUDIANTES,17:20,2,08:40
2024,"COTANO DE JUAN, REBECA",CLUB JOVENTUT BADALONA,11:36,2,05:48
2024,"JANKOVIC, MASA",PERFUMERIAS AVENIDA,22:39,4,05:39
2024,"LEKOVIC, MARIJA",PERFUMERIAS AVENIDA,07:31,2,03:45
2024,"FLOREZ GETINO, ALICIA",VALENCIA B.C.,18:11,5,03:38
2024,"DEMBELE TRAORE, MAMA",VALENCIA B.C.,10:48,5,02:09
2024,"RIBAS BOSCH, BERTA",SPAR GIRONA,01:59,1,01:59
2023,"FEQUIERE, JESSICA",BAXI FERROL,30:18,2,15:09
2023,"GERVASINI LACORZANA , AINHOA",CASADEMONT ZARAGOZA,59:05,4,14:46
2023,"BETTENCOURT CORREIA, MARIA JOAO",HOZONO GLOBAL JAIRIS,28:58,2,14:29
2023,"BUENAVIDA ESTEVEZ, ELENA",VALENCIA B.C.,86:06,6,14:21
2023,"GINZO ARANTES, PAULA",VALENCIA B.C.,82:41,6,13:46
2023,"ERAUNCETAMURGIL AYESTARAN, MARIA",VALENCIA B.C.,63:09,5,12:37
2023,"AIJANEN, MARIA ANNIINA",BAXI FERROL,24:26,2,12:13
2023,"HATAR, BERNADETT",PERFUMERIAS AVENIDA,69:27,6,11:34
2023,"TORRENS SALOM, ALBA",VALENCIA B.C.,46:07,4,11:31
2023,"HERMOSA MONREAL, NEREA",CASADEMONT ZARAGOZA,44:58,4,11:14
2023,"POINTER, KHAYLA NICOLE",CASADEMONT ZARAGOZA,32:12,3,10:44
2023,"DE SANTIAGO OTERO, BEGOÑA",MOVISTAR ESTUDIANTES,20:48,2,10:24
2023,"REMBISZEWSKA, AMALIA",HOZONO GLOBAL JAIRIS,20:27,2,10:13
2023,"GELDOF, SERENA LYNN PETRA",CASADEMONT ZARAGOZA,40:32,4,10:08
2023,"DIAZ CASTELLANO, YURENA",IDK EUSKOTREN,15:14,2,07:37
2023,"GOMEZ FERNANDEZ, MARTA",BAXI FERROL,07:15,2,03:37
2023,"PARRA, FAUSTINE LAURE CLEMENCE",SPAR GIRONA,10:28,3,03:29
2023,"CARGOL BERGA, AINA",SPAR GIRONA,03:08,1,03:08
2023,"RODRIGUEZ ARRIBAS, LUCIA",PERFUMERIAS AVENIDA,05:26,2,02:43
2023,"FAM THIAM, AWA",VALENCIA B.C.,05:04,2,02:32
2023,"DJIU MORRO, NOA MARIA",VALENCIA B.C.,01:37,1,01:37
2023,"FLOREZ GETINO, ALICIA",VALENCIA B.C.,03:12,2,01:36
2023,"RIBAS BOSCH, BERTA",SPAR GIRONA,01:32,1,01:32
2023,"MOLINA CONESA, CARMEN SOL",HOZONO GLOBAL JAIRIS,01:09,1,01:09
2023,"DE MIER ESPINA, PAOLA",MOVISTAR ESTUDIANTES,00:27,1,00:27
2023,"SARAVIA LOGROÑO, PAULA",MOVISTAR ESTUDIANTES,00:27,1,00:27
2023,"FEQUIERE, JESSICA",BAXI FERROL,30:18,2,15:09
2023,"GERVASINI LACORZANA , AINHOA",CASADEMONT ZARAGOZA,59:05,4,14:46
2023,"BETTENCOURT CORREIA, MARIA JOAO",HOZONO GLOBAL JAIRIS,28:58,2,14:29
2023,"BUENAVIDA ESTEVEZ, ELENA",VALENCIA B.C.,86:06,6,14:21
2023,"GINZO ARANTES, PAULA",VALENCIA B.C.,82:41,6,13:46
2023,"ERAUNCETAMURGIL AYESTARAN, MARIA",VALENCIA B.C.,63:09,5,12:37
2023,"AIJANEN, MARIA ANNIINA",BAXI FERROL,24:26,2,12:13
2023,"HATAR, BERNADETT",PERFUMERIAS AVENIDA,69:27,6,11:34
2023,"TORRENS SALOM, ALBA",VALENCIA B.C.,46:07,4,11:31
2023,"HERMOSA MONREAL, NEREA",CASADEMONT ZARAGOZA,44:58,4,11:14
2023,"POINTER, KHAYLA NICOLE",CASADEMONT ZARAGOZA,32:12,3,10:44
2023,"DE SANTIAGO OTERO, BEGOÑA",MOVISTAR ESTUDIANTES,20:48,2,10:24
2023,"REMBISZEWSKA, AMALIA",HOZONO GLOBAL JAIRIS,20:27,2,10:13
2023,"GELDOF, SERENA LYNN PETRA",CASADEMONT ZARAGOZA,40:32,4,10:08
2023,"DIAZ CASTELLANO, YURENA",IDK EUSKOTREN,15:14,2,07:37
2023,"GOMEZ FERNANDEZ, MARTA",BAXI FERROL,07:15,2,03:37
2023,"PARRA, FAUSTINE LAURE CLEMENCE",SPAR GIRONA,10:28,3,03:29
2023,"CARGOL BERGA, AINA",SPAR GIRONA,03:08,1,03:08
2023,"RODRIGUEZ ARRIBAS, LUCIA",PERFUMERIAS AVENIDA,05:26,2,02:43
2023,"FAM THIAM, AWA",VALENCIA B.C.,05:04,2,02:32
2023,"DJIU MORRO, NOA MARIA",VALENCIA B.C.,01:37,1,01:37
2023,"FLOREZ GETINO, ALICIA",VALENCIA B.C.,03:12,2,01:36
2023,"RIBAS BOSCH, BERTA",SPAR GIRONA,01:32,1,01:32
2023,"MOLINA CONESA, CARMEN SOL",HOZONO GLOBAL JAIRIS,01:09,1,01:09
2023,"DE MIER ESPINA, PAOLA",MOVISTAR ESTUDIANTES,00:27,1,00:27
2023,"SARAVIA LOGROÑO, PAULA",MOVISTAR ESTUDIANTES,00:27,1,00:27
2023,"FEQUIERE, JESSICA",BAXI FERROL,30:18,2,15:09
2023,"GERVASINI LACORZANA , AINHOA",CASADEMONT ZARAGOZA,59:05,4,14:46
2023,"BETTENCOURT CORREIA, MARIA JOAO",HOZONO GLOBAL JAIRIS,28:58,2,14:29
2023,"BUENAVIDA ESTEVEZ, ELENA",VALENCIA B.C.,86:06,6,14:21
2023,"GINZO ARANTES, PAULA",VALENCIA B.C.,82:41,6,13:46
2023,"ERAUNCETAMURGIL AYESTARAN, MARIA",VALENCIA B.C.,63:09,5,12:37
2023,"AIJANEN, MARIA ANNIINA",BAXI FERROL,24:26,2,12:13
2023,"HATAR, BERNADETT",PERFUMERIAS AVENIDA,69:27,6,11:34
2023,"TORRENS SALOM, ALBA",VALENCIA B.C.,46:07,4,11:31
2023,"HERMOSA MONREAL, NEREA",CASADEMONT ZARAGOZA,44:58,4,11:14
2023,"POINTER, KHAYLA NICOLE",CASADEMONT ZARAGOZA,32:12,3,10:44
2023,"DE SANTIAGO OTERO, BEGOÑA",MOVISTAR ESTUDIANTES,20:48,2,10:24
2023,"REMBISZEWSKA, AMALIA",HOZONO GLOBAL JAIRIS,20:27,2,10:13
2023,"GELDOF, SERENA LYNN PETRA",CASADEMONT ZARAGOZA,40:32,4,10:08
2023,"DIAZ CASTELLANO, YURENA",IDK EUSKOTREN,15:14,2,07:37
2023,"GOMEZ FERNANDEZ, MARTA",BAXI FERROL,07:15,2,03:37
2023,"PARRA, FAUSTINE LAURE CLEMENCE",SPAR GIRONA,10:28,3,03:29
2023,"CARGOL BERGA, AINA",SPAR GIRONA,03:08,1,03:08
2023,"RODRIGUEZ ARRIBAS, LUCIA",PERFUMERIAS AVENIDA,05:26,2,02:43
2023,"FAM THIAM, AWA",VALENCIA B.C.,05:04,2,02:32
2023,"DJIU MORRO, NOA MARIA",VALENCIA B.C.,01:37,1,01:37
2023,"FLOREZ GETINO, ALICIA",VALENCIA B.C.,03:12,2,01:36
2023,"RIBAS BOSCH, BERTA",SPAR GIRONA,01:32,1,01:32
2023,"MOLINA CONESA, CARMEN SOL",HOZONO GLOBAL JAIRIS,01:09,1,01:09
2023,"DE MIER ESPINA, PAOLA",MOVISTAR ESTUDIANTES,00:27,1,00:27
2023,"SARAVIA LOGROÑO, PAULA",MOVISTAR ESTUDIANTES,00:27,1,00:27
2022,"BURDICK, CASSIDIE CIERRA",VALENCIA B.C.,100:51,6,16:48
2022,"KOVACEVIC, BOJANA",CADI LA SEU,31:20,2,15:40
2022,"BROTONS PASCUAL, MONTSERRAT",CADI LA SEU,30:05,2,15:02
2022,"NOGIC, JOVANA",PERFUMERIAS AVENIDA,73:54,5,14:46
2022,"VUCETIC, JELENA",CADI LA SEU,29:18,2,14:39
2022,"GELDOF, SERENA LYNN PETRA",CASADEMONT ZARAGOZA,57:50,4,14:27
2022,"BUENAVIDA ESTEVEZ, ELENA",VALENCIA B.C.,72:01,5,14:24
2022,"GIMENO MARTINEZ, VEGA",CASADEMONT ZARAGOZA,55:26,4,13:51
2022,"BURA, PATRICIA",LOINTEK GERNIKA BIZKAIA,26:28,2,13:14
2022,"SALVADORES ALVAREZ, ANGELA",VALENCIA B.C.,78:10,6,13:01
2022,"PARRA, FAUSTINE LAURE CLEMENCE",SPAR GIRONA,24:08,2,12:04
2022,"GULBE, ALEKSA",PERFUMERIAS AVENIDA,50:49,5,10:09
2022,"MIRCHEVA, VIKTORIA VLADIMIROVNA",BARÇA CBS,39:17,4,09:49
2022,"SARAVIA LOGROÑO, PAULA",MOVISTAR ESTUDIANTES,07:03,1,07:03
2022,"RUEDA CHONI, JULIA MARIA",BARÇA CBS,27:48,4,06:57
2022,"ANGEL VILLEN, DAVINIA",CASADEMONT ZARAGOZA,06:51,1,06:51
2022,"FAM THIAM, AWA",VALENCIA B.C.,32:47,5,06:33
2022,"CONDE DURAN, ITSASO",MOVISTAR ESTUDIANTES,12:05,2,06:02
2022,"ALBERDI LARRUCEA, MARTA",LOINTEK GERNIKA BIZKAIA,07:18,2,03:39
2022,"WILLIAMS, BROOQUE CHRISTIA",LOINTEK GERNIKA BIZKAIA,03:07,1,03:07
2022,"PUJOL LLUCH, ARIADNA",BARÇA CBS,09:16,3,03:05
2022,"RIBAS BOSCH, BERTA",SPAR GIRONA,05:07,2,02:33
2022,"BERMEJO ESCRIBANO, DEVA",BARÇA CBS,02:05,1,02:05
2022,"NAVARRO GARCIA, LUCIA",BARÇA CBS,02:05,1,02:05
2022,"BURDICK, CASSIDIE CIERRA",VALENCIA B.C.,100:51,6,16:48
2022,"KOVACEVIC, BOJANA",CADI LA SEU,31:20,2,15:40
2022,"BROTONS PASCUAL, MONTSERRAT",CADI LA SEU,30:05,2,15:02
2022,"NOGIC, JOVANA",PERFUMERIAS AVENIDA,73:54,5,14:46
2022,"VUCETIC, JELENA",CADI LA SEU,29:18,2,14:39
2022,"GELDOF, SERENA LYNN PETRA",CASADEMONT ZARAGOZA,57:50,4,14:27
2022,"BUENAVIDA ESTEVEZ, ELENA",VALENCIA B.C.,72:01,5,14:24
2022,"GIMENO MARTINEZ, VEGA",CASADEMONT ZARAGOZA,55:26,4,13:51
2022,"BURA, PATRICIA",LOINTEK GERNIKA BIZKAIA,26:28,2,13:14
2022,"SALVADORES ALVAREZ, ANGELA",VALENCIA B.C.,78:10,6,13:01
2022,"PARRA, FAUSTINE LAURE CLEMENCE",SPAR GIRONA,24:08,2,12:04
2022,"GULBE, ALEKSA",PERFUMERIAS AVENIDA,50:49,5,10:09
2022,"MIRCHEVA, VIKTORIA VLADIMIROVNA",BARÇA CBS,39:17,4,09:49
2022,"SARAVIA LOGROÑO, PAULA",MOVISTAR ESTUDIANTES,07:03,1,07:03
2022,"RUEDA CHONI, JULIA MARIA",BARÇA CBS,27:48,4,06:57
2022,"ANGEL VILLEN, DAVINIA",CASADEMONT ZARAGOZA,06:51,1,06:51
2022,"FAM THIAM, AWA",VALENCIA B.C.,32:47,5,06:33
2022,"CONDE DURAN, ITSASO",MOVISTAR ESTUDIANTES,12:05,2,06:02
2022,"ALBERDI LARRUCEA, MARTA",LOINTEK GERNIKA BIZKAIA,07:18,2,03:39
2022,"WILLIAMS, BROOQUE CHRISTIA",LOINTEK GERNIKA BIZKAIA,03:07,1,03:07
2022,"PUJOL LLUCH, ARIADNA",BARÇA CBS,09:16,3,03:05
2022,"RIBAS BOSCH, BERTA",SPAR GIRONA,05:07,2,02:33
2022,"BERMEJO ESCRIBANO, DEVA",BARÇA CBS,02:05,1,02:05
2022,"NAVARRO GARCIA, LUCIA",BARÇA CBS,02:05,1,02:05
2022,"BURDICK, CASSIDIE CIERRA",VALENCIA B.C.,100:51,6,16:48
2022,"KOVACEVIC, BOJANA",CADI LA SEU,31:20,2,15:40
2022,"BROTONS PASCUAL, MONTSERRAT",CADI LA SEU,30:05,2,15:02
2022,"NOGIC, JOVANA",PERFUMERIAS AVENIDA,73:54,5,14:46
2022,"VUCETIC, JELENA",CADI LA SEU,29:18,2,14:39
2022,"GELDOF, SERENA LYNN PETRA",CASADEMONT ZARAGOZA,57:50,4,14:27
2022,"BUENAVIDA ESTEVEZ, ELENA",VALENCIA B.C.,72:01,5,14:24
2022,"GIMENO MARTINEZ, VEGA",CASADEMONT ZARAGOZA,55:26,4,13:51
2022,"BURA, PATRICIA",LOINTEK GERNIKA BIZKAIA,26:28,2,13:14
2022,"SALVADORES ALVAREZ, ANGELA",VALENCIA B.C.,78:10,6,13:01
2022,"PARRA, FAUSTINE LAURE CLEMENCE",SPAR GIRONA,24:08,2,12:04
2022,"GULBE, ALEKSA",PERFUMERIAS AVENIDA,50:49,5,10:09
2022,"MIRCHEVA, VIKTORIA VLADIMIROVNA",BARÇA CBS,39:17,4,09:49
2022,"SARAVIA LOGROÑO, PAULA",MOVISTAR ESTUDIANTES,07:03,1,07:03
2022,"RUEDA CHONI, JULIA MARIA",BARÇA CBS,27:48,4,06:57
2022,"ANGEL VILLEN, DAVINIA",CASADEMONT ZARAGOZA,06:51,1,06:51
2022,"FAM THIAM, AWA",VALENCIA B.C.,32:47,5,06:33
2022,"CONDE DURAN, ITSASO",MOVISTAR ESTUDIANTES,12:05,2,06:02
2022,"ALBERDI LARRUCEA, MARTA",LOINTEK GERNIKA BIZKAIA,07:18,2,03:39
2022,"WILLIAMS, BROOQUE CHRISTIA",LOINTEK GERNIKA BIZKAIA,03:07,1,03:07
2022,"PUJOL LLUCH, ARIADNA",BARÇA CBS,09:16,3,03:05
2022,"RIBAS BOSCH, BERTA",SPAR GIRONA,05:07,2,02:33
2022,"BERMEJO ESCRIBANO, DEVA",BARÇA CBS,02:05,1,02:05
2022,"NAVARRO GARCIA, LUCIA",BARÇA CBS,02:05,1,02:05
2021,"GONZALEZ DUARTE , LARA",CASADEMONT ZARAGOZA,25:48,2,12:54
2021,"ESPAÑA ALMENDRO, MARIA",IDK EUSKOTREN,24:48,2,12:24
2021,"SALVADORES ALVAREZ, ANGELA",VALENCIA B.C.,72:14,6,12:02
2021,"KOSTOURKOVA, MARIA IVANOVA",CASADEMONT ZARAGOZA,21:05,2,10:32
2021,"PUJOL LLUCH, ARIADNA",CADI LA SEU,41:45,4,10:26
2021,"VILARO ARAGONES, ANDREA",PERFUMERIAS AVENIDA,60:00,6,10:00
2021,"SEGURA MORENO, LORENA",VALENCIA B.C.,39:56,5,07:59
2021,"SOLER RAMIÓ, JÚLIA",CADI LA SEU,31:36,4,07:54
2021,"LO SYLLA, NOGAYE",PERFUMERIAS AVENIDA,22:55,3,07:38
2021,"FAM THIAM, AWA",VALENCIA B.C.,07:17,1,07:17
2021,"GERMAN VELASCO, ICIAR",VALENCIA B.C.,34:51,5,06:58
2021,"BROTONS PASCUAL, MONTSERRAT",CADI LA SEU,18:56,3,06:18
2021,"SARAVIA LOGROÑO, PAULA",MOVISTAR ESTUDIANTES,05:22,1,05:22
2021,"SORIANO CUESTA, CRISTINA",IDK EUSKOTREN,05:20,1,05:20
2021,"CONDE DURAN, ITSASO",MOVISTAR ESTUDIANTES,10:38,2,05:19
2021,"GOMEZ IGUAL, ANNA",VALENCIA B.C.,09:38,2,04:49
2021,"ESNAL AGUIRRE, ANE",IDK EUSKOTREN,03:43,1,03:43
2021,"GOMEZ HERNANDEZ, MARTA",MOVISTAR ESTUDIANTES,02:26,1,02:26
2021,"CONTELL SANCHIS, CLAUDIA",VALENCIA B.C.,01:35,1,01:35
2021,"NIANG, LENA",IDK EUSKOTREN,01:05,1,01:05
2021,"MUGUIRA ORBE, NILE",LOINTEK GERNIKA BIZKAIA,01:00,1,01:00
2021,"LOROÑO LEJARZA, PAULE",LOINTEK GERNIKA BIZKAIA,01:00,1,01:00
2021,"QUEVEDO CAÑIZARES, LAURA",MOVISTAR ESTUDIANTES,00:02,1,00:02
2021,"GONZALEZ DUARTE , LARA",CASADEMONT ZARAGOZA,25:48,2,12:54
2021,"ESPAÑA ALMENDRO, MARIA",IDK EUSKOTREN,24:48,2,12:24
2021,"SALVADORES ALVAREZ, ANGELA",VALENCIA B.C.,72:14,6,12:02
2021,"KOSTOURKOVA, MARIA IVANOVA",CASADEMONT ZARAGOZA,21:05,2,10:32
2021,"PUJOL LLUCH, ARIADNA",CADI LA SEU,41:45,4,10:26
2021,"VILARO ARAGONES, ANDREA",PERFUMERIAS AVENIDA,60:00,6,10:00
2021,"SEGURA MORENO, LORENA",VALENCIA B.C.,39:56,5,07:59
2021,"SOLER RAMIÓ, JÚLIA",CADI LA SEU,31:36,4,07:54
2021,"LO SYLLA, NOGAYE",PERFUMERIAS AVENIDA,22:55,3,07:38
2021,"FAM THIAM, AWA",VALENCIA B.C.,07:17,1,07:17
2021,"GERMAN VELASCO, ICIAR",VALENCIA B.C.,34:51,5,06:58
2021,"BROTONS PASCUAL, MONTSERRAT",CADI LA SEU,18:56,3,06:18
2021,"SARAVIA LOGROÑO, PAULA",MOVISTAR ESTUDIANTES,05:22,1,05:22
2021,"SORIANO CUESTA, CRISTINA",IDK EUSKOTREN,05:20,1,05:20
2021,"CONDE DURAN, ITSASO",MOVISTAR ESTUDIANTES,10:38,2,05:19
2021,"GOMEZ IGUAL, ANNA",VALENCIA B.C.,09:38,2,04:49
2021,"ESNAL AGUIRRE, ANE",IDK EUSKOTREN,03:43,1,03:43
2021,"GOMEZ HERNANDEZ, MARTA",MOVISTAR ESTUDIANTES,02:26,1,02:26
2021,"CONTELL SANCHIS, CLAUDIA",VALENCIA B.C.,01:35,1,01:35
2021,"NIANG, LENA",IDK EUSKOTREN,01:05,1,01:05
2021,"MUGUIRA ORBE, NILE",LOINTEK GERNIKA BIZKAIA,01:00,1,01:00
2021,"LOROÑO LEJARZA, PAULE",LOINTEK GERNIKA BIZKAIA,01:00,1,01:00
2021,"QUEVEDO CAÑIZARES, LAURA",MOVISTAR ESTUDIANTES,00:02,1,00:02
2021,"GONZALEZ DUARTE , LARA",CASADEMONT ZARAGOZA,25:48,2,12:54
2021,"ESPAÑA ALMENDRO, MARIA",IDK EUSKOTREN,24:48,2,12:24
2021,"SALVADORES ALVAREZ, ANGELA",VALENCIA B.C.,72:14,6,12:02
2021,"KOSTOURKOVA, MARIA IVANOVA",CASADEMONT ZARAGOZA,21:05,2,10:32
2021,"PUJOL LLUCH, ARIADNA",CADI LA SEU,41:45,4,10:26
2021,"VILARO ARAGONES, ANDREA",PERFUMERIAS AVENIDA,60:00,6,10:00
2021,"SEGURA MORENO, LORENA",VALENCIA B.C.,39:56,5,07:59
2021,"SOLER RAMIÓ, JÚLIA",CADI LA SEU,31:36,4,07:54
2021,"LO SYLLA, NOGAYE",PERFUMERIAS AVENIDA,22:55,3,07:38
2021,"FAM THIAM, AWA",VALENCIA B.C.,07:17,1,07:17
2021,"GERMAN VELASCO, ICIAR",VALENCIA B.C.,34:51,5,06:58
2021,"BROTONS PASCUAL, MONTSERRAT",CADI LA SEU,18:56,3,06:18
2021,"SARAVIA LOGROÑO, PAULA",MOVISTAR ESTUDIANTES,05:22,1,05:22
2021,"SORIANO CUESTA, CRISTINA",IDK EUSKOTREN,05:20,1,05:20
2021,"CONDE DURAN, ITSASO",MOVISTAR ESTUDIANTES,10:38,2,05:19
2021,"GOMEZ IGUAL, ANNA",VALENCIA B.C.,09:38,2,04:49
2021,"ESNAL AGUIRRE, ANE",IDK EUSKOTREN,03:43,1,03:43
2021,"GOMEZ HERNANDEZ, MARTA",MOVISTAR ESTUDIANTES,02:26,1,02:26
2021,"CONTELL SANCHIS, CLAUDIA",VALENCIA B.C.,01:35,1,01:35
2021,"NIANG, LENA",IDK EUSKOTREN,01:05,1,01:05
2021,"MUGUIRA ORBE, NILE",LOINTEK GERNIKA BIZKAIA,01:00,1,01:00
2021,"LOROÑO LEJARZA, PAULE",LOINTEK GERNIKA BIZKAIA,01:00,1,01:00
2021,"QUEVEDO CAÑIZARES, LAURA",MOVISTAR ESTUDIANTES,00:02,1,00:02
2020,"LABUCKIENE, GIEDRE",SPAR GIRONA,64:11,4,16:02
2020,"HARTMANN, ALINA WAYAN",SPAR GRAN CANARIA,30:44,2,15:22
2020,"ARIZTIMUÑO LOPEZ , ITZIAR",LOINTEK GERNIKA BIZKAIA,58:49,4,14:42
2020,"RAMAN, JANA GEORGES R",MOVISTAR ESTUDIANTES,27:45,2,13:52
2020,"FALL, SOKHNA ADJI",SPAR GRAN CANARIA,26:38,2,13:19
2020,"VILARO ARAGONES, ANDREA",PERFUMERIAS AVENIDA,65:47,5,13:09
2020,"DIALLO DIENG , UMO DIALLO",PERFUMERIAS AVENIDA,37:24,3,12:28
2020,"KOSTOURKOVA, MARIA IVANOVA",CIUDAD DE LA LAGUNA TENERIFE,24:17,2,12:08
2020,"GOMES COLHADO, NADIA",LOINTEK GERNIKA BIZKAIA,48:11,4,12:02
2020,"ABDI, FARHIYA",CIUDAD DE LA LAGUNA TENERIFE,23:25,2,11:42
2020,"IVANOVIC, MILICA",LOINTEK GERNIKA BIZKAIA,46:03,4,11:30
2020,"GOMEZ IGUAL, ANNA",VALENCIA B.C.,77:36,7,11:05
2020,"SOLER RAMIÓ, JÚLIA",SPAR GIRONA,21:56,2,10:58
2020,"BRITO HERNANDEZ, CARLA",SPAR GRAN CANARIA,21:17,2,10:38
2020,"GRANDE PARDO, CARMEN",MOVISTAR ESTUDIANTES,19:50,2,09:55
2020,"FLORES COSTA, LAIA",SPAR GIRONA,17:32,2,08:46
2020,"ALONSO DE ARMIÑO RIAÑO, GRACIA",MOVISTAR ESTUDIANTES,16:31,2,08:15
2020,"SANTIBAÑEZ HERRERO, INES",PERFUMERIAS AVENIDA,16:16,2,08:08
2020,"TOLLAR LOPEZ, ANDREA",SPAR GRAN CANARIA,08:06,1,08:06
2020,"JUSKAITE, LAURA",VALENCIA B.C.,45:34,7,06:30
2020,"PINA TOLOSA, MARIA",VALENCIA B.C.,32:10,5,06:26
2020,"ESPIN DE SANCHO, MARIA",MOVISTAR ESTUDIANTES,10:00,2,05:00
2020,"JORGE GARCIA, GARA",SPAR GRAN CANARIA,04:50,1,04:50
2020,"ALBERDI LARRUCEA, MARTA",LOINTEK GERNIKA BIZKAIA,08:52,2,04:26
2020,"SEGURA MORENO, LORENA",VALENCIA B.C.,05:43,2,02:51
2020,"DEL MORAL GARCIA, CLAUDIA",SPAR GIRONA,03:13,2,01:36
2020,"LABUCKIENE, GIEDRE",SPAR GIRONA,64:11,4,16:02
2020,"HARTMANN, ALINA WAYAN",SPAR GRAN CANARIA,30:44,2,15:22
2020,"ARIZTIMUÑO LOPEZ , ITZIAR",LOINTEK GERNIKA BIZKAIA,58:49,4,14:42
2020,"RAMAN, JANA GEORGES R",MOVISTAR ESTUDIANTES,27:45,2,13:52
2020,"FALL, SOKHNA ADJI",SPAR GRAN CANARIA,26:38,2,13:19
2020,"VILARO ARAGONES, ANDREA",PERFUMERIAS AVENIDA,65:47,5,13:09
2020,"DIALLO DIENG , UMO DIALLO",PERFUMERIAS AVENIDA,37:24,3,12:28
2020,"KOSTOURKOVA, MARIA IVANOVA",CIUDAD DE LA LAGUNA TENERIFE,24:17,2,12:08
2020,"GOMES COLHADO, NADIA",LOINTEK GERNIKA BIZKAIA,48:11,4,12:02
2020,"ABDI, FARHIYA",CIUDAD DE LA LAGUNA TENERIFE,23:25,2,11:42
2020,"IVANOVIC, MILICA",LOINTEK GERNIKA BIZKAIA,46:03,4,11:30
2020,"GOMEZ IGUAL, ANNA",VALENCIA B.C.,77:36,7,11:05
2020,"SOLER RAMIÓ, JÚLIA",SPAR GIRONA,21:56,2,10:58
2020,"BRITO HERNANDEZ, CARLA",SPAR GRAN CANARIA,21:17,2,10:38
2020,"GRANDE PARDO, CARMEN",MOVISTAR ESTUDIANTES,19:50,2,09:55
2020,"FLORES COSTA, LAIA",SPAR GIRONA,17:32,2,08:46
2020,"ALONSO DE ARMIÑO RIAÑO, GRACIA",MOVISTAR ESTUDIANTES,16:31,2,08:15
2020,"SANTIBAÑEZ HERRERO, INES",PERFUMERIAS AVENIDA,16:16,2,08:08
2020,"TOLLAR LOPEZ, ANDREA",SPAR GRAN CANARIA,08:06,1,08:06
2020,"JUSKAITE, LAURA",VALENCIA B.C.,45:34,7,06:30
2020,"PINA TOLOSA, MARIA",VALENCIA B.C.,32:10,5,06:26
2020,"ESPIN DE SANCHO, MARIA",MOVISTAR ESTUDIANTES,10:00,2,05:00
2020,"JORGE GARCIA, GARA",SPAR GRAN CANARIA,04:50,1,04:50
2020,"ALBERDI LARRUCEA, MARTA",LOINTEK GERNIKA BIZKAIA,08:52,2,04:26
2020,"SEGURA MORENO, LORENA",VALENCIA B.C.,05:43,2,02:51
2020,"DEL MORAL GARCIA, CLAUDIA",SPAR GIRONA,03:13,2,01:36
2020,"LABUCKIENE, GIEDRE",SPAR GIRONA,64:11,4,16:02
2020,"HARTMANN, ALINA WAYAN",SPAR GRAN CANARIA,30:44,2,15:22
2020,"ARIZTIMUÑO LOPEZ , ITZIAR",LOINTEK GERNIKA BIZKAIA,58:49,4,14:42
2020,"RAMAN, JANA GEORGES R",MOVISTAR ESTUDIANTES,27:45,2,13:52
2020,"FALL, SOKHNA ADJI",SPAR GRAN CANARIA,26:38,2,13:19
2020,"VILARO ARAGONES, ANDREA",PERFUMERIAS AVENIDA,65:47,5,13:09
2020,"DIALLO DIENG , UMO DIALLO",PERFUMERIAS AVENIDA,37:24,3,12:28
2020,"KOSTOURKOVA, MARIA IVANOVA",CIUDAD DE LA LAGUNA TENERIFE,24:17,2,12:08
2020,"GOMES COLHADO, NADIA",LOINTEK GERNIKA BIZKAIA,48:11,4,12:02
2020,"ABDI, FARHIYA",CIUDAD DE LA LAGUNA TENERIFE,23:25,2,11:42
2020,"IVANOVIC, MILICA",LOINTEK GERNIKA BIZKAIA,46:03,4,11:30
2020,"GOMEZ IGUAL, ANNA",VALENCIA B.C.,77:36,7,11:05
2020,"SOLER RAMIÓ, JÚLIA",SPAR GIRONA,21:56,2,10:58
2020,"BRITO HERNANDEZ, CARLA",SPAR GRAN CANARIA,21:17,2,10:38
2020,"GRANDE PARDO, CARMEN",MOVISTAR ESTUDIANTES,19:50,2,09:55
2020,"FLORES COSTA, LAIA",SPAR GIRONA,17:32,2,08:46
2020,"ALONSO DE ARMIÑO RIAÑO, GRACIA",MOVISTAR ESTUDIANTES,16:31,2,08:15
2020,"SANTIBAÑEZ HERRERO, INES",PERFUMERIAS AVENIDA,16:16,2,08:08
2020,"TOLLAR LOPEZ, ANDREA",SPAR GRAN CANARIA,08:06,1,08:06
2020,"JUSKAITE, LAURA",VALENCIA B.C.,45:34,7,06:30
2020,"PINA TOLOSA, MARIA",VALENCIA B.C.,32:10,5,06:26
2020,"ESPIN DE SANCHO, MARIA",MOVISTAR ESTUDIANTES,10:00,2,05:00
2020,"JORGE GARCIA, GARA",SPAR GRAN CANARIA,04:50,1,04:50
2020,"ALBERDI LARRUCEA, MARTA",LOINTEK GERNIKA BIZKAIA,08:52,2,04:26
2020,"SEGURA MORENO, LORENA",VALENCIA B.C.,05:43,2,02:51
2020,"DEL MORAL GARCIA, CLAUDIA",SPAR GIRONA,03:13,2,01:36
2019,"GUSTAVSSON , ELIN JELENA",CADI LA SEU,13:10,1,13:10
2019,"MARTINEZ PRAT, NURIA",SPAR CITYLIFT GIRONA,37:23,3,12:27
2019,"PASCUA SUAREZ, MARÍA LUCILA",CADI LA SEU,11:38,1,11:38
2019,"PUJOL LLUCH, ARIADNA",CADI LA SEU,11:18,1,11:18
2019,"DIEZ FERNANDEZ, NAIARA",LOINTEK GERNIKA BIZKAIA,10:50,1,10:50
2019,"MONTENEGRO SANTANA, RITA ESTHER",CIUDAD DE LA LAGUNA TENERIFE,10:02,1,10:02
2019,"PEDRALS BARRIOS, CRISTINA",CIUDAD DE LA LAGUNA TENERIFE,10:00,1,10:00
2019,"CHARLES, CHANTEL ZENA",CIUDAD DE LA LAGUNA TENERIFE,09:52,1,09:52
2019,"PARDO HERVIAS, LAURA",RPK ARASKI,19:40,2,09:50
2019,"VITOLA, KRISTINE",PERFUMERIAS AVENIDA,28:03,3,09:21
2019,"DINKINS, BRITTANY",DURÁN MAQUINARIA ENSINO,09:10,1,09:10
2019,"PARKS , ROBYN LASHAE",VALENCIA B.C.,18:18,2,09:09
2019,"GARCIA URLEZAGA, IZASKUN",RPK ARASKI,08:32,1,08:32
2019,"VILARO ARAGONES, ANDREA",PERFUMERIAS AVENIDA,24:58,3,08:19
2019,"ARIZTIMUÑO LOPEZ , ITZIAR",LOINTEK GERNIKA BIZKAIA,04:11,1,04:11
2019,"MAZIONYTE, GINTARE",LOINTEK GERNIKA BIZKAIA,03:13,1,03:13
2019,"MOLINA PRADOS MARTIN BURO, JUANA MARIA",LOINTEK GERNIKA BIZKAIA,02:22,1,02:22
2019,"MOLINUEVO GARCIA, CRISTINA",RPK ARASKI,02:05,1,02:05
2019,"ANDUSIC, TIJANA",SPAR CITYLIFT GIRONA,00:50,1,00:50
2019,"GUSTAVSSON , ELIN JELENA",CADI LA SEU,13:10,1,13:10
2019,"MARTINEZ PRAT, NURIA",SPAR CITYLIFT GIRONA,37:23,3,12:27
2019,"PASCUA SUAREZ, MARÍA LUCILA",CADI LA SEU,11:38,1,11:38
2019,"PUJOL LLUCH, ARIADNA",CADI LA SEU,11:18,1,11:18
2019,"DIEZ FERNANDEZ, NAIARA",LOINTEK GERNIKA BIZKAIA,10:50,1,10:50
2019,"MONTENEGRO SANTANA, RITA ESTHER",CIUDAD DE LA LAGUNA TENERIFE,10:02,1,10:02
2019,"PEDRALS BARRIOS, CRISTINA",CIUDAD DE LA LAGUNA TENERIFE,10:00,1,10:00
2019,"CHARLES, CHANTEL ZENA",CIUDAD DE LA LAGUNA TENERIFE,09:52,1,09:52
2019,"PARDO HERVIAS, LAURA",RPK ARASKI,19:40,2,09:50
2019,"VITOLA, KRISTINE",PERFUMERIAS AVENIDA,28:03,3,09:21
2019,"DINKINS, BRITTANY",DURÁN MAQUINARIA ENSINO,09:10,1,09:10
2019,"PARKS , ROBYN LASHAE",VALENCIA B.C.,18:18,2,09:09
2019,"GARCIA URLEZAGA, IZASKUN",RPK ARASKI,08:32,1,08:32
2019,"VILARO ARAGONES, ANDREA",PERFUMERIAS AVENIDA,24:58,3,08:19
2019,"ARIZTIMUÑO LOPEZ , ITZIAR",LOINTEK GERNIKA BIZKAIA,04:11,1,04:11
2019,"MAZIONYTE, GINTARE",LOINTEK GERNIKA BIZKAIA,03:13,1,03:13
2019,"MOLINA PRADOS MARTIN BURO, JUANA MARIA",LOINTEK GERNIKA BIZKAIA,02:22,1,02:22
2019,"MOLINUEVO GARCIA, CRISTINA",RPK ARASKI,02:05,1,02:05
2019,"ANDUSIC, TIJANA",SPAR CITYLIFT GIRONA,00:50,1,00:50
2019,"GUSTAVSSON , ELIN JELENA",CADI LA SEU,13:10,1,13:10
2019,"MARTINEZ PRAT, NURIA",SPAR CITYLIFT GIRONA,37:23,3,12:27
2019,"PASCUA SUAREZ, MARÍA LUCILA",CADI LA SEU,11:38,1,11:38
2019,"PUJOL LLUCH, ARIADNA",CADI LA SEU,11:18,1,11:18
2019,"DIEZ FERNANDEZ, NAIARA",LOINTEK GERNIKA BIZKAIA,10:50,1,10:50
2019,"MONTENEGRO SANTANA, RITA ESTHER",CIUDAD DE LA LAGUNA TENERIFE,10:02,1,10:02
2019,"PEDRALS BARRIOS, CRISTINA",CIUDAD DE LA LAGUNA TENERIFE,10:00,1,10:00
2019,"CHARLES, CHANTEL ZENA",CIUDAD DE LA LAGUNA TENERIFE,09:52,1,09:52
2019,"PARDO HERVIAS, LAURA",RPK ARASKI,19:40,2,09:50
2019,"VITOLA, KRISTINE",PERFUMERIAS AVENIDA,28:03,3,09:21
2019,"DINKINS, BRITTANY",DURÁN MAQUINARIA ENSINO,09:10,1,09:10
2019,"PARKS , ROBYN LASHAE",VALENCIA B.C.,18:18,2,09:09
2019,"GARCIA URLEZAGA, IZASKUN",RPK ARASKI,08:32,1,08:32
2019,"VILARO ARAGONES, ANDREA",PERFUMERIAS AVENIDA,24:58,3,08:19
2019,"ARIZTIMUÑO LOPEZ , ITZIAR",LOINTEK GERNIKA BIZKAIA,04:11,1,04:11
2019,"MAZIONYTE, GINTARE",LOINTEK GERNIKA BIZKAIA,03:13,1,03:13
2019,"MOLINA PRADOS MARTIN BURO, JUANA MARIA",LOINTEK GERNIKA BIZKAIA,02:22,1,02:22
2019,"MOLINUEVO GARCIA, CRISTINA",RPK ARASKI,02:05,1,02:05
2019,"ANDUSIC, TIJANA",SPAR CITYLIFT GIRONA,00:50,1,00:50
2018,"ESTEBAS ARMAS, PAULA",RPK ARASKI,29:03,2,14:31
2018,"MOORE, TINARA NICOLE",VALENCIA B.C.,71:51,5,14:22
2018,"GOREE, CYESHA DAMIAN",PERFUMERIAS AVENIDA,55:49,4,13:57
2018,"HERNANDEZ ORTIZ, ZOE",MANN-FILTER CASABLANCA,27:51,2,13:55
2018,"MOLINUEVO GARCIA, CRISTINA",RPK ARASKI,26:13,2,13:06
2018,"OMA GIRALT, HELENA",SPAR CITYLIFT GIRONA,76:21,6,12:43
2018,"DIEZ FERNANDEZ, NAIARA",LOINTEK GERNIKA BIZKAIA,37:30,3,12:30
2018,"BROWN , BRITTANY DANIELLE",MANN-FILTER CASABLANCA,12:29,1,12:29
2018,"DONGUE, LEIA TANIA DO BASTIAO",SPAR CITYLIFT GIRONA,72:08,6,12:01
2018,"MAZIONYTE, GINTARE",LOINTEK GERNIKA BIZKAIA,33:19,3,11:06
2018,"ARIZTIMUÑO LOPEZ , ITZIAR",LOINTEK GERNIKA BIZKAIA,21:17,2,10:38
2018,"AIJANEN, MARIA ANNIINA",CADI LA SEU,39:46,4,09:56
2018,"SANCHEZ MARRUFO, BEATRIZ",SPAR CITYLIFT GIRONA,42:56,5,08:35
2018,"GARI GILABERT, IRENE DEL REBOLLET",VALENCIA B.C.,11:27,2,05:43
2018,"BEDIA DELGADO, IZAR",RPK ARASKI,05:43,1,05:43
2018,"IPARRAGUIRRE ALUSTIZA, SARA",IDK GIPUZKOA,09:49,2,04:54
2018,"ARROJO JIMENEZ, MARIA BELEN",PERFUMERIAS AVENIDA,17:03,4,04:15
2018,"SKLEPOWICZ, ZUZANNA IDA",CADI LA SEU,08:52,3,02:57
2018,"MURUA TXINTXURRETA, IRENE",RPK ARASKI,02:43,1,02:43
2018,"COTANO DE JUAN, REBECA",VALENCIA B.C.,07:59,3,02:39
2018,"PALMA JORGE, ANA MARIA",CADI LA SEU,04:39,2,02:19
2018,"SEGURA MORENO, LORENA",VALENCIA B.C.,01:02,1,01:02
2018,"VILLAMOR APARICIO, CRISTINA",MANN-FILTER CASABLANCA,00:53,1,00:53
2018,"MARTIN TEJEDOR, AINA",SPAR CITYLIFT GIRONA,00:51,1,00:51
2018,"ESTEBAS ARMAS, PAULA",RPK ARASKI,29:03,2,14:31
2018,"MOORE, TINARA NICOLE",VALENCIA B.C.,71:51,5,14:22
2018,"GOREE, CYESHA DAMIAN",PERFUMERIAS AVENIDA,55:49,4,13:57
2018,"HERNANDEZ ORTIZ, ZOE",MANN-FILTER CASABLANCA,27:51,2,13:55
2018,"MOLINUEVO GARCIA, CRISTINA",RPK ARASKI,26:13,2,13:06
2018,"OMA GIRALT, HELENA",SPAR CITYLIFT GIRONA,76:21,6,12:43
2018,"DIEZ FERNANDEZ, NAIARA",LOINTEK GERNIKA BIZKAIA,37:30,3,12:30
2018,"BROWN , BRITTANY DANIELLE",MANN-FILTER CASABLANCA,12:29,1,12:29
2018,"DONGUE, LEIA TANIA DO BASTIAO",SPAR CITYLIFT GIRONA,72:08,6,12:01
2018,"MAZIONYTE, GINTARE",LOINTEK GERNIKA BIZKAIA,33:19,3,11:06
2018,"ARIZTIMUÑO LOPEZ , ITZIAR",LOINTEK GERNIKA BIZKAIA,21:17,2,10:38
2018,"AIJANEN, MARIA ANNIINA",CADI LA SEU,39:46,4,09:56
2018,"SANCHEZ MARRUFO, BEATRIZ",SPAR CITYLIFT GIRONA,42:56,5,08:35
2018,"GARI GILABERT, IRENE DEL REBOLLET",VALENCIA B.C.,11:27,2,05:43
2018,"BEDIA DELGADO, IZAR",RPK ARASKI,05:43,1,05:43
2018,"IPARRAGUIRRE ALUSTIZA, SARA",IDK GIPUZKOA,09:49,2,04:54
2018,"ARROJO JIMENEZ, MARIA BELEN",PERFUMERIAS AVENIDA,17:03,4,04:15
2018,"SKLEPOWICZ, ZUZANNA IDA",CADI LA SEU,08:52,3,02:57
2018,"MURUA TXINTXURRETA, IRENE",RPK ARASKI,02:43,1,02:43
2018,"COTANO DE JUAN, REBECA",VALENCIA B.C.,07:59,3,02:39
2018,"PALMA JORGE, ANA MARIA",CADI LA SEU,04:39,2,02:19
2018,"SEGURA MORENO, LORENA",VALENCIA B.C.,01:02,1,01:02
2018,"VILLAMOR APARICIO, CRISTINA",MANN-FILTER CASABLANCA,00:53,1,00:53
2018,"MARTIN TEJEDOR, AINA",SPAR CITYLIFT GIRONA,00:51,1,00:51
2018,"ESTEBAS ARMAS, PAULA",RPK ARASKI,29:03,2,14:31
2018,"MOORE, TINARA NICOLE",VALENCIA B.C.,71:51,5,14:22
2018,"GOREE, CYESHA DAMIAN",PERFUMERIAS AVENIDA,55:49,4,13:57
2018,"HERNANDEZ ORTIZ, ZOE",MANN-FILTER CASABLANCA,27:51,2,13:55
2018,"MOLINUEVO GARCIA, CRISTINA",RPK ARASKI,26:13,2,13:06
2018,"OMA GIRALT, HELENA",SPAR CITYLIFT GIRONA,76:21,6,12:43
2018,"DIEZ FERNANDEZ, NAIARA",LOINTEK GERNIKA BIZKAIA,37:30,3,12:30
2018,"BROWN , BRITTANY DANIELLE",MANN-FILTER CASABLANCA,12:29,1,12:29
2018,"DONGUE, LEIA TANIA DO BASTIAO",SPAR CITYLIFT GIRONA,72:08,6,12:01
2018,"MAZIONYTE, GINTARE",LOINTEK GERNIKA BIZKAIA,33:19,3,11:06
2018,"ARIZTIMUÑO LOPEZ , ITZIAR",LOINTEK GERNIKA BIZKAIA,21:17,2,10:38
2018,"AIJANEN, MARIA ANNIINA",CADI LA SEU,39:46,4,09:56
2018,"SANCHEZ MARRUFO, BEATRIZ",SPAR CITYLIFT GIRONA,42:56,5,08:35
2018,"GARI GILABERT, IRENE DEL REBOLLET",VALENCIA B.C.,11:27,2,05:43
2018,"BEDIA DELGADO, IZAR",RPK ARASKI,05:43,1,05:43
2018,"IPARRAGUIRRE ALUSTIZA, SARA",IDK GIPUZKOA,09:49,2,04:54
2018,"ARROJO JIMENEZ, MARIA BELEN",PERFUMERIAS AVENIDA,17:03,4,04:15
2018,"SKLEPOWICZ, ZUZANNA IDA",CADI LA SEU,08:52,3,02:57
2018,"MURUA TXINTXURRETA, IRENE",RPK ARASKI,02:43,1,02:43
2018,"COTANO DE JUAN, REBECA",VALENCIA B.C.,07:59,3,02:39
2018,"PALMA JORGE, ANA MARIA",CADI LA SEU,04:39,2,02:19
2018,"SEGURA MORENO, LORENA",VALENCIA B.C.,01:02,1,01:02
2018,"VILLAMOR APARICIO, CRISTINA",MANN-FILTER CASABLANCA,00:53,1,00:53
2018,"MARTIN TEJEDOR, AINA",SPAR CITYLIFT GIRONA,00:51,1,00:51
2017,"LOPEZ RODRIGUEZ, AINHOA",QUESOS EL PASTOR,579:44,26,22:17
2017,"RICHARDS, SHEREESHA NATHESHA",CADI LA SEU,575:50,26,22:08
2017,"ROMEO, NICOLE ELAINE",SPAR CITYLIFT GIRONA,546:07,25,21:50
2017,"MOSS, DANDRA YUVETT",PERFUMERIAS AVENIDA,500:58,23,21:46
2017,"QUIRANTE MARTINEZ, ALEJANDRA",MOVISTAR ESTUDIANTES,565:53,26,21:45
2017,"GARCIA URLEZAGA, IZASKUN",LACTURALE ART ARASKI,544:07,25,21:45
2017,"GOMES DA SILVA, SOFIA CAROLINA",CAMPUS PROMETE LF1,565:36,26,21:45
2017,"FORASTE GALOBARDES, MIRIAM",NISSAN  AL-QÁZERES EXTREMADURA,564:22,26,21:42
2017,"GIVENS , KRISI TIJANA",PERFUMERIAS AVENIDA,535:43,25,21:25
2017,"OMA GIRALT, HELENA",CADI LA SEU,342:36,16,21:24
2017,"ELONU, ADAORA NNENNA",PERFUMERIAS AVENIDA,555:19,26,21:21
2017,"PEÑA JUBANY, LAURA",SNATT´S FEMENÍ SANT ADRIÁ,554:39,26,21:19
2017,"GUSTAVSSON , ELIN JELENA",EMBUTIDOS PAJARIEL BEMBIBRE PD,554:09,26,21:18
2017,"PASCUA SUAREZ, MARÍA LUCILA",MANN-FILTER,552:26,26,21:14
2017,"MESTDAGH, KIM",PERFUMERIAS AVENIDA,339:44,16,21:14
2017,"MONTOLIU MATIAS, MARTA",CADI LA SEU,551:53,26,21:13
2017,"RAMIREZ, CAITLYN BROOK",CADI LA SEU,528:22,25,21:08
2017,"ASURMENDI VILLAVERDE, MARIA DEL CARMEN",PERFUMERIAS AVENIDA,527:52,25,21:06
2017,"EVANS, SHANTE MARIE",SPAR CITYLIFT GIRONA,537:28,26,20:40
2017,"DOMINGUEZ FERNANDEZ, SILVIA",PERFUMERIAS AVENIDA,493:04,24,20:32
2017,"ALDALUR SOTO, ANE MIREN",LACTURALE ART ARASKI,532:05,26,20:27
2017,"RAKOVIC , KRISTINA",EMBUTIDOS PAJARIEL BEMBIBRE PD,523:57,26,20:09
2017,"RILEY , ANDREA CHARMAINE",SNATT´S FEMENÍ SANT ADRIÁ,517:35,26,19:54
2017,"GONZALEZ DUARTE , LARA",IDK GIPUZKOA,517:16,26,19:53
2017,"DE SOUZA MACHADO, ERIKA CRISTINA",PERFUMERIAS AVENIDA,431:05,22,19:35
2017,"LOPEZ VIVES, HELENA",SNATT´S FEMENÍ SANT ADRIÁ,505:46,26,19:27
2017,"VILARO ARAGONES, ANDREA",CADI LA SEU,481:35,25,19:15
2017,"CONDE ALCOLADO, MARIA",SPAR CITYLIFT GIRONA,500:10,26,19:14
2017,"NICHOLLS GONZALEZ, LAURA",PERFUMERIAS AVENIDA,460:00,24,19:10
2017,"REISINGEROVA , JULIA SUSSANE",SNATT´S FEMENÍ SANT ADRIÁ,363:34,19,19:08
2017,"LOPEZ RODRIGUEZ, AINHOA",QUESOS EL PASTOR,579:44,26,22:17
2017,"RICHARDS, SHEREESHA NATHESHA",CADI LA SEU,575:50,26,22:08
2017,"ROMEO, NICOLE ELAINE",SPAR CITYLIFT GIRONA,546:07,25,21:50
2017,"MOSS, DANDRA YUVETT",PERFUMERIAS AVENIDA,500:58,23,21:46
2017,"QUIRANTE MARTINEZ, ALEJANDRA",MOVISTAR ESTUDIANTES,565:53,26,21:45
2017,"GARCIA URLEZAGA, IZASKUN",LACTURALE ART ARASKI,544:07,25,21:45
2017,"GOMES DA SILVA, SOFIA CAROLINA",CAMPUS PROMETE LF1,565:36,26,21:45
2017,"FORASTE GALOBARDES, MIRIAM",NISSAN  AL-QÁZERES EXTREMADURA,564:22,26,21:42
2017,"GIVENS , KRISI TIJANA",PERFUMERIAS AVENIDA,535:43,25,21:25
2017,"OMA GIRALT, HELENA",CADI LA SEU,342:36,16,21:24
2017,"ELONU, ADAORA NNENNA",PERFUMERIAS AVENIDA,555:19,26,21:21
2017,"PEÑA JUBANY, LAURA",SNATT´S FEMENÍ SANT ADRIÁ,554:39,26,21:19
2017,"GUSTAVSSON , ELIN JELENA",EMBUTIDOS PAJARIEL BEMBIBRE PD,554:09,26,21:18
2017,"PASCUA SUAREZ, MARÍA LUCILA",MANN-FILTER,552:26,26,21:14
2017,"MESTDAGH, KIM",PERFUMERIAS AVENIDA,339:44,16,21:14
2017,"MONTOLIU MATIAS, MARTA",CADI LA SEU,551:53,26,21:13
2017,"RAMIREZ, CAITLYN BROOK",CADI LA SEU,528:22,25,21:08
2017,"ASURMENDI VILLAVERDE, MARIA DEL CARMEN",PERFUMERIAS AVENIDA,527:52,25,21:06
2017,"EVANS, SHANTE MARIE",SPAR CITYLIFT GIRONA,537:28,26,20:40
2017,"DOMINGUEZ FERNANDEZ, SILVIA",PERFUMERIAS AVENIDA,493:04,24,20:32
2017,"ALDALUR SOTO, ANE MIREN",LACTURALE ART ARASKI,532:05,26,20:27
2017,"RAKOVIC , KRISTINA",EMBUTIDOS PAJARIEL BEMBIBRE PD,523:57,26,20:09
2017,"RILEY , ANDREA CHARMAINE",SNATT´S FEMENÍ SANT ADRIÁ,517:35,26,19:54
2017,"GONZALEZ DUARTE , LARA",IDK GIPUZKOA,517:16,26,19:53
2017,"DE SOUZA MACHADO, ERIKA CRISTINA",PERFUMERIAS AVENIDA,431:05,22,19:35
2017,"LOPEZ VIVES, HELENA",SNATT´S FEMENÍ SANT ADRIÁ,505:46,26,19:27
2017,"VILARO ARAGONES, ANDREA",CADI LA SEU,481:35,25,19:15
2017,"CONDE ALCOLADO, MARIA",SPAR CITYLIFT GIRONA,500:10,26,19:14
2017,"NICHOLLS GONZALEZ, LAURA",PERFUMERIAS AVENIDA,460:00,24,19:10
2017,"REISINGEROVA , JULIA SUSSANE",SNATT´S FEMENÍ SANT ADRIÁ,363:34,19,19:08
2017,"GARCIA PAUNERO, CELIA",QUESOS EL PASTOR,464:17,25,18:34
2017,"DIALLO DIENG , UMO DIALLO",LACTURALE ART ARASKI,468:17,26,18:00
2017,"MOLINA PRADOS MARTIN BURO, JUANA MARIA",LOINTEK GERNIKA BIZKAIA,449:36,25,17:59
2017,"LUCAS , ITALEE MALINA",IDK GIPUZKOA,231:53,13,17:50
2017,"HERRERA BOXO, LAURA",CAMPUS PROMETE LF1,418:39,24,17:26
2017,"LO SYLLA, NOGAYE",CADI LA SEU,434:27,25,17:22
2017,"ETXARRI MUNARRIZ, IRATI",LACTURALE ART ARASKI,432:14,26,16:37
2017,"SAN ROMAN FLORES, IRENE",MOVISTAR ESTUDIANTES,422:00,26,16:13
2017,"MAJSTOROVIC, ANJA",QUESOS EL PASTOR,353:27,22,16:03
2017,"CALVO DIAZ, ANA BEGOÑA",STAR CENTER-UNI FERROL,416:44,26,16:01
2017,"AGIRRE MUÑOZ, ARRATE",LACTURALE ART ARASKI,367:00,23,15:57
2017,"ALIAGA ROMERO, LAURA",EMBUTIDOS PAJARIEL BEMBIBRE PD,412:09,26,15:51
2017,"PARDO HERVIAS, LAURA",LACTURALE ART ARASKI,335:31,22,15:15
2017,"ALMINAITE, KRISITINA",SPAR CITYLIFT GIRONA,377:09,26,14:30
2017,"DIEZ FERNANDEZ, NAIARA",LOINTEK GERNIKA BIZKAIA,358:11,26,13:46
2017,"CLARET GILABERTE, MARTA",SNATT´S FEMENÍ SANT ADRIÁ,340:58,25,13:38
2017,"DELGADO PONTES, MARINA",STAR CENTER-UNI FERROL,350:16,26,13:28
2017,"MARTIN LLAVERIA, MARIONA",NISSAN  AL-QÁZERES EXTREMADURA,350:03,26,13:27
2017,"CABRERA ARGUELLO, PATRICIA",STAR CENTER-UNI FERROL,335:43,26,12:54
2017,"LAHUERTA MENDOZA, IRENE",MANN-FILTER,322:13,26,12:23
2017,"LLOBET CODERCH, ITZIAR",SNATT´S FEMENÍ SANT ADRIÁ,316:54,26,12:11
2017,"ASTROM , ELLEN LOVISA",EMBUTIDOS PAJARIEL BEMBIBRE PD,311:08,26,11:58
2017,"SOLER SUAREZ, PATRICIA",MOVISTAR ESTUDIANTES,250:32,22,11:23
2017,"NDOYE, BINETA",EMBUTIDOS PAJARIEL BEMBIBRE PD,248:32,22,11:17
2017,"KOVACEVIC, BOJANA",SNATT´S FEMENÍ SANT ADRIÁ,244:58,23,10:39
2017,"CORRALES BOHOYO, ELENA",NISSAN  AL-QÁZERES EXTREMADURA,258:48,26,09:57
2017,"RODRIGUEZ NUÑEZ, CLARA",MOVISTAR ESTUDIANTES,214:01,22,09:43
2017,"IPARRAGUIRRE ALUSTIZA, SARA",IDK GIPUZKOA,189:13,20,09:27
2017,"LAZARO CASTILLERO, YAIZA",LOINTEK GERNIKA BIZKAIA,212:03,23,09:13
2017,"ARIZTIMUÑO LOPEZ , ITZIAR",LOINTEK GERNIKA BIZKAIA,201:35,22,09:09
2017,"ERAUNCETAMURGIL AYESTARAN, MARIA",IDK GIPUZKOA,169:11,20,08:27
2017,"MOLINUEVO GARCIA, CRISTINA",LACTURALE ART ARASKI,186:20,24,07:45
2017,"ROIG SOLER, LAURA",SPAR CITYLIFT GIRONA,124:11,16,07:45
2017,"VELASCO MARTIN, LAURA",MOVISTAR ESTUDIANTES,133:53,18,07:26
2017,"ROMERO GARRIDO, SILVIA",NISSAN  AL-QÁZERES EXTREMADURA,114:05,18,06:20
2017,"ESPARCIA OMEDAS, CAROLINA",MANN-FILTER,111:42,19,05:52
2017,"RODRIGUEZ DOMINGUEZ, NATALIA",STAR CENTER-UNI FERROL,108:30,21,05:10
2017,"ROMERO GARRIDO, MARÍA",NISSAN  AL-QÁZERES EXTREMADURA,65:05,16,04:04
2017,"ERAUNCETAMURGIL AYESTARAN, MARIA",IDK GIPUZKOA,169:11,20,08:27
2017,"MOLINUEVO GARCIA, CRISTINA",LACTURALE ART ARASKI,186:20,24,07:45
2017,"ROIG SOLER, LAURA",SPAR CITYLIFT GIRONA,124:11,16,07:45
2017,"VELASCO MARTIN, LAURA",MOVISTAR ESTUDIANTES,133:53,18,07:26
2017,"ROMERO GARRIDO, SILVIA",NISSAN  AL-QÁZERES EXTREMADURA,114:05,18,06:20
2017,"ESPARCIA OMEDAS, CAROLINA",MANN-FILTER,111:42,19,05:52
2017,"RODRIGUEZ DOMINGUEZ, NATALIA",STAR CENTER-UNI FERROL,108:30,21,05:10
2017,"ROMERO GARRIDO, MARÍA",NISSAN  AL-QÁZERES EXTREMADURA,65:05,16,04:04
2016,"OCETE CASTILLO, GABRIELA",IDK GIPUZKOA,119:27,3,39:49
2016,"SANCHEZ MARRUFO, BEATRIZ",STAR CENTER-UNI FERROL,194:10,5,38:50
2016,"ASURMENDI VILLAVERDE, MARIA DEL CARMEN",LOINTEK GERNIKA BIZKAIA,74:02,2,37:01
2016,"PEREZ ARAUJO, MARIA",STAR CENTER-UNI FERROL,185:01,5,37:00
2016,"PINA TOLOSA, MARIA",LOINTEK GERNIKA BIZKAIA,71:00,2,35:30
2016,"GOMES COLHADO, NADIA",IDK GIPUZKOA,97:12,3,32:24
2016,"JORDANA BOFILL, NOEMI",SPAR CITYLIFT GIRONA,157:15,5,31:27
2016,"DOMINGUEZ FERNANDEZ, SILVIA",PERFUMERIAS AVENIDA,155:49,5,31:09
2016,"MOKANGO, CHANEL MODIRI",LOINTEK GERNIKA BIZKAIA,61:45,2,30:52
2016,"GIVENS , KRISI TIJANA",PERFUMERIAS AVENIDA,152:06,5,30:25
2016,"MILOVANOVIC, JELENA",PERFUMERIAS AVENIDA,149:30,5,29:54
2016,"TUDANCA ACEDO, MARTA",LACTURALE ARASKI,119:07,4,29:46
2016,"SUAREZ UTRERO, ANA MARIA",STAR CENTER-UNI FERROL,148:30,5,29:42
2016,"ADURIZ HERNANI, ONINTZA",IDK GIPUZKOA,88:58,3,29:39
2016,"LIÑEIRA, MARIA CECILIA",LACTURALE ARASKI,118:33,4,29:38
2016,"FERRARI CALABRO, PAOLA ANDREA",IDK GIPUZKOA,59:16,2,29:38
2016,"IBEKWE, IFUNANYA DEBBIE",SPAR CITYLIFT GIRONA,117:14,4,29:18
2016,"BARBEE, SHACOBIA SHAUNTE",STAR CENTER-UNI FERROL,143:22,5,28:40
2016,"SPANOU, ARTEMIS",SPAR CITYLIFT GIRONA,141:13,5,28:14
2016,"BULGAK, ADUT ATEM",IDK GIPUZKOA,82:38,3,27:32
2016,"SILVA SERRANO , ROSELIS CAROLINA",LACTURALE ARASKI,107:17,4,26:49
2016,"RODRIGUEZ MANSO, LEONOR DEL PILAR",SPAR CITYLIFT GIRONA,133:46,5,26:45
2016,"CALVO DIAZ, ANA BEGOÑA",STAR CENTER-UNI FERROL,129:37,5,25:55
2016,"SANDRIC , ANTONIJA",LOINTEK GERNIKA BIZKAIA,51:43,2,25:51
2016,"BUCH ROSELL, ROSO",SPAR CITYLIFT GIRONA,128:14,5,25:38
2016,"ELONU, ADAORA NNENNA",PERFUMERIAS AVENIDA,122:20,5,24:28
2016,"GONZALEZ DUARTE , LARA",IDK GIPUZKOA,48:33,2,24:16
2016,"COULIBALY, NAIGNOUMA",SPAR CITYLIFT GIRONA,120:30,5,24:06
2016,"BEARD, ALANA MONIQUE",PERFUMERIAS AVENIDA,120:07,5,24:01
2016,"DE SOUZA MACHADO, ERIKA CRISTINA",PERFUMERIAS AVENIDA,116:34,5,23:18
2016,"SERRA PASTELLS, MARINA",SPAR CITYLIFT GIRONA,00:20,1,00:20
2016,"SERRA PASTELLS, MARINA",SPAR CITYLIFT GIRONA,00:20,1,00:20
2015,"CALVO DIAZ, ANA BEGOÑA",MANN-FILTER,25:15,2,12:37
2015,"LO SYLLA, NOGAYE",MANN-FILTER,19:49,2,09:54
2015,"LAHUERTA MENDOZA, IRENE",MANN-FILTER,08:07,2,04:03
2015,"PEDROSA GARCIA, ELENA",PERFUMERIAS AVENIDA,02:35,1,02:35
2015,"PIKCIUTE, LINA",SPAR CITYLIFT GIRONA,04:56,2,02:28
2015,"HERNANDEZ SANCHEZ, CLARA",PERFUMERIAS AVENIDA,03:48,2,01:54
2015,"CALVO DIAZ, ANA BEGOÑA",MANN-FILTER,25:15,2,12:37
2015,"LO SYLLA, NOGAYE",MANN-FILTER,19:49,2,09:54
2015,"LAHUERTA MENDOZA, IRENE",MANN-FILTER,08:07,2,04:03
2015,"PEDROSA GARCIA, ELENA",PERFUMERIAS AVENIDA,02:35,1,02:35
2015,"PIKCIUTE, LINA",SPAR CITYLIFT GIRONA,04:56,2,02:28
2015,"HERNANDEZ SANCHEZ, CLARA",PERFUMERIAS AVENIDA,03:48,2,01:54
2014,"CARBO COLOMA, ANNA",SPAR CITYLIFT GIRONA,30:16,3,10:05
2014,"TANNER, TYRESE LA SHAY",CADI LA SEU,30:07,3,10:02
2014,"STANACEV , ALEKSANDRA",C.B. CONQUERO HUELVA WAGEN,16:04,2,08:02
2014,"MONTAÑANA GIMENO, ANNA",PERFUMERIAS AVENIDA,03:39,1,03:39
2014,"SYLL , NDEYE AMY",CADI LA SEU,02:42,1,02:42
2014,"SOLER SUAREZ, PATRICIA",C.B. CONQUERO HUELVA WAGEN,02:24,1,02:24
2014,"MALLOU CEA, ARANTXA",C.B. CONQUERO HUELVA WAGEN,03:52,2,01:56
2014,"HERNANDEZ SANCHEZ, CLARA",PERFUMERIAS AVENIDA,01:12,1,01:12
2014,"LOPEZ TOBI, IHO",SPAR CITYLIFT GIRONA,01:02,1,01:02
2014,"RALUY ESPADA, NEREA",C.B. CONQUERO HUELVA WAGEN,01:02,1,01:02
2014,"ROS CUTRINAS, ELIA",SPAR CITYLIFT GIRONA,01:12,2,00:36
2014,"JODAR PORTAS, ANNA",SPAR CITYLIFT GIRONA,00:10,1,00:10
2014,"LOPEZ TOBI, IHO",SPAR CITYLIFT GIRONA,00:10,1,00:10
2014,"BOU LLOVERAS, EVA",SPAR CITYLIFT GIRONA,00:10,1,00:10
2014,"CARBO COLOMA, ANNA",SPAR CITYLIFT GIRONA,30:16,3,10:05
2014,"TANNER, TYRESE LA SHAY",CADI LA SEU,30:07,3,10:02
2014,"STANACEV , ALEKSANDRA",C.B. CONQUERO HUELVA WAGEN,16:04,2,08:02
2014,"MONTAÑANA GIMENO, ANNA",PERFUMERIAS AVENIDA,03:39,1,03:39
2014,"SYLL , NDEYE AMY",CADI LA SEU,02:42,1,02:42
2014,"SOLER SUAREZ, PATRICIA",C.B. CONQUERO HUELVA WAGEN,02:24,1,02:24
2014,"MALLOU CEA, ARANTXA",C.B. CONQUERO HUELVA WAGEN,03:52,2,01:56
2014,"HERNANDEZ SANCHEZ, CLARA",PERFUMERIAS AVENIDA,01:12,1,01:12
2014,"LOPEZ TOBI, IHO",SPAR CITYLIFT GIRONA,01:02,1,01:02
2014,"RALUY ESPADA, NEREA",C.B. CONQUERO HUELVA WAGEN,01:02,1,01:02
2014,"ROS CUTRINAS, ELIA",SPAR CITYLIFT GIRONA,01:12,2,00:36
2014,"JODAR PORTAS, ANNA",SPAR CITYLIFT GIRONA,00:10,1,00:10
2014,"LOPEZ TOBI, IHO",SPAR CITYLIFT GIRONA,00:10,1,00:10
2014,"BOU LLOVERAS, EVA",SPAR CITYLIFT GIRONA,00:10,1,00:10
2013,"GIMENO MARTINEZ, VEGA",RIVAS ECOPOLIS,38:27,3,12:49
2013,"THOMAS, KRYSTAL VICTORIA",PERFUMERIAS AVENIDA,60:45,5,12:09
2013,"QUEVEDO CAÑIZARES, LAURA",RIVAS ECOPOLIS,06:44,1,06:44
2013,"ABALDE DIAZ, TAMARA",PERFUMERIAS AVENIDA,18:03,3,06:01
2013,"ORTIZ VIVES, MARIONA",PERFUMERIAS AVENIDA,21:51,4,05:27
2013,"MUHATE PEÑA, CECILIA",RIVAS ECOPOLIS,04:02,1,04:02
2013,"HERMIDA HERRAEZ, MARTA",RIVAS ECOPOLIS,03:23,1,03:23
2013,"PEREZ NEGRIN , ZENAIDA",GRAN CANARIA 2014,02:17,1,02:17
2013,"TINEO HERNANDEZ, BLANCA CELIA",GRAN CANARIA 2014,02:17,1,02:17
2013,"GONZALEZ OGANDO, ALBA",EMBUTIDOS PAJARIEL BEMBIBRE PD,02:09,1,02:09
2013,"PINA TOLOSA, MARIA",PERFUMERIAS AVENIDA,01:52,1,01:52
2013,"CEREIJO MARTINEZ, SANDRA",EMBUTIDOS PAJARIEL BEMBIBRE PD,01:08,1,01:08
2013,"GIMENO MARTINEZ, VEGA",RIVAS ECOPOLIS,38:27,3,12:49
2013,"THOMAS, KRYSTAL VICTORIA",PERFUMERIAS AVENIDA,60:45,5,12:09
2013,"QUEVEDO CAÑIZARES, LAURA",RIVAS ECOPOLIS,06:44,1,06:44
2013,"ABALDE DIAZ, TAMARA",PERFUMERIAS AVENIDA,18:03,3,06:01
2013,"ORTIZ VIVES, MARIONA",PERFUMERIAS AVENIDA,21:51,4,05:27
2013,"MUHATE PEÑA, CECILIA",RIVAS ECOPOLIS,04:02,1,04:02
2013,"HERMIDA HERRAEZ, MARTA",RIVAS ECOPOLIS,03:23,1,03:23
2013,"PEREZ NEGRIN , ZENAIDA",GRAN CANARIA 2014,02:17,1,02:17
2013,"TINEO HERNANDEZ, BLANCA CELIA",GRAN CANARIA 2014,02:17,1,02:17
2013,"GONZALEZ OGANDO, ALBA",EMBUTIDOS PAJARIEL BEMBIBRE PD,02:09,1,02:09
2013,"PINA TOLOSA, MARIA",PERFUMERIAS AVENIDA,01:52,1,01:52
2013,"CEREIJO MARTINEZ, SANDRA",EMBUTIDOS PAJARIEL BEMBIBRE PD,01:08,1,01:08
2012,"HONTI, KATALIN",RIVAS ECOPOLIS,86:52,4,21:43
2012,"BRAVARD , CIERRA  NICHOLE",SPAR UNIGIRONA,103:40,5,20:44
2012,"KURASOVA, OLEKSANDRA",RIVAS ECOPOLIS,81:35,4,20:23
2012,"ORAVCOVA, ANDREA",CADI - ICG SOFTWARE,81:07,4,20:16
2012,"VAJDA, ANNA",RIVAS ECOPOLIS,78:59,4,19:44
2012,"BELD , MYRTHE BRIGIT MARIA",SPAR UNIGIRONA,88:44,5,17:44
2012,"FREIXANET VIEJO, JAEL",SPAR UNIGIRONA,88:38,5,17:43
2012,"NICHOLLS GONZALEZ, LAURA",RIVAS ECOPOLIS,70:02,4,17:30
2012,"SULCIUTE, EGLE",PERFUMERIAS AVENIDA,69:59,4,17:29
2012,"SARR, OUMOUL KHAIRY",SPAR UNIGIRONA,84:31,5,16:54
2012,"BOU LLOVERAS, EVA",SPAR UNIGIRONA,82:08,5,16:25
2012,"CUEVAS MEDIAVILLA, AITANA",BEROIL - CIUDAD DE BURGOS,32:23,2,16:11
2012,"REZAN, MARIJA",PERFUMERIAS AVENIDA,62:23,4,15:35
2012,"MONTAÑANA GIMENO, ANNA",PERFUMERIAS AVENIDA,15:09,1,15:09
2012,"MORRISON JARA, ZIOMARA ESKET",RIVAS ECOPOLIS,59:44,4,14:56
2012,"LLOBET CODERCH, ITZIAR",BEROIL - CIUDAD DE BURGOS,28:55,2,14:27
2012,"HERRERA SANTESTEBAN, RAQUEL",UNB OBENASA,42:14,3,14:04
2012,"FERRARI CALABRO, PAOLA ANDREA",PERFUMERIAS AVENIDA,54:23,4,13:35
2012,"ANTOJA ROVIRA, LAURA",PERFUMERIAS AVENIDA,54:12,4,13:33
2012,"PINA TOLOSA, MARIA",PERFUMERIAS AVENIDA,13:28,1,13:28
2012,"DIEZ FERNANDEZ, NAIARA",UNB OBENASA,40:04,3,13:21
2012,"BAHI BLANQUERA, GEORGINA",CADI - ICG SOFTWARE,50:39,4,12:39
2012,"PASCUA SUAREZ, MARÍA LUCILA",PERFUMERIAS AVENIDA,37:35,4,09:23
2012,"NIEDOLA, SABINE",CADI - ICG SOFTWARE,34:36,4,08:39
2012,"ROS CUTRINAS, ELIA",SPAR UNIGIRONA,06:40,1,06:40
2012,"TOGORES CARPINTERO, LUCIA",RIVAS ECOPOLIS,06:06,1,06:06
2012,"GURI MORENO, CLAUDIA",CADI - ICG SOFTWARE,04:08,1,04:08
2012,"ALONSO GARCIA, ANGELA",BEROIL - CIUDAD DE BURGOS,00:09,1,00:09
2012,"ELVIRA MOLINERO, ALICIA",BEROIL - CIUDAD DE BURGOS,00:09,1,00:09
2012,"HONTI, KATALIN",RIVAS ECOPOLIS,86:52,4,21:43
2012,"BRAVARD , CIERRA  NICHOLE",SPAR UNIGIRONA,103:40,5,20:44
2012,"KURASOVA, OLEKSANDRA",RIVAS ECOPOLIS,81:35,4,20:23
2012,"ORAVCOVA, ANDREA",CADI - ICG SOFTWARE,81:07,4,20:16
2012,"VAJDA, ANNA",RIVAS ECOPOLIS,78:59,4,19:44
2012,"BELD , MYRTHE BRIGIT MARIA",SPAR UNIGIRONA,88:44,5,17:44
2012,"FREIXANET VIEJO, JAEL",SPAR UNIGIRONA,88:38,5,17:43
2012,"NICHOLLS GONZALEZ, LAURA",RIVAS ECOPOLIS,70:02,4,17:30
2012,"SULCIUTE, EGLE",PERFUMERIAS AVENIDA,69:59,4,17:29
2012,"SARR, OUMOUL KHAIRY",SPAR UNIGIRONA,84:31,5,16:54
2012,"BOU LLOVERAS, EVA",SPAR UNIGIRONA,82:08,5,16:25
2012,"CUEVAS MEDIAVILLA, AITANA",BEROIL - CIUDAD DE BURGOS,32:23,2,16:11
2012,"REZAN, MARIJA",PERFUMERIAS AVENIDA,62:23,4,15:35
2012,"MONTAÑANA GIMENO, ANNA",PERFUMERIAS AVENIDA,15:09,1,15:09
2012,"MORRISON JARA, ZIOMARA ESKET",RIVAS ECOPOLIS,59:44,4,14:56
2012,"LLOBET CODERCH, ITZIAR",BEROIL - CIUDAD DE BURGOS,28:55,2,14:27
2012,"HERRERA SANTESTEBAN, RAQUEL",UNB OBENASA,42:14,3,14:04
2012,"FERRARI CALABRO, PAOLA ANDREA",PERFUMERIAS AVENIDA,54:23,4,13:35
2012,"ANTOJA ROVIRA, LAURA",PERFUMERIAS AVENIDA,54:12,4,13:33
2012,"PINA TOLOSA, MARIA",PERFUMERIAS AVENIDA,13:28,1,13:28
2012,"DIEZ FERNANDEZ, NAIARA",UNB OBENASA,40:04,3,13:21
2012,"BAHI BLANQUERA, GEORGINA",CADI - ICG SOFTWARE,50:39,4,12:39
2012,"PASCUA SUAREZ, MARÍA LUCILA",PERFUMERIAS AVENIDA,37:35,4,09:23
2012,"NIEDOLA, SABINE",CADI - ICG SOFTWARE,34:36,4,08:39
2012,"ROS CUTRINAS, ELIA",SPAR UNIGIRONA,06:40,1,06:40
2012,"TOGORES CARPINTERO, LUCIA",RIVAS ECOPOLIS,06:06,1,06:06
2012,"GURI MORENO, CLAUDIA",CADI - ICG SOFTWARE,04:08,1,04:08
2012,"ALONSO GARCIA, ANGELA",BEROIL - CIUDAD DE BURGOS,00:09,1,00:09
2012,"ELVIRA MOLINERO, ALICIA",BEROIL - CIUDAD DE BURGOS,00:09,1,00:09
2011,"YACOUBOU, ISABELLE",CIUDAD ROS CASARES VALENCIA,53:38,4,13:24
2011,"FEASTER, ALISON",PERFUMERIAS AVENIDA,53:34,4,13:23
2011,"SANCHEZ FERNANDEZ, ISABEL",PERFUMERIAS AVENIDA,53:31,4,13:22
2011,"GARCIA MATA, GEMA",RIVAS ECOPOLIS,22:43,2,11:21
2011,"PIRSIC, SANDRA",RIVAS ECOPOLIS,22:37,2,11:18
2011,"PASCUA SUAREZ, MARÍA LUCILA",PERFUMERIAS AVENIDA,24:46,3,08:15
2011,"RUANO ORIOLA, OLGA",GIRONA FC,13:40,2,06:50
2011,"FREIXANET VIEJO, JAEL",PERFUMERIAS AVENIDA,15:41,3,05:13
2011,"VALDEMORO MADARIAGA, AMAYA",RIVAS ECOPOLIS,10:01,2,05:00
2011,"HONTI, KATALIN",CIUDAD ROS CASARES VALENCIA,10:03,3,03:21
2011,"JOU COLL, CARLA",GIRONA FC,01:24,1,01:24
2011,"NAVARRO ALVAREZ, REBECA",PERFUMERIAS AVENIDA,01:20,1,01:20
2011,"CLARET GILABERTE, MARTA",GIRONA FC,00:48,1,00:48
2011,"YACOUBOU, ISABELLE",CIUDAD ROS CASARES VALENCIA,53:38,4,13:24
2011,"FEASTER, ALISON",PERFUMERIAS AVENIDA,53:34,4,13:23
2011,"SANCHEZ FERNANDEZ, ISABEL",PERFUMERIAS AVENIDA,53:31,4,13:22
2011,"GARCIA MATA, GEMA",RIVAS ECOPOLIS,22:43,2,11:21
2011,"PIRSIC, SANDRA",RIVAS ECOPOLIS,22:37,2,11:18
2011,"PASCUA SUAREZ, MARÍA LUCILA",PERFUMERIAS AVENIDA,24:46,3,08:15
2011,"RUANO ORIOLA, OLGA",GIRONA FC,13:40,2,06:50
2011,"FREIXANET VIEJO, JAEL",PERFUMERIAS AVENIDA,15:41,3,05:13
2011,"VALDEMORO MADARIAGA, AMAYA",RIVAS ECOPOLIS,10:01,2,05:00
2011,"HONTI, KATALIN",CIUDAD ROS CASARES VALENCIA,10:03,3,03:21
2011,"JOU COLL, CARLA",GIRONA FC,01:24,1,01:24
2011,"NAVARRO ALVAREZ, REBECA",PERFUMERIAS AVENIDA,01:20,1,01:20
2011,"CLARET GILABERTE, MARTA",GIRONA FC,00:48,1,00:48
2010,"CASAS CARRERAS, QUERALT",MANN FILTER ZARAGOZA,31:12,2,15:36
2010,"ROYO TORRES, MARIA ESTELA",MANN FILTER ZARAGOZA,26:51,2,13:25
2010,"MARTINEZ PRAT, NURIA",CIUDAD ROS CASARES VALENCIA,23:03,2,11:31
2010,"GIL COLLADO, LAURA",PERFUMERIAS AVENIDA,09:27,1,09:27
2010,"GIMENO MARTINEZ, VEGA",RIVAS ECOPOLIS,13:16,2,06:38
2010,"HERRERA BOXO, LAURA",RIVAS ECOPOLIS,06:24,1,06:24
2010,"XARGAY CASADEMONT, MARTA",PERFUMERIAS AVENIDA,11:22,2,05:41
2010,"SANCHEZ FERNANDEZ, ISABEL",PERFUMERIAS AVENIDA,10:55,2,05:27
2010,"CASAS CARRERAS, QUERALT",MANN FILTER ZARAGOZA,31:12,2,15:36
2010,"ROYO TORRES, MARIA ESTELA",MANN FILTER ZARAGOZA,26:51,2,13:25
2010,"MARTINEZ PRAT, NURIA",CIUDAD ROS CASARES VALENCIA,23:03,2,11:31
2010,"GIL COLLADO, LAURA",PERFUMERIAS AVENIDA,09:27,1,09:27
2010,"GIMENO MARTINEZ, VEGA",RIVAS ECOPOLIS,13:16,2,06:38
2010,"HERRERA BOXO, LAURA",RIVAS ECOPOLIS,06:24,1,06:24
2010,"XARGAY CASADEMONT, MARTA",PERFUMERIAS AVENIDA,11:22,2,05:41
2010,"SANCHEZ FERNANDEZ, ISABEL",PERFUMERIAS AVENIDA,10:55,2,05:27
2009,"LIMA GARCIA, CINDY ORQUIDEA",CIUDAD ROS CASARES VALENCIA,11:54,1,11:54
2009,"ROYO TORRES, MARIA ESTELA",MANN FILTER ZARAGOZA,21:44,2,10:52
2009,"XARGAY CASADEMONT, MARTA",PERFUMERIAS AVENIDA,41:31,4,10:22
2009,"GOMEZ IGUAL, ANNA",MANN FILTER ZARAGOZA,17:25,2,08:42
2009,"DRLJACA, LJUBICA",CIUDAD ROS CASARES VALENCIA,15:30,2,07:45
2009,"PODKOVALNIKOVA , OLGA",PERFUMERIAS AVENIDA,28:59,4,07:14
2009,"AGULLO PEREZ, CARLA",MANN FILTER ZARAGOZA,06:44,1,06:44
2009,"GARCIA PIÑERO, MARIA BEGOÑA",RIVAS ECOPOLIS,12:25,2,06:12
2009,"HAJDUNE CSASZAR, ANDREA",RIVAS ECOPOLIS,01:02,2,00:31
2009,"LIMA GARCIA, CINDY ORQUIDEA",CIUDAD ROS CASARES VALENCIA,11:54,1,11:54
2009,"ROYO TORRES, MARIA ESTELA",MANN FILTER ZARAGOZA,21:44,2,10:52
2009,"XARGAY CASADEMONT, MARTA",PERFUMERIAS AVENIDA,41:31,4,10:22
2009,"GOMEZ IGUAL, ANNA",MANN FILTER ZARAGOZA,17:25,2,08:42
2009,"DRLJACA, LJUBICA",CIUDAD ROS CASARES VALENCIA,15:30,2,07:45
2009,"PODKOVALNIKOVA , OLGA",PERFUMERIAS AVENIDA,28:59,4,07:14
2009,"AGULLO PEREZ, CARLA",MANN FILTER ZARAGOZA,06:44,1,06:44
2009,"GARCIA PIÑERO, MARIA BEGOÑA",RIVAS ECOPOLIS,12:25,2,06:12
2009,"HAJDUNE CSASZAR, ANDREA",RIVAS ECOPOLIS,01:02,2,00:31
2008,"SEGUI CARLES, PAULA",CB FEVE SAN JOSÉ,30:32,2,15:16
2008,"PEREZ CAPARROS, ROSA",CB FEVE SAN JOSÉ,26:53,2,13:26
2008,"PINA TOLOSA, MARIA",CB FEVE SAN JOSÉ,25:55,2,12:57
2008,"VECEROVA, IVANA",CIUDAD ROS CASARES,50:14,4,12:33
2008,"ARGÜELLO CUENCA, PATRICIA",CB FEVE SAN JOSÉ,21:34,2,10:47
2008,"ALAÑA SEGURA, SHEILA",PERFUMERIAS AVENIDA,10:00,1,10:00
2008,"HERNANDEZ ESTEBAN, SILVIA",RIVAS ECÓPOLIS,23:37,3,07:52
2008,"NAVARRETE TRUJILLO, MIREIA",PERFUMERIAS AVENIDA,13:22,2,06:41
2008,"SENRA PEREZ, SUSANA",RIVAS ECÓPOLIS,01:31,1,01:31
2008,"SEGUI CARLES, PAULA",CB FEVE SAN JOSÉ,30:32,2,15:16
2008,"PEREZ CAPARROS, ROSA",CB FEVE SAN JOSÉ,26:53,2,13:26
2008,"PINA TOLOSA, MARIA",CB FEVE SAN JOSÉ,25:55,2,12:57
2008,"VECEROVA, IVANA",CIUDAD ROS CASARES,50:14,4,12:33
2008,"ARGÜELLO CUENCA, PATRICIA",CB FEVE SAN JOSÉ,21:34,2,10:47
2008,"ALAÑA SEGURA, SHEILA",PERFUMERIAS AVENIDA,10:00,1,10:00
2008,"HERNANDEZ ESTEBAN, SILVIA",RIVAS ECÓPOLIS,23:37,3,07:52
2008,"NAVARRETE TRUJILLO, MIREIA",PERFUMERIAS AVENIDA,13:22,2,06:41
2008,"SENRA PEREZ, SUSANA",RIVAS ECÓPOLIS,01:31,1,01:31
2007,"DOMINGUEZ FERNANDEZ, SILVIA",PERFUMERIAS AVENIDA,63:42,6,10:37
2007,"BJELICA, MILKA",C. ROS CASARES VALENCIA,20:10,2,10:05
2007,"NAVARRO SALLES, LAURA",EBE PROMOCIONES SANTA EULALIAI,28:58,3,09:39
2007,"NAVARRETE TRUJILLO, MIREIA",EBE PROMOCIONES SANTA EULALIAI,27:42,3,09:14
2007,"JORDANA BOFILL, NOEMI",C. ROS CASARES VALENCIA,28:08,4,07:02
2007,"ALAÑA SEGURA, SHEILA",PERFUMERIAS AVENIDA,36:37,6,06:06
2007,"HERRADAS MARTIN, IRENE",EBE PROMOCIONES SANTA EULALIAI,10:48,2,05:24
2007,"LOPEZ VERDU, ALICIA",EBE PROMOCIONES SANTA EULALIAI,15:55,3,05:18
2007,"PERUCH, NADIA LILIANE MARIE",CLUB BALONCESTO SAN JOSÉ,02:38,1,02:38
2007,"GARCIA GARCIA, ALBA MARIA",CLUB BALONCESTO SAN JOSÉ,01:18,1,01:18
2007,"DOMINGUEZ FERNANDEZ, SILVIA",PERFUMERIAS AVENIDA,63:42,6,10:37
2007,"BJELICA, MILKA",C. ROS CASARES VALENCIA,20:10,2,10:05
2007,"NAVARRO SALLES, LAURA",EBE PROMOCIONES SANTA EULALIAI,28:58,3,09:39
2007,"NAVARRETE TRUJILLO, MIREIA",EBE PROMOCIONES SANTA EULALIAI,27:42,3,09:14
2007,"JORDANA BOFILL, NOEMI",C. ROS CASARES VALENCIA,28:08,4,07:02
2007,"ALAÑA SEGURA, SHEILA",PERFUMERIAS AVENIDA,36:37,6,06:06
2007,"HERRADAS MARTIN, IRENE",EBE PROMOCIONES SANTA EULALIAI,10:48,2,05:24
2007,"LOPEZ VERDU, ALICIA",EBE PROMOCIONES SANTA EULALIAI,15:55,3,05:18
2007,"PERUCH, NADIA LILIANE MARIE",CLUB BALONCESTO SAN JOSÉ,02:38,1,02:38
2007,"GARCIA GARCIA, ALBA MARIA",CLUB BALONCESTO SAN JOSÉ,01:18,1,01:18
2006,"REVUELTO SÁNCHEZ-AGUILERA, MARIA",ACIS INCOSA LEON,54:32,2,27:16
2006,"ABROMAITE, AGNE",EXTRUGASA,54:24,2,27:12
2006,"ZURRO ALFONSO, MARTA",ARRANZ-JOPISA BURGOS,107:55,4,26:58
2006,"BATTLE , ASHLEY MICHELLE",GRAN CANARIA,52:27,2,26:13
2006,"CRUZ LEBRATO, ANNA",ARRANZ-JOPISA BURGOS,104:29,4,26:07
2006,"ALAMO GONZALEZ, ELENA",GRAN CANARIA,51:28,2,25:44
2006,"CIOCAN, PAULA CRISTINA",ARRANZ-JOPISA BURGOS,100:12,4,25:03
2006,"DE SOUZA MACHADO, ERIKA CRISTINA",C. ROS CASARES VALENCIA,245:46,10,24:34
2006,"MOODY, MEGAN JANELLE",GRAN CANARIA,47:52,2,23:56
2006,"CAMPS COLLELL, LAURA",PERFUMERIAS AVENIDA,215:22,9,23:55
2006,"MUSOVIC, MILJANA",UB F.C BARCELONA,111:22,5,22:16
2006,"MONTESDEOCA LOPEZ, EVA",GRAN CANARIA,41:34,2,20:47
2006,"FEASTER, ALISON",C. ROS CASARES VALENCIA,192:37,10,19:15
2006,"GERMAN VELASCO, ICIAR",ARRANZ-JOPISA BURGOS,73:14,4,18:18
2006,"PEREZ CAPARROS, ROSA",UB F.C BARCELONA,88:38,5,17:43
2006,"ASURMENDI VILLAVERDE, MARIA DEL CARMEN",ARRANZ-JOPISA BURGOS,68:47,4,17:11
2006,"WECKER, KENDRA RENEE",UB F.C BARCELONA,84:00,5,16:48
2006,"QUINTERO CASTELLANO, THANIA",HONDARRIBIA-IRÚN,33:24,2,16:42
2006,"BLANCO BERNAL, SONIA",ARRANZ-JOPISA BURGOS,66:33,4,16:38
2006,"VALERO CEBRIAN, PILAR",GRAN CANARIA,32:15,2,16:07
2006,"JANSONE, LIENE",PERFUMERIAS AVENIDA,143:12,9,15:54
2006,"GALLEGO VICARIO, SANDRA",UB F.C BARCELONA,77:20,5,15:28
2006,"DYDEK, MARGO",C. ROS CASARES VALENCIA,150:24,10,15:02
2006,"GRANDE FLORES, LAURA",GRAN CANARIA,28:32,2,14:16
2006,"XANTAL SERRET, Mª DEL MAR",GRAN CANARIA,27:33,2,13:46
2006,"GULAK, PATRYCJA ANNA",ACIS INCOSA LEON,27:25,2,13:42
2006,"PETROVIC, SONJA",UB F.C BARCELONA,68:32,5,13:42
2006,"TAMANE, ZANE",UB F.C BARCELONA,67:14,5,13:26
2006,"LAAKSONEN, NIINA KAROLINA",GRAN CANARIA,26:36,2,13:18
2006,"HERRERA AREVALO, MIRIAM",EXTRUGASA,23:21,2,11:40
2006,"DENTI MUNTANE, AINA",GRAN CANARIA,22:06,2,11:03
2006,"SUAREZ UTRERO, ANA MARIA",HONDARRIBIA-IRÚN,20:40,2,10:20
2006,"GOMEZ SANDO, GERTRUDIS",EXTRUGASA,20:15,2,10:07
2006,"GINES GONZALEZ, MARTA",ACIS INCOSA LEON,19:35,2,09:47
2006,"FERRAGUT CASTILLO, MARINA",C. ROS CASARES VALENCIA,96:50,10,09:41
2006,"PIRSIC, SANDRA",UB F.C BARCELONA,38:37,4,09:39
2006,"HAJDUNE CSASZAR, ANDREA",HONDARRIBIA-IRÚN,18:22,2,09:11
2006,"NNINDJEM, AGATHE RACHEL",PERFUMERIAS AVENIDA,78:06,9,08:40
2006,"JORDANA BOFILL, NOEMI",C. ROS CASARES VALENCIA,74:22,9,08:15
2006,"VILLAR FERNANDEZ, IRIA",ARRANZ-JOPISA BURGOS,30:47,4,07:41
2006,"REVILLA FERNANDEZ, LETICIA",ARRANZ-JOPISA BURGOS,19:59,3,06:39
2006,"KNEZEVIC, ADRIJANA",PERFUMERIAS AVENIDA,12:11,4,03:02
2006,"MORENO ETXEBARRIA, NEREA",PERFUMERIAS AVENIDA,01:51,1,01:51
2006,"OLIVA MARTIN, NOELIA",PERFUMERIAS AVENIDA,03:02,2,01:31
2006,"BENET EDO, PATRICIA",C. ROS CASARES VALENCIA,04:13,3,01:24
2006,"DE BENAVIDES GABERNET, CARLA MARIA",C. ROS CASARES VALENCIA,01:18,2,00:39
2006,"DENTI MUNTANE, AINA",GRAN CANARIA,22:06,2,11:03
2006,"SUAREZ UTRERO, ANA MARIA",HONDARRIBIA-IRÚN,20:40,2,10:20
2006,"GOMEZ SANDO, GERTRUDIS",EXTRUGASA,20:15,2,10:07
2006,"GINES GONZALEZ, MARTA",ACIS INCOSA LEON,19:35,2,09:47
2006,"FERRAGUT CASTILLO, MARINA",C. ROS CASARES VALENCIA,96:50,10,09:41
2006,"PIRSIC, SANDRA",UB F.C BARCELONA,38:37,4,09:39
2006,"HAJDUNE CSASZAR, ANDREA",HONDARRIBIA-IRÚN,18:22,2,09:11
2006,"NNINDJEM, AGATHE RACHEL",PERFUMERIAS AVENIDA,78:06,9,08:40
2006,"JORDANA BOFILL, NOEMI",C. ROS CASARES VALENCIA,74:22,9,08:15
2006,"VILLAR FERNANDEZ, IRIA",ARRANZ-JOPISA BURGOS,30:47,4,07:41
2006,"REVILLA FERNANDEZ, LETICIA",ARRANZ-JOPISA BURGOS,19:59,3,06:39
2006,"KNEZEVIC, ADRIJANA",PERFUMERIAS AVENIDA,12:11,4,03:02
2006,"MORENO ETXEBARRIA, NEREA",PERFUMERIAS AVENIDA,01:51,1,01:51
2006,"OLIVA MARTIN, NOELIA",PERFUMERIAS AVENIDA,03:02,2,01:31
2006,"BENET EDO, PATRICIA",C. ROS CASARES VALENCIA,04:13,3,01:24
2006,"DE BENAVIDES GABERNET, CARLA MARIA",C. ROS CASARES VALENCIA,01:18,2,00:39
2005,"SALGADO SANCHEZ, IRENE",ACIS INCOSA LEON,07:36,1,07:36
2005,"COMPAÑ APARISI, VERONICA",ROS CASARES VALENCIA,14:54,2,07:27
2005,"TOMOVA, MILENA MITKOVA",PERFUMERIAS AVENIDA,13:35,2,06:47
2005,"SZAKACS, ILDIKO",CAJACANARIAS,12:35,2,06:17
2005,"SKRABALOVA, ZORA",ARRANZ-JOPISA BURGOS,05:34,1,05:34
2005,"LECOULTRE, DELPHINE ODETTE ANTOINETTE",ARRANZ-JOPISA BURGOS,05:32,1,05:32
2005,"MAKSIMOVIC, JELENA",ACIS INCOSA LEON,10:55,2,05:27
2005,"MORENO GARCIA, ANA M.",HONDARRIBIA-IRÚN,04:56,1,04:56
2005,"DYDEK, MARTA KRYSTYNA",USP CEU - ADECCO ESTUDIANTES,09:43,2,04:51
2005,"HERRERA LORENZO, LAURA",CAJACANARIAS,03:15,1,03:15
2005,"VEGA JORGE, ADARA",CAJACANARIAS,02:36,1,02:36
2005,"ALVAREZ PEREZ, LAURA",PERFUMERIAS AVENIDA,04:37,2,02:18
2005,"TURRION NIEVES, RAQUEL",PERFUMERIAS AVENIDA,02:15,1,02:15
2005,"SANCHEZ FUENTES, MARIA VICTORIA",PERFUMERIAS AVENIDA,02:15,1,02:15
2005,"GARCIA GARCIA, VANESA",USP CEU - ADECCO ESTUDIANTES,03:45,2,01:52
2005,"BURGUERA SANCHEZ, SABINA",CAJACANARIAS,01:23,1,01:23
2005,"GINES GONZALEZ, MARTA",ACIS INCOSA LEON,01:16,1,01:16
2005,"MORENO TRECEÑO, ESTHER",USP CEU - ADECCO ESTUDIANTES,00:15,1,00:15
2005,"SALGADO SANCHEZ, IRENE",ACIS INCOSA LEON,07:36,1,07:36
2005,"COMPAÑ APARISI, VERONICA",ROS CASARES VALENCIA,14:54,2,07:27
2005,"TOMOVA, MILENA MITKOVA",PERFUMERIAS AVENIDA,13:35,2,06:47
2005,"SZAKACS, ILDIKO",CAJACANARIAS,12:35,2,06:17
2005,"SKRABALOVA, ZORA",ARRANZ-JOPISA BURGOS,05:34,1,05:34
2005,"LECOULTRE, DELPHINE ODETTE ANTOINETTE",ARRANZ-JOPISA BURGOS,05:32,1,05:32
2005,"MAKSIMOVIC, JELENA",ACIS INCOSA LEON,10:55,2,05:27
2005,"MORENO GARCIA, ANA M.",HONDARRIBIA-IRÚN,04:56,1,04:56
2005,"DYDEK, MARTA KRYSTYNA",USP CEU - ADECCO ESTUDIANTES,09:43,2,04:51
2005,"HERRERA LORENZO, LAURA",CAJACANARIAS,03:15,1,03:15
2005,"VEGA JORGE, ADARA",CAJACANARIAS,02:36,1,02:36
2005,"ALVAREZ PEREZ, LAURA",PERFUMERIAS AVENIDA,04:37,2,02:18
2005,"TURRION NIEVES, RAQUEL",PERFUMERIAS AVENIDA,02:15,1,02:15
2005,"SANCHEZ FUENTES, MARIA VICTORIA",PERFUMERIAS AVENIDA,02:15,1,02:15
2005,"GARCIA GARCIA, VANESA",USP CEU - ADECCO ESTUDIANTES,03:45,2,01:52
2005,"BURGUERA SANCHEZ, SABINA",CAJACANARIAS,01:23,1,01:23
2005,"GINES GONZALEZ, MARTA",ACIS INCOSA LEON,01:16,1,01:16
2005,"MORENO TRECEÑO, ESTHER",USP CEU - ADECCO ESTUDIANTES,00:15,1,00:15
2005,"SALGADO SANCHEZ, IRENE",ACIS INCOSA LEON,07:36,1,07:36
2005,"COMPAÑ APARISI, VERONICA",ROS CASARES VALENCIA,14:54,2,07:27
2005,"TOMOVA, MILENA MITKOVA",PERFUMERIAS AVENIDA,13:35,2,06:47
2005,"SZAKACS, ILDIKO",CAJACANARIAS,12:35,2,06:17
2005,"SKRABALOVA, ZORA",ARRANZ-JOPISA BURGOS,05:34,1,05:34
2005,"LECOULTRE, DELPHINE ODETTE ANTOINETTE",ARRANZ-JOPISA BURGOS,05:32,1,05:32
2005,"MAKSIMOVIC, JELENA",ACIS INCOSA LEON,10:55,2,05:27
2005,"MORENO GARCIA, ANA M.",HONDARRIBIA-IRÚN,04:56,1,04:56
2005,"DYDEK, MARTA KRYSTYNA",USP CEU - ADECCO ESTUDIANTES,09:43,2,04:51
2005,"HERRERA LORENZO, LAURA",CAJACANARIAS,03:15,1,03:15
2005,"VEGA JORGE, ADARA",CAJACANARIAS,02:36,1,02:36
2005,"ALVAREZ PEREZ, LAURA",PERFUMERIAS AVENIDA,04:37,2,02:18
2005,"TURRION NIEVES, RAQUEL",PERFUMERIAS AVENIDA,02:15,1,02:15
2005,"SANCHEZ FUENTES, MARIA VICTORIA",PERFUMERIAS AVENIDA,02:15,1,02:15
2005,"GARCIA GARCIA, VANESA",USP CEU - ADECCO ESTUDIANTES,03:45,2,01:52
2005,"BURGUERA SANCHEZ, SABINA",CAJACANARIAS,01:23,1,01:23
2005,"GINES GONZALEZ, MARTA",ACIS INCOSA LEON,01:16,1,01:16
2005,"MORENO TRECEÑO, ESTHER",USP CEU - ADECCO ESTUDIANTES,00:15,1,00:15
2004,"LEWIS, TYNESHA",ACIS-SUFI LEON,350:43,13,26:58
2004,"BOONEN, DANA MONIQUE LOUIS",EXTRUGASA,684:55,26,26:20
2004,"TUURE, KAISA MARKETTA",YAYA MARIA BREOGAN,681:21,26,26:12
2004,"ALAMO GONZALEZ, ELENA",CAJACANARIAS,626:49,24,26:07
2004,"SÁNCHEZ LUJÁN, ROSAURA DEL CARMEN",ROS CASARES VALENCIA,675:10,26,25:58
2004,"MONTESDEOCA LOPEZ, EVA",CAJACANARIAS,668:57,26,25:43
2004,"LIMA GARCIA, CINDY ORQUIDEA",REAL CLUB CELTA VIGOURBAN,589:27,23,25:37
2004,"NNINDJEM, AGATHE RACHEL",ROS CASARES VALENCIA,329:56,13,25:22
2004,"MANDACHE, SIMINA ANDRA",EXTRUGASA,326:21,13,25:06
2004,"GALLEGO VICARIO, SANDRA",UNIVERSITAT DE BARCELONA - F.C,569:05,23,24:44
2004,"PONS MOLINA, INGRID",UNIVERSITAT DE BARCELONA - F.C,635:35,26,24:26
2004,"NIEUWVEEN, MARLOUS",CAJACANARIAS,626:16,26,24:05
2004,"KIRETA, SONJA",ROS CASARES VALENCIA,405:35,17,23:51
2004,"GARCIA MATA, GEMA",REAL CLUB CELTA VIGOURBAN,604:52,26,23:15
2004,"GOMEZ IGUAL, ANNA",C.B. PUIG D`EN VALLS SANTA EUL,593:31,26,22:49
2004,"PEREZ CAPARROS, ROSA",USP CEU - ADECCO ESTUDIANTES,565:13,26,21:44
2004,"GERMAN VELASCO, ICIAR",YAYA MARIA BREOGAN,499:45,23,21:43
2004,"DE SOUZA MACHADO, ERIKA CRISTINA",UNIVERSITAT DE BARCELONA - F.C,495:27,23,21:32
2004,"JORDANA BOFILL, NOEMI",ROS CASARES VALENCIA,553:36,26,21:17
2004,"PASCUA SUAREZ, MARÍA LUCILA",MANN FILTER ZARAGOZA,552:30,26,21:15
2004,"VAN MALDEREN, LAURENCE",ACIS-SUFI LEON,275:50,13,21:13
2004,"CEBRIAN SCHEURER, ELISABET",UNIVERSITAT DE BARCELONA - F.C,549:05,26,21:07
2004,"GINES GONZALEZ, MARTA",ARRANZ - JOPISA BURGOS,490:55,24,20:27
2004,"ZIMERLE, ANNA",ROS CASARES VALENCIA,505:57,25,20:14
2004,"GOMEZ FERREIROS, SARA",EXTRUGASA,524:22,26,20:10
2004,"BARLIN, NINA ELISABETH",YAYA MARIA BREOGAN,259:12,13,19:56
2004,"BORGES DOS REIS, SONIA",YAYA MARIA BREOGAN,254:27,13,19:34
2004,"POLLINI, CATARINA",ROS CASARES VALENCIA,327:03,17,19:14
2004,"BERGERON, EMMANUELLE SARAH SOPHIE",ARRANZ - JOPISA BURGOS,424:47,23,18:28
2004,"KÜHN, KATHARINA CHARLOTTA",ACIS-SUFI LEON,478:03,26,18:23
2004,"LEWIS, TYNESHA",ACIS-SUFI LEON,350:43,13,26:58
2004,"BOONEN, DANA MONIQUE LOUIS",EXTRUGASA,684:55,26,26:20
2004,"TUURE, KAISA MARKETTA",YAYA MARIA BREOGAN,681:21,26,26:12
2004,"ALAMO GONZALEZ, ELENA",CAJACANARIAS,626:49,24,26:07
2004,"SÁNCHEZ LUJÁN, ROSAURA DEL CARMEN",ROS CASARES VALENCIA,675:10,26,25:58
2004,"MONTESDEOCA LOPEZ, EVA",CAJACANARIAS,668:57,26,25:43
2004,"LIMA GARCIA, CINDY ORQUIDEA",REAL CLUB CELTA VIGOURBAN,589:27,23,25:37
2004,"NNINDJEM, AGATHE RACHEL",ROS CASARES VALENCIA,329:56,13,25:22
2004,"MANDACHE, SIMINA ANDRA",EXTRUGASA,326:21,13,25:06
2004,"GALLEGO VICARIO, SANDRA",UNIVERSITAT DE BARCELONA - F.C,569:05,23,24:44
2004,"PONS MOLINA, INGRID",UNIVERSITAT DE BARCELONA - F.C,635:35,26,24:26
2004,"NIEUWVEEN, MARLOUS",CAJACANARIAS,626:16,26,24:05
2004,"KIRETA, SONJA",ROS CASARES VALENCIA,405:35,17,23:51
2004,"GARCIA MATA, GEMA",REAL CLUB CELTA VIGOURBAN,604:52,26,23:15
2004,"GOMEZ IGUAL, ANNA",C.B. PUIG D`EN VALLS SANTA EUL,593:31,26,22:49
2004,"PEREZ CAPARROS, ROSA",USP CEU - ADECCO ESTUDIANTES,565:13,26,21:44
2004,"GERMAN VELASCO, ICIAR",YAYA MARIA BREOGAN,499:45,23,21:43
2004,"DE SOUZA MACHADO, ERIKA CRISTINA",UNIVERSITAT DE BARCELONA - F.C,495:27,23,21:32
2004,"JORDANA BOFILL, NOEMI",ROS CASARES VALENCIA,553:36,26,21:17
2004,"PASCUA SUAREZ, MARÍA LUCILA",MANN FILTER ZARAGOZA,552:30,26,21:15
2004,"VAN MALDEREN, LAURENCE",ACIS-SUFI LEON,275:50,13,21:13
2004,"CEBRIAN SCHEURER, ELISABET",UNIVERSITAT DE BARCELONA - F.C,549:05,26,21:07
2004,"GINES GONZALEZ, MARTA",ARRANZ - JOPISA BURGOS,490:55,24,20:27
2004,"ZIMERLE, ANNA",ROS CASARES VALENCIA,505:57,25,20:14
2004,"GOMEZ FERREIROS, SARA",EXTRUGASA,524:22,26,20:10
2004,"BARLIN, NINA ELISABETH",YAYA MARIA BREOGAN,259:12,13,19:56
2004,"BORGES DOS REIS, SONIA",YAYA MARIA BREOGAN,254:27,13,19:34
2004,"POLLINI, CATARINA",ROS CASARES VALENCIA,327:03,17,19:14
2004,"BERGERON, EMMANUELLE SARAH SOPHIE",ARRANZ - JOPISA BURGOS,424:47,23,18:28
2004,"KÜHN, KATHARINA CHARLOTTA",ACIS-SUFI LEON,478:03,26,18:23
2004,"JIMENEZ GALINDO, ANNA ISABEL",C.B. PUIG D`EN VALLS SANTA EUL,408:36,23,17:45
2004,"GILABERT AVANTE, MONTSERRAT",EXTRUGASA,434:37,25,17:23
2004,"GARCÍA SALINERO, LAURA",MOTIVA REAL CANOE N.C.,429:16,25,17:10
2004,"BERTAL, GERALDINE MARIE ROSE",ARRANZ - JOPISA BURGOS,383:58,23,16:41
2004,"SANCHEZ MUÑOZ, ALICIA",USP CEU - ADECCO ESTUDIANTES,333:03,20,16:39
2004,"FORNS ESCUDE, NURIA",USP CEU - ADECCO ESTUDIANTES,411:18,25,16:27
2004,"GARCIA TORRES, CRISTINA",UNIVERSITAT DE BARCELONA - F.C,408:46,25,16:21
2004,"ARDON, LESLIE",ACIS-SUFI LEON,210:25,13,16:11
2004,"LLAMAS PAJUELO, MARIA NIEVES",PERFUMERIAS AVENIDA,323:30,20,16:10
2004,"ANTON LOPEZ, MONTSERRAT",USP CEU - ADECCO ESTUDIANTES,381:45,24,15:54
2004,"GOMEZ IGLESIAS, REGINA",EXTRUGASA,374:10,24,15:35
2004,"ANTOJA ROVIRA, LAURA",UNIVERSITAT DE BARCELONA - F.C,364:38,24,15:11
2004,"FERRER PEREZ, ESTELA ROSA",ACIS-SUFI LEON,317:47,21,15:07
2004,"HERRERA AREVALO, MIRIAM",EXTRUGASA,329:17,23,14:19
2004,"MARCOS BENITO, BLANCA",PERFUMERIAS AVENIDA,332:54,25,13:18
2004,"SEGUI CARLES, PAULA",UNIVERSITAT DE BARCELONA - F.C,318:39,24,13:16
2004,"HAJDUNE CSASZAR, ANDREA",HONDARRIBIA - IRÚN,325:24,25,13:00
2004,"VILLAR FERNANDEZ, IRIA",C.B. PUIG D`EN VALLS SANTA EUL,337:51,26,12:59
2004,"LAAKSONEN, JENNI JANITA",C.B. PUIG D`EN VALLS SANTA EUL,328:38,26,12:38
2004,"QUINTERO CASTELLANO, THANIA",HONDARRIBIA - IRÚN,294:55,24,12:17
2004,"YGUERAVIDE VIANA, SANDRA",PERFUMERIAS AVENIDA,296:17,25,11:51
2004,"ARAMBURU GARAYALDE, LEIRE",HONDARRIBIA - IRÚN,291:00,25,11:38
2004,"DENTI MUNTANE, AINA",EXTRUGASA,244:26,21,11:38
2004,"CRUZ LEBRATO, ANNA",UNIVERSITAT DE BARCELONA - F.C,185:00,16,11:33
2004,"ROYO TORRES, MARIA ESTELA",MANN FILTER ZARAGOZA,288:55,25,11:33
2004,"CASTRILLO VILLANUEVA, SARA",ACIS-SUFI LEON,205:42,20,10:17
2004,"DELGADO DIAZ-GUEMES, RAQUEL",HONDARRIBIA - IRÚN,234:45,25,09:23
2004,"MARTIN MERINO, BLANCA",YAYA MARIA BREOGAN,167:42,18,09:19
2004,"ALAÑA SEGURA, SHEILA",REAL CLUB CELTA VIGOURBAN,140:39,16,08:47
2004,"BJORKLUND, JOHANNA HELENA",PERFUMERIAS AVENIDA,111:21,13,08:33
2004,"BOLEDA COLET, ANNA",ACIS-SUFI LEON,140:36,18,07:48
2004,"PARDO VAZQUEZ, MARIA DEL CARMEN",USP CEU - ADECCO ESTUDIANTES,115:35,15,07:42
2004,"BARRANCO CASTILLO, ROSA MARIA",MANN FILTER ZARAGOZA,107:30,17,06:19
2004,"RAMIRO DIAZ, NURIA MARIA",ACIS-SUFI LEON,121:19,21,05:46
2004,"BOLEDA COLET, ANNA",ACIS-SUFI LEON,140:36,18,07:48
2004,"PARDO VAZQUEZ, MARIA DEL CARMEN",USP CEU - ADECCO ESTUDIANTES,115:35,15,07:42
2004,"BARRANCO CASTILLO, ROSA MARIA",MANN FILTER ZARAGOZA,107:30,17,06:19
2004,"RAMIRO DIAZ, NURIA MARIA",ACIS-SUFI LEON,121:19,21,05:46
2003,"PALOMARES VALIENTE, PAULA",USP CEU - ADECCO ESTUDIANTES,78:00,2,39:00
2003,"STARBIRD, CATHARINE EVELYN",USP CEU - ADECCO ESTUDIANTES,76:00,2,38:00
2003,"PELAEZ SAN GIL, LOURDES",P.C. MENDIBIL,150:00,4,37:30
2003,"PALAU ALTES, LAIA",UNIVERSITAT DE BARCELONA - F.C,150:00,4,37:30
2003,"---, MURRIEL",P.C. MENDIBIL,149:00,4,37:15
2003,"BLANCO BERNAL, SONIA",USP CEU - ADECCO ESTUDIANTES,74:00,2,37:00
2003,"NOLAN, DEANNA NICOLE",MANN FILTER ZARAGOZA,73:00,2,36:30
2003,"CEBRIAN SCHEURER, ELISABET",USP CEU - ADECCO ESTUDIANTES,73:00,2,36:30
2003,"MARTINEZ PRAT, NURIA",PERFUMERIAS AVENIDA,108:00,3,36:00
2003,"GARCIA PIÑERO, MARIA BEGOÑA",MANN FILTER ZARAGOZA,72:00,2,36:00
2003,"CANTERO OSTOS, CRISTINA",REAL CLUB CELTA BANCO SIMEON,71:00,2,35:30
2003,"TORNIKIDOU TORNIKIDOU, ELENA",P.C. MENDIBIL,141:00,4,35:15
2003,"PODRUG, EMILIJA",REAL CLUB CELTA BANCO SIMEON,69:00,2,34:30
2003,"CUNNINGHAN, DAVALYN",YAYA MARIA BREOGAN,172:00,5,34:24
2003,"SANCHEZ FERNANDEZ, ISABEL",UNIVERSITAT DE BARCELONA - F.C,136:00,4,34:00
2003,"TUUKKANEN, TARU TELLERVO",PERFUMERIAS AVENIDA,100:00,3,33:20
2003,"GALLEGO VICARIO, SANDRA",UNIVERSITAT DE BARCELONA - F.C,130:00,4,32:30
2003,"VALERO CEBRIAN, PILAR",MANN FILTER ZARAGOZA,65:00,2,32:30
2003,"HAMCHETOU, MAIGA",YAYA MARIA BREOGAN,162:00,5,32:24
2003,"VALDEMORO MADARIAGA, AMAYA",ROS CASARES VALENCIA,128:00,4,32:00
2003,"DAPO, AMRA",PERFUMERIAS AVENIDA,94:00,3,31:20
2003,"ARAMBURU GARAYALDE, LEIRE",P.C. MENDIBIL,125:00,4,31:15
2003,"CONGREAVES, ANDREA FIONA",UNIVERSITAT DE BARCELONA - F.C,125:00,4,31:15
2003,"AGUILAR LOPEZ , ELISA",ROS CASARES VALENCIA,124:00,4,31:00
2003,"HERNANDEZ ESTEBAN, SILVIA",USP CEU - ADECCO ESTUDIANTES,61:00,2,30:30
2003,"CASTRO MARQUES, IZIANE",PERFUMERIAS AVENIDA,90:00,3,30:00
2003,"FALLON, TRISHA NICOLE",ROS CASARES VALENCIA,118:00,4,29:30
2003,"BLAHUSKOVA, LUCIE",REAL CLUB CELTA BANCO SIMEON,59:00,2,29:30
2003,"JORDANA BOFILL, NOEMI",REAL CLUB CELTA BANCO SIMEON,57:00,2,28:30
2003,"FERRAGUT CASTILLO, MARINA",PERFUMERIAS AVENIDA,85:00,3,28:20
2003,"VIEIRA FREITAS, CARLA SOFIA",YAYA MARIA BREOGAN,46:00,5,09:12
2003,"ROVIRA RODRIGUEZ, MARIA DEL MAR",UNIVERSITAT DE BARCELONA - F.C,35:00,4,08:45
2003,"JUANES HERNANDEZ, YOLANDA",PERFUMERIAS AVENIDA,15:00,2,07:30
2003,"NAVARRO LLORCA, CANDIDA",P.C. MENDIBIL,25:00,4,06:15
2003,"CHECA JIMENO, MARIA TERESA",UNIVERSITAT DE BARCELONA - F.C,04:00,1,04:00
2003,"SMOLKA CABEZAS, EVA",ROS CASARES VALENCIA,08:00,2,04:00
2003,"PEÑA ARTEAGA, ANA BELEN",P.C. MENDIBIL,10:00,3,03:20
2003,"PRIETO RODRÍGUEZ, PAOLA",PERFUMERIAS AVENIDA,03:00,1,03:00
2003,"---, ITZIAR GERMAN VELASCO",ROS CASARES VALENCIA,02:00,1,02:00
2003,"SECO SALVADOR, TERESA",MANN FILTER ZARAGOZA,02:00,1,02:00
2003,"MESA SANCHEZ, SILVIA",UNIVERSITAT DE BARCELONA - F.C,02:00,1,02:00
2003,"MERCADAL ESCOLANO, PAOLA",MANN FILTER ZARAGOZA,04:00,2,02:00
2003,"ALAÑA SEGURA, SHEILA",REAL CLUB CELTA BANCO SIMEON,02:00,1,02:00
2003,"RIVERES ESPARZA, PATRICIA",MANN FILTER ZARAGOZA,01:00,1,01:00
2003,"---, Mª JESUS FERNANDEZ ALVAREZ",YAYA MARIA BREOGAN,01:00,1,01:00
2003,"VIEIRA FREITAS, CARLA SOFIA",YAYA MARIA BREOGAN,46:00,5,09:12
2003,"ROVIRA RODRIGUEZ, MARIA DEL MAR",UNIVERSITAT DE BARCELONA - F.C,35:00,4,08:45
2003,"JUANES HERNANDEZ, YOLANDA",PERFUMERIAS AVENIDA,15:00,2,07:30
2003,"NAVARRO LLORCA, CANDIDA",P.C. MENDIBIL,25:00,4,06:15
2003,"CHECA JIMENO, MARIA TERESA",UNIVERSITAT DE BARCELONA - F.C,04:00,1,04:00
2003,"SMOLKA CABEZAS, EVA",ROS CASARES VALENCIA,08:00,2,04:00
2003,"PEÑA ARTEAGA, ANA BELEN",P.C. MENDIBIL,10:00,3,03:20
2003,"PRIETO RODRÍGUEZ, PAOLA",PERFUMERIAS AVENIDA,03:00,1,03:00
2003,"---, ITZIAR GERMAN VELASCO",ROS CASARES VALENCIA,02:00,1,02:00
2003,"SECO SALVADOR, TERESA",MANN FILTER ZARAGOZA,02:00,1,02:00
2003,"MESA SANCHEZ, SILVIA",UNIVERSITAT DE BARCELONA - F.C,02:00,1,02:00
2003,"MERCADAL ESCOLANO, PAOLA",MANN FILTER ZARAGOZA,04:00,2,02:00
2003,"ALAÑA SEGURA, SHEILA",REAL CLUB CELTA BANCO SIMEON,02:00,1,02:00
2003,"RIVERES ESPARZA, PATRICIA",MANN FILTER ZARAGOZA,01:00,1,01:00
2003,"---, Mª JESUS FERNANDEZ ALVAREZ",YAYA MARIA BREOGAN,01:00,1,01:00
2002,"MIRCHANDANI VILLAR, LIDIA",ROS CASARES VALENCIA,28:00,4,07:00
2002,"AHIJADO REYERO, MAR",C.B. CIUDAD DE BURGOS,06:00,1,06:00
2002,"MORRO LOPEZ, SARA",C.B. PUIG D`EN VALLS SANTA EUL,06:00,1,06:00
2002,"CASTAÑO BUJANDA, ESTIBALIZ",C.B. CIUDAD DE BURGOS,06:00,1,06:00
2002,"ROYO TORRES, MARIA ESTELA",FILTROS MANN ZARAGOZA,06:00,1,06:00
2002,"NAVARRO VIERA, YASMINA",CAJA RURAL DE CANARIAS,05:00,1,05:00
2002,"SOTO FERNÁNDEZ, MARÍA VICTORIA",C.B. CIUDAD DE BURGOS,10:00,2,05:00
2002,"MERCADAL ESCOLANO, PAOLA",FILTROS MANN ZARAGOZA,12:00,3,04:00
2002,"LLAMAS PAJUELO, MARIA NIEVES",ROS CASARES VALENCIA,03:00,1,03:00
2002,"YGUERAVIDE VIANA, SANDRA",ROS CASARES VALENCIA,02:00,1,02:00
2002,"CARRERA PEREZ, ANDREA",REAL CLUB CELTA BANCO SIMEON,03:00,2,01:30
2002,"ABREU ESCORCIO, DEBORA",UNIVERSITAT DE BARCELONA - F.C,01:00,1,01:00
2002,"MIRCHANDANI VILLAR, LIDIA",ROS CASARES VALENCIA,28:00,4,07:00
2002,"AHIJADO REYERO, MAR",C.B. CIUDAD DE BURGOS,06:00,1,06:00
2002,"MORRO LOPEZ, SARA",C.B. PUIG D`EN VALLS SANTA EUL,06:00,1,06:00
2002,"CASTAÑO BUJANDA, ESTIBALIZ",C.B. CIUDAD DE BURGOS,06:00,1,06:00
2002,"ROYO TORRES, MARIA ESTELA",FILTROS MANN ZARAGOZA,06:00,1,06:00
2002,"NAVARRO VIERA, YASMINA",CAJA RURAL DE CANARIAS,05:00,1,05:00
2002,"SOTO FERNÁNDEZ, MARÍA VICTORIA",C.B. CIUDAD DE BURGOS,10:00,2,05:00
2002,"MERCADAL ESCOLANO, PAOLA",FILTROS MANN ZARAGOZA,12:00,3,04:00
2002,"LLAMAS PAJUELO, MARIA NIEVES",ROS CASARES VALENCIA,03:00,1,03:00
2002,"YGUERAVIDE VIANA, SANDRA",ROS CASARES VALENCIA,02:00,1,02:00
2002,"CARRERA PEREZ, ANDREA",REAL CLUB CELTA BANCO SIMEON,03:00,2,01:30
2002,"ABREU ESCORCIO, DEBORA",UNIVERSITAT DE BARCELONA - F.C,01:00,1,01:00
2002,"MIRCHANDANI VILLAR, LIDIA",ROS CASARES VALENCIA,28:00,4,07:00
2002,"AHIJADO REYERO, MAR",C.B. CIUDAD DE BURGOS,06:00,1,06:00
2002,"MORRO LOPEZ, SARA",C.B. PUIG D`EN VALLS SANTA EUL,06:00,1,06:00
2002,"CASTAÑO BUJANDA, ESTIBALIZ",C.B. CIUDAD DE BURGOS,06:00,1,06:00
2002,"ROYO TORRES, MARIA ESTELA",FILTROS MANN ZARAGOZA,06:00,1,06:00
2002,"NAVARRO VIERA, YASMINA",CAJA RURAL DE CANARIAS,05:00,1,05:00
2002,"SOTO FERNÁNDEZ, MARÍA VICTORIA",C.B. CIUDAD DE BURGOS,10:00,2,05:00
2002,"MERCADAL ESCOLANO, PAOLA",FILTROS MANN ZARAGOZA,12:00,3,04:00
2002,"LLAMAS PAJUELO, MARIA NIEVES",ROS CASARES VALENCIA,03:00,1,03:00
2002,"YGUERAVIDE VIANA, SANDRA",ROS CASARES VALENCIA,02:00,1,02:00
2002,"CARRERA PEREZ, ANDREA",REAL CLUB CELTA BANCO SIMEON,03:00,2,01:30
2002,"ABREU ESCORCIO, DEBORA",UNIVERSITAT DE BARCELONA - F.C,01:00,1,01:00
2001,"RAMIREZ RODRIGUEZ, NEREIDA",YAYA MARIA BREOGAN,19:00,2,09:30
2001,"GESTEIRA FERNANDEZ, LIDIA",ROS CASARES VALENCIA,38:00,4,09:30
2001,"PIQUE SOLE, MERITXELL",CADI LA SEU D´URGELL,18:00,2,09:00
2001,"BEZOS MARTÍNEZ, EMMA",HALCON VIAJES,17:00,2,08:30
2001,"VILLAR FERNANDEZ, IRIA",REAL CLUB CELTA BANCO SIMEON,40:00,5,08:00
2001,"MARTINEZ PRAT, ROSER",UNIVERSITAT DE BARCELONA B.F.,08:00,1,08:00
2001,"RIVERES ESPARZA, PATRICIA",FILTROS MANN ZARAGOZA,20:00,3,06:40
2001,"LOPEZ VERDU, ALICIA",ROS CASARES VALENCIA,19:00,3,06:20
2001,"LUCENA BREA, VICTORIA",YAYA MARIA BREOGAN,06:00,1,06:00
2001,"SALGADO SANCHEZ, IRENE",YAYA MARIA BREOGAN,12:00,2,06:00
2001,"CARRERA PEREZ, ANDREA",REAL CLUB CELTA BANCO SIMEON,04:00,1,04:00
2001,"LIMA GARCIA, CINDY ORQUIDEA",REAL CLUB CELTA BANCO SIMEON,11:00,3,03:40
2001,"GOMEZ NOVO, MARIA ARANZAZU",YAYA MARIA BREOGAN,07:00,2,03:30
2001,"MONTESDEOCA LÓPEZ, EVA",CAJA RURAL DE CANARIAS,06:00,2,03:00
2001,"BOONEN, DANA MONIQUE LOUIS",ROS CASARES VALENCIA,09:00,3,03:00
2001,"ALAMO GONZALEZ, ELENA MARIA",CAJA RURAL DE CANARIAS,09:00,3,03:00
2001,"MIGUEL MORO, MARIA",HALCON VIAJES,05:00,2,02:30
2001,"---, DAYZA",CAJA RURAL DE CANARIAS,02:00,1,02:00
2001,"FORNS ESCUDE, NURIA",UNIVERSITAT DE BARCELONA B.F.,01:00,1,01:00
2001,"RAMIREZ RODRIGUEZ, NEREIDA",YAYA MARIA BREOGAN,19:00,2,09:30
2001,"GESTEIRA FERNANDEZ, LIDIA",ROS CASARES VALENCIA,38:00,4,09:30
2001,"PIQUE SOLE, MERITXELL",CADI LA SEU D´URGELL,18:00,2,09:00
2001,"BEZOS MARTÍNEZ, EMMA",HALCON VIAJES,17:00,2,08:30
2001,"VILLAR FERNANDEZ, IRIA",REAL CLUB CELTA BANCO SIMEON,40:00,5,08:00
2001,"MARTINEZ PRAT, ROSER",UNIVERSITAT DE BARCELONA B.F.,08:00,1,08:00
2001,"RIVERES ESPARZA, PATRICIA",FILTROS MANN ZARAGOZA,20:00,3,06:40
2001,"LOPEZ VERDU, ALICIA",ROS CASARES VALENCIA,19:00,3,06:20
2001,"LUCENA BREA, VICTORIA",YAYA MARIA BREOGAN,06:00,1,06:00
2001,"SALGADO SANCHEZ, IRENE",YAYA MARIA BREOGAN,12:00,2,06:00
2001,"CARRERA PEREZ, ANDREA",REAL CLUB CELTA BANCO SIMEON,04:00,1,04:00
2001,"LIMA GARCIA, CINDY ORQUIDEA",REAL CLUB CELTA BANCO SIMEON,11:00,3,03:40
2001,"GOMEZ NOVO, MARIA ARANZAZU",YAYA MARIA BREOGAN,07:00,2,03:30
2001,"MONTESDEOCA LÓPEZ, EVA",CAJA RURAL DE CANARIAS,06:00,2,03:00
2001,"BOONEN, DANA MONIQUE LOUIS",ROS CASARES VALENCIA,09:00,3,03:00
2001,"ALAMO GONZALEZ, ELENA MARIA",CAJA RURAL DE CANARIAS,09:00,3,03:00
2001,"MIGUEL MORO, MARIA",HALCON VIAJES,05:00,2,02:30
2001,"---, DAYZA",CAJA RURAL DE CANARIAS,02:00,1,02:00
2001,"FORNS ESCUDE, NURIA",UNIVERSITAT DE BARCELONA B.F.,01:00,1,01:00
2001,"RAMIREZ RODRIGUEZ, NEREIDA",YAYA MARIA BREOGAN,19:00,2,09:30
2001,"GESTEIRA FERNANDEZ, LIDIA",ROS CASARES VALENCIA,38:00,4,09:30
2001,"PIQUE SOLE, MERITXELL",CADI LA SEU D´URGELL,18:00,2,09:00
2001,"BEZOS MARTÍNEZ, EMMA",HALCON VIAJES,17:00,2,08:30
2001,"VILLAR FERNANDEZ, IRIA",REAL CLUB CELTA BANCO SIMEON,40:00,5,08:00
2001,"MARTINEZ PRAT, ROSER",UNIVERSITAT DE BARCELONA B.F.,08:00,1,08:00
2001,"RIVERES ESPARZA, PATRICIA",FILTROS MANN ZARAGOZA,20:00,3,06:40
2001,"LOPEZ VERDU, ALICIA",ROS CASARES VALENCIA,19:00,3,06:20
2001,"LUCENA BREA, VICTORIA",YAYA MARIA BREOGAN,06:00,1,06:00
2001,"SALGADO SANCHEZ, IRENE",YAYA MARIA BREOGAN,12:00,2,06:00
2001,"CARRERA PEREZ, ANDREA",REAL CLUB CELTA BANCO SIMEON,04:00,1,04:00
2001,"LIMA GARCIA, CINDY ORQUIDEA",REAL CLUB CELTA BANCO SIMEON,11:00,3,03:40
2001,"GOMEZ NOVO, MARIA ARANZAZU",YAYA MARIA BREOGAN,07:00,2,03:30
2001,"MONTESDEOCA LÓPEZ, EVA",CAJA RURAL DE CANARIAS,06:00,2,03:00
2001,"BOONEN, DANA MONIQUE LOUIS",ROS CASARES VALENCIA,09:00,3,03:00
2001,"ALAMO GONZALEZ, ELENA MARIA",CAJA RURAL DE CANARIAS,09:00,3,03:00
2001,"MIGUEL MORO, MARIA",HALCON VIAJES,05:00,2,02:30
2001,"---, DAYZA",CAJA RURAL DE CANARIAS,02:00,1,02:00
2001,"FORNS ESCUDE, NURIA",UNIVERSITAT DE BARCELONA B.F.,01:00,1,01:00
2000,"HERNÁNDEZ NOVILLO, MARÍA ANTONIA",B. CIUDAD DE BURGOS,10:00,2,05:00
2000,"RAMIREZ RODRIGUEZ, NEREIDA",ENSINO YAYA MARIA,05:00,1,05:00
2000,"QUINTERO CASTELLANO, THANIA",SANDRA GRAN CANARIA,04:00,1,04:00
2000,"SEGUI CARLES, PAULA",UNIVERSITAT DE BARCELONA,16:00,4,04:00
2000,"BARRIOS PEINADO, NATALIA",B. CIUDAD DE BURGOS,11:00,3,03:40
2000,"---, ---",ROS CASARES,06:00,2,03:00
2000,"BARGALLO DIAZ, MIREIA",UNIVERSITAT DE BARCELONA,07:00,3,02:20
2000,"ALAÑA SEGURA, SHEILA",ROS CASARES,03:00,2,01:30
2000,"FERNÁNDEZ VILLAMARÍN, LETICIA",ENSINO YAYA MARIA,01:00,1,01:00
2000,"REQUENA GIL, MARIA",ROS CASARES,02:00,2,01:00
2000,"NUÑEZ RODRIGUEZ, VIRGINIA",SALAMANCA HALCON VIAJES,01:00,1,01:00
2000,"HERNÁNDEZ NOVILLO, MARÍA ANTONIA",B. CIUDAD DE BURGOS,10:00,2,05:00
2000,"RAMIREZ RODRIGUEZ, NEREIDA",ENSINO YAYA MARIA,05:00,1,05:00
2000,"QUINTERO CASTELLANO, THANIA",SANDRA GRAN CANARIA,04:00,1,04:00
2000,"SEGUI CARLES, PAULA",UNIVERSITAT DE BARCELONA,16:00,4,04:00
2000,"BARRIOS PEINADO, NATALIA",B. CIUDAD DE BURGOS,11:00,3,03:40
2000,"---, ---",ROS CASARES,06:00,2,03:00
2000,"BARGALLO DIAZ, MIREIA",UNIVERSITAT DE BARCELONA,07:00,3,02:20
2000,"ALAÑA SEGURA, SHEILA",ROS CASARES,03:00,2,01:30
2000,"FERNÁNDEZ VILLAMARÍN, LETICIA",ENSINO YAYA MARIA,01:00,1,01:00
2000,"REQUENA GIL, MARIA",ROS CASARES,02:00,2,01:00
2000,"NUÑEZ RODRIGUEZ, VIRGINIA",SALAMANCA HALCON VIAJES,01:00,1,01:00
2000,"HERNÁNDEZ NOVILLO, MARÍA ANTONIA",B. CIUDAD DE BURGOS,10:00,2,05:00
2000,"RAMIREZ RODRIGUEZ, NEREIDA",ENSINO YAYA MARIA,05:00,1,05:00
2000,"QUINTERO CASTELLANO, THANIA",SANDRA GRAN CANARIA,04:00,1,04:00
2000,"SEGUI CARLES, PAULA",UNIVERSITAT DE BARCELONA,16:00,4,04:00
2000,"BARRIOS PEINADO, NATALIA",B. CIUDAD DE BURGOS,11:00,3,03:40
2000,"---, ---",ROS CASARES,06:00,2,03:00
2000,"BARGALLO DIAZ, MIREIA",UNIVERSITAT DE BARCELONA,07:00,3,02:20
2000,"ALAÑA SEGURA, SHEILA",ROS CASARES,03:00,2,01:30
2000,"FERNÁNDEZ VILLAMARÍN, LETICIA",ENSINO YAYA MARIA,01:00,1,01:00
2000,"REQUENA GIL, MARIA",ROS CASARES,02:00,2,01:00
2000,"NUÑEZ RODRIGUEZ, VIRGINIA",SALAMANCA HALCON VIAJES,01:00,1,01:00
1999,"ALAMO GONZALEZ, ELENA",SANDRA GRAN CANARIA,08:00,1,08:00
1999,"RODRIGUEZ TOLEDO, ORANDA",C.D. ENSINO,15:00,2,07:30
1999,"MONJE HERNANDEZ, BLANCA",C.D. ENSINO,15:00,2,07:30
1999,"FERRER ADELANTADO, MARIA TERESA",POPULAR BASQUET GODELLA,07:00,1,07:00
1999,"BISETTI RODRIGUEZ, LUISA",R.CLUB CELTA BANCO SIMEON,12:00,2,06:00
1999,"URQUIJO ALAMO, PATRICIA",SANDRA GRAN CANARIA,05:00,1,05:00
1999,"RAMIRO DIAZ, NURIA MARIA",C.D. ENSINO,07:00,2,03:30
1999,"VILLAR FERNANDEZ, IRIA",R.CLUB CELTA BANCO SIMEON,03:00,1,03:00
1999,"MONTESDEOCA LOPEZ, EVA",SANDRA GRAN CANARIA,03:00,1,03:00
1999,"NAVARRETE TRUJILLO, MIREIA",R.CLUB CELTA BANCO SIMEON,03:00,1,03:00
1999,"GARCIA FERNANDEZ, BELEN",C.D. ENSINO,01:00,1,01:00
1999,"ALAMO GONZALEZ, ELENA",SANDRA GRAN CANARIA,08:00,1,08:00
1999,"RODRIGUEZ TOLEDO, ORANDA",C.D. ENSINO,15:00,2,07:30
1999,"MONJE HERNANDEZ, BLANCA",C.D. ENSINO,15:00,2,07:30
1999,"FERRER ADELANTADO, MARIA TERESA",POPULAR BASQUET GODELLA,07:00,1,07:00
1999,"BISETTI RODRIGUEZ, LUISA",R.CLUB CELTA BANCO SIMEON,12:00,2,06:00
1999,"URQUIJO ALAMO, PATRICIA",SANDRA GRAN CANARIA,05:00,1,05:00
1999,"RAMIRO DIAZ, NURIA MARIA",C.D. ENSINO,07:00,2,03:30
1999,"VILLAR FERNANDEZ, IRIA",R.CLUB CELTA BANCO SIMEON,03:00,1,03:00
1999,"MONTESDEOCA LOPEZ, EVA",SANDRA GRAN CANARIA,03:00,1,03:00
1999,"NAVARRETE TRUJILLO, MIREIA",R.CLUB CELTA BANCO SIMEON,03:00,1,03:00
1999,"GARCIA FERNANDEZ, BELEN",C.D. ENSINO,01:00,1,01:00
1998,"NAVARRETE TRUJILLO, MIREIA",BANCO SIMEON,03:00,1,03:00
1998,"DOBARRO LOPEZ, ARACELI",ENSINO,02:00,1,02:00
1998,"VALVERDE HERNANDEZ, MARTA",HALCON VIAJES,01:00,1,01:00
1998,"MERILLAS LOPEZ, ELSA",ENSINO,02:00,2,01:00
1998,"DELGADO MORALES, MARIA DEL PILAR",HALCON VIAJES,01:00,1,01:00
1998,"NAVARRETE TRUJILLO, MIREIA",BANCO SIMEON,03:00,1,03:00
1998,"DOBARRO LOPEZ, ARACELI",ENSINO,02:00,1,02:00
1998,"VALVERDE HERNANDEZ, MARTA",HALCON VIAJES,01:00,1,01:00
1998,"MERILLAS LOPEZ, ELSA",ENSINO,02:00,2,01:00
1998,"DELGADO MORALES, MARIA DEL PILAR",HALCON VIAJES,01:00,1,01:00
1997,"KOSTIC, TANJA NATASA",POOL GETAFE,33:00,4,08:15
1997,"MONTESDEOCA LOPEZ, EVA",SANDRA G. CANARIA,07:00,1,07:00
1997,"URQUIJO ALAMO, PATRICIA",SANDRA G. CANARIA,14:00,2,07:00
1997,"GUERRA TALAVERA, TARINA MARIA",SANDRA G. CANARIA,12:00,2,06:00
1997,"NAVARRO VIERA, YASMINA",SANDRA G. CANARIA,05:00,1,05:00
1997,"PEÑA LESMES, SANDRA",UNIVERSITARI,04:00,1,04:00
1997,"RODRIGUEZ AVILA, BLANCA",POOL GETAFE,06:00,2,03:00
1997,"GARCIA MARTIN, ALICIA",BANCO SIMEON,04:00,2,02:00
1997,"KOSTIC, TANJA NATASA",POOL GETAFE,33:00,4,08:15
1997,"MONTESDEOCA LOPEZ, EVA",SANDRA G. CANARIA,07:00,1,07:00
1997,"URQUIJO ALAMO, PATRICIA",SANDRA G. CANARIA,14:00,2,07:00
1997,"GUERRA TALAVERA, TARINA MARIA",SANDRA G. CANARIA,12:00,2,06:00
1997,"NAVARRO VIERA, YASMINA",SANDRA G. CANARIA,05:00,1,05:00
1997,"PEÑA LESMES, SANDRA",UNIVERSITARI,04:00,1,04:00
1997,"RODRIGUEZ AVILA, BLANCA",POOL GETAFE,06:00,2,03:00
1997,"GARCIA MARTIN, ALICIA",BANCO SIMEON,04:00,2,02:00
