Temporada,Jugador,Equipo,Tot,Part,Med
2024,"DOMINGUEZ FERNANDEZ, SILVIA",PERFUMERIAS AVENIDA,8 / 10,4,80
2024,"SANCHEZ RAMOS PEREDA, ALBA",BAXI FERROL,3 / 4,2,75
2024,"AYUSO BAGUR, AINA",HOZONO GLOBAL JAIRIS,10 / 14,2,"71,43"
2024,"LOPEZ RODRIGUEZ, AINHOA",SPAR GIRONA,9 / 13,4,"69,23"
2024,"BANASZAK, LILIANA ALEKSANDRA",MOVISTAR ESTUDIANTES,4 / 6,2,"66,67"
2024,"FLOREZ GETINO, ALICIA",VALENCIA B.C.,2 / 3,5,"66,67"
2024,"FRASER, BRIANNA ASHAKI",CASADEMONT ZARAGOZA,13 / 20,2,65
2024,"COULIBALY, MARIAM ALOU",CLUB JOVENTUT BADALONA,14 / 22,2,"63,64"
2024,"PIERRE LOUIS, VIONISE ARON'S",SPAR GIRONA,17 / 27,4,"62,96"
2024,"FINGALL, NADIA ANGELIQUE",VALENCIA B.C.,13 / 21,5,"61,9"
2024,"MASSEY, BILLIE KIM",HOZONO GLOBAL JAIRIS,6 / 10,2,60
2024,"BURA, PATRICIA",MOVISTAR ESTUDIANTES,3 / 5,2,60
2024,"GUERRERO ALCANTARA, CAROLINA",SPAR GIRONA,11 / 19,4,"57,89"
2024,"HRISTOVA, BORISLAVA",SPAR GIRONA,20 / 35,4,"57,14"
2024,"MARTIN CARRION, IYANA",PERFUMERIAS AVENIDA,12 / 21,4,"57,14"
2024,"POSPÍŠILOVÁ, JULIE",BAXI FERROL,9 / 16,2,"56,25"
2024,"CARRERA QUINTANA, RAQUEL",VALENCIA B.C.,15 / 27,5,"55,56"
2024,"ALEXANDER, KAYLA JANINE",VALENCIA B.C.,24 / 44,5,"54,55"
2024,"CAMILION CUCCARO, JUANA",MOVISTAR ESTUDIANTES,6 / 11,2,"54,55"
2024,"KONE , SIKA",PERFUMERIAS AVENIDA,21 / 39,4,"53,85"
2024,"MAVUNGA, TAFADZWA STEPHANIE PAULA",VALENCIA B.C.,9 / 17,5,"52,94"
2024,"ORTIZ VIVES, MARIONA",CASADEMONT ZARAGOZA,21 / 41,5,"51,22"
2024,"CANELLA RODRIGUEZ, MARTA",SPAR GIRONA,8 / 16,4,50
2024,"DELAERE, ANTONIA LAURA A.",PERFUMERIAS AVENIDA,5 / 10,4,50
2024,"SANTIBAÑEZ HERRERO, INES",CLUB JOVENTUT BADALONA,4 / 8,2,50
2024,"JOINER, MOIRA MACY",BAXI FERROL,4 / 8,2,50
2024,"GRAY, RESHANDA JACQUETA",HOZONO GLOBAL JAIRIS,4 / 8,2,50
2024,"ROMERO GONZALEZ, LETICIA",VALENCIA B.C.,3 / 6,3,50
2024,"TOPUZOVIC, KRISTINA",MOVISTAR ESTUDIANTES,3 / 6,1,50
2024,"RAMETTE, ELISE CLAUDINE",CLUB JOVENTUT BADALONA,3 / 6,2,50
2024,"MANÉ, MARIE",CASADEMONT ZARAGOZA,2 / 7,5,"28,57"
2024,"JANKOVIC, MASA",PERFUMERIAS AVENIDA,1 / 4,4,25
2024,"MENENDEZ TORRES, CARLOTA",BAXI FERROL,1 / 4,2,25
2024,"HOLESINSKA, PETRA",HOZONO GLOBAL JAIRIS,1 / 4,2,25
2024,"LATORRE ALCANTARA, ISABEL",MOVISTAR ESTUDIANTES,2 / 9,2,"22,22"
2024,"YGUERAVIDE VIANA, SANDRA",SPAR GIRONA,3 / 14,4,"21,43"
2024,"VENNEMA, IRIS",CLUB JOVENTUT BADALONA,1 / 6,2,"16,67"
2024,"SALVADORES ALVAREZ, ANGELA",MOVISTAR ESTUDIANTES,1 / 7,2,"14,29"
2024,"ELDEBRINK, FRIDA",HOZONO GLOBAL JAIRIS,1 / 9,2,"11,11"
2024,"VILARO ARAGONES, ANDREA",PERFUMERIAS AVENIDA,1 / 10,4,10
2024,"GINZO ARANTES, PAULA",HOZONO GLOBAL JAIRIS,0 / 4,2,0
2024,"GELDOF, SERENA LYNN PETRA",CLUB JOVENTUT BADALONA,0 / 4,2,0
2024,"MANÉ, MARIE",CASADEMONT ZARAGOZA,2 / 7,5,"28,57"
2024,"JANKOVIC, MASA",PERFUMERIAS AVENIDA,1 / 4,4,25
2024,"MENENDEZ TORRES, CARLOTA",BAXI FERROL,1 / 4,2,25
2024,"HOLESINSKA, PETRA",HOZONO GLOBAL JAIRIS,1 / 4,2,25
2024,"LATORRE ALCANTARA, ISABEL",MOVISTAR ESTUDIANTES,2 / 9,2,"22,22"
2024,"YGUERAVIDE VIANA, SANDRA",SPAR GIRONA,3 / 14,4,"21,43"
2024,"VENNEMA, IRIS",CLUB JOVENTUT BADALONA,1 / 6,2,"16,67"
2024,"SALVADORES ALVAREZ, ANGELA",MOVISTAR ESTUDIANTES,1 / 7,2,"14,29"
2024,"ELDEBRINK, FRIDA",HOZONO GLOBAL JAIRIS,1 / 9,2,"11,11"
2024,"VILARO ARAGONES, ANDREA",PERFUMERIAS AVENIDA,1 / 10,4,10
2024,"GINZO ARANTES, PAULA",HOZONO GLOBAL JAIRIS,0 / 4,2,0
2024,"GELDOF, SERENA LYNN PETRA",CLUB JOVENTUT BADALONA,0 / 4,2,0
2023,"WHALEN, ERIN PATRICIA",IDK EUSKOTREN,2 / 9,2,"22,22"
2023,"CARTER, ARICA DERRIS",PERFUMERIAS AVENIDA,4 / 20,6,20
2023,"MENDEZ CAMPS, LAURA",MOVISTAR ESTUDIANTES,2 / 11,2,"18,18"
2023,"HOLESINSKA, PETRA",CASADEMONT ZARAGOZA,2 / 12,4,"16,67"
2023,"REMBISZEWSKA, AMALIA",HOZONO GLOBAL JAIRIS,1 / 6,2,"16,67"
2023,"BISHOP, ABBY KATE",HOZONO GLOBAL JAIRIS,1 / 8,2,"12,5"
2023,"TORRENS SALOM, ALBA",VALENCIA B.C.,1 / 8,4,"12,5"
2023,"VILARO ARAGONES, ANDREA",PERFUMERIAS AVENIDA,0 / 11,6,0
2023,"POINTER, KHAYLA NICOLE",CASADEMONT ZARAGOZA,0 / 3,3,0
2023,"WHALEN, ERIN PATRICIA",IDK EUSKOTREN,2 / 9,2,"22,22"
2023,"CARTER, ARICA DERRIS",PERFUMERIAS AVENIDA,4 / 20,6,20
2023,"MENDEZ CAMPS, LAURA",MOVISTAR ESTUDIANTES,2 / 11,2,"18,18"
2023,"HOLESINSKA, PETRA",CASADEMONT ZARAGOZA,2 / 12,4,"16,67"
2023,"REMBISZEWSKA, AMALIA",HOZONO GLOBAL JAIRIS,1 / 6,2,"16,67"
2023,"BISHOP, ABBY KATE",HOZONO GLOBAL JAIRIS,1 / 8,2,"12,5"
2023,"TORRENS SALOM, ALBA",VALENCIA B.C.,1 / 8,4,"12,5"
2023,"VILARO ARAGONES, ANDREA",PERFUMERIAS AVENIDA,0 / 11,6,0
2023,"POINTER, KHAYLA NICOLE",CASADEMONT ZARAGOZA,0 / 3,3,0
2023,"WHALEN, ERIN PATRICIA",IDK EUSKOTREN,2 / 9,2,"22,22"
2023,"CARTER, ARICA DERRIS",PERFUMERIAS AVENIDA,4 / 20,6,20
2023,"MENDEZ CAMPS, LAURA",MOVISTAR ESTUDIANTES,2 / 11,2,"18,18"
2023,"HOLESINSKA, PETRA",CASADEMONT ZARAGOZA,2 / 12,4,"16,67"
2023,"REMBISZEWSKA, AMALIA",HOZONO GLOBAL JAIRIS,1 / 6,2,"16,67"
2023,"BISHOP, ABBY KATE",HOZONO GLOBAL JAIRIS,1 / 8,2,"12,5"
2023,"TORRENS SALOM, ALBA",VALENCIA B.C.,1 / 8,4,"12,5"
2023,"VILARO ARAGONES, ANDREA",PERFUMERIAS AVENIDA,0 / 11,6,0
2023,"POINTER, KHAYLA NICOLE",CASADEMONT ZARAGOZA,0 / 3,3,0
2022,"SPREAFICO, LAURA",LOINTEK GERNIKA BIZKAIA,2 / 7,2,"28,57"
2022,"GRANDE PARDO, CARMEN",CASADEMONT ZARAGOZA,3 / 11,4,"27,27"
2022,"TATE, IMANI TY LEAH",CASADEMONT ZARAGOZA,6 / 23,4,"26,09"
2022,"BURA, PATRICIA",LOINTEK GERNIKA BIZKAIA,1 / 4,2,25
2022,"ESPIN DE SANCHO, MARIA",MOVISTAR ESTUDIANTES,1 / 4,2,25
2022,"FLORES COSTA, LAIA",SPAR GIRONA,1 / 4,2,25
2022,"ERAUNCETAMURGIL AYESTARAN, MARIA",MOVISTAR ESTUDIANTES,3 / 14,2,"21,43"
2022,"BROTONS PASCUAL, MONTSERRAT",CADI LA SEU,1 / 7,2,"14,29"
2022,"MASSEY, BECKY ERNA",MOVISTAR ESTUDIANTES,1 / 8,2,"12,5"
2022,"PALENIKOVA, TEREZIA",SPAR GIRONA,0 / 6,2,0
2022,"KOVACEVIC, BOJANA",CADI LA SEU,0 / 4,2,0
2022,"MENDEZ CAMPS, LAURA",MOVISTAR ESTUDIANTES,0 / 4,2,0
2022,"RAMETTE, ELISE CLAUDINE",CADI LA SEU,0 / 3,2,0
2022,"MOLLENHAUER, ALEXANDRA JOY",MOVISTAR ESTUDIANTES,0 / 3,2,0
2022,"SPREAFICO, LAURA",LOINTEK GERNIKA BIZKAIA,2 / 7,2,"28,57"
2022,"GRANDE PARDO, CARMEN",CASADEMONT ZARAGOZA,3 / 11,4,"27,27"
2022,"TATE, IMANI TY LEAH",CASADEMONT ZARAGOZA,6 / 23,4,"26,09"
2022,"BURA, PATRICIA",LOINTEK GERNIKA BIZKAIA,1 / 4,2,25
2022,"ESPIN DE SANCHO, MARIA",MOVISTAR ESTUDIANTES,1 / 4,2,25
2022,"FLORES COSTA, LAIA",SPAR GIRONA,1 / 4,2,25
2022,"ERAUNCETAMURGIL AYESTARAN, MARIA",MOVISTAR ESTUDIANTES,3 / 14,2,"21,43"
2022,"BROTONS PASCUAL, MONTSERRAT",CADI LA SEU,1 / 7,2,"14,29"
2022,"MASSEY, BECKY ERNA",MOVISTAR ESTUDIANTES,1 / 8,2,"12,5"
2022,"PALENIKOVA, TEREZIA",SPAR GIRONA,0 / 6,2,0
2022,"KOVACEVIC, BOJANA",CADI LA SEU,0 / 4,2,0
2022,"MENDEZ CAMPS, LAURA",MOVISTAR ESTUDIANTES,0 / 4,2,0
2022,"RAMETTE, ELISE CLAUDINE",CADI LA SEU,0 / 3,2,0
2022,"MOLLENHAUER, ALEXANDRA JOY",MOVISTAR ESTUDIANTES,0 / 3,2,0
2022,"SPREAFICO, LAURA",LOINTEK GERNIKA BIZKAIA,2 / 7,2,"28,57"
2022,"GRANDE PARDO, CARMEN",CASADEMONT ZARAGOZA,3 / 11,4,"27,27"
2022,"TATE, IMANI TY LEAH",CASADEMONT ZARAGOZA,6 / 23,4,"26,09"
2022,"BURA, PATRICIA",LOINTEK GERNIKA BIZKAIA,1 / 4,2,25
2022,"ESPIN DE SANCHO, MARIA",MOVISTAR ESTUDIANTES,1 / 4,2,25
2022,"FLORES COSTA, LAIA",SPAR GIRONA,1 / 4,2,25
2022,"ERAUNCETAMURGIL AYESTARAN, MARIA",MOVISTAR ESTUDIANTES,3 / 14,2,"21,43"
2022,"BROTONS PASCUAL, MONTSERRAT",CADI LA SEU,1 / 7,2,"14,29"
2022,"MASSEY, BECKY ERNA",MOVISTAR ESTUDIANTES,1 / 8,2,"12,5"
2022,"PALENIKOVA, TEREZIA",SPAR GIRONA,0 / 6,2,0
2022,"KOVACEVIC, BOJANA",CADI LA SEU,0 / 4,2,0
2022,"MENDEZ CAMPS, LAURA",MOVISTAR ESTUDIANTES,0 / 4,2,0
2022,"RAMETTE, ELISE CLAUDINE",CADI LA SEU,0 / 3,2,0
2022,"MOLLENHAUER, ALEXANDRA JOY",MOVISTAR ESTUDIANTES,0 / 3,2,0
2021,"CALHOUN, SIERRA LASHE",CASADEMONT ZARAGOZA,3 / 16,2,"18,75"
2021,"GINZO ARANTES, PAULA",LOINTEK GERNIKA BIZKAIA,2 / 11,2,"18,18"
2021,"BRCANINOVIC, MELISA",LOINTEK GERNIKA BIZKAIA,1 / 7,2,"14,29"
2021,"CRUZ LEBRATO, ANNA",CASADEMONT ZARAGOZA,1 / 8,2,"12,5"
2021,"FLORES COSTA, LAIA",SPAR GIRONA,1 / 15,4,"6,67"
2021,"ESPIN DE SANCHO, MARIA",MOVISTAR ESTUDIANTES,0 / 8,2,0
2021,"PEREZ ARAUJO, MARIA",SPAR GIRONA,0 / 6,4,0
2021,"DIAZ CASTELLANO, YURENA",IDK EUSKOTREN,0 / 3,2,0
2021,"CALHOUN, SIERRA LASHE",CASADEMONT ZARAGOZA,3 / 16,2,"18,75"
2021,"GINZO ARANTES, PAULA",LOINTEK GERNIKA BIZKAIA,2 / 11,2,"18,18"
2021,"BRCANINOVIC, MELISA",LOINTEK GERNIKA BIZKAIA,1 / 7,2,"14,29"
2021,"CRUZ LEBRATO, ANNA",CASADEMONT ZARAGOZA,1 / 8,2,"12,5"
2021,"FLORES COSTA, LAIA",SPAR GIRONA,1 / 15,4,"6,67"
2021,"ESPIN DE SANCHO, MARIA",MOVISTAR ESTUDIANTES,0 / 8,2,0
2021,"PEREZ ARAUJO, MARIA",SPAR GIRONA,0 / 6,4,0
2021,"DIAZ CASTELLANO, YURENA",IDK EUSKOTREN,0 / 3,2,0
2021,"CALHOUN, SIERRA LASHE",CASADEMONT ZARAGOZA,3 / 16,2,"18,75"
2021,"GINZO ARANTES, PAULA",LOINTEK GERNIKA BIZKAIA,2 / 11,2,"18,18"
2021,"BRCANINOVIC, MELISA",LOINTEK GERNIKA BIZKAIA,1 / 7,2,"14,29"
2021,"CRUZ LEBRATO, ANNA",CASADEMONT ZARAGOZA,1 / 8,2,"12,5"
2021,"FLORES COSTA, LAIA",SPAR GIRONA,1 / 15,4,"6,67"
2021,"ESPIN DE SANCHO, MARIA",MOVISTAR ESTUDIANTES,0 / 8,2,0
2021,"PEREZ ARAUJO, MARIA",SPAR GIRONA,0 / 6,4,0
2021,"DIAZ CASTELLANO, YURENA",IDK EUSKOTREN,0 / 3,2,0
2020,"BETTENCOURT CORREIA, MARIA JOAO",CIUDAD DE LA LAGUNA TENERIFE,1 / 3,2,"33,33"
2020,"OCETE CASTILLO, GABRIELA",CIUDAD DE LA LAGUNA TENERIFE,2 / 7,2,"28,57"
2020,"KONE , SIKA",SPAR GRAN CANARIA,2 / 8,2,25
2020,"PINA TOLOSA, MARIA",VALENCIA B.C.,1 / 4,5,25
2020,"BRITO HERNANDEZ, CARLA",SPAR GRAN CANARIA,1 / 4,2,25
2020,"MONTENEGRO SANTANA, RITA ESTHER",CIUDAD DE LA LAGUNA TENERIFE,1 / 5,2,20
2020,"VAN DEN ADEL, NATALIE ISABELLE",DURÁN MAQUINARIA ENSINO,1 / 5,2,20
2020,"BURANI, AGOSTINA PAOLA",MOVISTAR ESTUDIANTES,1 / 5,2,20
2020,"JUSKAITE, LAURA",VALENCIA B.C.,1 / 5,7,20
2020,"BJORKLUND, ANGELA DEANNE",LOINTEK GERNIKA BIZKAIA,2 / 12,4,"16,67"
2020,"FERRARI CALABRO, PAOLA ANDREA",SPAR GIRONA,1 / 6,4,"16,67"
2020,"IVANOVIC, MILICA",LOINTEK GERNIKA BIZKAIA,1 / 6,4,"16,67"
2020,"STANACEV , ALEKSANDRA",DURÁN MAQUINARIA ENSINO,1 / 7,2,"14,29"
2020,"ESPAÑA ALMENDRO, MARIA",SPAR GRAN CANARIA,1 / 8,2,"12,5"
2020,"GRANDE PARDO, CARMEN",MOVISTAR ESTUDIANTES,0 / 5,2,0
2020,"BETTENCOURT CORREIA, MARIA JOAO",CIUDAD DE LA LAGUNA TENERIFE,1 / 3,2,"33,33"
2020,"OCETE CASTILLO, GABRIELA",CIUDAD DE LA LAGUNA TENERIFE,2 / 7,2,"28,57"
2020,"KONE , SIKA",SPAR GRAN CANARIA,2 / 8,2,25
2020,"PINA TOLOSA, MARIA",VALENCIA B.C.,1 / 4,5,25
2020,"BRITO HERNANDEZ, CARLA",SPAR GRAN CANARIA,1 / 4,2,25
2020,"MONTENEGRO SANTANA, RITA ESTHER",CIUDAD DE LA LAGUNA TENERIFE,1 / 5,2,20
2020,"VAN DEN ADEL, NATALIE ISABELLE",DURÁN MAQUINARIA ENSINO,1 / 5,2,20
2020,"BURANI, AGOSTINA PAOLA",MOVISTAR ESTUDIANTES,1 / 5,2,20
2020,"JUSKAITE, LAURA",VALENCIA B.C.,1 / 5,7,20
2020,"BJORKLUND, ANGELA DEANNE",LOINTEK GERNIKA BIZKAIA,2 / 12,4,"16,67"
2020,"FERRARI CALABRO, PAOLA ANDREA",SPAR GIRONA,1 / 6,4,"16,67"
2020,"IVANOVIC, MILICA",LOINTEK GERNIKA BIZKAIA,1 / 6,4,"16,67"
2020,"STANACEV , ALEKSANDRA",DURÁN MAQUINARIA ENSINO,1 / 7,2,"14,29"
2020,"ESPAÑA ALMENDRO, MARIA",SPAR GRAN CANARIA,1 / 8,2,"12,5"
2020,"GRANDE PARDO, CARMEN",MOVISTAR ESTUDIANTES,0 / 5,2,0
2020,"BETTENCOURT CORREIA, MARIA JOAO",CIUDAD DE LA LAGUNA TENERIFE,1 / 3,2,"33,33"
2020,"OCETE CASTILLO, GABRIELA",CIUDAD DE LA LAGUNA TENERIFE,2 / 7,2,"28,57"
2020,"KONE , SIKA",SPAR GRAN CANARIA,2 / 8,2,25
2020,"PINA TOLOSA, MARIA",VALENCIA B.C.,1 / 4,5,25
2020,"BRITO HERNANDEZ, CARLA",SPAR GRAN CANARIA,1 / 4,2,25
2020,"MONTENEGRO SANTANA, RITA ESTHER",CIUDAD DE LA LAGUNA TENERIFE,1 / 5,2,20
2020,"VAN DEN ADEL, NATALIE ISABELLE",DURÁN MAQUINARIA ENSINO,1 / 5,2,20
2020,"BURANI, AGOSTINA PAOLA",MOVISTAR ESTUDIANTES,1 / 5,2,20
2020,"JUSKAITE, LAURA",VALENCIA B.C.,1 / 5,7,20
2020,"BJORKLUND, ANGELA DEANNE",LOINTEK GERNIKA BIZKAIA,2 / 12,4,"16,67"
2020,"FERRARI CALABRO, PAOLA ANDREA",SPAR GIRONA,1 / 6,4,"16,67"
2020,"IVANOVIC, MILICA",LOINTEK GERNIKA BIZKAIA,1 / 6,4,"16,67"
2020,"STANACEV , ALEKSANDRA",DURÁN MAQUINARIA ENSINO,1 / 7,2,"14,29"
2020,"ESPAÑA ALMENDRO, MARIA",SPAR GRAN CANARIA,1 / 8,2,"12,5"
2020,"GRANDE PARDO, CARMEN",MOVISTAR ESTUDIANTES,0 / 5,2,0
2019,"CARRERA QUINTANA, RAQUEL",RPK ARASKI,6 / 13,2,"46,15"
2019,"CASAS CARRERAS, QUERALT",VALENCIA B.C.,10 / 22,2,"45,45"
2019,"VASIC, SONJA",SPAR CITYLIFT GIRONA,6 / 14,3,"42,86"
2019,"ASURMENDI VILLAVERDE, MARIA DEL CARMEN",RPK ARASKI,3 / 7,2,"42,86"
2019,"GIL COLLADO, LAURA",PERFUMERIAS AVENIDA,7 / 17,3,"41,18"
2019,"LOYD, JEWELL BLESSING",PERFUMERIAS AVENIDA,6 / 15,3,40
2019,"COULIBALY, NAIGNOUMA",SPAR CITYLIFT GIRONA,6 / 15,3,40
2019,"REISINGEROVA , JULIA SUSSANE",VALENCIA B.C.,4 / 10,2,40
2019,"WEAVER, LYNDRA SHAJUAN",CIUDAD DE LA LAGUNA TENERIFE,2 / 5,1,40
2019,"QUEVEDO CAÑIZARES, LAURA",RPK ARASKI,2 / 5,2,40
2019,"PEREZ ARAUJO, MARIA",SPAR CITYLIFT GIRONA,3 / 8,3,"37,5"
2019,"PEREZ TORRES, TANIA",RPK ARASKI,5 / 14,2,"35,71"
2019,"BUCH ROSELL, ROSO",VALENCIA B.C.,2 / 6,2,"33,33"
2019,"HERRERA BOXO, LAURA",CIUDAD DE LA LAGUNA TENERIFE,1 / 3,1,"33,33"
2019,"ABALDE DIAZ, TAMARA",VALENCIA B.C.,3 / 11,2,"27,27"
2019,"MENDY , MAGALI",SPAR CITYLIFT GIRONA,3 / 12,3,25
2019,"PARDO HERVIAS, LAURA",RPK ARASKI,1 / 4,2,25
2019,"VAN DEN ADEL, NATALIE ISABELLE",RPK ARASKI,1 / 4,2,25
2019,"MARTINEZ PRAT, NURIA",SPAR CITYLIFT GIRONA,1 / 4,3,25
2019,"VITOLA, KRISTINE",PERFUMERIAS AVENIDA,2 / 9,3,"22,22"
2019,"LOYD, KALIS HELENA",DURÁN MAQUINARIA ENSINO,1 / 6,1,"16,67"
2019,"NYINGIFA, ATONYE JENNIFER",DURÁN MAQUINARIA ENSINO,1 / 6,1,"16,67"
2019,"ATKINSON, TANAYA MECHELLE",CIUDAD DE LA LAGUNA TENERIFE,0 / 9,1,0
2019,"BINTOU, DIEME MARIZY",CIUDAD DE LA LAGUNA TENERIFE,0 / 5,1,0
2019,"SANCHEZ MARRUFO, BEATRIZ",DURÁN MAQUINARIA ENSINO,0 / 5,1,0
2019,"WIESE, SYDNEY ROSE",CADI LA SEU,0 / 4,1,0
2019,"BAHI BLANQUERA, GEORGINA",CADI LA SEU,0 / 3,1,0
2019,"PARKS , ROBYN LASHAE",VALENCIA B.C.,0 / 3,2,0
2019,"DINKINS, BRITTANY",DURÁN MAQUINARIA ENSINO,0 / 3,1,0
2019,"CARRERA QUINTANA, RAQUEL",RPK ARASKI,6 / 13,2,"46,15"
2019,"CASAS CARRERAS, QUERALT",VALENCIA B.C.,10 / 22,2,"45,45"
2019,"VASIC, SONJA",SPAR CITYLIFT GIRONA,6 / 14,3,"42,86"
2019,"ASURMENDI VILLAVERDE, MARIA DEL CARMEN",RPK ARASKI,3 / 7,2,"42,86"
2019,"GIL COLLADO, LAURA",PERFUMERIAS AVENIDA,7 / 17,3,"41,18"
2019,"LOYD, JEWELL BLESSING",PERFUMERIAS AVENIDA,6 / 15,3,40
2019,"COULIBALY, NAIGNOUMA",SPAR CITYLIFT GIRONA,6 / 15,3,40
2019,"REISINGEROVA , JULIA SUSSANE",VALENCIA B.C.,4 / 10,2,40
2019,"WEAVER, LYNDRA SHAJUAN",CIUDAD DE LA LAGUNA TENERIFE,2 / 5,1,40
2019,"QUEVEDO CAÑIZARES, LAURA",RPK ARASKI,2 / 5,2,40
2019,"PEREZ ARAUJO, MARIA",SPAR CITYLIFT GIRONA,3 / 8,3,"37,5"
2019,"PEREZ TORRES, TANIA",RPK ARASKI,5 / 14,2,"35,71"
2019,"BUCH ROSELL, ROSO",VALENCIA B.C.,2 / 6,2,"33,33"
2019,"HERRERA BOXO, LAURA",CIUDAD DE LA LAGUNA TENERIFE,1 / 3,1,"33,33"
2019,"ABALDE DIAZ, TAMARA",VALENCIA B.C.,3 / 11,2,"27,27"
2019,"MENDY , MAGALI",SPAR CITYLIFT GIRONA,3 / 12,3,25
2019,"PARDO HERVIAS, LAURA",RPK ARASKI,1 / 4,2,25
2019,"VAN DEN ADEL, NATALIE ISABELLE",RPK ARASKI,1 / 4,2,25
2019,"MARTINEZ PRAT, NURIA",SPAR CITYLIFT GIRONA,1 / 4,3,25
2019,"VITOLA, KRISTINE",PERFUMERIAS AVENIDA,2 / 9,3,"22,22"
2019,"LOYD, KALIS HELENA",DURÁN MAQUINARIA ENSINO,1 / 6,1,"16,67"
2019,"NYINGIFA, ATONYE JENNIFER",DURÁN MAQUINARIA ENSINO,1 / 6,1,"16,67"
2019,"ATKINSON, TANAYA MECHELLE",CIUDAD DE LA LAGUNA TENERIFE,0 / 9,1,0
2019,"BINTOU, DIEME MARIZY",CIUDAD DE LA LAGUNA TENERIFE,0 / 5,1,0
2019,"SANCHEZ MARRUFO, BEATRIZ",DURÁN MAQUINARIA ENSINO,0 / 5,1,0
2019,"WIESE, SYDNEY ROSE",CADI LA SEU,0 / 4,1,0
2019,"BAHI BLANQUERA, GEORGINA",CADI LA SEU,0 / 3,1,0
2019,"PARKS , ROBYN LASHAE",VALENCIA B.C.,0 / 3,2,0
2019,"DINKINS, BRITTANY",DURÁN MAQUINARIA ENSINO,0 / 3,1,0
2018,"DE SOUZA MACHADO, ERIKA CRISTINA",PERFUMERIAS AVENIDA,14 / 29,6,"48,28"
2018,"PALAU ALTES, LAIA",SPAR CITYLIFT GIRONA,14 / 29,6,"48,28"
2018,"WILLIAMS, COURTNEY MONAE",LOINTEK GERNIKA BIZKAIA,13 / 27,3,"48,15"
2018,"WILLIAMS, GABRIELLE LISA",SPAR CITYLIFT GIRONA,27 / 57,6,"47,37"
2018,"MOORE, TINARA NICOLE",VALENCIA B.C.,9 / 19,5,"47,37"
2018,"ETXARRI MUNARRIZ, IRATI",CADI LA SEU,13 / 28,5,"46,43"
2018,"DIAZ CASTELLANO, YURENA",CADI LA SEU,14 / 31,5,"45,16"
2018,"PIERRE LOUIS, VIONISE ARON'S",SPAR CITYLIFT GIRONA,9 / 20,5,45
2018,"BETTENCOURT CORREIA, MARIA JOAO",VALENCIA B.C.,4 / 9,5,"44,44"
2018,"WEAVER, LYNDRA SHAJUAN",IDK GIPUZKOA,19 / 44,3,"43,18"
2018,"ELDEBRINK, ELIN",PERFUMERIAS AVENIDA,8 / 19,6,"42,11"
2018,"DAVIS, JORI N.",VALENCIA B.C.,8 / 19,5,"42,11"
2018,"GOREE, CYESHA DAMIAN",PERFUMERIAS AVENIDA,8 / 19,4,"42,11"
2018,"PASCUA SUAREZ, MARÍA LUCILA",LOINTEK GERNIKA BIZKAIA,5 / 12,3,"41,67"
2018,"VILARO ARAGONES, ANDREA",CADI LA SEU,12 / 29,5,"41,38"
2018,"BROWN , JOY ALEXIS",VALENCIA B.C.,12 / 29,5,"41,38"
2018,"HEMPE, MERRIT RAMONA",CADI LA SEU,15 / 37,5,"40,54"
2018,"RICHARDS, SHEREESHA NATHESHA",CADI LA SEU,16 / 40,5,40
2018,"MARTINEZ PRAT, NURIA",SPAR CITYLIFT GIRONA,6 / 15,6,40
2018,"PUJOL LLUCH, ARIADNA",CADI LA SEU,4 / 10,5,40
2018,"DRAMMEH, BINTA MOMMY DAISY",RPK ARASKI,2 / 5,1,40
2018,"AIJANEN, MARIA ANNIINA",CADI LA SEU,2 / 5,4,40
2018,"ROUNDTREE, MARGARET YVETTE",LOINTEK GERNIKA BIZKAIA,9 / 23,3,"39,13"
2018,"OMA GIRALT, HELENA",SPAR CITYLIFT GIRONA,7 / 19,6,"36,84"
2018,"KRAKER, MEHRYN DONEGAN",CADI LA SEU,4 / 11,5,"36,36"
2018,"VANDERWAL, RACHAEL  ANN",LOINTEK GERNIKA BIZKAIA,4 / 11,3,"36,36"
2018,"GIMENO MARTINEZ, VEGA",MANN-FILTER CASABLANCA,5 / 14,2,"35,71"
2018,"MAZIONYTE, GINTARE",LOINTEK GERNIKA BIZKAIA,2 / 6,3,"33,33"
2018,"BROWN , BRITTANY DANIELLE",MANN-FILTER CASABLANCA,1 / 3,1,"33,33"
2018,"BANHAM, RACHAEL MARIE",LOINTEK GERNIKA BIZKAIA,2 / 7,3,"28,57"
2018,"PEREZ TORRES, TANIA",MANN-FILTER CASABLANCA,2 / 7,2,"28,57"
2018,"ROBERSON, BRIANA ALBERTA",RPK ARASKI,3 / 11,2,"27,27"
2018,"DIEZ FERNANDEZ, NAIARA",LOINTEK GERNIKA BIZKAIA,1 / 4,3,25
2018,"WESTBELD, KATHRYN ELIZABETH",IDK GIPUZKOA,1 / 4,3,25
2018,"ARIZTIMUÑO LOPEZ , ITZIAR",LOINTEK GERNIKA BIZKAIA,1 / 4,2,25
2018,"FLORES COSTA, LAIA",MANN-FILTER CASABLANCA,3 / 14,2,"21,43"
2018,"NACICKAITE, KAMILE",LOINTEK GERNIKA BIZKAIA,3 / 14,3,"21,43"
2018,"GARCIA URLEZAGA, IZASKUN",RPK ARASKI,1 / 5,2,20
2018,"ERAUNCETAMURGIL AYESTARAN, MARIA",IDK GIPUZKOA,2 / 12,3,"16,67"
2018,"PARDO HERVIAS, LAURA",RPK ARASKI,1 / 6,2,"16,67"
2018,"DIALLO DIENG , UMO DIALLO",RPK ARASKI,2 / 13,2,"15,38"
2018,"BEDIA DELGADO, IZAR",RPK ARASKI,0 / 3,1,0
2018,"HERNANDEZ ORTIZ, ZOE",MANN-FILTER CASABLANCA,0 / 3,2,0
2018,"PEREZ TORRES, TANIA",MANN-FILTER CASABLANCA,2 / 7,2,"28,57"
2018,"ROBERSON, BRIANA ALBERTA",RPK ARASKI,3 / 11,2,"27,27"
2018,"DIEZ FERNANDEZ, NAIARA",LOINTEK GERNIKA BIZKAIA,1 / 4,3,25
2018,"WESTBELD, KATHRYN ELIZABETH",IDK GIPUZKOA,1 / 4,3,25
2018,"ARIZTIMUÑO LOPEZ , ITZIAR",LOINTEK GERNIKA BIZKAIA,1 / 4,2,25
2018,"FLORES COSTA, LAIA",MANN-FILTER CASABLANCA,3 / 14,2,"21,43"
2018,"NACICKAITE, KAMILE",LOINTEK GERNIKA BIZKAIA,3 / 14,3,"21,43"
2018,"GARCIA URLEZAGA, IZASKUN",RPK ARASKI,1 / 5,2,20
2018,"ERAUNCETAMURGIL AYESTARAN, MARIA",IDK GIPUZKOA,2 / 12,3,"16,67"
2018,"PARDO HERVIAS, LAURA",RPK ARASKI,1 / 6,2,"16,67"
2018,"DIALLO DIENG , UMO DIALLO",RPK ARASKI,2 / 13,2,"15,38"
2018,"BEDIA DELGADO, IZAR",RPK ARASKI,0 / 3,1,0
2018,"HERNANDEZ ORTIZ, ZOE",MANN-FILTER CASABLANCA,0 / 3,2,0
2017,"ALMINAITE, KRISITINA",SPAR CITYLIFT GIRONA,52 / 121,26,"42,98"
2017,"BROWN , JOY ALEXIS",NISSAN  AL-QÁZERES EXTREMADURA,90 / 211,26,"42,65"
2017,"GUSTAVSSON , ELIN JELENA",EMBUTIDOS PAJARIEL BEMBIBRE PD,46 / 108,26,"42,59"
2017,"JOVANOVIC, MILICA",CAMPUS PROMETE LF1,34 / 80,19,"42,5"
2017,"MENENDEZ ANTOLI, CELIA MARIA",MOVISTAR ESTUDIANTES,99 / 234,26,"42,31"
2017,"ARROJO JIMENEZ, MARIA BELEN",SNATT´S FEMENÍ SANT ADRIÁ,85 / 203,26,"41,87"
2017,"DIALLO DIENG , UMO DIALLO",LACTURALE ART ARASKI,67 / 161,26,"41,61"
2017,"BAHI BLANQUERA, GEORGINA",CADI LA SEU,32 / 77,19,"41,56"
2017,"ALDALUR SOTO, ANE MIREN",LACTURALE ART ARASKI,22 / 53,26,"41,51"
2017,"IVEZIC, JELENA",QUESOS EL PASTOR,51 / 123,18,"41,46"
2017,"PASCUA SUAREZ, MARÍA LUCILA",MANN-FILTER,57 / 138,26,"41,3"
2017,"SILVA SERRANO , ROSELIS CAROLINA",LACTURALE ART ARASKI,44 / 107,25,"41,12"
2017,"BOGICEVIC, NINA",MOVISTAR ESTUDIANTES,46 / 112,21,"41,07"
2017,"VILARO ARAGONES, ANDREA",CADI LA SEU,36 / 88,25,"40,91"
2017,"KRAKER, MEHRYN DONEGAN",CADI LA SEU,36 / 88,26,"40,91"
2017,"LIZARAZU HERRERA, MARINA",QUESOS EL PASTOR,93 / 228,26,"40,79"
2017,"ROMEO, NICOLE ELAINE",SPAR CITYLIFT GIRONA,22 / 54,25,"40,74"
2017,"DOMINGUEZ FERNANDEZ, SILVIA",PERFUMERIAS AVENIDA,28 / 69,24,"40,58"
2017,"NICHOLLS GONZALEZ, LAURA",PERFUMERIAS AVENIDA,46 / 115,24,40
2017,"QUEVEDO CAÑIZARES, LAURA",NISSAN  AL-QÁZERES EXTREMADURA,24 / 60,13,40
2017,"GIDDEN, VANESSA NICOLE",CAMPUS PROMETE LF1,108 / 271,19,"39,85"
2017,"ETXARRI MUNARRIZ, IRATI",LACTURALE ART ARASKI,54 / 136,26,"39,71"
2017,"MONTOLIU MATIAS, MARTA",CADI LA SEU,37 / 95,26,"38,95"
2017,"MARTINEZ PRAT, NURIA",SPAR CITYLIFT GIRONA,40 / 104,26,"38,46"
2017,"FORSTER, JULIA CHRISTINE",LACTURALE ART ARASKI,98 / 257,26,"38,13"
2017,"GARCIA URLEZAGA, IZASKUN",LACTURALE ART ARASKI,32 / 84,25,"38,1"
2017,"DIAZ CASTELLANO, YURENA",CADI LA SEU,35 / 92,26,"38,04"
2017,"HALL , PRECIOUS TANZIE KYTRONIA",CAMPUS PROMETE LF1,37 / 98,20,"37,76"
2017,"SELBY, SHAYANN RAQUEL",MOVISTAR ESTUDIANTES,59 / 158,18,"37,34"
2017,"PARDO HERVIAS, LAURA",LACTURALE ART ARASKI,31 / 85,22,"36,47"
2017,"ALMINAITE, KRISITINA",SPAR CITYLIFT GIRONA,52 / 121,26,"42,98"
2017,"BROWN , JOY ALEXIS",NISSAN  AL-QÁZERES EXTREMADURA,90 / 211,26,"42,65"
2017,"GUSTAVSSON , ELIN JELENA",EMBUTIDOS PAJARIEL BEMBIBRE PD,46 / 108,26,"42,59"
2017,"JOVANOVIC, MILICA",CAMPUS PROMETE LF1,34 / 80,19,"42,5"
2017,"MENENDEZ ANTOLI, CELIA MARIA",MOVISTAR ESTUDIANTES,99 / 234,26,"42,31"
2017,"ARROJO JIMENEZ, MARIA BELEN",SNATT´S FEMENÍ SANT ADRIÁ,85 / 203,26,"41,87"
2017,"DIALLO DIENG , UMO DIALLO",LACTURALE ART ARASKI,67 / 161,26,"41,61"
2017,"BAHI BLANQUERA, GEORGINA",CADI LA SEU,32 / 77,19,"41,56"
2017,"ALDALUR SOTO, ANE MIREN",LACTURALE ART ARASKI,22 / 53,26,"41,51"
2017,"IVEZIC, JELENA",QUESOS EL PASTOR,51 / 123,18,"41,46"
2017,"PASCUA SUAREZ, MARÍA LUCILA",MANN-FILTER,57 / 138,26,"41,3"
2017,"SILVA SERRANO , ROSELIS CAROLINA",LACTURALE ART ARASKI,44 / 107,25,"41,12"
2017,"BOGICEVIC, NINA",MOVISTAR ESTUDIANTES,46 / 112,21,"41,07"
2017,"VILARO ARAGONES, ANDREA",CADI LA SEU,36 / 88,25,"40,91"
2017,"KRAKER, MEHRYN DONEGAN",CADI LA SEU,36 / 88,26,"40,91"
2017,"LIZARAZU HERRERA, MARINA",QUESOS EL PASTOR,93 / 228,26,"40,79"
2017,"ROMEO, NICOLE ELAINE",SPAR CITYLIFT GIRONA,22 / 54,25,"40,74"
2017,"DOMINGUEZ FERNANDEZ, SILVIA",PERFUMERIAS AVENIDA,28 / 69,24,"40,58"
2017,"NICHOLLS GONZALEZ, LAURA",PERFUMERIAS AVENIDA,46 / 115,24,40
2017,"QUEVEDO CAÑIZARES, LAURA",NISSAN  AL-QÁZERES EXTREMADURA,24 / 60,13,40
2017,"GIDDEN, VANESSA NICOLE",CAMPUS PROMETE LF1,108 / 271,19,"39,85"
2017,"ETXARRI MUNARRIZ, IRATI",LACTURALE ART ARASKI,54 / 136,26,"39,71"
2017,"MONTOLIU MATIAS, MARTA",CADI LA SEU,37 / 95,26,"38,95"
2017,"MARTINEZ PRAT, NURIA",SPAR CITYLIFT GIRONA,40 / 104,26,"38,46"
2017,"FORSTER, JULIA CHRISTINE",LACTURALE ART ARASKI,98 / 257,26,"38,13"
2017,"GARCIA URLEZAGA, IZASKUN",LACTURALE ART ARASKI,32 / 84,25,"38,1"
2017,"DIAZ CASTELLANO, YURENA",CADI LA SEU,35 / 92,26,"38,04"
2017,"HALL , PRECIOUS TANZIE KYTRONIA",CAMPUS PROMETE LF1,37 / 98,20,"37,76"
2017,"SELBY, SHAYANN RAQUEL",MOVISTAR ESTUDIANTES,59 / 158,18,"37,34"
2017,"PARDO HERVIAS, LAURA",LACTURALE ART ARASKI,31 / 85,22,"36,47"
2017,"STANACEV , ALEKSANDRA",EMBUTIDOS PAJARIEL BEMBIBRE PD,33 / 92,26,"35,87"
2017,"LOPEZ RODRIGUEZ, AINHOA",QUESOS EL PASTOR,39 / 109,26,"35,78"
2017,"GONZALEZ DUARTE , LARA",IDK GIPUZKOA,32 / 90,26,"35,56"
2017,"ESTEBAS ARMAS, PAULA",CAMPUS PROMETE LF1,36 / 103,26,"34,95"
2017,"PEÑA JUBANY, LAURA",SNATT´S FEMENÍ SANT ADRIÁ,31 / 101,26,"30,69"
2017,"STANACEV , ALEKSANDRA",EMBUTIDOS PAJARIEL BEMBIBRE PD,33 / 92,26,"35,87"
2017,"LOPEZ RODRIGUEZ, AINHOA",QUESOS EL PASTOR,39 / 109,26,"35,78"
2017,"GONZALEZ DUARTE , LARA",IDK GIPUZKOA,32 / 90,26,"35,56"
2017,"ESTEBAS ARMAS, PAULA",CAMPUS PROMETE LF1,36 / 103,26,"34,95"
2017,"PEÑA JUBANY, LAURA",SNATT´S FEMENÍ SANT ADRIÁ,31 / 101,26,"30,69"
2016,"ALMINAITE, KRISITINA",SPAR CITYLIFT GIRONA,9 / 10,2,90
2016,"LLORENTE, VICTORIA",LOINTEK GERNIKA BIZKAIA,2 / 3,2,"66,67"
2016,"COULIBALY, NAIGNOUMA",SPAR CITYLIFT GIRONA,17 / 27,5,"62,96"
2016,"OCETE CASTILLO, GABRIELA",IDK GIPUZKOA,9 / 15,3,60
2016,"BULGAK, ADUT ATEM",IDK GIPUZKOA,15 / 26,3,"57,69"
2016,"MILOVANOVIC, JELENA",PERFUMERIAS AVENIDA,28 / 50,5,56
2016,"DE SOUZA MACHADO, ERIKA CRISTINA",PERFUMERIAS AVENIDA,20 / 36,5,"55,56"
2016,"GOMES COLHADO, NADIA",IDK GIPUZKOA,18 / 35,3,"51,43"
2016,"DOMINGUEZ FERNANDEZ, SILVIA",PERFUMERIAS AVENIDA,5 / 10,5,50
2016,"ASURMENDI VILLAVERDE, MARIA DEL CARMEN",LOINTEK GERNIKA BIZKAIA,5 / 10,2,50
2016,"ARMSTRONG, ANNE MARIE",LOINTEK GERNIKA BIZKAIA,3 / 6,2,50
2016,"OMA GIRALT, HELENA",SPAR CITYLIFT GIRONA,2 / 4,4,50
2016,"JORDANA BOFILL, NOEMI",SPAR CITYLIFT GIRONA,2 / 4,5,50
2016,"SPANOU, ARTEMIS",SPAR CITYLIFT GIRONA,17 / 35,5,"48,57"
2016,"IBEKWE, IFUNANYA DEBBIE",SPAR CITYLIFT GIRONA,15 / 31,4,"48,39"
2016,"SARR, OUMOUL KHAIRY",IDK GIPUZKOA,8 / 17,3,"47,06"
2016,"BARBEE, SHACOBIA SHAUNTE",STAR CENTER-UNI FERROL,15 / 32,5,"46,88"
2016,"ROUNDTREE, MARGARET YVETTE",LACTURALE ARASKI,11 / 25,3,44
2016,"FERRARI CALABRO, PAOLA ANDREA",IDK GIPUZKOA,3 / 7,2,"42,86"
2016,"GIVENS , KRISI TIJANA",PERFUMERIAS AVENIDA,16 / 38,5,"42,11"
2016,"ELONU, ADAORA NNENNA",PERFUMERIAS AVENIDA,17 / 41,5,"41,46"
2016,"BEARD, ALANA MONIQUE",PERFUMERIAS AVENIDA,12 / 29,5,"41,38"
2016,"PINA TOLOSA, MARIA",LOINTEK GERNIKA BIZKAIA,7 / 17,2,"41,18"
2016,"TUDANCA ACEDO, MARTA",LACTURALE ARASKI,9 / 22,4,"40,91"
2016,"RODRIGUEZ MANSO, LEONOR DEL PILAR",SPAR CITYLIFT GIRONA,8 / 20,5,40
2016,"MOKANGO, CHANEL MODIRI",LOINTEK GERNIKA BIZKAIA,10 / 26,2,"38,46"
2016,"GONZALEZ DUARTE , LARA",IDK GIPUZKOA,3 / 8,2,"37,5"
2016,"JEFFERSON , LAQUINTA JOY",STAR CENTER-UNI FERROL,7 / 19,5,"36,84"
2016,"PETERS, HALEY MCCLOSKEY",SPAR CITYLIFT GIRONA,12 / 33,5,"36,36"
2016,"SILVA SERRANO , ROSELIS CAROLINA",LACTURALE ARASKI,6 / 17,4,"35,29"
2016,"ALMINAITE, KRISITINA",SPAR CITYLIFT GIRONA,9 / 10,2,90
2016,"LLORENTE, VICTORIA",LOINTEK GERNIKA BIZKAIA,2 / 3,2,"66,67"
2016,"COULIBALY, NAIGNOUMA",SPAR CITYLIFT GIRONA,17 / 27,5,"62,96"
2016,"OCETE CASTILLO, GABRIELA",IDK GIPUZKOA,9 / 15,3,60
2016,"BULGAK, ADUT ATEM",IDK GIPUZKOA,15 / 26,3,"57,69"
2016,"MILOVANOVIC, JELENA",PERFUMERIAS AVENIDA,28 / 50,5,56
2016,"DE SOUZA MACHADO, ERIKA CRISTINA",PERFUMERIAS AVENIDA,20 / 36,5,"55,56"
2016,"GOMES COLHADO, NADIA",IDK GIPUZKOA,18 / 35,3,"51,43"
2016,"DOMINGUEZ FERNANDEZ, SILVIA",PERFUMERIAS AVENIDA,5 / 10,5,50
2016,"ASURMENDI VILLAVERDE, MARIA DEL CARMEN",LOINTEK GERNIKA BIZKAIA,5 / 10,2,50
2016,"ARMSTRONG, ANNE MARIE",LOINTEK GERNIKA BIZKAIA,3 / 6,2,50
2016,"OMA GIRALT, HELENA",SPAR CITYLIFT GIRONA,2 / 4,4,50
2016,"JORDANA BOFILL, NOEMI",SPAR CITYLIFT GIRONA,2 / 4,5,50
2016,"SPANOU, ARTEMIS",SPAR CITYLIFT GIRONA,17 / 35,5,"48,57"
2016,"IBEKWE, IFUNANYA DEBBIE",SPAR CITYLIFT GIRONA,15 / 31,4,"48,39"
2016,"SARR, OUMOUL KHAIRY",IDK GIPUZKOA,8 / 17,3,"47,06"
2016,"BARBEE, SHACOBIA SHAUNTE",STAR CENTER-UNI FERROL,15 / 32,5,"46,88"
2016,"ROUNDTREE, MARGARET YVETTE",LACTURALE ARASKI,11 / 25,3,44
2016,"FERRARI CALABRO, PAOLA ANDREA",IDK GIPUZKOA,3 / 7,2,"42,86"
2016,"GIVENS , KRISI TIJANA",PERFUMERIAS AVENIDA,16 / 38,5,"42,11"
2016,"ELONU, ADAORA NNENNA",PERFUMERIAS AVENIDA,17 / 41,5,"41,46"
2016,"BEARD, ALANA MONIQUE",PERFUMERIAS AVENIDA,12 / 29,5,"41,38"
2016,"PINA TOLOSA, MARIA",LOINTEK GERNIKA BIZKAIA,7 / 17,2,"41,18"
2016,"TUDANCA ACEDO, MARTA",LACTURALE ARASKI,9 / 22,4,"40,91"
2016,"RODRIGUEZ MANSO, LEONOR DEL PILAR",SPAR CITYLIFT GIRONA,8 / 20,5,40
2016,"MOKANGO, CHANEL MODIRI",LOINTEK GERNIKA BIZKAIA,10 / 26,2,"38,46"
2016,"GONZALEZ DUARTE , LARA",IDK GIPUZKOA,3 / 8,2,"37,5"
2016,"JEFFERSON , LAQUINTA JOY",STAR CENTER-UNI FERROL,7 / 19,5,"36,84"
2016,"PETERS, HALEY MCCLOSKEY",SPAR CITYLIFT GIRONA,12 / 33,5,"36,36"
2016,"SILVA SERRANO , ROSELIS CAROLINA",LACTURALE ARASKI,6 / 17,4,"35,29"
2015,"GIVENS , KRISI TIJANA",SPAR CITYLIFT GIRONA,28 / 41,5,"68,29"
2015,"BEARD, ALANA MONIQUE",PERFUMERIAS AVENIDA,20 / 33,5,"60,61"
2015,"COULIBALY, NAIGNOUMA",SPAR CITYLIFT GIRONA,20 / 33,5,"60,61"
2015,"LUCAS , ITALEE MALINA",SPAR CITYLIFT GIRONA,12 / 20,5,60
2015,"JORDANA BOFILL, NOEMI",SPAR CITYLIFT GIRONA,3 / 5,5,60
2015,"LIEPKALNE, DITA",MANN-FILTER,3 / 5,2,60
2015,"VITOLA, KRISTINE",PERFUMERIAS AVENIDA,7 / 12,4,"58,33"
2015,"DOMINGUEZ FERNANDEZ, SILVIA",PERFUMERIAS AVENIDA,13 / 23,5,"56,52"
2015,"IBEKWE, IFUNANYA DEBBIE",SPAR CITYLIFT GIRONA,11 / 20,2,55
2015,"MARGINEAN , GABRIELA",PERFUMERIAS AVENIDA,11 / 20,5,55
2015,"GIDDEN, VANESSA NICOLE",PERFUMERIAS AVENIDA,12 / 23,3,"52,17"
2015,"ELONU, ADAORA NNENNA",C.B. CONQUERO HUELVA WAGEN,11 / 22,2,50
2015,"PETERS, HALEY MCCLOSKEY",C.B. CONQUERO HUELVA WAGEN,11 / 22,2,50
2015,"CALDWELL , TALIA ADAIAH",C.B. CONQUERO HUELVA WAGEN,5 / 10,1,50
2015,"LO SYLLA, NOGAYE",MANN-FILTER,3 / 6,2,50
2015,"SPANOU, ARTEMIS",SPAR CITYLIFT GIRONA,13 / 27,5,"48,15"
2015,"ZLATANOVA, JAKLIN",MANN-FILTER,8 / 17,2,"47,06"
2015,"GEMELOS, JACQUELINE ANN",PERFUMERIAS AVENIDA,5 / 11,5,"45,45"
2015,"NDOUR, ASTOU BARRO",PERFUMERIAS AVENIDA,18 / 40,5,45
2015,"KUKTIENE, VITA",SPAR CITYLIFT GIRONA,4 / 10,5,40
2015,"OCETE CASTILLO, GABRIELA",MANN-FILTER,4 / 10,2,40
2015,"KNEZEVIC, ADRIJANA",SPAR CITYLIFT GIRONA,9 / 23,5,"39,13"
2015,"KOBRYN , EWELINA KATARZYNA",PERFUMERIAS AVENIDA,9 / 23,5,"39,13"
2015,"BUCH ROSELL, ROSO",C.B. CONQUERO HUELVA WAGEN,6 / 17,2,"35,29"
2015,"PASCUA SUAREZ, MARÍA LUCILA",MANN-FILTER,6 / 18,2,"33,33"
2015,"RODRIGUEZ MANSO, LEONOR DEL PILAR",PERFUMERIAS AVENIDA,6 / 20,5,30
2015,"TRAORE, AYA",C.B. CONQUERO HUELVA WAGEN,5 / 17,2,"29,41"
2015,"DE SA CASTRO NEVES, CATARINA",C.B. CONQUERO HUELVA WAGEN,2 / 7,2,"28,57"
2015,"FERRARI CALABRO, PAOLA ANDREA",MANN-FILTER,5 / 18,2,"27,78"
2015,"ESPARCIA OMEDAS, CAROLINA",MANN-FILTER,1 / 7,2,"14,29"
2014,"CHAMBERS, BRITTANY MARIE",SPAR CITYLIFT GIRONA,10 / 17,4,"58,82"
2014,"GIDDEN, VANESSA NICOLE",SPAR CITYLIFT GIRONA,24 / 41,4,"58,54"
2014,"MADU, NDIDI AWELE",CADI LA SEU,7 / 12,3,"58,33"
2014,"REZAN, MARIJA",PERFUMERIAS AVENIDA,28 / 49,5,"57,14"
2014,"KUKTIENE, VITA",SPAR CITYLIFT GIRONA,8 / 14,4,"57,14"
2014,"FERNANDEZ FARRES, MARTA",PERFUMERIAS AVENIDA,27 / 48,5,"56,25"
2014,"BABKINA, ELINA",SPAR CITYLIFT GIRONA,5 / 9,4,"55,56"
2014,"TANNER, TYRESE LA SHAY",CADI LA SEU,6 / 11,3,"54,55"
2014,"ROBINSON, ANGELICA DANIELLE",PERFUMERIAS AVENIDA,27 / 51,5,"52,94"
2014,"IBEKWE, IFUNANYA DEBBIE",SPAR CITYLIFT GIRONA,31 / 61,4,"50,82"
2014,"DE KLEIJN, MARLOU",CADI LA SEU,9 / 18,3,50
2014,"RODRIGUEZ MANSO, LEONOR DEL PILAR",PERFUMERIAS AVENIDA,5 / 10,5,50
2014,"SUAREZ UTRERO, ANA MARIA",CADI LA SEU,5 / 10,3,50
2014,"ABALDE DIAZ, TAMARA",PERFUMERIAS AVENIDA,2 / 4,3,50
2014,"PARHAM, AJA DANIELLE",C.B. CONQUERO HUELVA WAGEN,5 / 11,2,"45,45"
2014,"FERRARI CALABRO, PAOLA ANDREA",PERFUMERIAS AVENIDA,4 / 9,5,"44,44"
2014,"ELONU, ADAORA NNENNA",C.B. CONQUERO HUELVA WAGEN,7 / 16,2,"43,75"
2014,"GIL COLLADO, LAURA",CADI LA SEU,9 / 21,3,"42,86"
2014,"JORDANA BOFILL, NOEMI",SPAR CITYLIFT GIRONA,4 / 10,4,40
2014,"BLE, DOUKOLE VANESSA",PERFUMERIAS AVENIDA,4 / 10,5,40
2014,"DAVIS , CHELSEA MARIA",C.B. CONQUERO HUELVA WAGEN,8 / 21,2,"38,1"
2014,"XARGAY CASADEMONT, MARTA",PERFUMERIAS AVENIDA,12 / 32,5,"37,5"
2014,"PEREZ TORRES, TANIA",CADI LA SEU,4 / 11,3,"36,36"
2014,"ORTIZ VIVES, MARIONA",PERFUMERIAS AVENIDA,5 / 14,5,"35,71"
2014,"HIND, BEN ABDELKADER",CADI LA SEU,4 / 13,3,"30,77"
2014,"PASCUA SUAREZ, MARÍA LUCILA",C.B. CONQUERO HUELVA WAGEN,4 / 14,2,"28,57"
2014,"FREIXANET VIEJO, JAEL",SPAR CITYLIFT GIRONA,2 / 7,4,"28,57"
2014,"GERMAN VELASCO, ICIAR",C.B. CONQUERO HUELVA WAGEN,1 / 4,2,25
2014,"PINA TOLOSA, MARIA",C.B. CONQUERO HUELVA WAGEN,3 / 13,2,"23,08"
2014,"BAHI BLANQUERA, GEORGINA",CADI LA SEU,2 / 9,3,"22,22"
2013,"BERMEJO MORENO, CLARA SUSANA",RIVAS ECOPOLIS,6 / 7,5,"85,71"
2013,"REZAN, MARIJA",PERFUMERIAS AVENIDA,30 / 48,5,"62,5"
2013,"ROBINSON, ANGELICA DANIELLE",PERFUMERIAS AVENIDA,38 / 66,5,"57,58"
2013,"RODRIGUEZ MANSO, LEONOR DEL PILAR",PERFUMERIAS AVENIDA,9 / 16,5,"56,25"
2013,"ALLISON, RACHEL LINDSAY",RIVAS ECOPOLIS,20 / 36,5,"55,56"
2013,"O'REILLY, ORLA",EMBUTIDOS PAJARIEL BEMBIBRE PD,5 / 9,3,"55,56"
2013,"MONTENEGRO SANTANA, RITA ESTHER",EMBUTIDOS PAJARIEL BEMBIBRE PD,12 / 22,3,"54,55"
2013,"DENNETT, MELISSA LOUISE",EMBUTIDOS PAJARIEL BEMBIBRE PD,6 / 11,3,"54,55"
2013,"FERNANDEZ FARRES, MARTA",PERFUMERIAS AVENIDA,14 / 27,5,"51,85"
2013,"NICHOLLS GONZALEZ, LAURA",RIVAS ECOPOLIS,26 / 57,5,"45,61"
2013,"DIAZ CASTELLANO, YURENA",GRAN CANARIA 2014,14 / 31,3,"45,16"
2013,"DAVIS , CHELSEA MARIA",GRAN CANARIA 2014,13 / 29,3,"44,83"
2013,"THOMAS, KRYSTAL VICTORIA",PERFUMERIAS AVENIDA,4 / 9,5,"44,44"
2013,"BUCH ROSELL, ROSO",EMBUTIDOS PAJARIEL BEMBIBRE PD,11 / 25,3,44
2013,"OCETE CASTILLO, GABRIELA",RIVAS ECOPOLIS,3 / 7,5,"42,86"
2013,"HASSELL, JASMINE",RIVAS ECOPOLIS,10 / 24,5,"41,67"
2013,"HALVARSSON , LOUICE",RIVAS ECOPOLIS,12 / 29,5,"41,38"
2013,"PETEVA, DANIELA ROSENOVA",EMBUTIDOS PAJARIEL BEMBIBRE PD,4 / 10,3,40
2013,"MURPHY, ESHAYA MARIE",PERFUMERIAS AVENIDA,22 / 57,5,"38,6"
2013,"NDOUR, ASTOU BARRO",GRAN CANARIA 2014,15 / 39,3,"38,46"
2013,"NDOYE, BINETA",GRAN CANARIA 2014,5 / 13,3,"38,46"
2013,"GOMEZ IGUAL, ANNA",EMBUTIDOS PAJARIEL BEMBIBRE PD,10 / 27,3,"37,04"
2013,"ELDEBRINK, FRIDA",RIVAS ECOPOLIS,13 / 38,5,"34,21"
2013,"CHAMBERS, BRITTANY MARIE",GRAN CANARIA 2014,8 / 24,3,"33,33"
2013,"GIMENO MARTINEZ, VEGA",RIVAS ECOPOLIS,4 / 12,3,"33,33"
2013,"ABALDE DIAZ, TAMARA",PERFUMERIAS AVENIDA,1 / 3,3,"33,33"
2013,"QUEVEDO CAÑIZARES, LAURA",RIVAS ECOPOLIS,1 / 3,1,"33,33"
2013,"CASAS CARRERAS, QUERALT",RIVAS ECOPOLIS,6 / 21,5,"28,57"
2013,"XARGAY CASADEMONT, MARTA",PERFUMERIAS AVENIDA,8 / 30,5,"26,67"
2013,"LIEPKALNE, DITA",EMBUTIDOS PAJARIEL BEMBIBRE PD,5 / 23,3,"21,74"
2013,"BERMEJO MORENO, CLARA SUSANA",RIVAS ECOPOLIS,6 / 7,5,"85,71"
2013,"REZAN, MARIJA",PERFUMERIAS AVENIDA,30 / 48,5,"62,5"
2013,"ROBINSON, ANGELICA DANIELLE",PERFUMERIAS AVENIDA,38 / 66,5,"57,58"
2013,"RODRIGUEZ MANSO, LEONOR DEL PILAR",PERFUMERIAS AVENIDA,9 / 16,5,"56,25"
2013,"ALLISON, RACHEL LINDSAY",RIVAS ECOPOLIS,20 / 36,5,"55,56"
2013,"O'REILLY, ORLA",EMBUTIDOS PAJARIEL BEMBIBRE PD,5 / 9,3,"55,56"
2013,"MONTENEGRO SANTANA, RITA ESTHER",EMBUTIDOS PAJARIEL BEMBIBRE PD,12 / 22,3,"54,55"
2013,"DENNETT, MELISSA LOUISE",EMBUTIDOS PAJARIEL BEMBIBRE PD,6 / 11,3,"54,55"
2013,"FERNANDEZ FARRES, MARTA",PERFUMERIAS AVENIDA,14 / 27,5,"51,85"
2013,"NICHOLLS GONZALEZ, LAURA",RIVAS ECOPOLIS,26 / 57,5,"45,61"
2013,"DIAZ CASTELLANO, YURENA",GRAN CANARIA 2014,14 / 31,3,"45,16"
2013,"DAVIS , CHELSEA MARIA",GRAN CANARIA 2014,13 / 29,3,"44,83"
2013,"THOMAS, KRYSTAL VICTORIA",PERFUMERIAS AVENIDA,4 / 9,5,"44,44"
2013,"BUCH ROSELL, ROSO",EMBUTIDOS PAJARIEL BEMBIBRE PD,11 / 25,3,44
2013,"OCETE CASTILLO, GABRIELA",RIVAS ECOPOLIS,3 / 7,5,"42,86"
2013,"HASSELL, JASMINE",RIVAS ECOPOLIS,10 / 24,5,"41,67"
2013,"HALVARSSON , LOUICE",RIVAS ECOPOLIS,12 / 29,5,"41,38"
2013,"PETEVA, DANIELA ROSENOVA",EMBUTIDOS PAJARIEL BEMBIBRE PD,4 / 10,3,40
2013,"MURPHY, ESHAYA MARIE",PERFUMERIAS AVENIDA,22 / 57,5,"38,6"
2013,"NDOUR, ASTOU BARRO",GRAN CANARIA 2014,15 / 39,3,"38,46"
2013,"NDOYE, BINETA",GRAN CANARIA 2014,5 / 13,3,"38,46"
2013,"GOMEZ IGUAL, ANNA",EMBUTIDOS PAJARIEL BEMBIBRE PD,10 / 27,3,"37,04"
2013,"ELDEBRINK, FRIDA",RIVAS ECOPOLIS,13 / 38,5,"34,21"
2013,"CHAMBERS, BRITTANY MARIE",GRAN CANARIA 2014,8 / 24,3,"33,33"
2013,"GIMENO MARTINEZ, VEGA",RIVAS ECOPOLIS,4 / 12,3,"33,33"
2013,"ABALDE DIAZ, TAMARA",PERFUMERIAS AVENIDA,1 / 3,3,"33,33"
2013,"QUEVEDO CAÑIZARES, LAURA",RIVAS ECOPOLIS,1 / 3,1,"33,33"
2013,"CASAS CARRERAS, QUERALT",RIVAS ECOPOLIS,6 / 21,5,"28,57"
2013,"XARGAY CASADEMONT, MARTA",PERFUMERIAS AVENIDA,8 / 30,5,"26,67"
2013,"LIEPKALNE, DITA",EMBUTIDOS PAJARIEL BEMBIBRE PD,5 / 23,3,"21,74"
2012,"MARCOS BENITO, BLANCA",BEROIL - CIUDAD DE BURGOS,4 / 5,2,80
2012,"REZAN, MARIJA",PERFUMERIAS AVENIDA,10 / 14,4,"71,43"
2012,"HENRY, ANEIKA ANNA-KAY",RIVAS ECOPOLIS,19 / 28,4,"67,86"
2012,"SULCIUTE, EGLE",PERFUMERIAS AVENIDA,4 / 6,4,"66,67"
2012,"TRAORE, ASTOU",CADI - ICG SOFTWARE,21 / 33,4,"63,64"
2012,"GOMEZ IGUAL, ANNA",BEROIL - CIUDAD DE BURGOS,6 / 10,2,60
2012,"GIL COLLADO, LAURA",BEROIL - CIUDAD DE BURGOS,10 / 17,2,"58,82"
2012,"DE KLEIJN, MARLOU",CADI - ICG SOFTWARE,4 / 7,4,"57,14"
2012,"NIEDOLA, SABINE",CADI - ICG SOFTWARE,4 / 7,4,"57,14"
2012,"BRAVARD , CIERRA  NICHOLE",SPAR UNIGIRONA,17 / 30,5,"56,67"
2012,"CRUZ LEBRATO, ANNA",RIVAS ECOPOLIS,19 / 34,4,"55,88"
2012,"ALLISON, RACHEL LINDSAY",BEROIL - CIUDAD DE BURGOS,6 / 11,1,"54,55"
2012,"PARHAM, AJA DANIELLE",CADI - ICG SOFTWARE,14 / 26,4,"53,85"
2012,"CURRIE , MONIQUE PAULETTE",PERFUMERIAS AVENIDA,22 / 42,4,"52,38"
2012,"MONROE, JACINTA LISETTE",SPAR UNIGIRONA,36 / 69,5,"52,17"
2012,"SARR, OUMOUL KHAIRY",SPAR UNIGIRONA,12 / 23,5,"52,17"
2012,"HERRERA BOXO, LAURA",UNB OBENASA,14 / 27,3,"51,85"
2012,"WILLINGHAM, LE`COE LOUISE",PERFUMERIAS AVENIDA,17 / 33,4,"51,52"
2012,"COVINGTON, ARHONDA",CADI - ICG SOFTWARE,15 / 30,4,50
2012,"CARBO COLOMA, ANNA",SPAR UNIGIRONA,13 / 26,5,50
2012,"BOU LLOVERAS, EVA",SPAR UNIGIRONA,6 / 12,5,50
2012,"CUEVAS MEDIAVILLA, AITANA",BEROIL - CIUDAD DE BURGOS,6 / 12,2,50
2012,"BAHI BLANQUERA, GEORGINA",CADI - ICG SOFTWARE,2 / 4,4,50
2012,"FERRARI CALABRO, PAOLA ANDREA",PERFUMERIAS AVENIDA,2 / 4,4,50
2012,"KURASOVA, OLEKSANDRA",RIVAS ECOPOLIS,11 / 23,4,"47,83"
2012,"VAJDA, ANNA",RIVAS ECOPOLIS,8 / 17,4,"47,06"
2012,"SOTIRIOU , AIKATERINA",UNB OBENASA,8 / 17,3,"47,06"
2012,"MORRISON JARA, ZIOMARA ESKET",RIVAS ECOPOLIS,7 / 15,4,"46,67"
2012,"GOMEZ IGLESIAS, REGINA",BEROIL - CIUDAD DE BURGOS,6 / 13,2,"46,15"
2012,"FERNANDEZ FARRES, MARTA",PERFUMERIAS AVENIDA,15 / 33,4,"45,45"
2012,"MARCOS BENITO, BLANCA",BEROIL - CIUDAD DE BURGOS,4 / 5,2,80
2012,"REZAN, MARIJA",PERFUMERIAS AVENIDA,10 / 14,4,"71,43"
2012,"HENRY, ANEIKA ANNA-KAY",RIVAS ECOPOLIS,19 / 28,4,"67,86"
2012,"SULCIUTE, EGLE",PERFUMERIAS AVENIDA,4 / 6,4,"66,67"
2012,"TRAORE, ASTOU",CADI - ICG SOFTWARE,21 / 33,4,"63,64"
2012,"GOMEZ IGUAL, ANNA",BEROIL - CIUDAD DE BURGOS,6 / 10,2,60
2012,"GIL COLLADO, LAURA",BEROIL - CIUDAD DE BURGOS,10 / 17,2,"58,82"
2012,"DE KLEIJN, MARLOU",CADI - ICG SOFTWARE,4 / 7,4,"57,14"
2012,"NIEDOLA, SABINE",CADI - ICG SOFTWARE,4 / 7,4,"57,14"
2012,"BRAVARD , CIERRA  NICHOLE",SPAR UNIGIRONA,17 / 30,5,"56,67"
2012,"CRUZ LEBRATO, ANNA",RIVAS ECOPOLIS,19 / 34,4,"55,88"
2012,"ALLISON, RACHEL LINDSAY",BEROIL - CIUDAD DE BURGOS,6 / 11,1,"54,55"
2012,"PARHAM, AJA DANIELLE",CADI - ICG SOFTWARE,14 / 26,4,"53,85"
2012,"CURRIE , MONIQUE PAULETTE",PERFUMERIAS AVENIDA,22 / 42,4,"52,38"
2012,"MONROE, JACINTA LISETTE",SPAR UNIGIRONA,36 / 69,5,"52,17"
2012,"SARR, OUMOUL KHAIRY",SPAR UNIGIRONA,12 / 23,5,"52,17"
2012,"HERRERA BOXO, LAURA",UNB OBENASA,14 / 27,3,"51,85"
2012,"WILLINGHAM, LE`COE LOUISE",PERFUMERIAS AVENIDA,17 / 33,4,"51,52"
2012,"COVINGTON, ARHONDA",CADI - ICG SOFTWARE,15 / 30,4,50
2012,"CARBO COLOMA, ANNA",SPAR UNIGIRONA,13 / 26,5,50
2012,"BOU LLOVERAS, EVA",SPAR UNIGIRONA,6 / 12,5,50
2012,"CUEVAS MEDIAVILLA, AITANA",BEROIL - CIUDAD DE BURGOS,6 / 12,2,50
2012,"BAHI BLANQUERA, GEORGINA",CADI - ICG SOFTWARE,2 / 4,4,50
2012,"FERRARI CALABRO, PAOLA ANDREA",PERFUMERIAS AVENIDA,2 / 4,4,50
2012,"KURASOVA, OLEKSANDRA",RIVAS ECOPOLIS,11 / 23,4,"47,83"
2012,"VAJDA, ANNA",RIVAS ECOPOLIS,8 / 17,4,"47,06"
2012,"SOTIRIOU , AIKATERINA",UNB OBENASA,8 / 17,3,"47,06"
2012,"MORRISON JARA, ZIOMARA ESKET",RIVAS ECOPOLIS,7 / 15,4,"46,67"
2012,"GOMEZ IGLESIAS, REGINA",BEROIL - CIUDAD DE BURGOS,6 / 13,2,"46,15"
2012,"FERNANDEZ FARRES, MARTA",PERFUMERIAS AVENIDA,15 / 33,4,"45,45"
2011,"PIRSIC, SANDRA",RIVAS ECOPOLIS,3 / 4,2,75
2011,"BAHI BLANQUERA, GEORGINA",GIRONA FC,3 / 4,2,75
2011,"PALAU ALTES, LAIA",CIUDAD ROS CASARES VALENCIA,7 / 10,4,70
2011,"ROBINSON, ANGELICA DANIELLE",GIRONA FC,10 / 16,2,"62,5"
2011,"MOORE, MAYA APRIL",CIUDAD ROS CASARES VALENCIA,12 / 20,3,60
2011,"ANTOJA ROVIRA, LAURA",PERFUMERIAS AVENIDA,4 / 7,4,"57,14"
2011,"LYTTLE LYTTLE, SANCHO TRACY CONSTANCE",CIUDAD ROS CASARES VALENCIA,16 / 29,4,"55,17"
2011,"JACKSON, LAUREN",CIUDAD ROS CASARES VALENCIA,12 / 22,4,"54,55"
2011,"JONES, ASJHA",RIVAS ECOPOLIS,14 / 26,2,"53,85"
2011,"DE SOUZA MACHADO, ERIKA CRISTINA",PERFUMERIAS AVENIDA,30 / 57,4,"52,63"
2011,"WAUTERS, ANN",CIUDAD ROS CASARES VALENCIA,20 / 38,4,"52,63"
2011,"KORSTINE, ILONA",PERFUMERIAS AVENIDA,7 / 14,4,50
2011,"BONNER, DEWANNA TENISE",PERFUMERIAS AVENIDA,17 / 35,4,"48,57"
2011,"MURPHY, ESHAYA MARIE",CIUDAD ROS CASARES VALENCIA,14 / 31,4,"45,16"
2011,"CRUZ LEBRATO, ANNA",RIVAS ECOPOLIS,7 / 16,2,"43,75"
2011,"VAJDA, ANNA",PERFUMERIAS AVENIDA,2 / 5,4,40
2011,"NICHOLLS GONZALEZ, LAURA",RIVAS ECOPOLIS,5 / 13,2,"38,46"
2011,"CARSON, ESSENCE",RIVAS ECOPOLIS,6 / 16,2,"37,5"
2011,"XARGAY CASADEMONT, MARTA",PERFUMERIAS AVENIDA,4 / 11,4,"36,36"
2011,"FERNANDEZ FARRES, MARTA",PERFUMERIAS AVENIDA,9 / 25,4,36
2011,"CARBO COLOMA, ANNA",GIRONA FC,4 / 12,2,"33,33"
2011,"SARR, OUMOUL KHAIRY",GIRONA FC,3 / 9,2,"33,33"
2011,"PASCUA SUAREZ, MARÍA LUCILA",PERFUMERIAS AVENIDA,2 / 6,3,"33,33"
2011,"KRIVACEVIC, TIJANA",RIVAS ECOPOLIS,1 / 3,1,"33,33"
2011,"FREIXANET VIEJO, JAEL",PERFUMERIAS AVENIDA,1 / 3,3,"33,33"
2011,"YACOUBOU, ISABELLE",CIUDAD ROS CASARES VALENCIA,8 / 26,4,"30,77"
2011,"DOMINGUEZ FERNANDEZ, SILVIA",CIUDAD ROS CASARES VALENCIA,4 / 13,4,"30,77"
2011,"AGUILAR LOPEZ , ELISA",RIVAS ECOPOLIS,3 / 10,2,30
2011,"RUANO ORIOLA, OLGA",GIRONA FC,1 / 4,2,25
2011,"FEASTER, ALISON",PERFUMERIAS AVENIDA,1 / 4,4,25
2011,"PIRSIC, SANDRA",RIVAS ECOPOLIS,3 / 4,2,75
2011,"BAHI BLANQUERA, GEORGINA",GIRONA FC,3 / 4,2,75
2011,"PALAU ALTES, LAIA",CIUDAD ROS CASARES VALENCIA,7 / 10,4,70
2011,"ROBINSON, ANGELICA DANIELLE",GIRONA FC,10 / 16,2,"62,5"
2011,"MOORE, MAYA APRIL",CIUDAD ROS CASARES VALENCIA,12 / 20,3,60
2011,"ANTOJA ROVIRA, LAURA",PERFUMERIAS AVENIDA,4 / 7,4,"57,14"
2011,"LYTTLE LYTTLE, SANCHO TRACY CONSTANCE",CIUDAD ROS CASARES VALENCIA,16 / 29,4,"55,17"
2011,"JACKSON, LAUREN",CIUDAD ROS CASARES VALENCIA,12 / 22,4,"54,55"
2011,"JONES, ASJHA",RIVAS ECOPOLIS,14 / 26,2,"53,85"
2011,"DE SOUZA MACHADO, ERIKA CRISTINA",PERFUMERIAS AVENIDA,30 / 57,4,"52,63"
2011,"WAUTERS, ANN",CIUDAD ROS CASARES VALENCIA,20 / 38,4,"52,63"
2011,"KORSTINE, ILONA",PERFUMERIAS AVENIDA,7 / 14,4,50
2011,"BONNER, DEWANNA TENISE",PERFUMERIAS AVENIDA,17 / 35,4,"48,57"
2011,"MURPHY, ESHAYA MARIE",CIUDAD ROS CASARES VALENCIA,14 / 31,4,"45,16"
2011,"CRUZ LEBRATO, ANNA",RIVAS ECOPOLIS,7 / 16,2,"43,75"
2011,"VAJDA, ANNA",PERFUMERIAS AVENIDA,2 / 5,4,40
2011,"NICHOLLS GONZALEZ, LAURA",RIVAS ECOPOLIS,5 / 13,2,"38,46"
2011,"CARSON, ESSENCE",RIVAS ECOPOLIS,6 / 16,2,"37,5"
2011,"XARGAY CASADEMONT, MARTA",PERFUMERIAS AVENIDA,4 / 11,4,"36,36"
2011,"FERNANDEZ FARRES, MARTA",PERFUMERIAS AVENIDA,9 / 25,4,36
2011,"CARBO COLOMA, ANNA",GIRONA FC,4 / 12,2,"33,33"
2011,"SARR, OUMOUL KHAIRY",GIRONA FC,3 / 9,2,"33,33"
2011,"PASCUA SUAREZ, MARÍA LUCILA",PERFUMERIAS AVENIDA,2 / 6,3,"33,33"
2011,"KRIVACEVIC, TIJANA",RIVAS ECOPOLIS,1 / 3,1,"33,33"
2011,"FREIXANET VIEJO, JAEL",PERFUMERIAS AVENIDA,1 / 3,3,"33,33"
2011,"YACOUBOU, ISABELLE",CIUDAD ROS CASARES VALENCIA,8 / 26,4,"30,77"
2011,"DOMINGUEZ FERNANDEZ, SILVIA",CIUDAD ROS CASARES VALENCIA,4 / 13,4,"30,77"
2011,"AGUILAR LOPEZ , ELISA",RIVAS ECOPOLIS,3 / 10,2,30
2011,"RUANO ORIOLA, OLGA",GIRONA FC,1 / 4,2,25
2011,"FEASTER, ALISON",PERFUMERIAS AVENIDA,1 / 4,4,25
2010,"TORRENS SALOM, ALBA",PERFUMERIAS AVENIDA,12 / 17,2,"70,59"
2010,"PARIS, COURTNEY LYNNE",RIVAS ECOPOLIS,10 / 15,2,"66,67"
2010,"HENRY, ANEIKA ANNA-KAY",MANN FILTER ZARAGOZA,10 / 15,2,"66,67"
2010,"DOMINGUEZ FERNANDEZ, SILVIA",PERFUMERIAS AVENIDA,4 / 6,2,"66,67"
2010,"LAWSON, EDWIGE",CIUDAD ROS CASARES VALENCIA,4 / 6,2,"66,67"
2010,"VESELA, JANA",CIUDAD ROS CASARES VALENCIA,5 / 8,1,"62,5"
2010,"LIMA GARCIA, CINDY ORQUIDEA",CIUDAD ROS CASARES VALENCIA,5 / 8,2,"62,5"
2010,"BROWN, KIESHA LINDSAY",MANN FILTER ZARAGOZA,5 / 8,2,"62,5"
2010,"BRUNSON, REBEKKAH",CIUDAD ROS CASARES VALENCIA,14 / 28,2,50
2010,"VALDEMORO MADARIAGA, AMAYA",RIVAS ECOPOLIS,13 / 26,2,50
2010,"FERNANDEZ FARRES, MARTA",CIUDAD ROS CASARES VALENCIA,3 / 6,2,50
2010,"SNELL, BELINDA ROSE",PERFUMERIAS AVENIDA,2 / 4,2,50
2010,"DE SOUZA MACHADO, ERIKA CRISTINA",PERFUMERIAS AVENIDA,11 / 25,2,44
2010,"LYTTLE LYTTLE, SANCHO TRACY CONSTANCE",PERFUMERIAS AVENIDA,10 / 23,2,"43,48"
2010,"ANOSIKE, NIKOLIKA NONYELUM",CIUDAD ROS CASARES VALENCIA,8 / 20,2,40
2010,"AGUILAR LOPEZ , ELISA",RIVAS ECOPOLIS,2 / 5,2,40
2010,"DOUGLAS, KATHRYN",CIUDAD ROS CASARES VALENCIA,9 / 23,2,"39,13"
2010,"CASAS CARRERAS, QUERALT",MANN FILTER ZARAGOZA,3 / 8,2,"37,5"
2010,"ZLATANOVA, JAKLIN",MANN FILTER ZARAGOZA,3 / 8,2,"37,5"
2010,"NICHOLLS GONZALEZ, LAURA",RIVAS ECOPOLIS,2 / 6,2,"33,33"
2010,"FEASTER, ALISON",MANN FILTER ZARAGOZA,2 / 6,2,"33,33"
2010,"CRUZ LEBRATO, ANNA",RIVAS ECOPOLIS,6 / 19,2,"31,58"
2010,"ROYO TORRES, MARIA ESTELA",MANN FILTER ZARAGOZA,2 / 7,2,"28,57"
2010,"KRESOVIC, INES",MANN FILTER ZARAGOZA,2 / 7,2,"28,57"
2010,"BONNER, DEWANNA TENISE",RIVAS ECOPOLIS,5 / 20,2,25
2010,"MONTAÑANA GIMENO, ANNA",PERFUMERIAS AVENIDA,2 / 9,2,"22,22"
2010,"PALAU ALTES, LAIA",CIUDAD ROS CASARES VALENCIA,1 / 5,2,20
2010,"OUVIÑA MODREGO, CRISTINA",MANN FILTER ZARAGOZA,1 / 5,2,20
2010,"PINA TOLOSA, MARIA",MANN FILTER ZARAGOZA,2 / 11,2,"18,18"
2010,"MONDT, ANKE DE",PERFUMERIAS AVENIDA,1 / 7,2,"14,29"
2010,"TORRENS SALOM, ALBA",PERFUMERIAS AVENIDA,12 / 17,2,"70,59"
2010,"PARIS, COURTNEY LYNNE",RIVAS ECOPOLIS,10 / 15,2,"66,67"
2010,"HENRY, ANEIKA ANNA-KAY",MANN FILTER ZARAGOZA,10 / 15,2,"66,67"
2010,"DOMINGUEZ FERNANDEZ, SILVIA",PERFUMERIAS AVENIDA,4 / 6,2,"66,67"
2010,"LAWSON, EDWIGE",CIUDAD ROS CASARES VALENCIA,4 / 6,2,"66,67"
2010,"VESELA, JANA",CIUDAD ROS CASARES VALENCIA,5 / 8,1,"62,5"
2010,"LIMA GARCIA, CINDY ORQUIDEA",CIUDAD ROS CASARES VALENCIA,5 / 8,2,"62,5"
2010,"BROWN, KIESHA LINDSAY",MANN FILTER ZARAGOZA,5 / 8,2,"62,5"
2010,"BRUNSON, REBEKKAH",CIUDAD ROS CASARES VALENCIA,14 / 28,2,50
2010,"VALDEMORO MADARIAGA, AMAYA",RIVAS ECOPOLIS,13 / 26,2,50
2010,"FERNANDEZ FARRES, MARTA",CIUDAD ROS CASARES VALENCIA,3 / 6,2,50
2010,"SNELL, BELINDA ROSE",PERFUMERIAS AVENIDA,2 / 4,2,50
2010,"DE SOUZA MACHADO, ERIKA CRISTINA",PERFUMERIAS AVENIDA,11 / 25,2,44
2010,"LYTTLE LYTTLE, SANCHO TRACY CONSTANCE",PERFUMERIAS AVENIDA,10 / 23,2,"43,48"
2010,"ANOSIKE, NIKOLIKA NONYELUM",CIUDAD ROS CASARES VALENCIA,8 / 20,2,40
2010,"AGUILAR LOPEZ , ELISA",RIVAS ECOPOLIS,2 / 5,2,40
2010,"DOUGLAS, KATHRYN",CIUDAD ROS CASARES VALENCIA,9 / 23,2,"39,13"
2010,"CASAS CARRERAS, QUERALT",MANN FILTER ZARAGOZA,3 / 8,2,"37,5"
2010,"ZLATANOVA, JAKLIN",MANN FILTER ZARAGOZA,3 / 8,2,"37,5"
2010,"NICHOLLS GONZALEZ, LAURA",RIVAS ECOPOLIS,2 / 6,2,"33,33"
2010,"FEASTER, ALISON",MANN FILTER ZARAGOZA,2 / 6,2,"33,33"
2010,"CRUZ LEBRATO, ANNA",RIVAS ECOPOLIS,6 / 19,2,"31,58"
2010,"ROYO TORRES, MARIA ESTELA",MANN FILTER ZARAGOZA,2 / 7,2,"28,57"
2010,"KRESOVIC, INES",MANN FILTER ZARAGOZA,2 / 7,2,"28,57"
2010,"BONNER, DEWANNA TENISE",RIVAS ECOPOLIS,5 / 20,2,25
2010,"MONTAÑANA GIMENO, ANNA",PERFUMERIAS AVENIDA,2 / 9,2,"22,22"
2010,"PALAU ALTES, LAIA",CIUDAD ROS CASARES VALENCIA,1 / 5,2,20
2010,"OUVIÑA MODREGO, CRISTINA",MANN FILTER ZARAGOZA,1 / 5,2,20
2010,"PINA TOLOSA, MARIA",MANN FILTER ZARAGOZA,2 / 11,2,"18,18"
2010,"MONDT, ANKE DE",PERFUMERIAS AVENIDA,1 / 7,2,"14,29"
2009,"PALAU ALTES, LAIA",CIUDAD ROS CASARES VALENCIA,10 / 15,4,"66,67"
2009,"LIMA GARCIA, CINDY ORQUIDEA",CIUDAD ROS CASARES VALENCIA,2 / 3,1,"66,67"
2009,"WILLINGHAM, LE`COE LOUISE",PERFUMERIAS AVENIDA,11 / 17,4,"64,71"
2009,"LYTTLE LYTTLE, SANCHO TRACY CONSTANCE",PERFUMERIAS AVENIDA,26 / 41,4,"63,41"
2009,"UJHELYI, PETRA",RIVAS ECOPOLIS,11 / 19,2,"57,89"
2009,"LANGHORNE , CRYSTAL ALLISON",RIVAS ECOPOLIS,12 / 21,2,"57,14"
2009,"DE SOUZA MACHADO, ERIKA CRISTINA",CIUDAD ROS CASARES VALENCIA,26 / 46,4,"56,52"
2009,"VALDEMORO MADARIAGA, AMAYA",CIUDAD ROS CASARES VALENCIA,7 / 13,4,"53,85"
2009,"MONTAÑANA GIMENO, ANNA",CIUDAD ROS CASARES VALENCIA,8 / 16,4,50
2009,"MONDT, ANKE DE",PERFUMERIAS AVENIDA,8 / 16,4,50
2009,"PASCUA SUAREZ, MARÍA LUCILA",MANN FILTER ZARAGOZA,6 / 12,2,50
2009,"AGUILAR LOPEZ , ELISA",CIUDAD ROS CASARES VALENCIA,2 / 4,4,50
2009,"PALOMARES VALIENTE, PAULA",MANN FILTER ZARAGOZA,2 / 4,2,50
2009,"PODKOVALNIKOVA , OLGA",PERFUMERIAS AVENIDA,2 / 4,4,50
2009,"DOMINGUEZ FERNANDEZ, SILVIA",PERFUMERIAS AVENIDA,8 / 17,4,"47,06"
2009,"TORRENS SALOM, ALBA",PERFUMERIAS AVENIDA,10 / 23,4,"43,48"
2009,"SANCHEZ FERNANDEZ, ISABEL",PERFUMERIAS AVENIDA,8 / 19,4,"42,11"
2009,"MILTON, DELISHA LACHELL",CIUDAD ROS CASARES VALENCIA,19 / 47,4,"40,43"
2009,"DUBLJEVIC, JELENA",RIVAS ECOPOLIS,6 / 16,2,"37,5"
2009,"CRUZ LEBRATO, ANNA",RIVAS ECOPOLIS,8 / 22,2,"36,36"
2009,"ABROMAITE, AGNE",MANN FILTER ZARAGOZA,6 / 17,2,"35,29"
2009,"SNELL, BELINDA ROSE",CIUDAD ROS CASARES VALENCIA,6 / 18,4,"33,33"
2009,"TORNIKIDOU TORNIKIDOU, ELENA",RIVAS ECOPOLIS,3 / 9,2,"33,33"
2009,"BERMEJO MORENO, CLARA SUSANA",RIVAS ECOPOLIS,2 / 6,2,"33,33"
2009,"DA SILVA, KATIA",MANN FILTER ZARAGOZA,2 / 6,2,"33,33"
2009,"DRLJACA, LJUBICA",CIUDAD ROS CASARES VALENCIA,1 / 3,2,"33,33"
2009,"PODRUG, EMILIJA",PERFUMERIAS AVENIDA,4 / 13,4,"30,77"
2009,"VESELA, JANA",CIUDAD ROS CASARES VALENCIA,3 / 10,4,30
2009,"XARGAY CASADEMONT, MARTA",PERFUMERIAS AVENIDA,2 / 7,4,"28,57"
2009,"STEN, TIINA IRENE",MANN FILTER ZARAGOZA,3 / 11,2,"27,27"
2009,"PALAU ALTES, LAIA",CIUDAD ROS CASARES VALENCIA,10 / 15,4,"66,67"
2009,"LIMA GARCIA, CINDY ORQUIDEA",CIUDAD ROS CASARES VALENCIA,2 / 3,1,"66,67"
2009,"WILLINGHAM, LE`COE LOUISE",PERFUMERIAS AVENIDA,11 / 17,4,"64,71"
2009,"LYTTLE LYTTLE, SANCHO TRACY CONSTANCE",PERFUMERIAS AVENIDA,26 / 41,4,"63,41"
2009,"UJHELYI, PETRA",RIVAS ECOPOLIS,11 / 19,2,"57,89"
2009,"LANGHORNE , CRYSTAL ALLISON",RIVAS ECOPOLIS,12 / 21,2,"57,14"
2009,"DE SOUZA MACHADO, ERIKA CRISTINA",CIUDAD ROS CASARES VALENCIA,26 / 46,4,"56,52"
2009,"VALDEMORO MADARIAGA, AMAYA",CIUDAD ROS CASARES VALENCIA,7 / 13,4,"53,85"
2009,"MONTAÑANA GIMENO, ANNA",CIUDAD ROS CASARES VALENCIA,8 / 16,4,50
2009,"MONDT, ANKE DE",PERFUMERIAS AVENIDA,8 / 16,4,50
2009,"PASCUA SUAREZ, MARÍA LUCILA",MANN FILTER ZARAGOZA,6 / 12,2,50
2009,"AGUILAR LOPEZ , ELISA",CIUDAD ROS CASARES VALENCIA,2 / 4,4,50
2009,"PALOMARES VALIENTE, PAULA",MANN FILTER ZARAGOZA,2 / 4,2,50
2009,"PODKOVALNIKOVA , OLGA",PERFUMERIAS AVENIDA,2 / 4,4,50
2009,"DOMINGUEZ FERNANDEZ, SILVIA",PERFUMERIAS AVENIDA,8 / 17,4,"47,06"
2009,"TORRENS SALOM, ALBA",PERFUMERIAS AVENIDA,10 / 23,4,"43,48"
2009,"SANCHEZ FERNANDEZ, ISABEL",PERFUMERIAS AVENIDA,8 / 19,4,"42,11"
2009,"MILTON, DELISHA LACHELL",CIUDAD ROS CASARES VALENCIA,19 / 47,4,"40,43"
2009,"DUBLJEVIC, JELENA",RIVAS ECOPOLIS,6 / 16,2,"37,5"
2009,"CRUZ LEBRATO, ANNA",RIVAS ECOPOLIS,8 / 22,2,"36,36"
2009,"ABROMAITE, AGNE",MANN FILTER ZARAGOZA,6 / 17,2,"35,29"
2009,"SNELL, BELINDA ROSE",CIUDAD ROS CASARES VALENCIA,6 / 18,4,"33,33"
2009,"TORNIKIDOU TORNIKIDOU, ELENA",RIVAS ECOPOLIS,3 / 9,2,"33,33"
2009,"BERMEJO MORENO, CLARA SUSANA",RIVAS ECOPOLIS,2 / 6,2,"33,33"
2009,"DA SILVA, KATIA",MANN FILTER ZARAGOZA,2 / 6,2,"33,33"
2009,"DRLJACA, LJUBICA",CIUDAD ROS CASARES VALENCIA,1 / 3,2,"33,33"
2009,"PODRUG, EMILIJA",PERFUMERIAS AVENIDA,4 / 13,4,"30,77"
2009,"VESELA, JANA",CIUDAD ROS CASARES VALENCIA,3 / 10,4,30
2009,"XARGAY CASADEMONT, MARTA",PERFUMERIAS AVENIDA,2 / 7,4,"28,57"
2009,"STEN, TIINA IRENE",MANN FILTER ZARAGOZA,3 / 11,2,"27,27"
2008,"AGUILAR LOPEZ , ELISA",CIUDAD ROS CASARES,8 / 10,4,80
2008,"SEGUI CARLES, PAULA",CB FEVE SAN JOSÉ,4 / 5,2,80
2008,"VESELA, JANA",CIUDAD ROS CASARES,9 / 12,4,75
2008,"REVUELTO SÁNCHEZ-AGUILERA, MARIA",CB FEVE SAN JOSÉ,5 / 7,2,"71,43"
2008,"MONTAÑANA GIMENO, ANNA",CIUDAD ROS CASARES,15 / 22,4,"68,18"
2008,"THORBURN, SHONA LOUISE",CB FEVE SAN JOSÉ,7 / 11,2,"63,64"
2008,"WILLINGHAM, LE`COE LOUISE",PERFUMERIAS AVENIDA,22 / 38,5,"57,89"
2008,"PALAU ALTES, LAIA",CIUDAD ROS CASARES,8 / 14,4,"57,14"
2008,"ABALDE DIAZ, TAMARA",RIVAS ECÓPOLIS,11 / 20,3,55
2008,"SANCHEZ FERNANDEZ, ISABEL",PERFUMERIAS AVENIDA,12 / 23,5,"52,17"
2008,"DE SOUZA MACHADO, ERIKA CRISTINA",CIUDAD ROS CASARES,22 / 44,4,50
2008,"RILEY, RUTH ELLEN",RIVAS ECÓPOLIS,14 / 28,3,50
2008,"VALDEMORO MADARIAGA, AMAYA",CIUDAD ROS CASARES,13 / 26,4,50
2008,"BERMEJO MORENO, CLARA SUSANA",RIVAS ECÓPOLIS,3 / 6,3,50
2008,"VECEROVA, IVANA",CIUDAD ROS CASARES,2 / 4,4,50
2008,"WIGGINS, CANDICE DANA",CIUDAD ROS CASARES,11 / 23,4,"47,83"
2008,"STAMPALIJA, PETRA",PERFUMERIAS AVENIDA,12 / 26,5,"46,15"
2008,"MONDT, ANKE DE",PERFUMERIAS AVENIDA,6 / 13,5,"46,15"
2008,"HODGES, RONEEKA RAYSHELL",RIVAS ECÓPOLIS,9 / 20,3,45
2008,"MILTON, DELISHA LACHELL",CIUDAD ROS CASARES,18 / 41,4,"43,9"
2008,"ROVIRA RODRIGUEZ, MARIA DEL MAR",PERFUMERIAS AVENIDA,5 / 12,5,"41,67"
2008,"MURPHY, ESHAYA MARIE",CB FEVE SAN JOSÉ,7 / 17,2,"41,18"
2008,"SNOW, MICHELLE",PERFUMERIAS AVENIDA,19 / 47,5,"40,43"
2008,"BASKO , GUNTA",PERFUMERIAS AVENIDA,9 / 24,5,"37,5"
2008,"UJHELYI, PETRA",RIVAS ECÓPOLIS,7 / 19,3,"36,84"
2008,"LIMA GARCIA, CINDY ORQUIDEA",CB FEVE SAN JOSÉ,6 / 18,2,"33,33"
2008,"BUTLER, KIMBERLY JOY",CB FEVE SAN JOSÉ,5 / 15,2,"33,33"
2008,"ALAÑA SEGURA, SHEILA",PERFUMERIAS AVENIDA,1 / 3,1,"33,33"
2008,"DUBLJEVIC, JELENA",RIVAS ECÓPOLIS,7 / 22,3,"31,82"
2008,"PASCUA SUAREZ, MARÍA LUCILA",CB FEVE SAN JOSÉ,5 / 16,2,"31,25"
2008,"AGUILAR LOPEZ , ELISA",CIUDAD ROS CASARES,8 / 10,4,80
2008,"SEGUI CARLES, PAULA",CB FEVE SAN JOSÉ,4 / 5,2,80
2008,"VESELA, JANA",CIUDAD ROS CASARES,9 / 12,4,75
2008,"REVUELTO SÁNCHEZ-AGUILERA, MARIA",CB FEVE SAN JOSÉ,5 / 7,2,"71,43"
2008,"MONTAÑANA GIMENO, ANNA",CIUDAD ROS CASARES,15 / 22,4,"68,18"
2008,"THORBURN, SHONA LOUISE",CB FEVE SAN JOSÉ,7 / 11,2,"63,64"
2008,"WILLINGHAM, LE`COE LOUISE",PERFUMERIAS AVENIDA,22 / 38,5,"57,89"
2008,"PALAU ALTES, LAIA",CIUDAD ROS CASARES,8 / 14,4,"57,14"
2008,"ABALDE DIAZ, TAMARA",RIVAS ECÓPOLIS,11 / 20,3,55
2008,"SANCHEZ FERNANDEZ, ISABEL",PERFUMERIAS AVENIDA,12 / 23,5,"52,17"
2008,"DE SOUZA MACHADO, ERIKA CRISTINA",CIUDAD ROS CASARES,22 / 44,4,50
2008,"RILEY, RUTH ELLEN",RIVAS ECÓPOLIS,14 / 28,3,50
2008,"VALDEMORO MADARIAGA, AMAYA",CIUDAD ROS CASARES,13 / 26,4,50
2008,"BERMEJO MORENO, CLARA SUSANA",RIVAS ECÓPOLIS,3 / 6,3,50
2008,"VECEROVA, IVANA",CIUDAD ROS CASARES,2 / 4,4,50
2008,"WIGGINS, CANDICE DANA",CIUDAD ROS CASARES,11 / 23,4,"47,83"
2008,"STAMPALIJA, PETRA",PERFUMERIAS AVENIDA,12 / 26,5,"46,15"
2008,"MONDT, ANKE DE",PERFUMERIAS AVENIDA,6 / 13,5,"46,15"
2008,"HODGES, RONEEKA RAYSHELL",RIVAS ECÓPOLIS,9 / 20,3,45
2008,"MILTON, DELISHA LACHELL",CIUDAD ROS CASARES,18 / 41,4,"43,9"
2008,"ROVIRA RODRIGUEZ, MARIA DEL MAR",PERFUMERIAS AVENIDA,5 / 12,5,"41,67"
2008,"MURPHY, ESHAYA MARIE",CB FEVE SAN JOSÉ,7 / 17,2,"41,18"
2008,"SNOW, MICHELLE",PERFUMERIAS AVENIDA,19 / 47,5,"40,43"
2008,"BASKO , GUNTA",PERFUMERIAS AVENIDA,9 / 24,5,"37,5"
2008,"UJHELYI, PETRA",RIVAS ECÓPOLIS,7 / 19,3,"36,84"
2008,"LIMA GARCIA, CINDY ORQUIDEA",CB FEVE SAN JOSÉ,6 / 18,2,"33,33"
2008,"BUTLER, KIMBERLY JOY",CB FEVE SAN JOSÉ,5 / 15,2,"33,33"
2008,"ALAÑA SEGURA, SHEILA",PERFUMERIAS AVENIDA,1 / 3,1,"33,33"
2008,"DUBLJEVIC, JELENA",RIVAS ECÓPOLIS,7 / 22,3,"31,82"
2008,"PASCUA SUAREZ, MARÍA LUCILA",CB FEVE SAN JOSÉ,5 / 16,2,"31,25"
2007,"PONS MOLINA, INGRID",EBE PROMOCIONES SANTA EULALIAI,7 / 10,3,70
2007,"GOMEZ IGUAL, ANNA",CLUB BALONCESTO SAN JOSÉ,2 / 3,1,"66,67"
2007,"BERMEJO MORENO, CLARA SUSANA",PERFUMERIAS AVENIDA,21 / 32,6,"65,63"
2007,"TORNIKIDOU TORNIKIDOU, ELENA",C. ROS CASARES VALENCIA,22 / 35,5,"62,86"
2007,"DOUGLAS, KATHRYN",C. ROS CASARES VALENCIA,32 / 52,5,"61,54"
2007,"LILJESTRAND, THYRA LINNEA",EBE PROMOCIONES SANTA EULALIAI,8 / 13,3,"61,54"
2007,"LYTTLE LYTTLE, SANCHO TRACY CONSTANCE",EBE PROMOCIONES SANTA EULALIAI,18 / 30,3,60
2007,"MATIC , IVANKA",PERFUMERIAS AVENIDA,25 / 43,6,"58,14"
2007,"PASCUA SUAREZ, MARÍA LUCILA",CLUB BALONCESTO SAN JOSÉ,4 / 7,2,"57,14"
2007,"MONDT, ANKE DE",PERFUMERIAS AVENIDA,10 / 18,6,"55,56"
2007,"MILTON, DELISHA LACHELL",C. ROS CASARES VALENCIA,28 / 52,5,"53,85"
2007,"MORALES MARTIN, SILVIA",EBE PROMOCIONES SANTA EULALIAI,16 / 30,3,"53,33"
2007,"DE SOUZA MACHADO, ERIKA CRISTINA",C. ROS CASARES VALENCIA,23 / 46,5,50
2007,"RASMUSSEN, KRISTEN",EBE PROMOCIONES SANTA EULALIAI,8 / 16,3,50
2007,"PALAU ALTES, LAIA",C. ROS CASARES VALENCIA,6 / 12,5,50
2007,"ALAÑA SEGURA, SHEILA",PERFUMERIAS AVENIDA,4 / 8,6,50
2007,"SEGUI CARLES, PAULA",CLUB BALONCESTO SAN JOSÉ,3 / 6,2,50
2007,"THORBURN, SHONA LOUISE",EBE PROMOCIONES SANTA EULALIAI,6 / 13,3,"46,15"
2007,"COHEN, LIRON",CLUB BALONCESTO SAN JOSÉ,4 / 9,2,"44,44"
2007,"PAGE, LINDA A. MURRIEL",CLUB BALONCESTO SAN JOSÉ,11 / 25,2,44
2007,"REID, TRACY LASHAWN",PERFUMERIAS AVENIDA,13 / 30,6,"43,33"
2007,"FEASTER, ALISON",CLUB BALONCESTO SAN JOSÉ,3 / 7,2,"42,86"
2007,"SANTOS DE OLIVEIRA, ALESSANDRA",PERFUMERIAS AVENIDA,2 / 5,2,40
2007,"MONTAÑANA GIMENO, ANNA",PERFUMERIAS AVENIDA,29 / 73,6,"39,73"
2007,"SANCHEZ FERNANDEZ, ISABEL",PERFUMERIAS AVENIDA,12 / 31,6,"38,71"
2007,"MALTSI, EVANTHIA",C. ROS CASARES VALENCIA,5 / 13,5,"38,46"
2007,"LIMA GARCIA, CINDY ORQUIDEA",CLUB BALONCESTO SAN JOSÉ,4 / 11,2,"36,36"
2007,"AGUILAR LOPEZ , ELISA",C. ROS CASARES VALENCIA,4 / 11,5,"36,36"
2007,"BATTLE , ASHLEY MICHELLE",CLUB BALONCESTO SAN JOSÉ,4 / 12,2,"33,33"
2007,"BJELICA, MILKA",C. ROS CASARES VALENCIA,2 / 6,2,"33,33"
2007,"PONS MOLINA, INGRID",EBE PROMOCIONES SANTA EULALIAI,7 / 10,3,70
2007,"GOMEZ IGUAL, ANNA",CLUB BALONCESTO SAN JOSÉ,2 / 3,1,"66,67"
2007,"BERMEJO MORENO, CLARA SUSANA",PERFUMERIAS AVENIDA,21 / 32,6,"65,63"
2007,"TORNIKIDOU TORNIKIDOU, ELENA",C. ROS CASARES VALENCIA,22 / 35,5,"62,86"
2007,"DOUGLAS, KATHRYN",C. ROS CASARES VALENCIA,32 / 52,5,"61,54"
2007,"LILJESTRAND, THYRA LINNEA",EBE PROMOCIONES SANTA EULALIAI,8 / 13,3,"61,54"
2007,"LYTTLE LYTTLE, SANCHO TRACY CONSTANCE",EBE PROMOCIONES SANTA EULALIAI,18 / 30,3,60
2007,"MATIC , IVANKA",PERFUMERIAS AVENIDA,25 / 43,6,"58,14"
2007,"PASCUA SUAREZ, MARÍA LUCILA",CLUB BALONCESTO SAN JOSÉ,4 / 7,2,"57,14"
2007,"MONDT, ANKE DE",PERFUMERIAS AVENIDA,10 / 18,6,"55,56"
2007,"MILTON, DELISHA LACHELL",C. ROS CASARES VALENCIA,28 / 52,5,"53,85"
2007,"MORALES MARTIN, SILVIA",EBE PROMOCIONES SANTA EULALIAI,16 / 30,3,"53,33"
2007,"DE SOUZA MACHADO, ERIKA CRISTINA",C. ROS CASARES VALENCIA,23 / 46,5,50
2007,"RASMUSSEN, KRISTEN",EBE PROMOCIONES SANTA EULALIAI,8 / 16,3,50
2007,"PALAU ALTES, LAIA",C. ROS CASARES VALENCIA,6 / 12,5,50
2007,"ALAÑA SEGURA, SHEILA",PERFUMERIAS AVENIDA,4 / 8,6,50
2007,"SEGUI CARLES, PAULA",CLUB BALONCESTO SAN JOSÉ,3 / 6,2,50
2007,"THORBURN, SHONA LOUISE",EBE PROMOCIONES SANTA EULALIAI,6 / 13,3,"46,15"
2007,"COHEN, LIRON",CLUB BALONCESTO SAN JOSÉ,4 / 9,2,"44,44"
2007,"PAGE, LINDA A. MURRIEL",CLUB BALONCESTO SAN JOSÉ,11 / 25,2,44
2007,"REID, TRACY LASHAWN",PERFUMERIAS AVENIDA,13 / 30,6,"43,33"
2007,"FEASTER, ALISON",CLUB BALONCESTO SAN JOSÉ,3 / 7,2,"42,86"
2007,"SANTOS DE OLIVEIRA, ALESSANDRA",PERFUMERIAS AVENIDA,2 / 5,2,40
2007,"MONTAÑANA GIMENO, ANNA",PERFUMERIAS AVENIDA,29 / 73,6,"39,73"
2007,"SANCHEZ FERNANDEZ, ISABEL",PERFUMERIAS AVENIDA,12 / 31,6,"38,71"
2007,"MALTSI, EVANTHIA",C. ROS CASARES VALENCIA,5 / 13,5,"38,46"
2007,"LIMA GARCIA, CINDY ORQUIDEA",CLUB BALONCESTO SAN JOSÉ,4 / 11,2,"36,36"
2007,"AGUILAR LOPEZ , ELISA",C. ROS CASARES VALENCIA,4 / 11,5,"36,36"
2007,"BATTLE , ASHLEY MICHELLE",CLUB BALONCESTO SAN JOSÉ,4 / 12,2,"33,33"
2007,"BJELICA, MILKA",C. ROS CASARES VALENCIA,2 / 6,2,"33,33"
2006,"HERRERA AREVALO, MIRIAM",EXTRUGASA,4 / 4,2,100
2006,"QUINTERO CASTELLANO, THANIA",HONDARRIBIA-IRÚN,3 / 4,2,75
2006,"PIRSIC, SANDRA",UB F.C BARCELONA,5 / 7,4,"71,43"
2006,"GULAK, PATRYCJA ANNA",ACIS INCOSA LEON,4 / 6,2,"66,67"
2006,"DYDEK, MARGO",C. ROS CASARES VALENCIA,23 / 36,10,"63,89"
2006,"DE SOUZA MACHADO, ERIKA CRISTINA",C. ROS CASARES VALENCIA,57 / 92,10,"61,96"
2006,"ZURRO ALFONSO, MARTA",ARRANZ-JOPISA BURGOS,15 / 25,4,60
2006,"UJHELYI, PETRA",ARRANZ-JOPISA BURGOS,13 / 23,4,"56,52"
2006,"BLANCO BERNAL, SONIA",ARRANZ-JOPISA BURGOS,7 / 13,4,"53,85"
2006,"SANCHEZ FERNANDEZ, ISABEL",ACIS INCOSA LEON,7 / 13,2,"53,85"
2006,"REID, TRACY LASHAWN",ACIS INCOSA LEON,13 / 25,2,52
2006,"TAMANE, ZANE",UB F.C BARCELONA,18 / 35,5,"51,43"
2006,"SCHUMACHER, KELLY MARIE",UB F.C BARCELONA,27 / 53,5,"50,94"
2006,"POWELL, NICOLE KRISTEN",PERFUMERIAS AVENIDA,42 / 83,9,"50,6"
2006,"MONDT, ANKE DE",ARRANZ-JOPISA BURGOS,10 / 20,4,50
2006,"DA SILVA SANTOS, KELLY",ACIS INCOSA LEON,8 / 16,2,50
2006,"MUSOVIC, MILJANA",UB F.C BARCELONA,7 / 14,5,50
2006,"ASURMENDI VILLAVERDE, MARIA DEL CARMEN",ARRANZ-JOPISA BURGOS,6 / 12,4,50
2006,"PASCUA SUAREZ, MARÍA LUCILA",ACIS INCOSA LEON,2 / 4,2,50
2006,"SUAREZ UTRERO, ANA MARIA",HONDARRIBIA-IRÚN,2 / 4,2,50
2006,"GERMAN VELASCO, ICIAR",ARRANZ-JOPISA BURGOS,2 / 4,4,50
2006,"MILTON, DELISHA LACHELL",C. ROS CASARES VALENCIA,45 / 92,10,"48,91"
2006,"PETROVIC, SONJA",UB F.C BARCELONA,8 / 17,5,"47,06"
2006,"PALAU ALTES, LAIA",C. ROS CASARES VALENCIA,34 / 74,10,"45,95"
2006,"JANSONE, LIENE",PERFUMERIAS AVENIDA,11 / 24,9,"45,83"
2006,"CRUZ LEBRATO, ANNA",ARRANZ-JOPISA BURGOS,13 / 29,4,"44,83"
2006,"PAGE, LINDA A. MURRIEL",HONDARRIBIA-IRÚN,12 / 27,2,"44,44"
2006,"BERMEJO MORENO, CLARA SUSANA",PERFUMERIAS AVENIDA,11 / 25,9,44
2006,"CASTRO MARQUES, IZIANE",HONDARRIBIA-IRÚN,11 / 25,2,44
2006,"TORNIKIDOU TORNIKIDOU, ELENA",C. ROS CASARES VALENCIA,32 / 73,10,"43,84"
2006,"WYCKOFF, BROOKE ELIZABETH",GRAN CANARIA,1 / 5,2,20
2006,"ROVIRA RODRIGUEZ, MARIA DEL MAR",ACIS INCOSA LEON,2 / 11,2,"18,18"
2006,"MONTESDEOCA LOPEZ, EVA",GRAN CANARIA,2 / 11,2,"18,18"
2006,"PIIPARI, REETTA SINIKKA KARINE",EXTRUGASA,1 / 6,2,"16,67"
2006,"LAAKSONEN, NIINA KAROLINA",GRAN CANARIA,1 / 7,2,"14,29"
2006,"ANTOJA ROVIRA, LAURA",HONDARRIBIA-IRÚN,1 / 7,2,"14,29"
2006,"PEREZ CAPARROS, ROSA",UB F.C BARCELONA,1 / 9,5,"11,11"
2006,"VILLAR FERNANDEZ, IRIA",ARRANZ-JOPISA BURGOS,0 / 5,4,0
2006,"HAJDUNE CSASZAR, ANDREA",HONDARRIBIA-IRÚN,0 / 4,2,0
2006,"WYCKOFF, BROOKE ELIZABETH",GRAN CANARIA,1 / 5,2,20
2006,"ROVIRA RODRIGUEZ, MARIA DEL MAR",ACIS INCOSA LEON,2 / 11,2,"18,18"
2006,"MONTESDEOCA LOPEZ, EVA",GRAN CANARIA,2 / 11,2,"18,18"
2006,"PIIPARI, REETTA SINIKKA KARINE",EXTRUGASA,1 / 6,2,"16,67"
2006,"LAAKSONEN, NIINA KAROLINA",GRAN CANARIA,1 / 7,2,"14,29"
2006,"ANTOJA ROVIRA, LAURA",HONDARRIBIA-IRÚN,1 / 7,2,"14,29"
2006,"PEREZ CAPARROS, ROSA",UB F.C BARCELONA,1 / 9,5,"11,11"
2006,"VILLAR FERNANDEZ, IRIA",ARRANZ-JOPISA BURGOS,0 / 5,4,0
2006,"HAJDUNE CSASZAR, ANDREA",HONDARRIBIA-IRÚN,0 / 4,2,0
2005,"HOLDSCLAW, CHAMIQUE SHAUNTA",ROS CASARES VALENCIA,13 / 29,2,"44,83"
2005,"ROVIRA RODRIGUEZ, MARIA DEL MAR",ACIS INCOSA LEON,4 / 9,2,"44,44"
2005,"PASCUA SUAREZ, MARÍA LUCILA",ACIS INCOSA LEON,7 / 16,2,"43,75"
2005,"PODKOVALNIKOVA , OLGA",ROS CASARES VALENCIA,2 / 5,1,40
2005,"JORDANA BOFILL, NOEMI",ROS CASARES VALENCIA,2 / 5,2,40
2005,"PAGE, LINDA A. MURRIEL",HONDARRIBIA-IRÚN,5 / 13,2,"38,46"
2005,"VILLAR FERNANDEZ, IRIA",ARRANZ-JOPISA BURGOS,6 / 16,2,"37,5"
2005,"TORNIKIDOU TORNIKIDOU, ELENA",PERFUMERIAS AVENIDA,10 / 27,2,"37,04"
2005,"MAYES, TIFFANI MONIQUE",CAJACANARIAS,7 / 19,2,"36,84"
2005,"AGUILAR LOPEZ , ELISA",ROS CASARES VALENCIA,3 / 9,2,"33,33"
2005,"ANTON LOPEZ, MONTSERRAT",USP CEU - ADECCO ESTUDIANTES,2 / 6,2,"33,33"
2005,"YGUERAVIDE VIANA, SANDRA",ARRANZ-JOPISA BURGOS,1 / 3,2,"33,33"
2005,"HERRERA LORENZO, LAURA",CAJACANARIAS,1 / 3,1,"33,33"
2005,"PINA TOLOSA, MARIA",USP CEU - ADECCO ESTUDIANTES,1 / 3,2,"33,33"
2005,"DONAIRE MALAGELADA, ELSA",UB F.C BARCELONA,1 / 3,2,"33,33"
2005,"MONTAÑANA GIMENO, ANNA",ROS CASARES VALENCIA,1 / 3,1,"33,33"
2005,"TILLIS, ICISS",ACIS INCOSA LEON,8 / 25,2,32
2005,"ALAMO GONZALEZ, ELENA",CAJACANARIAS,7 / 22,2,"31,82"
2005,"ANDREWS, JAMILAH JOHNS",CAJACANARIAS,5 / 16,2,"31,25"
2005,"NAVARRETE TRUJILLO, MIREIA",ARRANZ-JOPISA BURGOS,2 / 7,2,"28,57"
2005,"MUJANOVIC, RAZIJA",UB F.C BARCELONA,2 / 7,2,"28,57"
2005,"VUKICEVIC, MILENA",UB F.C BARCELONA,1 / 4,1,25
2005,"VALERO CEBRIAN, PILAR",CAJACANARIAS,3 / 13,2,"23,08"
2005,"PELAEZ SAN GIL, LOURDES",HONDARRIBIA-IRÚN,2 / 9,2,"22,22"
2005,"MONDT, ANKE DE",ARRANZ-JOPISA BURGOS,1 / 5,2,20
2005,"ANTOJA ROVIRA, LAURA",UB F.C BARCELONA,1 / 5,2,20
2005,"DYDEK, MARTA KRYSTYNA",USP CEU - ADECCO ESTUDIANTES,1 / 6,2,"16,67"
2005,"PEREZ CAPARROS, ROSA",USP CEU - ADECCO ESTUDIANTES,1 / 7,2,"14,29"
2005,"TOMOVA, MILENA MITKOVA",PERFUMERIAS AVENIDA,0 / 3,2,0
2005,"HOLDSCLAW, CHAMIQUE SHAUNTA",ROS CASARES VALENCIA,13 / 29,2,"44,83"
2005,"ROVIRA RODRIGUEZ, MARIA DEL MAR",ACIS INCOSA LEON,4 / 9,2,"44,44"
2005,"PASCUA SUAREZ, MARÍA LUCILA",ACIS INCOSA LEON,7 / 16,2,"43,75"
2005,"PODKOVALNIKOVA , OLGA",ROS CASARES VALENCIA,2 / 5,1,40
2005,"JORDANA BOFILL, NOEMI",ROS CASARES VALENCIA,2 / 5,2,40
2005,"PAGE, LINDA A. MURRIEL",HONDARRIBIA-IRÚN,5 / 13,2,"38,46"
2005,"VILLAR FERNANDEZ, IRIA",ARRANZ-JOPISA BURGOS,6 / 16,2,"37,5"
2005,"TORNIKIDOU TORNIKIDOU, ELENA",PERFUMERIAS AVENIDA,10 / 27,2,"37,04"
2005,"MAYES, TIFFANI MONIQUE",CAJACANARIAS,7 / 19,2,"36,84"
2005,"AGUILAR LOPEZ , ELISA",ROS CASARES VALENCIA,3 / 9,2,"33,33"
2005,"ANTON LOPEZ, MONTSERRAT",USP CEU - ADECCO ESTUDIANTES,2 / 6,2,"33,33"
2005,"YGUERAVIDE VIANA, SANDRA",ARRANZ-JOPISA BURGOS,1 / 3,2,"33,33"
2005,"HERRERA LORENZO, LAURA",CAJACANARIAS,1 / 3,1,"33,33"
2005,"PINA TOLOSA, MARIA",USP CEU - ADECCO ESTUDIANTES,1 / 3,2,"33,33"
2005,"DONAIRE MALAGELADA, ELSA",UB F.C BARCELONA,1 / 3,2,"33,33"
2005,"MONTAÑANA GIMENO, ANNA",ROS CASARES VALENCIA,1 / 3,1,"33,33"
2005,"TILLIS, ICISS",ACIS INCOSA LEON,8 / 25,2,32
2005,"ALAMO GONZALEZ, ELENA",CAJACANARIAS,7 / 22,2,"31,82"
2005,"ANDREWS, JAMILAH JOHNS",CAJACANARIAS,5 / 16,2,"31,25"
2005,"NAVARRETE TRUJILLO, MIREIA",ARRANZ-JOPISA BURGOS,2 / 7,2,"28,57"
2005,"MUJANOVIC, RAZIJA",UB F.C BARCELONA,2 / 7,2,"28,57"
2005,"VUKICEVIC, MILENA",UB F.C BARCELONA,1 / 4,1,25
2005,"VALERO CEBRIAN, PILAR",CAJACANARIAS,3 / 13,2,"23,08"
2005,"PELAEZ SAN GIL, LOURDES",HONDARRIBIA-IRÚN,2 / 9,2,"22,22"
2005,"MONDT, ANKE DE",ARRANZ-JOPISA BURGOS,1 / 5,2,20
2005,"ANTOJA ROVIRA, LAURA",UB F.C BARCELONA,1 / 5,2,20
2005,"DYDEK, MARTA KRYSTYNA",USP CEU - ADECCO ESTUDIANTES,1 / 6,2,"16,67"
2005,"PEREZ CAPARROS, ROSA",USP CEU - ADECCO ESTUDIANTES,1 / 7,2,"14,29"
2005,"TOMOVA, MILENA MITKOVA",PERFUMERIAS AVENIDA,0 / 3,2,0
2004,"DOMINGUEZ FERNANDEZ, SILVIA",USP CEU - ADECCO ESTUDIANTES,66 / 135,25,"48,89"
2004,"LIMA GARCIA, CINDY ORQUIDEA",REAL CLUB CELTA VIGOURBAN,78 / 161,23,"48,45"
2004,"MALTSI, EVANTHIA",REAL CLUB CELTA VIGOURBAN,107 / 221,26,"48,42"
2004,"MARTINEZ PRAT, NURIA",PERFUMERIAS AVENIDA,85 / 176,26,"48,3"
2004,"LLAMAS PAJUELO, MARIA NIEVES",PERFUMERIAS AVENIDA,41 / 86,20,"47,67"
2004,"HAJDUNE CSASZAR, ANDREA",HONDARRIBIA - IRÚN,39 / 82,25,"47,56"
2004,"BENNINGFIELD, JENNIFER ANN",USP CEU - ADECCO ESTUDIANTES,163 / 343,26,"47,52"
2004,"MAGLISCEAU, MICHELLE YVONNE",ACIS-SUFI LEON,99 / 210,26,"47,14"
2004,"HAMCHETOU, MAIGA",YAYA MARIA BREOGAN,127 / 271,24,"46,86"
2004,"TUUKKANEN, TARU TELLERVO",MANN FILTER ZARAGOZA,150 / 321,26,"46,73"
2004,"COKER, MONIQUE",EXTRUGASA,141 / 302,24,"46,69"
2004,"ZURRO ALFONSO, MARTA",MOTIVA REAL CANOE N.C.,97 / 208,26,"46,63"
2004,"BLANCO BERNAL, SONIA",USP CEU - ADECCO ESTUDIANTES,117 / 251,26,"46,61"
2004,"RASMUSSEN, KRISTEN",MANN FILTER ZARAGOZA,106 / 229,25,"46,29"
2004,"BOONEN, DANA MONIQUE LOUIS",EXTRUGASA,74 / 161,26,"45,96"
2004,"GERMAN VELASCO, ICIAR",YAYA MARIA BREOGAN,38 / 83,23,"45,78"
2004,"DENTI MUNTANE, AINA",EXTRUGASA,26 / 57,21,"45,61"
2004,"ANTON LOPEZ, MONTSERRAT",USP CEU - ADECCO ESTUDIANTES,26 / 57,24,"45,61"
2004,"HILL, JOANNE KAY",ACIS-SUFI LEON,114 / 250,26,"45,6"
2004,"NIEUWVEEN, MARLOUS",CAJACANARIAS,82 / 181,26,"45,3"
2004,"GARCIA PIÑERO, MARIA BEGOÑA",HONDARRIBIA - IRÚN,46 / 102,26,"45,1"
2004,"MORALES MARTIN, SILVIA",C.B. PUIG D`EN VALLS SANTA EUL,141 / 318,24,"44,34"
2004,"ZIMERLE, ANNA",ROS CASARES VALENCIA,32 / 73,25,"43,84"
2004,"BROWN, EDWINA LYNN",MOTIVA REAL CANOE N.C.,88 / 203,13,"43,35"
2004,"PASCUA SUAREZ, MARÍA LUCILA",MANN FILTER ZARAGOZA,72 / 167,26,"43,11"
2004,"ROVIRA RODRIGUEZ, MARIA DEL MAR",ACIS-SUFI LEON,53 / 124,26,"42,74"
2004,"STARBIRD, CATHARINE EVELYN",USP CEU - ADECCO ESTUDIANTES,97 / 227,26,"42,73"
2004,"MONDT, ANKE DE",EXTRUGASA,59 / 140,26,"42,14"
2004,"GARCÍA SALINERO, LAURA",MOTIVA REAL CANOE N.C.,42 / 100,25,42
2004,"SEGUI CARLES, PAULA",UNIVERSITAT DE BARCELONA - F.C,36 / 86,24,"41,86"
2004,"LEWIS, TYNESHA",ACIS-SUFI LEON,50 / 120,13,"41,67"
2004,"WYCKOFF, BROOKE ELIZABETH",YAYA MARIA BREOGAN,30 / 72,13,"41,67"
2004,"SALGADO SANCHEZ, IRENE",YAYA MARIA BREOGAN,62 / 150,24,"41,33"
2004,"KIRETA, SONJA",ROS CASARES VALENCIA,56 / 136,17,"41,18"
2004,"GARCIA TORRES, CRISTINA",UNIVERSITAT DE BARCELONA - F.C,42 / 102,25,"41,18"
2004,"CANTERO OSTOS, CRISTINA",REAL CLUB CELTA VIGOURBAN,30 / 73,22,"41,1"
2004,"HERRERA AREVALO, MIRIAM",EXTRUGASA,27 / 66,23,"40,91"
2004,"VALDEMORO MADARIAGA, AMAYA",ROS CASARES VALENCIA,89 / 219,22,"40,64"
2004,"DAPO, AMRA",MOTIVA REAL CANOE N.C.,52 / 129,13,"40,31"
2004,"VAN MALDEREN, LAURENCE",ACIS-SUFI LEON,32 / 80,13,40
2004,"POLLINI, CATARINA",ROS CASARES VALENCIA,31 / 78,17,"39,74"
2004,"BERTAL, GERALDINE MARIE ROSE",ARRANZ - JOPISA BURGOS,47 / 119,23,"39,5"
2004,"CAMPS COLLELL, LAURA",PERFUMERIAS AVENIDA,39 / 99,24,"39,39"
2004,"CEBRIAN SCHEURER, ELISABET",UNIVERSITAT DE BARCELONA - F.C,54 / 138,26,"39,13"
2004,"TUURE, KAISA MARKETTA",YAYA MARIA BREOGAN,68 / 177,26,"38,42"
2004,"TEMNIK, KATJA",C.B. PUIG D`EN VALLS SANTA EUL,66 / 172,26,"38,37"
2004,"CARTER, AMISHA LOLINA",MOTIVA REAL CANOE N.C.,68 / 178,13,"38,2"
2004,"PALOMARES VALIENTE, PAULA",MOTIVA REAL CANOE N.C.,48 / 127,26,"37,8"
2004,"KÜHN, KATHARINA CHARLOTTA",ACIS-SUFI LEON,46 / 123,26,"37,4"
2004,"GOMEZ IGLESIAS, REGINA",EXTRUGASA,23 / 62,24,"37,1"
2004,"VILLAR FERNANDEZ, IRIA",C.B. PUIG D`EN VALLS SANTA EUL,21 / 58,26,"36,21"
2004,"GOMEZ FERREIROS, SARA",EXTRUGASA,21 / 58,26,"36,21"
2004,"BORGES DOS REIS, SONIA",YAYA MARIA BREOGAN,34 / 95,13,"35,79"
2004,"ANTOJA ROVIRA, LAURA",UNIVERSITAT DE BARCELONA - F.C,25 / 70,24,"35,71"
2004,"NAVARRETE TRUJILLO, MIREIA",MANN FILTER ZARAGOZA,31 / 87,24,"35,63"
2004,"GRANDE FLORES, LAURA",CAJACANARIAS,41 / 117,25,"35,04"
2004,"GOMEZ IGUAL, ANNA",C.B. PUIG D`EN VALLS SANTA EUL,42 / 120,26,35
2004,"LAAKSONEN, JENNI JANITA",C.B. PUIG D`EN VALLS SANTA EUL,29 / 83,26,"34,94"
2004,"PELAEZ SAN GIL, LOURDES",HONDARRIBIA - IRÚN,31 / 89,25,"34,83"
2004,"REVUELTO SÁNCHEZ-AGUILERA, MARIA",REAL CLUB CELTA VIGOURBAN,40 / 119,26,"33,61"
2004,"FORNS ESCUDE, NURIA",USP CEU - ADECCO ESTUDIANTES,22 / 67,25,"32,84"
2004,"BERGERON, EMMANUELLE SARAH SOPHIE",ARRANZ - JOPISA BURGOS,16 / 52,23,"30,77"
2004,"ALAMO GONZALEZ, ELENA",CAJACANARIAS,42 / 137,24,"30,66"
2004,"XANTAL SERRET, Mª DEL MAR",CAJACANARIAS,25 / 82,26,"30,49"
2004,"JOENS, CATHERINE ELISABETH",C.B. PUIG D`EN VALLS SANTA EUL,19 / 67,13,"28,36"
2004,"HERNANDEZ ESTEBAN, SILVIA",MOTIVA REAL CANOE N.C.,15 / 54,25,"27,78"
2004,"BROSOVSZKY, MONIKA IZABELLA",CAJACANARIAS,27 / 102,26,"26,47"
2004,"FORNS ESCUDE, NURIA",USP CEU - ADECCO ESTUDIANTES,22 / 67,25,"32,84"
2004,"BERGERON, EMMANUELLE SARAH SOPHIE",ARRANZ - JOPISA BURGOS,16 / 52,23,"30,77"
2004,"ALAMO GONZALEZ, ELENA",CAJACANARIAS,42 / 137,24,"30,66"
2004,"XANTAL SERRET, Mª DEL MAR",CAJACANARIAS,25 / 82,26,"30,49"
2004,"JOENS, CATHERINE ELISABETH",C.B. PUIG D`EN VALLS SANTA EUL,19 / 67,13,"28,36"
2004,"HERNANDEZ ESTEBAN, SILVIA",MOTIVA REAL CANOE N.C.,15 / 54,25,"27,78"
2004,"BROSOVSZKY, MONIKA IZABELLA",CAJACANARIAS,27 / 102,26,"26,47"
2003,"MERCADAL ESCOLANO, PAOLA",MANN FILTER ZARAGOZA,0 / 3,2,0
2003,"MERCADAL ESCOLANO, PAOLA",MANN FILTER ZARAGOZA,0 / 3,2,0
2003,"MERCADAL ESCOLANO, PAOLA",MANN FILTER ZARAGOZA,0 / 3,2,0
2002,"QUINTERO CASTELLANO, THANIA",CAJA RURAL DE CANARIAS,3 / 6,3,50
2002,"---, ELENA",FILTROS MANN ZARAGOZA,29 / 61,4,"47,54"
2002,"RILEY, RUTH ELLEN",ROS CASARES VALENCIA,14 / 30,4,"46,67"
2002,"MARTINEZ PRAT, NURIA",UNIVERSITAT DE BARCELONA - F.C,6 / 13,4,"46,15"
2002,"PALMER, WENDY",FILTROS MANN ZARAGOZA,10 / 22,4,"45,45"
2002,"KLEINDIENST, TERESA",C.B. CIUDAD DE BURGOS,5 / 11,2,"45,45"
2002,"PONS MOLINA, INGRID",ROS CASARES VALENCIA,5 / 11,4,"45,45"
2002,"HLEDE, KORALJKA",PERFUMERIAS AVENIDA,12 / 27,2,"44,44"
2002,"---, POLIMIA",C.B. PUIG D`EN VALLS SANTA EUL,6 / 14,2,"42,86"
2002,"VILLAR FERNANDEZ, IRIA",REAL CLUB CELTA BANCO SIMEON,3 / 7,2,"42,86"
2002,"MAGLISCEAU, MICHELLE YVONNE",C.B. CIUDAD DE BURGOS,5 / 12,2,"41,67"
2002,"JUANES HERNANDEZ, YOLANDA",C.B. CIUDAD DE BURGOS,2 / 5,2,40
2002,"ROVIRA RODRIGUEZ, MARIA DEL MAR",CAJA RURAL DE CANARIAS,2 / 5,4,40
2002,"WHITTLE, JENNY",C.B. CIUDAD DE BURGOS,5 / 13,2,"38,46"
2002,"VALDEMORO MADARIAGA, AMAYA",ROS CASARES VALENCIA,11 / 29,4,"37,93"
2002,"KIRETA, SONJA",REAL CLUB CELTA BANCO SIMEON,10 / 28,2,"35,71"
2002,"ALAMO FALCON, MARIA ANGELES",CAJA RURAL DE CANARIAS,2 / 6,2,"33,33"
2002,"CANTERO OSTOS, CRISTINA",REAL CLUB CELTA BANCO SIMEON,1 / 3,2,"33,33"
2002,"ALAMO GONZALEZ, ELENA MARIA",CAJA RURAL DE CANARIAS,3 / 10,2,30
2002,"JORDANA BOFILL, NOEMI",REAL CLUB CELTA BANCO SIMEON,3 / 11,2,"27,27"
2002,"SMITH, TANGELA NICOLE",ROS CASARES VALENCIA,7 / 26,4,"26,92"
2002,"MIRCHANDANI VILLAR, LIDIA",ROS CASARES VALENCIA,1 / 4,4,25
2002,"GRANDE FLORES, LAURA",C.B. CIUDAD DE BURGOS,3 / 13,2,"23,08"
2002,"XANTAL SERRET, Mª DEL MAR",C.B. CIUDAD DE BURGOS,2 / 9,2,"22,22"
2002,"PELAEZ SAN GIL, LOURDES",CAJA RURAL DE CANARIAS,3 / 16,4,"18,75"
2002,"ALONSO DIEGO, MARIA JOSE",C.B. PUIG D`EN VALLS SANTA EUL,2 / 12,2,"16,67"
2002,"ALAÑA SEGURA, SHEILA",C.B. CIUDAD DE BURGOS,1 / 8,2,"12,5"
2002,"SANTOS DE OLIVEIRA, RENATA",REAL CLUB CELTA BANCO SIMEON,1 / 10,2,10
2002,"QUINTERO CASTELLANO, THANIA",CAJA RURAL DE CANARIAS,3 / 6,3,50
2002,"---, ELENA",FILTROS MANN ZARAGOZA,29 / 61,4,"47,54"
2002,"RILEY, RUTH ELLEN",ROS CASARES VALENCIA,14 / 30,4,"46,67"
2002,"MARTINEZ PRAT, NURIA",UNIVERSITAT DE BARCELONA - F.C,6 / 13,4,"46,15"
2002,"PALMER, WENDY",FILTROS MANN ZARAGOZA,10 / 22,4,"45,45"
2002,"KLEINDIENST, TERESA",C.B. CIUDAD DE BURGOS,5 / 11,2,"45,45"
2002,"PONS MOLINA, INGRID",ROS CASARES VALENCIA,5 / 11,4,"45,45"
2002,"HLEDE, KORALJKA",PERFUMERIAS AVENIDA,12 / 27,2,"44,44"
2002,"---, POLIMIA",C.B. PUIG D`EN VALLS SANTA EUL,6 / 14,2,"42,86"
2002,"VILLAR FERNANDEZ, IRIA",REAL CLUB CELTA BANCO SIMEON,3 / 7,2,"42,86"
2002,"MAGLISCEAU, MICHELLE YVONNE",C.B. CIUDAD DE BURGOS,5 / 12,2,"41,67"
2002,"JUANES HERNANDEZ, YOLANDA",C.B. CIUDAD DE BURGOS,2 / 5,2,40
2002,"ROVIRA RODRIGUEZ, MARIA DEL MAR",CAJA RURAL DE CANARIAS,2 / 5,4,40
2002,"WHITTLE, JENNY",C.B. CIUDAD DE BURGOS,5 / 13,2,"38,46"
2002,"VALDEMORO MADARIAGA, AMAYA",ROS CASARES VALENCIA,11 / 29,4,"37,93"
2002,"KIRETA, SONJA",REAL CLUB CELTA BANCO SIMEON,10 / 28,2,"35,71"
2002,"ALAMO FALCON, MARIA ANGELES",CAJA RURAL DE CANARIAS,2 / 6,2,"33,33"
2002,"CANTERO OSTOS, CRISTINA",REAL CLUB CELTA BANCO SIMEON,1 / 3,2,"33,33"
2002,"ALAMO GONZALEZ, ELENA MARIA",CAJA RURAL DE CANARIAS,3 / 10,2,30
2002,"JORDANA BOFILL, NOEMI",REAL CLUB CELTA BANCO SIMEON,3 / 11,2,"27,27"
2002,"SMITH, TANGELA NICOLE",ROS CASARES VALENCIA,7 / 26,4,"26,92"
2002,"MIRCHANDANI VILLAR, LIDIA",ROS CASARES VALENCIA,1 / 4,4,25
2002,"GRANDE FLORES, LAURA",C.B. CIUDAD DE BURGOS,3 / 13,2,"23,08"
2002,"XANTAL SERRET, Mª DEL MAR",C.B. CIUDAD DE BURGOS,2 / 9,2,"22,22"
2002,"PELAEZ SAN GIL, LOURDES",CAJA RURAL DE CANARIAS,3 / 16,4,"18,75"
2002,"ALONSO DIEGO, MARIA JOSE",C.B. PUIG D`EN VALLS SANTA EUL,2 / 12,2,"16,67"
2002,"ALAÑA SEGURA, SHEILA",C.B. CIUDAD DE BURGOS,1 / 8,2,"12,5"
2002,"SANTOS DE OLIVEIRA, RENATA",REAL CLUB CELTA BANCO SIMEON,1 / 10,2,10
2001,"RODIONOVA, SVITLANA",YAYA MARIA BREOGAN,7 / 16,2,"43,75"
2001,"---, MARTA",ROS CASARES VALENCIA,23 / 53,5,"43,4"
2001,"CAMPS COLLELL, LAURA",CADI LA SEU D´URGELL,9 / 21,2,"42,86"
2001,"DA SILVA, KATIA",FILTROS MANN ZARAGOZA,15 / 36,5,"41,67"
2001,"GRANDE FLORES, LAURA",REAL CLUB CELTA BANCO SIMEON,17 / 41,5,"41,46"
2001,"POLLINI, CATARINA",YAYA MARIA BREOGAN,8 / 20,2,40
2001,"DAS NEVES, CLAUDIA MARIA",HALCON VIAJES,6 / 15,2,40
2001,"NAVARRETE TRUJILLO, MIREIA",REAL CLUB CELTA BANCO SIMEON,4 / 10,4,40
2001,"RIVERES ESPARZA, PATRICIA",FILTROS MANN ZARAGOZA,2 / 5,3,40
2001,"PAGE, LINDA A. MURRIEL",ROS CASARES VALENCIA,14 / 36,5,"38,89"
2001,"MORALES MARTIN, SILVIA",CADI LA SEU D´URGELL,7 / 18,2,"38,89"
2001,"BROWN, KIESHA LINDSAY",FILTROS MANN ZARAGOZA,9 / 25,3,36
2001,"---, IZIANE CASTRO MARQUEZ",YAYA MARIA BREOGAN,7 / 20,2,35
2001,"HODGES, DALE",CADI LA SEU D´URGELL,8 / 23,2,"34,78"
2001,"AGUILAR LOPEZ , ELISA",CAJA RURAL DE CANARIAS,4 / 12,3,"33,33"
2001,"ALVARO BASCUÑANA, ANA BELEN",UNIVERSITAT DE BARCELONA B.F.,3 / 9,4,"33,33"
2001,"GARCIA PIÑERO, MARIA BEGOÑA",YAYA MARIA BREOGAN,3 / 10,2,30
2001,"CRAWFORD, SHALA",CADI LA SEU D´URGELL,5 / 17,2,"29,41"
2001,"MIRCHANDANI VILLAR, LIDIA",ROS CASARES VALENCIA,2 / 7,5,"28,57"
2001,"VALERO CEBRIAN, PILAR",REAL CLUB CELTA BANCO SIMEON,5 / 18,5,"27,78"
2001,"ANTOJA ROVIRA, LAURA",CADI LA SEU D´URGELL,4 / 16,2,25
2001,"CANTERO VILCHES, VERO",CADI LA SEU D´URGELL,1 / 4,2,25
2001,"GALLEGO VICARIO, SANDRA",FILTROS MANN ZARAGOZA,2 / 11,5,"18,18"
2001,"CANTERO OSTOS, CRISTINA",FILTROS MANN ZARAGOZA,1 / 6,5,"16,67"
2001,"JORDANA BOFILL, NOEMI",REAL CLUB CELTA BANCO SIMEON,1 / 7,5,"14,29"
2001,"ALAMO GONZALEZ, ELENA MARIA",CAJA RURAL DE CANARIAS,0 / 4,3,0
2001,"PIQUE SOLE, MERITXELL",CADI LA SEU D´URGELL,0 / 4,2,0
2001,"LOPEZ VERDU, ALICIA",ROS CASARES VALENCIA,0 / 3,3,0
2001,"RODIONOVA, SVITLANA",YAYA MARIA BREOGAN,7 / 16,2,"43,75"
2001,"---, MARTA",ROS CASARES VALENCIA,23 / 53,5,"43,4"
2001,"CAMPS COLLELL, LAURA",CADI LA SEU D´URGELL,9 / 21,2,"42,86"
2001,"DA SILVA, KATIA",FILTROS MANN ZARAGOZA,15 / 36,5,"41,67"
2001,"GRANDE FLORES, LAURA",REAL CLUB CELTA BANCO SIMEON,17 / 41,5,"41,46"
2001,"POLLINI, CATARINA",YAYA MARIA BREOGAN,8 / 20,2,40
2001,"DAS NEVES, CLAUDIA MARIA",HALCON VIAJES,6 / 15,2,40
2001,"NAVARRETE TRUJILLO, MIREIA",REAL CLUB CELTA BANCO SIMEON,4 / 10,4,40
2001,"RIVERES ESPARZA, PATRICIA",FILTROS MANN ZARAGOZA,2 / 5,3,40
2001,"PAGE, LINDA A. MURRIEL",ROS CASARES VALENCIA,14 / 36,5,"38,89"
2001,"MORALES MARTIN, SILVIA",CADI LA SEU D´URGELL,7 / 18,2,"38,89"
2001,"BROWN, KIESHA LINDSAY",FILTROS MANN ZARAGOZA,9 / 25,3,36
2001,"---, IZIANE CASTRO MARQUEZ",YAYA MARIA BREOGAN,7 / 20,2,35
2001,"HODGES, DALE",CADI LA SEU D´URGELL,8 / 23,2,"34,78"
2001,"AGUILAR LOPEZ , ELISA",CAJA RURAL DE CANARIAS,4 / 12,3,"33,33"
2001,"ALVARO BASCUÑANA, ANA BELEN",UNIVERSITAT DE BARCELONA B.F.,3 / 9,4,"33,33"
2001,"GARCIA PIÑERO, MARIA BEGOÑA",YAYA MARIA BREOGAN,3 / 10,2,30
2001,"CRAWFORD, SHALA",CADI LA SEU D´URGELL,5 / 17,2,"29,41"
2001,"MIRCHANDANI VILLAR, LIDIA",ROS CASARES VALENCIA,2 / 7,5,"28,57"
2001,"VALERO CEBRIAN, PILAR",REAL CLUB CELTA BANCO SIMEON,5 / 18,5,"27,78"
2001,"ANTOJA ROVIRA, LAURA",CADI LA SEU D´URGELL,4 / 16,2,25
2001,"CANTERO VILCHES, VERO",CADI LA SEU D´URGELL,1 / 4,2,25
2001,"GALLEGO VICARIO, SANDRA",FILTROS MANN ZARAGOZA,2 / 11,5,"18,18"
2001,"CANTERO OSTOS, CRISTINA",FILTROS MANN ZARAGOZA,1 / 6,5,"16,67"
2001,"JORDANA BOFILL, NOEMI",REAL CLUB CELTA BANCO SIMEON,1 / 7,5,"14,29"
2001,"ALAMO GONZALEZ, ELENA MARIA",CAJA RURAL DE CANARIAS,0 / 4,3,0
2001,"PIQUE SOLE, MERITXELL",CADI LA SEU D´URGELL,0 / 4,2,0
2001,"LOPEZ VERDU, ALICIA",ROS CASARES VALENCIA,0 / 3,3,0
2000,"VALDEMORO MADARIAGA, AMAYA",SALAMANCA HALCON VIAJES,18 / 37,2,"48,65"
2000,"REVUELTO SÁNCHEZ-AGUILERA, MARIA",B. CIUDAD DE BURGOS,8 / 17,3,"47,06"
2000,"LOPEZ VERDU, ALICIA",ROS CASARES,6 / 13,5,"46,15"
2000,"DELGADO DIAZ-GUEMES, RAQUEL",ROS CASARES,9 / 20,5,45
2000,"ALONSO DIEGO, MARIA JOSE",B. CIUDAD DE BURGOS,8 / 18,3,"44,44"
2000,"SANCHEZ FERNANDEZ, ISABEL",ENSINO YAYA MARIA,16 / 40,5,40
2000,"---, ALISON",B. CIUDAD DE BURGOS,12 / 30,3,40
2000,"---, ANKE",C.B.N.,4 / 10,2,40
2000,"ZRNIC, JELENA",C.B.N.,2 / 5,2,40
2000,"LLAMAS PAJUELO, MARIA NIEVES",SALAMANCA HALCON VIAJES,2 / 5,2,40
2000,"JORDANA BOFILL, NOEMI",R.CLUB CELTA BANCO SIMEON,3 / 9,3,"33,33"
2000,"VALERO CEBRIAN, PILAR",R.CLUB CELTA BANCO SIMEON,6 / 19,3,"31,58"
2000,"ZURRO ALFONSO, MARTA",B. CIUDAD DE BURGOS,9 / 29,3,"31,03"
2000,"ALAMO GONZALEZ, ELENA",SANDRA GRAN CANARIA,4 / 13,2,"30,77"
2000,"GOMEZ NOVO, MARIA ARANZAZU",ENSINO YAYA MARIA,2 / 7,5,"28,57"
2000,"REMIRO LEÓN, MARÍA",C.B.N.,2 / 7,2,"28,57"
2000,"MONTAÑANA GIMENO, ANNA",SALAMANCA HALCON VIAJES,2 / 7,2,"28,57"
2000,"GARCIA FERNANDEZ, BELEN",ENSINO YAYA MARIA,2 / 8,5,25
2000,"GRANDE FLORES, LAURA",R.CLUB CELTA BANCO SIMEON,1 / 4,2,25
2000,"HERNÁNDEZ NOVILLO, MARÍA ANTONIA",B. CIUDAD DE BURGOS,1 / 6,2,"16,67"
2000,"---, KELLY ANNE",C.B.N.,2 / 14,2,"14,29"
2000,"AGUILAR LOPEZ , ELISA",SALAMANCA HALCON VIAJES,1 / 8,2,"12,5"
2000,"PELAEZ SAN GIL, LOURDES",SANDRA GRAN CANARIA,1 / 12,2,"8,33"
2000,"NAVARRO VIERA, MARIA GUADALUPE",SANDRA GRAN CANARIA,0 / 4,1,0
2000,"VALDEMORO MADARIAGA, AMAYA",SALAMANCA HALCON VIAJES,18 / 37,2,"48,65"
2000,"REVUELTO SÁNCHEZ-AGUILERA, MARIA",B. CIUDAD DE BURGOS,8 / 17,3,"47,06"
2000,"LOPEZ VERDU, ALICIA",ROS CASARES,6 / 13,5,"46,15"
2000,"DELGADO DIAZ-GUEMES, RAQUEL",ROS CASARES,9 / 20,5,45
2000,"ALONSO DIEGO, MARIA JOSE",B. CIUDAD DE BURGOS,8 / 18,3,"44,44"
2000,"SANCHEZ FERNANDEZ, ISABEL",ENSINO YAYA MARIA,16 / 40,5,40
2000,"---, ALISON",B. CIUDAD DE BURGOS,12 / 30,3,40
2000,"---, ANKE",C.B.N.,4 / 10,2,40
2000,"ZRNIC, JELENA",C.B.N.,2 / 5,2,40
2000,"LLAMAS PAJUELO, MARIA NIEVES",SALAMANCA HALCON VIAJES,2 / 5,2,40
2000,"JORDANA BOFILL, NOEMI",R.CLUB CELTA BANCO SIMEON,3 / 9,3,"33,33"
2000,"VALERO CEBRIAN, PILAR",R.CLUB CELTA BANCO SIMEON,6 / 19,3,"31,58"
2000,"ZURRO ALFONSO, MARTA",B. CIUDAD DE BURGOS,9 / 29,3,"31,03"
2000,"ALAMO GONZALEZ, ELENA",SANDRA GRAN CANARIA,4 / 13,2,"30,77"
2000,"GOMEZ NOVO, MARIA ARANZAZU",ENSINO YAYA MARIA,2 / 7,5,"28,57"
2000,"REMIRO LEÓN, MARÍA",C.B.N.,2 / 7,2,"28,57"
2000,"MONTAÑANA GIMENO, ANNA",SALAMANCA HALCON VIAJES,2 / 7,2,"28,57"
2000,"GARCIA FERNANDEZ, BELEN",ENSINO YAYA MARIA,2 / 8,5,25
2000,"GRANDE FLORES, LAURA",R.CLUB CELTA BANCO SIMEON,1 / 4,2,25
2000,"HERNÁNDEZ NOVILLO, MARÍA ANTONIA",B. CIUDAD DE BURGOS,1 / 6,2,"16,67"
2000,"---, KELLY ANNE",C.B.N.,2 / 14,2,"14,29"
2000,"AGUILAR LOPEZ , ELISA",SALAMANCA HALCON VIAJES,1 / 8,2,"12,5"
2000,"PELAEZ SAN GIL, LOURDES",SANDRA GRAN CANARIA,1 / 12,2,"8,33"
2000,"NAVARRO VIERA, MARIA GUADALUPE",SANDRA GRAN CANARIA,0 / 4,1,0
1999,"---, MARIE",SANDRA GRAN CANARIA,7 / 8,2,"87,5"
1999,"SANCHEZ ORTEGA, PALOMA",R.CLUB CELTA BANCO SIMEON,5 / 6,2,"83,33"
1999,"GESTEIRA FERNANDEZ, LIDIA",POPULAR BASQUET GODELLA,4 / 5,2,80
1999,"SÁNCHEZ LUJÁN, ROSAURA DEL CARMEN",SANDRA GRAN CANARIA,15 / 20,2,75
1999,"VALERO CEBRIAN, PILAR",R.CLUB CELTA BANCO SIMEON,6 / 8,2,75
1999,"URQUIJO ALAMO, PATRICIA",SANDRA GRAN CANARIA,2 / 3,1,"66,67"
1999,"JONKUTE, INGRIDA",C.D. ENSINO,17 / 26,2,"65,38"
1999,"DOBROVICA, ERIKA",R.CLUB CELTA BANCO SIMEON,11 / 18,2,"61,11"
1999,"PADROS TORTADES, MARIA",POPULAR BASQUET GODELLA,3 / 5,1,60
1999,"ANTONIKOVA, EVA",POPULAR BASQUET GODELLA,4 / 7,2,"57,14"
1999,"PONS MOLINA, INGRID",POPULAR BASQUET GODELLA,9 / 16,2,"56,25"
1999,"GRANDE FLORES, LAURA",R.CLUB CELTA BANCO SIMEON,12 / 22,2,"54,55"
1999,"HICKS, JESSIE IVETTE",SANDRA GRAN CANARIA,6 / 11,2,"54,55"
1999,"SARENAC, RANKICA",SANDRA GRAN CANARIA,7 / 14,2,50
1999,"XANTAL SERRET, Mª DEL MAR",R.CLUB CELTA BANCO SIMEON,6 / 12,2,50
1999,"PELAEZ SAN GIL, LOURDES",SANDRA GRAN CANARIA,7 / 15,2,"46,67"
1999,"---, ---",R.CLUB CELTA BANCO SIMEON,6 / 13,2,"46,15"
1999,"CRAWLEY, SILVIA YVONNE",C.D. ENSINO,14 / 31,2,"45,16"
1999,"GARCIA PIÑERO, MARIA BEGOÑA",C.D. ENSINO,7 / 16,2,"43,75"
1999,"LOPEZ VERDU, ALICIA",POPULAR BASQUET GODELLA,2 / 5,2,40
1999,"MCNICHOL, JOY AILEEN",POPULAR BASQUET GODELLA,2 / 5,2,40
1999,"FERNANDEZ FARRES, MARTA",POPULAR BASQUET GODELLA,4 / 14,2,"28,57"
1999,"RODRIGUEZ TOLEDO, ORANDA",C.D. ENSINO,1 / 4,2,25
1999,"CEBRIAN SCHEURER, ELISABET",R.CLUB CELTA BANCO SIMEON,2 / 10,2,20
1999,"DELGADO DIAZ-GUEMES, RAQUEL",POPULAR BASQUET GODELLA,1 / 10,2,10
1999,"SANCHEZ FERNANDEZ, ISABEL",C.D. ENSINO,1 / 12,2,"8,33"
1999,"ARMENTA MONTEAGUDO, MARUXA",C.D. ENSINO,0 / 6,2,0
1999,"DELGADO FERNANDEZ, CONCEPCION",C.D. ENSINO,0 / 4,2,0
1998,"JUANES HERNANDEZ, SONIA",HALCON VIAJES,2 / 3,2,"66,67"
1998,"SALVADOR VIÑOLAS, MERITXELL",HALCON VIAJES,3 / 5,3,60
1998,"LLAMAS PAJUELO, MARIA NIEVES",HALCON VIAJES,11 / 19,3,"57,89"
1998,"DELGADO FERNANDEZ, CONCEPCION",ENSINO,4 / 7,3,"57,14"
1998,"VALDEMORO MADARIAGA, AMAYA",HALCON VIAJES,27 / 48,3,"56,25"
1998,"SÁNCHEZ LUJÁN, ROSAURA DEL CARMEN",SANDRA G. CANARIA,8 / 15,3,"53,33"
1998,"SANCHEZ FERNANDEZ, ISABEL",ENSINO,11 / 21,3,"52,38"
1998,"JONKUTE, INGRIDA",ENSINO,14 / 27,3,"51,85"
1998,"MELVIN, CHASITY MONIQUE",BANCO SIMEON,12 / 25,3,48
1998,"BEZOS MARTÍNEZ, EMMA",HALCON VIAJES,11 / 23,3,"47,83"
1998,"PASCHAL, TOWANDA DENICE",HALCON VIAJES,17 / 36,3,"47,22"
1998,"VALERO CEBRIAN, PILAR",BANCO SIMEON,5 / 11,3,"45,45"
1998,"GRANDE FLORES, LAURA",BANCO SIMEON,11 / 25,3,44
1998,"ARMENTA MONTEAGUDO, MARUXA",ENSINO,9 / 21,3,"42,86"
1998,"GARCIA PIÑERO, MARIA BEGOÑA",ENSINO,6 / 14,3,"42,86"
1998,"GAMON HERNANDEZ, ASUNCION",SANDRA G. CANARIA,4 / 10,3,40
1998,"HICKS, JESSIE IVETTE",SANDRA G. CANARIA,13 / 34,3,"38,24"
1998,"CEBRIAN SCHEURER, ELISABET",BANCO SIMEON,11 / 31,3,"35,48"
1998,"MIRCHANDANI VILLAR, LIDIA",SANDRA G. CANARIA,6 / 17,3,"35,29"
1998,"VILLAR FERNANDEZ, IRIA",BANCO SIMEON,2 / 6,3,"33,33"
1998,"GONZALEZ DIAZ, CARMEN",BANCO SIMEON,2 / 6,3,"33,33"
1998,"PELAEZ SAN GIL, LOURDES",SANDRA G. CANARIA,5 / 16,3,"31,25"
1998,"SANCHEZ ORTEGA, PALOMA",BANCO SIMEON,2 / 7,3,"28,57"
1998,"XANTAL SERRET, Mª DEL MAR",BANCO SIMEON,2 / 8,3,25
1998,"HERNANDEZ ARENCIBIA, PATRICIA DEL PINO",HALCON VIAJES,1 / 4,3,25
1998,"JUANES HERNANDEZ, YOLANDA",HALCON VIAJES,0 / 3,3,0
1997,"ODEUS, ASA MARIANNE",POOL GETAFE,4 / 4,2,100
1997,"ANULA ALAMEDA, NIEVES",POOL GETAFE,18 / 23,5,"78,26"
1997,"SÁNCHEZ LUJÁN, ROSAURA DEL CARMEN",SANDRA G. CANARIA,13 / 20,2,65
1997,"CEBRIAN SCHEURER, ELISABET",UNIVERSITARI,22 / 34,3,"64,71"
1997,"GRANDE FLORES, LAURA",BANCO SIMEON,36 / 57,6,"63,16"
1997,"VALERO CEBRIAN, PILAR",BANCO SIMEON,20 / 33,6,"60,61"
1997,"BISETTI RODRIGUEZ, LUISA",UNIVERSITARI,7 / 12,3,"58,33"
1997,"JEKABSONE, ANDA",BANCO SIMEON,29 / 52,6,"55,77"
1997,"FONTS MATEO, NURIA",UNIVERSITARI,10 / 18,3,"55,56"
1997,"---, HEIKE MARIA",POOL GETAFE,21 / 38,5,"55,26"
1997,"DYDEK, MARGO",POOL GETAFE,22 / 40,5,55
1997,"RODRIGUEZ TOLEDO, ORANDA",SANDRA G. CANARIA,11 / 21,2,"52,38"
1997,"XANTAL SERRET, Mª DEL MAR",BANCO SIMEON,14 / 28,6,50
1997,"VILLAR FERNANDEZ, IRIA",BANCO SIMEON,7 / 14,6,50
1997,"ZASSOULSKAYA, NATALIA",POOL GETAFE,15 / 31,5,"48,39"
1997,"GALLEGO VICARIO, SANDRA",UNIVERSITARI,7 / 15,3,"46,67"
1997,"MIRCHANDANI VILLAR, LIDIA",SANDRA G. CANARIA,6 / 13,2,"46,15"
1997,"PONS MOLINA, INGRID",UNIVERSITARI,9 / 20,3,45
1997,"KOSTIC, TANJA NATASA",POOL GETAFE,4 / 9,4,"44,44"
1997,"PELAEZ SAN GIL, LOURDES",SANDRA G. CANARIA,7 / 16,2,"43,75"
1997,"VALDEMORO MADARIAGA, AMAYA",POOL GETAFE,20 / 46,5,"43,48"
1997,"SANCHEZ ORTEGA, PALOMA",BANCO SIMEON,14 / 33,6,"42,42"
1997,"PALAU ALTES, LAIA",UNIVERSITARI,7 / 17,3,"41,18"
1997,"JACKSON, BRENETHA TRISE",POOL GETAFE,5 / 13,5,"38,46"
1997,"RODRIGUEZ AVILA, BLANCA",POOL GETAFE,1 / 3,2,"33,33"
1997,"MONTESDEOCA LOPEZ, EVA",SANDRA G. CANARIA,1 / 3,1,"33,33"
1997,"ALAMO GONZALEZ, ELENA",SANDRA G. CANARIA,2 / 7,2,"28,57"
1997,"URQUIJO ALAMO, PATRICIA",SANDRA G. CANARIA,1 / 4,2,25
1997,"MORIANA NADAL, PALOMA",SANDRA G. CANARIA,1 / 4,2,25
1997,"GAMON HERNANDEZ, ASUNCION",SANDRA G. CANARIA,1 / 7,2,"14,29"
